Baseline,transformer,mobilevit,lstm,gru
0,0,0,0,0
9.54884882387582E-06,1.91E-05,1.90976976477516E-05,1.90976976477516E-05,1.90976976477516E-05
1.90583893592032E-05,3.81E-05,3.81167787184063E-05,3.81167787184063E-05,3.81167787184063E-05
2.85286216058607E-05,5.71E-05,5.70572432117215E-05,5.70572432117215E-05,5.70572432117215E-05
3.79603699145635E-05,7.59E-05,7.59207398291271E-05,7.59207398291271E-05,7.59207398291271E-05
4.77827201865765E-05,9.56E-05,9.55654403731529E-05,9.55654403731529E-05,9.55654403731529E-05
5.75836905083522E-05,0.000115167381017,0.000115167381017,0.000115167381017,0.000115167381017
7.73315578240264E-05,0.000154663115648,0.000154663115648,0.000154663115648,0.000154663115648
9.7868884766271E-05,0.000195737769533,0.000195737769533,0.000195737769533,0.000195737769533
0.000100256642852,0.000200513285704,0.000200513285704,0.000200513285704,0.000200513285704
9.81048532123354E-05,0.000196209706425,0.000196209706425,0.000196209706425,0.000196209706425
0.000108069414736,0.00021613882087,0.000216138822923,0.000216138818773,0.000216138821016
0.000117510539994,0.000235021054873,0.000235021061811,0.000235021047443,0.000235021054579
0.000126963829051,0.000253927608107,0.000253927623149,0.000253927592894,0.000253927607479
0.00013639955248,0.000272799022166,0.000272799048561,0.000272798999021,0.000272799022234
0.0001456203929,0.00029124066976,0.000291240709158,0.000291240641811,0.00029124067174
0.000154812716987,0.000309625282999,0.000309625337753,0.000309625253387,0.000309625287636
0.000164031245797,0.000328062302372,0.000328062375643,0.000328062273653,0.000328062309923
0.000173374246731,0.000346748255207,0.000346748352461,0.000346748228866,0.000346748265706
0.000192845976966,0.000385690892206,0.000385691233622,0.000385690838759,0.000385690924892
0.00021270905164,0.000425416023427,0.000425416671907,0.000425415964608,0.000425416077775
0.000215145360071,0.00043028904994,0.000430289605518,0.000430289024527,0.000430289089898
0.000213291365335,0.00042658230974,0.00042658253463,0.000426582305283,0.000426582324299
0.000222463759487,0.000444927127778,0.000444927369701,0.000444927129652,0.000444927140353
0.000231623618261,0.000463246810128,0.000463247089393,0.000463246818546,0.000463246821
0.000240550378196,0.000481100336253,0.000481100644495,0.000481100351232,0.000481100344258
0.00024943541871,0.000498870437409,0.000498870774312,0.00049887045901,0.000498870441776
0.000258283494628,0.000516566621591,0.000516566987467,0.000516566649883,0.000516566621615
0.000267093988718,0.000534187655203,0.000534188050316,0.000534187690278,0.00053418765022
0.000276033641391,0.000552066975995,0.000552067412808,0.000552067019038,0.000552066965163
0.000284945580916,0.000569890878657,0.00056989135913,0.000569890930121,0.000569890861106
0.000293733448739,0.000587466680549,0.000587467197299,0.00058746673999,0.000587466655706
0.000302492606127,0.000604985076473,0.00060498562999,0.000604985144149,0.000604985043644
0.00031125615343,0.000622512256926,0.000622512850657,0.000622512333408,0.000622512215283
0.000320134390046,0.000640268779958,0.000640269428712,0.000640268867106,0.000640268727984
0.000338662346807,0.000677321290664,0.000677322948483,0.000677321498119,0.000677321168805
0.000357561213317,0.000715115482326,0.000715118191889,0.000715115821409,0.000715115274247
0.000359715080525,0.00071942589886,0.00071942796551,0.00071942617165,0.000719425715979
0.000357327541724,0.000714655920054,0.000714656693431,0.000714656042504,0.00071465582317
0.000366529100922,0.000733059182546,0.000733060015947,0.000733059317721,0.000733059070967
0.000375224485231,0.000750450089746,0.000750450984875,0.000750450237937,0.000750449962997
0.000393202674543,0.000786402066601,0.000786404262521,0.000786402388335,0.000786401805962
0.000411731635026,0.000823455385811,0.000823458944422,0.000823455893948,0.000823454972348
0.000418942139094,0.000837877537392,0.000837880915437,0.000837878032057,0.000837877117873
0.000423239358087,0.000846474953381,0.000846477665852,0.000846475368844,0.00084647458209
0.000427188333082,0.00085437621174,0.000854378173237,0.000854376534177,0.000854375905079
0.000430662190615,0.000861327551295,0.000861328677962,0.000861327767039,0.000861327325766
0.000439294648012,0.000878592815529,0.000878593991913,0.000878593044453,0.000878592570895
0.000447707849784,0.000895419558645,0.000895420790174,0.000895419801603,0.000895419293801
0.000465359860381,0.000930717661551,0.000930720638846,0.000930718155198,0.000930717161099
0.000483422437296,0.000966836790803,0.0009668415548,0.000966837544388,0.00096683603706
0.000485684330577,0.000971365680576,0.000971369261026,0.000971366277346,0.000971365056032
0.000483620578841,0.000967247066167,0.000967248456981,0.000967247361068,0.000967246715857
0.000492127681688,0.000984261968638,0.000984263363247,0.000984262271759,0.000984261600797
0.00050035868964,0.001000724504606,0.001000725947486,0.001000724822197,0.00100072411333
0.000508562699646,0.001017133073346,0.00101713456416,0.001017133405662,0.001017132657896
0.000516742943465,0.001033494138229,0.001033495676996,0.001033494485539,0.001033493697778
0.000534005372154,0.0010680116394,0.001068015358784,0.001068012312158,0.001068010854504
0.000551617112643,0.001103227726927,0.001103233654376,0.001103228732002,0.001103226581438
0.000558447889066,0.001116891779105,0.001116897294409,0.001116892735958,0.001116890663715
0.000562503317686,0.001125008085498,0.001125012415821,0.001125008880597,0.001125007122421
0.000566225914838,0.001132459069685,0.001132462123927,0.001132459688319,0.001132458279856
0.000569494988465,0.001139003322345,0.001139005011757,0.001139003749966,0.001139002726527
0.000577685899811,0.001155385994995,0.00115538772141,0.001155386438174,0.001155385370456
0.000585670614547,0.001171356246926,0.001171358019189,0.001171356707026,0.001171355591958
0.000602544069671,0.001205094382601,0.00120509877504,0.001205095243796,0.001205093266902
0.000619754841127,0.001239507152013,0.001239514186991,0.001239508420257,0.00123950556024
0.000623512504105,0.001247028925882,0.001247034570676,0.001247030000081,0.001247027532465
0.000620135026164,0.001240289189186,0.001240291113215,0.001240289718872,0.001240288400581
0.000627972493292,0.001255965861627,0.001255967651135,0.001255966383289,0.001255965068213
0.000635782781496,0.001271587531787,0.001271589347818,0.00127158806922,0.001271586706709
0.000643547403766,0.00128711790495,0.001287119746564,0.001287118458343,0.001287117047566
0.000651286799009,0.001302597862724,0.001302599728975,0.001302598432263,0.001302596972305
0.000659084389352,0.001318194147176,0.001318196064763,0.001318194737228,0.001318193218017
0.000666861099937,0.001333748710284,0.001333750679034,0.001333749321165,0.001333747741442
0.000683120685728,0.001366257527773,0.001366262629662,0.001366258628118,0.001366255954409
0.00069976156703,0.001399528900204,0.001399537174552,0.00139953049835,0.001399526703825
0.000702007644248,0.001404031107032,0.001404037137333,0.001404032380705,0.001404029280854
0.00069966674307,0.001399366579768,0.001399368448319,0.00139936723579,0.001399365488726
0.000716114406989,0.001432250983609,0.001432256200819,0.001432252166831,0.001432249224916
0.00073250790493,0.001465026909025,0.001465035522055,0.001465028628356,0.00146502446478
0.000734731962534,0.001469485890123,0.001469492085226,0.001469487258062,0.001469483858373
0.000732683018889,0.001465406164631,0.001465408003882,0.001465406883203,0.001465404923668
0.000740529209801,0.001481100400632,0.001481102215837,0.001481101132523,0.00148109912474
0.000748035928268,0.001496115451725,0.001496117292043,0.001496116203948,0.001496114132601
0.000755519747784,0.001511084749004,0.001511086613415,0.001511085521803,0.001511083385798
0.000762985149053,0.001526017255796,0.001526019143282,0.001526018049406,0.001526015847636
0.000683402253077,0.001366832600923,0.001366836345384,0.001366833553899,0.00136683104257
0.000605084310257,0.001210170771319,0.001210177025439,0.001210171935877,0.001210169016119
0.000504458838941,0.001008868424667,0.001008879474781,0.001008869977211,0.001008866326972
0.000411869234461,0.000823603140744,0.000823621945227,0.000823605295273,0.000823600536754
0.000407128236982,0.000814040333414,0.000814072438602,0.000814044233221,0.000814035541773
0.000407562438794,0.000814811675277,0.000814859469379,0.000814817644056,0.000814804278986
0.00033260438953,0.000664637095961,0.00066471331646,0.000664646008762,0.000664626593439
0.000140383750169,0.000278652970689,0.00027886582505,0.000278672965217,0.000278633626594
4.84298987354528E-05,8.75E-05,8.82704746116031E-05,8.75229133350245E-05,8.74241371354342E-05
0.000213330187449,0.000423755709889,0.000423960555559,0.000423767051032,0.000423753414899
0.00022068916847,0.000437667970982,0.000437946597788,0.00043768655989,0.000437659450886
0.000221057625617,0.000437311415208,0.000437687676186,0.00043733962655,0.000437294980225
0.000372451258535,0.000741113812732,0.000741380154412,0.000741130707009,0.000741108700879
0.000554931123287,0.001106519614556,0.001106728778738,0.001106529818083,0.001106521835511
0.000630498108734,0.001257280088543,0.001257508046681,0.001257291188445,0.001257283145698
0.000697935045436,0.001391679994046,0.001391932466085,0.001391692310762,0.001391683952735
0.000763463911061,0.001522213440347,0.00152249277388,0.001522227098371,0.001522218382217
0.000824872863758,0.001644446403641,0.001644755719691,0.001644461610689,0.001644452367783
0.000826930641237,0.001647568484917,0.001647946386494,0.001647590002078,0.001647571592603
0.000827373900726,0.001647344781857,0.00164779968558,0.001647373680776,0.00164734449222
0.001272028461522,0.002537706615394,0.002538074806487,0.002537727366755,0.002537711486888
0.001807576391786,0.003609213540393,0.003609538145305,0.003609229226821,0.003609222645952
0.001836678548315,0.003666255854048,0.003666648918434,0.003666276934156,0.003666264082559
0.001837522546668,0.003666404630988,0.003666886469838,0.003666432638542,0.003666411848731
0.002248481598844,0.004487848202667,0.004488336477758,0.004487874699378,0.004487859098889
0.002741874716282,0.005474111582524,0.0054746058156,0.005474136430851,0.005474126548992
0.00295415579967,0.005897238911424,0.005897797565253,0.005897268090714,0.005897255603007
0.003138934741867,0.006265040513036,0.006265677266288,0.006265075195567,0.006265059183139
0.0033225236925,0.00663025666468,0.006630978995611,0.006630297748693,0.006630277384574
0.003492835102775,0.006968675822852,0.006969492517413,0.00696872448556,0.006968698677295
0.003502507639518,0.006985043915118,0.006986001016984,0.006985106371565,0.0069850668128
0.003504533882123,0.006985763896035,0.006986876486323,0.006985842660365,0.006985786639727
0.003789540036264,0.007553498733165,0.007554689155286,0.007553583932821,0.007553525762069
0.004135314007281,0.008242894480784,0.008244149643379,0.008242984171423,0.008242926845909
0.00427777929465,0.008524509288808,0.008525896643733,0.00852461229459,0.008524544461659
0.004404801612805,0.00877486803629,0.008776400776439,0.008774985711798,0.008774906252227
0.00441172747429,0.008784061569585,0.008785793871051,0.008784202261225,0.008784100350658
0.004414658142518,0.008784859487695,0.008786806903117,0.008785025898273,0.008784898642441
0.004663045919277,0.009278004778589,0.009280080346686,0.009278185483868,0.009278047363923
0.004960781480892,0.009869966209479,0.009872157457546,0.009870159321103,0.009870013116465
0.005233676933438,0.010411669907606,0.010413998794399,0.010411877627329,0.010411721466256
0.005479091691124,0.010897731723058,0.010900222787736,0.01089795643405,0.010897788300784
0.005836174438477,0.011607296431601,0.011609946772228,0.011607540673716,0.011607355622918
0.006161436056584,0.012252378036184,0.012255216745103,0.012252645550443,0.012252440019241
0.00618486668049,0.012290650478833,0.012293815976434,0.012290960530718,0.012290713763156
0.006190418122289,0.012292078557262,0.012295608247658,0.012292437797821,0.012292142969791
0.006795073618909,0.013496909247949,0.013500552897531,0.013497286277937,0.013496977170412
0.007536276986873,0.014975300151429,0.014979028660839,0.014975692037278,0.014975372241571
0.007857217861657,0.015608398024292,0.015612413940115,0.01560883386675,0.015608472862171
0.008136968407639,0.016157652631575,0.016162002119599,0.01615813917065,0.016157730665262
0.008412554354838,0.016697675109936,0.016702381614096,0.016698217219998,0.016697756224034
0.008668211265437,0.017196762538203,0.01720185321077,0.017197367107474,0.017196846597247
0.008690035685893,0.017224533643741,0.017230150351579,0.017225227863248,0.017224618631938
0.008699848621088,0.017226869607917,0.017233051867857,0.01722766476831,0.0172269553263
0.009082976537677,0.017980195497085,0.017986736057315,0.017981060590289,0.017980285192595
0.009558195165823,0.018918435125632,0.018925290442493,0.018919364849876,0.018918529760505
0.009823041371894,0.019431958098482,0.01943927952289,0.019432980355613,0.01943205623263
0.01002627465622,0.019820216804617,0.01982806616275,0.019821343629457,0.019820318303956
0.010495582140361,0.020743858656356,0.020752110738831,0.020745075157163,0.020743961612131
0.010967375336872,0.021671426077049,0.021680102977049,0.021672738825504,0.021671530369357
0.011395626990589,0.022509566122681,0.022518731680048,0.02251098848061,0.022509671979968
0.01177885466639,0.023255027041562,0.02326475212859,0.023256573992653,0.023255134643876
0.01220962813798,0.024094333519594,0.024104641060685,0.024096014055237,0.024094442325884
0.012601666447919,0.024853431296678,0.024864391234756,0.02485526314584,0.024853541219127
0.013003805997377,0.025630881629497,0.025642533166256,0.025632879060488,0.025630992260291
0.0133704038905,0.026334466606072,0.026346876061471,0.026336650036372,0.026334577763332
0.013408361143418,0.026371166244373,0.02638463653352,0.026373606870929,0.026371276390698
0.01343134160948,0.026374664160103,0.026389272119943,0.0263773890336,0.026374773035345
0.014031710140805,0.027546207510738,0.027561469801393,0.027549125487126,0.027546317291879
0.014784388955232,0.02902491212382,0.029040718606614,0.029028007030083,0.029025023493051
0.015108139995984,0.029631917259466,0.029648696188525,0.029635289726374,0.02963202861576
0.01539739689398,0.030166165943336,0.030184000158248,0.030169839512274,0.030166277402215
0.015672332936193,0.030668961603208,0.030687904846825,0.03067295586638,0.030669072896909
0.015931244759201,0.03113678143969,0.03115688394723,0.031141120574349,0.031136892206948
0.015979803540277,0.031173942666628,0.031195487519698,0.031178712662914,0.031174050844213
0.016013933528421,0.031178428262511,0.031201492849404,0.03118366555294,0.031178533549527
0.016398532125497,0.03189553761893,0.031919699788449,0.031901146842339,0.031895643313369
0.016861352146226,0.032770721349909,0.032795899087606,0.032776690121401,0.032770828194399
0.017068423225968,0.033121038440152,0.033147622440302,0.03312747926686,0.033121144101008
0.017260036627593,0.033436828605576,0.033464886222268,0.03344376694351,0.033436933057684
0.017687476041598,0.034232996632165,0.034262258490894,0.034240377462568,0.034233098810327
0.018090000448113,0.034975373981386,0.035005914530845,0.03498322701092,0.034975473825823
0.018167829755336,0.035047129511781,0.035079514479643,0.035055621577621,0.035047225664017
0.018215994297938,0.035052835905039,0.03508721202709,0.035062019832413,0.03505292817688
0.01894100162016,0.036448643619669,0.0364839545436,0.036458236900507,0.03644873389317
0.019809469712434,0.038136430997462,0.038172504599053,0.038146398209454,0.038136519674464
0.020225342762732,0.038887230155027,0.038924899850454,0.038897826555119,0.03888731575851
0.020590239303581,0.039527212952625,0.039566665845273,0.039538504101726,0.039527295639074
0.020665887035299,0.039565104994486,0.039606937275593,0.039577290011917,0.039565183509256
0.020728836938025,0.039570572558037,0.039614911313286,0.039583721779733,0.039570646977839
0.021620193096121,0.041287980320123,0.041333277400758,0.0413016426228,0.041288054235958
0.021986400284737,0.04191395318974,0.041961262049781,0.041928492234527,0.041914024744584
0.022318958412002,0.042464438669341,0.042513906474916,0.04247992709321,0.042464508191884
0.022633863433651,0.042973488279395,0.043025225732401,0.042989978951276,0.042973556104438
0.022721586322258,0.04300395990991,0.04305854649366,0.04302167739525,0.043004025391821
0.022800486191401,0.04300952881428,0.043067069954324,0.043028547037054,0.043009592593161
0.023193564835412,0.043667608956489,0.043727396952932,0.043687722864039,0.043667672713404
0.023662585740394,0.044480983511073,0.044542867323626,0.044502171631784,0.044481048017585
0.024104759812954,0.045232988994135,0.045297102782782,0.045255320456036,0.045233054735171
0.024518189379102,0.045918744518665,0.045985246131236,0.045942291526275,0.045918812035771
0.024957158605518,0.046651585305838,0.046720547214708,0.046676400858273,0.046651655133826
0.025366613281237,0.04731553613775,0.047387122630398,0.04734170668555,0.047315609359838
0.025491211117277,0.047369803504329,0.047444913276951,0.047397705675154,0.04736988150077
0.025597626768181,0.047376459640947,0.047455290488968,0.047406214490101,0.047376544332351
0.026231102472173,0.048496788966245,0.048577832116694,0.048527861720561,0.048496881695882
0.026989469405803,0.049877521686452,0.049960462314113,0.049909829856922,0.049877623568257
0.027393524831793,0.050496023150524,0.050582103474486,0.050530104012323,0.050496136868217
0.027761664487488,0.051028854500851,0.051118324988806,0.051064834848209,0.051028982027847
0.028119334266717,0.051530669747968,0.051623795739073,0.051568719772183,0.051530815712316
0.028461790298091,0.051992123871444,0.052089033986716,0.05203235670658,0.051992291861133
0.028805530749736,0.052447076156069,0.052548059491204,0.052489730121905,0.05244727459886
0.029137658598251,0.052869345136157,0.052974517643795,0.052914539788116,0.052869578189351
0.029457065096249,0.053254280622053,0.05336406264954,0.0533023300831,0.053254560336613
0.029766083435431,0.053609250505942,0.053723717717375,0.053660240418621,0.053609579903797
0.030069094910368,0.053936768945749,0.054056941432732,0.053991409037639,0.053937181646602
0.030364242055627,0.054239827862156,0.054365735152177,0.054298184652788,0.054240328355217
0.030652553136184,0.05452124766527,0.054652822910653,0.05458332767558,0.054521835587621
0.03093391889127,0.05478082906546,0.054917989947143,0.054846617952034,0.054781501267612
0.031206020185561,0.055004696156804,0.055148553908635,0.055074975583891,0.05500549506827
0.031472168977389,0.055209449704167,0.055359808481815,0.055284122389559,0.055210367139995
0.031867503837506,0.055684864002674,0.055842309148314,0.055764495464615,0.055685949229549
0.03224931847318,0.056125276390435,0.056289539000615,0.056209698078027,0.056126515660503
0.032451823900085,0.056167057880585,0.056337489793015,0.056255642010226,0.056168381837034
0.032642171807088,0.056174189646342,0.056350441312459,0.056266652662568,0.056175572773385
0.033115758609147,0.056766145975777,0.056952669398736,0.056865915344148,0.056767849746154
0.033654381501207,0.05748944851943,0.05768698276079,0.057597184050869,0.05749152267234
0.034170847939651,0.058159229406208,0.058367224844795,0.058274545975584,0.058161640239447
0.034663170564779,0.05877043587033,0.058988310545702,0.058892883328356,0.058773145034199
0.035049180134792,0.059118986413124,0.059348738648251,0.059249864800736,0.0591220495418
0.035416287096846,0.059419735215959,0.059660701862437,0.059558540432013,0.059423110893511
0.03565464108157,0.059448203655584,0.059696912387241,0.05959228699919,0.059451719039305
0.035884983058193,0.059455644857407,0.059711063346224,0.059604252720578,0.059459272111946
0.036276439656572,0.059737258275307,0.060009687051544,0.0598980826773,0.059741427464576
0.036713666927399,0.060094133781652,0.06038613531148,0.060269161629744,0.060098919718018
0.037139611312845,0.06042629754814,0.060736676913827,0.060614683491778,0.060431624911034
0.037553129444617,0.060731783166086,0.061059240845303,0.060932569925575,0.06073758349683
0.037821288654604,0.060761645590988,0.061097872395364,0.060968544106889,0.060767678486509
0.0380778394248,0.060768704926943,0.061111991651217,0.060980411968219,0.060774988620308
0.038569042755565,0.061149817674218,0.061519778405607,0.061381104793202,0.061156763198388
0.039105804008393,0.061599615337005,0.061999662909087,0.061853117929999,0.061607167477737
0.039601967130904,0.061984071380047,0.062409395409328,0.062256181990065,0.061992063951001
0.040077214965163,0.062325761697502,0.062774376646851,0.062614941274154,0.062334105459726
0.04053465934757,0.062632823777818,0.063102674763033,0.062937485384407,0.062641468325074
0.040973710175101,0.062904866850495,0.063393736340025,0.063223318300345,0.062913808796295
0.041283381995408,0.062934983068972,0.063434251616345,0.063260619399914,0.062944412021374
0.041578280776729,0.06294135218251,0.063448492324465,0.063272242356283,0.062951500564106
0.042093297235158,0.063231190776182,0.063772908137362,0.06358747007201,0.063241332902173
0.04265757327795,0.063585101268139,0.064166451609868,0.063970606860084,0.063594810439834
0.043204859648675,0.063914574566882,0.064532590926655,0.064327055008935,0.06392371810289
0.043733531571152,0.064216637785394,0.0648682675764,0.064653747226555,0.064225169042986
0.044207002434194,0.06438680937391,0.065070927318467,0.064847579374391,0.064394663347276
0.044663741107696,0.064536002457793,0.06524938083187,0.065017970960479,0.064543310181628
0.045131746256445,0.064660757651185,0.06540819832584,0.06516745618735,0.064667021045833
0.04558450267746,0.064772864056296,0.065550742107489,0.06530157066845,0.064778308762765
0.045930791919098,0.064790765592448,0.065580273165046,0.065327479974737,0.064797562137024
0.046258894339232,0.064795650663644,0.065592771619796,0.06533744802543,0.064804775848231
0.046773514329388,0.064821484774839,0.065672401603853,0.065402474019499,0.064826953394855
0.047328613592893,0.064854875421928,0.065768449819053,0.065481466858965,0.06485465724116
0.047680409819349,0.064868308027369,0.065792761493746,0.065502428489598,0.064870394516546
0.048013426390029,0.064872573634498,0.065803665473426,0.065511223484335,0.064878402447864
0.04858467576796,0.064974423607095,0.065962796236001,0.065654600876723,0.064974441048053
0.049208023963401,0.065098116119117,0.066153791558802,0.065826934208274,0.065089256504773
0.049762468629569,0.065311630762454,0.06640669788975,0.066068785682354,0.065299272495346
0.050291600278171,0.065499672050038,0.066629443559447,0.066281701356328,0.065484811983042
0.050844763748028,0.065682612545594,0.066852713166204,0.066493475806149,0.065663632151993
0.051374065837699,0.065844274246112,0.067049990939219,0.066680530855469,0.065822322929107
0.051747375849841,0.065864740277411,0.067081010604793,0.066708608325932,0.06584797491587
0.052095962000567,0.065867963124289,0.067090203542087,0.066716424658893,0.065859068380093
0.052755803383458,0.066048455618712,0.067334014169228,0.066941701002421,0.066027403220156
0.053485965699452,0.066277480932535,0.067637203729124,0.067222696352905,0.066238433142872
0.05403441260722,0.066375548617365,0.067777587490552,0.067350424901587,0.066330032902175
0.054555802559326,0.066456306911757,0.067895150113493,0.067456971825797,0.066406382646499
0.054939292163423,0.066469061209493,0.06791875755271,0.067478005613924,0.066427162940224
0.055298679193668,0.066470877278256,0.067927024718259,0.067485463228568,0.066440710390404
0.055885640201458,0.066431584741684,0.067948456578907,0.067487818269811,0.066385574246891
0.05653192795595,0.066389075612753,0.067978853870242,0.067494458785519,0.066318385616927
0.057074996142599,0.066401983749983,0.068036142328604,0.067537621576659,0.066321270619565
0.057590131289014,0.066418534029441,0.068090099966244,0.067579812429689,0.066331533716563
0.058071045231264,0.066311315661201,0.0680227706514,0.06749961915704,0.066216305473856
0.058534431731355,0.066204127634728,0.067951341959636,0.067416771256699,0.066103604799047
0.059000577996709,0.066054934206799,0.067841554942387,0.067294014068189,0.065945882775187
0.05945409000515,0.06591604926622,0.06773840742828,0.067179220529289,0.065800851183935
0.059910800497525,0.065745135495478,0.067606113302184,0.067033955962989,0.065620990731774
0.06035412051167,0.065585601779113,0.067481462784591,0.066897769932681,0.065455295640961
0.060805017721767,0.065395411657313,0.067329676170143,0.066732778773686,0.065255192857317
0.061242753953194,0.065216339762098,0.067185453540718,0.066576776605297,0.06506912735681
0.06169976333085,0.064998571389789,0.067008566827247,0.06638513478442,0.064837246745565
0.062142128860889,0.064795372931823,0.066842171886029,0.066205649830225,0.06462340487625
0.062568928629251,0.064605239400865,0.066684930417651,0.066037063163869,0.06442664557875
0.06297961370795,0.064427360172069,0.066536242650492,0.065878843875426,0.064246691328155
0.063365759789174,0.064417541752365,0.066541021979132,0.065882030697468,0.064255153596265
0.063730168092469,0.06441059246028,0.066545815400415,0.065887428842328,0.064273604299383
0.064155368045257,0.063935671139459,0.066120517163795,0.065441362943473,0.063768469237903
0.06459341966786,0.063357225381773,0.065598334130676,0.064893399767994,0.063144611115763
0.065028508024575,0.063136930720924,0.065412341125263,0.06469420084097,0.062911461063285
0.065450902071443,0.062944856200805,0.065250902582879,0.064521585304958,0.062712100467009
0.065884439015204,0.062735682654449,0.065074560776675,0.064332314314764,0.062490154416826
0.066301765670592,0.062538942413802,0.064907453321162,0.064154227982827,0.062286243178866
0.066687611779091,0.062521536833417,0.064906903464126,0.064152378134686,0.062291181819244
0.067051435336344,0.062508803500953,0.064908921853441,0.064155631061708,0.062309972582307
0.067505628863095,0.062131164269976,0.064573294549756,0.063798872023843,0.061893333876178
0.067977147749269,0.061670182378689,0.064158153275286,0.063357421492242,0.061374832422111
0.068461955091455,0.061590479338822,0.064108623779858,0.063294545147765,0.061277035541033
0.068927039193355,0.061516145627744,0.064061620777992,0.063236413376584,0.061191867035527
0.069412646432428,0.061434978635523,0.064009431223017,0.063170696694138,0.061090914269685
0.069876996297689,0.061353650321296,0.063954431409154,0.063104469560289,0.060997555299774
0.070271044187543,0.06133812113001,0.063957029066239,0.063106258990053,0.061007719306202
0.070641285322055,0.061318947909187,0.06395492560752,0.063106142266803,0.061025490156034
0.071116090817984,0.061056439762949,0.063723710814305,0.062855557434693,0.060721822184913
0.071621759330684,0.060716734712829,0.06341736255126,0.062522824365762,0.060313223636494
0.072121463620002,0.060585950460554,0.06331292450595,0.062401156712538,0.060145178942696
0.072603642991623,0.060489146971816,0.063239680636357,0.062314019674004,0.060022983810779
0.073066037225858,0.060399180853192,0.063171397210965,0.062234408893257,0.059917189940865
0.073508107434399,0.06031490124714,0.063107357070573,0.062161740326737,0.059827545464314
0.073904996127313,0.060288817580776,0.063099344020264,0.062153370957549,0.059829352171619
0.074278812721259,0.060262329795038,0.063090988725881,0.062147815556994,0.059844316381338
0.074751932960259,0.059990125634502,0.062840127612555,0.061876133936679,0.059517468507023
0.075241827117939,0.059668782397906,0.062538219853192,0.061548479013901,0.059119516287194
0.075640373950639,0.059620941188496,0.062507914570577,0.061517089271137,0.059096243310511
0.076014593628785,0.059590479601117,0.062495622424004,0.061507980789696,0.059108936217792
0.076508259490109,0.059458049085882,0.062379188357082,0.06137378060738,0.058929291609943
0.077017075449477,0.059308909063567,0.06224367639731,0.061217275893497,0.058717485228582
0.077506139849172,0.059168462487354,0.062115483282484,0.061070919022414,0.058525407047838
0.077975079508573,0.05903534588771,0.061993782031765,0.060934010355972,0.05835272733857
0.078373353187463,0.059000161851585,0.061974258388466,0.060914657474529,0.058345792915365
0.078747790757722,0.058965052551878,0.061956514098373,0.060900911671203,0.058356533210112
0.079214317172081,0.058757402239549,0.061755919658119,0.060681352373903,0.058091376732462
0.079694066072096,0.058515916402897,0.061517195485105,0.060419278518726,0.057771140424996
0.080164419209154,0.058360349059728,0.061365300257806,0.060249724716862,0.057560642510797
0.080618821808993,0.058238483738717,0.061247863879849,0.060118667246203,0.057401315038423
0.081053938197023,0.058126904061364,0.061141630207117,0.060002254969002,0.057267642321152
0.081469175598695,0.058023946852044,0.061045525495689,0.059899606456894,0.057159157417534
0.081903005276734,0.057886246029115,0.060909682704893,0.059751816547408,0.056989851132717
0.08231882116318,0.057757259246011,0.060783937306523,0.05961748269967,0.056844563745861
0.082709101158683,0.057711864846585,0.06074906814648,0.059583626700953,0.056827580249568
0.083077092296756,0.057669197306895,0.060720470051849,0.059560344392507,0.056834087601795
0.083491402516255,0.057375967370223,0.060417894313112,0.059238619222302,0.056473983822161
0.083908280764726,0.057032170156523,0.060057903557442,0.058854914911815,0.056040339449633
0.084316798995108,0.056864816862709,0.059885256564075,0.058671187997667,0.055841420812809
0.084708921460764,0.056715620794977,0.059733582072955,0.058512354986023,0.055679274840217
0.085091379966698,0.056664565874632,0.059688671573968,0.058468824825042,0.055655688722025
0.085452110094752,0.056617947869203,0.05965299190716,0.058439243429803,0.055659784784874
0.085804556071099,0.056244549236408,0.059263186363324,0.058033673333671,0.055232547023109
0.086145832636361,0.055791138354592,0.05878552850699,0.057535917398994,0.054703796469274
0.086535532323303,0.055610595103119,0.058591542887947,0.057331194308928,0.054489130517183
0.086911898863847,0.055456913793435,0.058428560372615,0.057161779394144,0.054322240355533
0.087294647195274,0.05528253313327,0.058238773123732,0.05696198114898,0.054116059520871
0.087659779219054,0.055121327912495,0.058066662208257,0.05678435140721,0.053945127206837
0.088032654556478,0.054937559823602,0.057864775177821,0.056572801037167,0.053729905653248
0.088388410594951,0.05476687064793,0.057680813459576,0.056383712727418,0.053550268419551
0.088753015115479,0.054709011047578,0.057619488627012,0.05632428751849,0.053517042491355
0.089097163613499,0.054656776973152,0.057570763076109,0.056282778985952,0.053516651752901
0.089439096612017,0.054373201614089,0.057258036710411,0.055957434929538,0.053185671823553
0.089769416734079,0.054043697652104,0.056893713883632,0.055578524521516,0.052798515652159
0.090086187307814,0.053735164226863,0.056555239209589,0.055229896873491,0.052454460797654
0.090389607800319,0.053447781152425,0.056243562154272,0.054912676762333,0.052154955267366
0.090732420313496,0.053250851212264,0.056017214263329,0.054677829461039,0.051927750074623
0.091060766689574,0.053072115785247,0.055815603464552,0.054472614855092,0.051743735488275
0.091408920673669,0.053010732092202,0.05574066929336,0.054399477076951,0.051702551723115
0.091737418357086,0.052955534309394,0.055680822666066,0.05434731208542,0.051698265870474
0.092048468676555,0.052670407530754,0.055353907198004,0.054009235648037,0.051368157126916
0.092344407159875,0.052337657731493,0.05497359970433,0.053616275382245,0.050982736493083
0.09262749663801,0.052025845728283,0.054621031756847,0.053256027733218,0.050643866972405
0.092898014742202,0.051735213900442,0.054297277648367,0.052929744783337,0.050353100483011
0.093230189767314,0.051666346571208,0.054205985636836,0.052840062841644,0.050300914271887
0.093545734830102,0.051609797617468,0.05413732300513,0.052779127043136,0.050293486696418
0.093786738419833,0.051209275811105,0.053686020241033,0.052319836320638,0.049864766768283
0.094000513579954,0.050736877869905,0.053157450658611,0.051782841741384,0.049362842538563
0.094304590084939,0.05055153401005,0.052924992648555,0.05154397206117,0.049151570548131
0.094596854459293,0.050386072018007,0.052721463029513,0.051339339451789,0.048988454398077
0.094893011491019,0.050204496640459,0.052490632269491,0.051102754593479,0.048784027659796
0.09517468478286,0.050036076500001,0.052282987375057,0.050895235592435,0.048624106417802
0.095460754006727,0.049849301539749,0.052044194469682,0.050651330357553,0.048417252037175
0.095733297107534,0.049675063551708,0.051827868554467,0.050435596633794,0.0482535417583
0.096010929038681,0.049486979060821,0.051585071665589,0.050188296587798,0.04804816480486
0.096275819345014,0.049311257406316,0.051364691618806,0.049969039751424,0.047885594648357
0.096544103574986,0.049124061246255,0.051121818652195,0.049723066216366,0.047688473268783
0.096800500791164,0.048948445260929,0.050900478036611,0.049504091378946,0.047532666218229
0.097061472547505,0.0487621968658,0.050656263061233,0.049257535352528,0.047340450673579
0.097311957496009,0.048586725513188,0.050432046328,0.049036013373424,0.04718653013075
0.097614842230587,0.048527790278294,0.050314494351941,0.048914848151124,0.047111565635002
0.097905983685055,0.048474070412011,0.050211797140286,0.048813623391743,0.0470699311228
0.098013629156027,0.047977948926527,0.049669699379043,0.048285558982866,0.046665724108725
0.098071700932564,0.047379907901212,0.049030742068805,0.047666861782969,0.046196642473408
0.098280681312527,0.047128655340219,0.048720381588621,0.047360983326449,0.045979442166077
0.098493092209142,0.046910704735299,0.048448835424083,0.047096267146371,0.045808664192731
0.098704134213425,0.046667090854661,0.048136239807278,0.0467853402221,0.04558443688419
0.098912575351779,0.046434208415276,0.047837127570466,0.046489857518371,0.045381700187658
0.099118477880048,0.046215272401306,0.047556940874382,0.046216050309515,0.045208084086695
0.099322329683671,0.046009408661977,0.04729457404145,0.045962612158574,0.045061815829815
0.099628697912859,0.045962915453658,0.047137491854927,0.045787325511753,0.044920444755293
0.099932194962511,0.045925578164384,0.046992263635928,0.045625677567807,0.044798260315862
0.100097902528083,0.045628782720316,0.046626789972863,0.045269782270254,0.044567830492894
0.100224403258401,0.045264444895917,0.046206810239794,0.044868300956642,0.044321551530087
0.100353232517308,0.04491508025675,0.045803997327094,0.044485500715207,0.044098952374769
0.100485628153181,0.044582752335168,0.045420029255694,0.044122684283614,0.043900171450396
0.100709138928469,0.044416127525029,0.045161889096902,0.043864175440093,0.043744009844726
0.100937059919687,0.044267217322802,0.044921098986194,0.043623076492336,0.043606048502508
0.10118226594186,0.044151583290471,0.044703092242314,0.043400165811199,0.043475206102856
0.101427058862489,0.044042282911489,0.044492029869066,0.043185121642275,0.043355904345096
0.101674945496924,0.043939205689211,0.044282252762564,0.042970064162741,0.043235686420526
0.10192224463204,0.043840047349205,0.044076460570843,0.042759709487922,0.043123814749992
0.102174158442145,0.04375003588659,0.043874667057626,0.042551783046355,0.043012633097534
0.102426141001799,0.043663993205597,0.043676285846603,0.042347673392969,0.042908299657403
0.102784655021945,0.043697015858111,0.04348110357515,0.042097893584648,0.042645414728865
0.103143202566922,0.043737041440198,0.043289277738001,0.041850895276914,0.042386028302464
0.103285599903646,0.043497971775747,0.043018778023478,0.041615486261792,0.042363582032403
0.103368180686658,0.04317980851963,0.042728032850047,0.041386530174515,0.042414619792478
0.103632802663075,0.043126317768216,0.042550035977982,0.041200798486846,0.042333512048072
0.103905882987903,0.043089082942631,0.042381664316481,0.041022082365487,0.042254198782489
0.10417649493263,0.043050281158321,0.042213224695868,0.040844683597926,0.042181545052131
0.104448765057166,0.043015239998749,0.042046023107726,0.040668157437629,0.042110770636458
0.104723207278188,0.042984588015823,0.041880207109205,0.040492452478344,0.042041281396951
0.10499992952267,0.042958353489782,0.041715669072213,0.040317392074341,0.041972768580982
0.105401893202764,0.043072420145643,0.04151865698435,0.040040970246766,0.041650605597264
0.105806495152869,0.043197113698701,0.041325274238655,0.039766109306209,0.041326644368628
0.105965808626234,0.042997000165707,0.041092762427741,0.039573824838975,0.041376381629787
0.106055536650685,0.04270164325841,0.040850108162966,0.039407713526112,0.041539063072313
0.106313147639602,0.042657415464215,0.040691789701467,0.039252186206563,0.041530537030741
0.10660579834514,0.042667998880483,0.040553982610303,0.039102244203908,0.041491895645379
0.10689553402585,0.042675636840058,0.040416807529701,0.038954936010448,0.041462210457659
0.107187041949125,0.042686326018638,0.040280315381539,0.038807886682951,0.041433478182414
0.107481219580473,0.04270125528187,0.04014460856726,0.038660744415628,0.041404269154717
0.107778218769329,0.042720544029958,0.040009582186171,0.038513305763571,0.04137417776055
0.108216468040361,0.042916784496496,0.039832191859864,0.038238295980509,0.041031686204324
0.108658741973878,0.043125399619181,0.039658768988808,0.037964290623179,0.040684060540511
0.108796560479852,0.042900408203915,0.039460088236256,0.037833457728774,0.04087297024905
0.108858090526734,0.042564053935217,0.039258830313414,0.037744362177663,0.041205051118279
0.109307118560393,0.042785009531213,0.039087841926582,0.037471037029229,0.04086218691353
0.109762404539992,0.043023063872675,0.038925678851423,0.037203043341872,0.040515985023855
0.109924222640234,0.042849044841592,0.038797241382552,0.037146383671432,0.040780654738771
0.110008717055719,0.042564115193424,0.03868219021896,0.037151639020587,0.04121371587261
0.110315525571729,0.042606585472788,0.038586433565223,0.037051206064953,0.04125598467816
0.110629981303527,0.042660493981637,0.038494432549649,0.036951431025273,0.041292322461084
0.110935240695866,0.04270022757262,0.038405088512809,0.036861086129155,0.041353881208795
0.111246021304617,0.042745621589197,0.038313680355104,0.036766085132566,0.041406535887233
0.111546697392143,0.042775782732434,0.038227859622802,0.036684669679947,0.041490526119139
0.111854341332576,0.042813868935832,0.038141465682017,0.036599591259031,0.041565114556692
0.112216197819615,0.042978086244074,0.038199306709673,0.036652534217125,0.041732590648567
0.11258186769379,0.043140083582103,0.03824380856895,0.036689008861085,0.041880224142579
0.112950988955361,0.043311980566221,0.038317556030062,0.036759592929749,0.042067107572492
0.113322310366207,0.043474953599963,0.038368917593201,0.036804629215849,0.042227171383382
0.113679207405308,0.043624792401559,0.038465271443431,0.036912858313745,0.04248184329828
0.114038949263933,0.043768977048733,0.038548212604203,0.037005682719538,0.042720448590812
0.114404648790662,0.043910586240417,0.038612625385712,0.037075378045772,0.042930488238976
0.114778808303909,0.044052888358247,0.038656867173025,0.03711869975488,0.043105422260046
0.115293576054857,0.044363705417845,0.038563372894693,0.036920314964406,0.042835917896663
0.115819318649162,0.044687009845102,0.038461236643632,0.036706258943592,0.04253595149536
0.116033028624559,0.044580557181127,0.038568563489354,0.036926587224095,0.043133348501809
0.116141296325682,0.04432979834947,0.038754886246414,0.037300955935633,0.044034683482682
0.116671524035063,0.044644677189355,0.038673265123386,0.037118035546746,0.043787708536221
0.117215976820911,0.044976108635312,0.038582749695831,0.03691769306641,0.043504823346548
0.117390899842092,0.044774174298814,0.038666686652921,0.037141520355673,0.044172586779598
0.117473082130342,0.044440212794733,0.038807695405802,0.037484850953163,0.045084800403183
0.117816883558849,0.044488173760969,0.038886686579245,0.037605886931453,0.045427780425447
0.118178459474377,0.044553183299618,0.038953835816175,0.037705169784529,0.045729479546463
0.118512412515309,0.044568723134101,0.039022093233693,0.037823505076812,0.046090084912873
0.118865181896665,0.044602807669242,0.039079025396635,0.03792026492632,0.046408604358483
0.119426819932961,0.04491700371615,0.039016284544022,0.037764495776523,0.046204129606995
0.120011938052897,0.045260706282346,0.038945359655388,0.037587780856467,0.045949999571666
0.120096641572496,0.044801619057214,0.038841802182423,0.037661881291824,0.046595666389039
0.120059414409249,0.04415044795719,0.03875700743426,0.03782616732423,0.047480452986233
0.120269546501014,0.0438699106511,0.038639469906276,0.037815158406122,0.04787698443559
0.120530435586981,0.043666022042017,0.038531338453877,0.037788127600156,0.04819767827426
0.120822684083727,0.043508216814949,0.038431735275122,0.037755191116941,0.048477548329045
0.121146881406036,0.043397352740524,0.038339391392749,0.037714687556283,0.048714595131695
0.121414948212989,0.043184555113655,0.0382223537314,0.03767921883257,0.049025416476332
0.121714818995658,0.043018096575885,0.038111652606503,0.037635282717847,0.049292739399933
0.122315632812629,0.043339800408711,0.038054496116826,0.037487978389286,0.04910516912748
0.12295096127075,0.043712362765581,0.037997789415508,0.037323400144988,0.048859534398331
0.123116254283993,0.043284875820635,0.03780104519301,0.037265095291647,0.049288471200531
0.123176962815695,0.042674081425744,0.037580895206013,0.037240426197781,0.049875182516269
0.123272925413517,0.042119374252552,0.037384640475721,0.037223993194106,0.050425545476712
0.123404761004547,0.041622645357196,0.037211947826964,0.03721492182896,0.050939184790101
0.123690924725546,0.041390645388065,0.037109614241206,0.037200741779894,0.051271531593038
0.124014175513119,0.041215343412305,0.037015573862751,0.03717712164025,0.051554487023352
0.124653787645126,0.041560863626349,0.036970500676455,0.037038708001916,0.051371273132917
0.125327720231092,0.041957015015775,0.036924230612786,0.036881669138966,0.051130627367966
0.125557672007085,0.041651593078822,0.03695385811265,0.037050379347845,0.051718622221855
0.125697972760851,0.041200567493521,0.037005489898449,0.037291231535554,0.052476195065462
0.125869464037213,0.04078973688956,0.037051394607685,0.037508862119676,0.053173907651522
0.126072626983653,0.040417586241555,0.037087275236709,0.037699163189666,0.053809876386961
0.126446025921401,0.040353472137689,0.037242541335987,0.03793042913723,0.0542994992623
0.126853238254925,0.040327948725839,0.037377525443115,0.038124166861369,0.054721158512881
0.127229708545576,0.040249540644014,0.037527751204342,0.038351287787685,0.055210669006805
0.127639735005758,0.040209100575352,0.037658098377041,0.038541876320318,0.055633937049076
0.128326155493199,0.040549921703522,0.037641248807224,0.038440569134139,0.05549607624895
0.129050679176923,0.040939823249757,0.037611389946089,0.038308443125645,0.055289797317542
0.129348944125703,0.040683622468122,0.037717695033022,0.038536675769324,0.055883510117475
0.129519793399036,0.04023560630641,0.037879653929551,0.038886130987353,0.056724461255408
0.129726626903776,0.039839424401492,0.038042487264907,0.039217006307822,0.057506388339444
0.129969913696364,0.03949360965981,0.038201562222752,0.039525136023018,0.058227276520241
0.130675595511873,0.039815328785782,0.038190737621037,0.039437981750509,0.058113935721073
0.131418821617509,0.040186080384319,0.038169200609466,0.039323751175394,0.057937561156308
0.131574467607406,0.03964749123121,0.038260006182291,0.039606482621881,0.058738838667079
0.131606833721005,0.038925368601513,0.038404530831217,0.039999250599065,0.059758513377634
0.13192182064308,0.038636238693975,0.038511232485557,0.04022090396554,0.06033297181301
0.132303536628943,0.038443375033979,0.038607136875193,0.040401290508206,0.060804091015239
0.132723714814529,0.038303409627921,0.038697010577891,0.040558757472843,0.061217623736824
0.133182490536405,0.038216181262627,0.038779764311284,0.040692563556475,0.061573353513352
0.133556075062014,0.037913761050799,0.03869954001378,0.040697292788009,0.061902230855902
0.133968598214263,0.037670399122989,0.038624015402166,0.040690440368586,0.062183142849499
0.134678414559313,0.037932941755092,0.038610408370138,0.04061803956161,0.062112339927451
0.135426968636206,0.038256766425907,0.038601427388227,0.040534430261283,0.061991700551665
0.135717658779578,0.037708111515366,0.038308077944908,0.040360672005419,0.0622548846768
0.135703622092487,0.036580789789274,0.037855178868047,0.040157913630723,0.062796568867387
0.135927105241894,0.035933384024468,0.03762534462665,0.04007905252181,0.063203935854104
0.136285349761408,0.035557927757907,0.037511656036175,0.040059149931437,0.063526107792856
0.136680927607509,0.035249666930561,0.037415194366178,0.040040539030638,0.063811704222326
0.137113592532952,0.035005921286081,0.037330270985609,0.040017881358283,0.064057105601319
0.137508329314398,0.034686182774128,0.037223965417318,0.039989866677811,0.064333865213647
0.137938842015569,0.034428122464916,0.037127485852944,0.039956727707986,0.064570983646521
0.138623225769415,0.034639348366747,0.037124998038641,0.039911351860268,0.064551751290771
0.139344604935093,0.03491035291294,0.037123179328495,0.039851677526574,0.064483105774503
0.139531706210342,0.034136380206789,0.036819340586318,0.039714980835932,0.064874104599909
0.139596961657249,0.033119438450281,0.03646432563806,0.039578617828236,0.065380491658558
0.140003017131975,0.032799788287675,0.036368226082685,0.039557185553151,0.065649479315474
0.140445861288751,0.032548957120339,0.036288106311482,0.039536029317868,0.065882166804881
0.140850556708486,0.032164788746552,0.036068005362943,0.039392435422697,0.066052413349839
0.141290014683842,0.031845981979338,0.035862263796746,0.03924886257457,0.066188792347708
0.141698432772778,0.031458934718024,0.035626362318747,0.039088110235193,0.066339284572979
0.142140474531434,0.031141983389706,0.035413789963925,0.038936320776837,0.066463252520723
0.142552852185071,0.030763702338697,0.035181440837761,0.038777139645713,0.066608032302065
0.142998468534454,0.030454349268892,0.034969654978602,0.038624366668937,0.066724704917655
0.143411981165447,0.030080764569346,0.034742681039531,0.038469781587335,0.066868988749698
0.143857594870725,0.029773317818243,0.034533603662494,0.038319407606648,0.066984564240138
0.144274824749668,0.029411180432343,0.034317298507556,0.038173483767789,0.067129110906801
0.144724510341156,0.02911545534582,0.034117141071061,0.038029861271745,0.067243193992353
0.145348194447863,0.029227707817434,0.034117832402932,0.038009665245188,0.067285038204415
0.146005679885301,0.029403288697924,0.034123922166356,0.037980810266375,0.06728584886744
0.146366420985323,0.028892365460525,0.033809892201815,0.037763157526428,0.067426617264978
0.146670260989858,0.028241579308518,0.033424297256087,0.037500402054076,0.067587339051248
0.147005662155972,0.027658912406408,0.033064720144538,0.037250359098891,0.067726210072098
0.147371725857503,0.027145129162185,0.03273171298836,0.037013519498169,0.067844331290574
0.147799952774815,0.026822346226864,0.032571035794055,0.036916228052279,0.068006154388556
0.148258759412398,0.026565405112588,0.032426610709038,0.036821553994675,0.068139121011367
0.148852683153621,0.026628863795024,0.032430774153314,0.036813394639553,0.068206476843125
0.149479474378691,0.026755845152041,0.032438817912894,0.036795386485705,0.068233263501497
0.149810218869696,0.026173813369595,0.032105524824736,0.03657254130798,0.06839122065493
0.150091109036442,0.025465996064767,0.031706681797193,0.036308524435184,0.06856549229613
0.150501900600839,0.025088981676964,0.031502822539708,0.03617665187383,0.068710994482215
0.150956187417333,0.024816314764092,0.031343305583739,0.036068434040543,0.068830250570757
0.151397317344507,0.024519497488542,0.031184338211256,0.035965599306559,0.068963936830239
0.151867183553765,0.024286525447402,0.031039795572728,0.035864155174555,0.069069474498224
0.152304786162819,0.023984517909848,0.030878508076239,0.035759713525748,0.069201620315619
0.152765707594109,0.02373441985559,0.030728003030954,0.035655469910995,0.069309859034633
0.15317599908237,0.023379427928732,0.030564075065114,0.035558936339685,0.069469674362824
0.153613349234838,0.023084567517673,0.030412989390543,0.035462974375461,0.069602261449752
0.154079405156625,0.022853103862742,0.030273458606876,0.03536565244982,0.069704785002023
0.154573986874595,0.022684929809597,0.030144944537553,0.035266436289865,0.069776962564561
0.155013317622451,0.022402189233982,0.030004223535409,0.03517799402531,0.069907212362859
0.155480520097196,0.022181586844353,0.029874916140176,0.035088261495845,0.070008128943653
0.156018770956096,0.022153323488441,0.029878671314728,0.035092913449841,0.070105969157499
0.156586605626589,0.022187256572297,0.02988796541956,0.035089979999619,0.070168159222707
0.156991237692511,0.021808795640476,0.029665156508387,0.034937508253429,0.070279886516853
0.157379304487906,0.021383350052983,0.029398994439465,0.03475158534426,0.070382571881164
0.157794316275236,0.021022419256412,0.029150239022248,0.034570541199129,0.070460960997144
0.158235610108621,0.020725559248504,0.028919000973214,0.034394462240715,0.070515681925871
0.158660399985374,0.020453521447072,0.028868307217436,0.034391780735655,0.070703773021168
0.159112561565368,0.020242624740996,0.02882860618206,0.034387153414471,0.070862365563597
0.159626249736477,0.02017303780401,0.028835230130902,0.034399220055586,0.070972381978887
0.160169974570131,0.020166098022704,0.028844306829731,0.034400460006779,0.071044381115961
0.160547770319421,0.019764411840421,0.028681602890771,0.034312000888206,0.071211398005534
0.160902008065915,0.019303843550117,0.028481259832779,0.034198625102826,0.071381907487897
0.161291043572971,0.018962970038373,0.028447358057043,0.03422347834964,0.071611849059839
0.161708961594269,0.018685240023285,0.028423185524977,0.034244543326185,0.071809673364125
0.162155495316953,0.018469535776082,0.028405256742747,0.034258721191272,0.071973636855549
0.162630545675438,0.018315797839411,0.028393258349402,0.034265728797656,0.072103655513466
0.163126385158885,0.01821021344313,0.028395854630667,0.03427666089213,0.072214486583187
0.163650879920242,0.018166690831986,0.028404092618538,0.034279944148617,0.072290696715233
0.164044786534519,0.017828129679251,0.028326141388763,0.034258389660729,0.072471976616684
0.164422350490505,0.017453319554762,0.028233676122498,0.034229784914182,0.072661555869542
0.164826850517175,0.017140577148618,0.028153582437058,0.034200432258692,0.072822515783818
0.165257969863174,0.016889382254006,0.028085422220559,0.034169944541359,0.07295497439351
0.165739287833328,0.016761383326099,0.028083650400932,0.034177834411211,0.073063289119501
0.166247949763346,0.016694625040526,0.028091091263512,0.03418150117352,0.073140301322629
0.166644153563261,0.016357054550268,0.027926946006883,0.034075740137624,0.073247858217475
0.16703359724166,0.016005792451903,0.027734856543689,0.033946946976349,0.073343806040478
0.167504902128755,0.015866572322416,0.027728772059065,0.033951031557283,0.073448400423627
0.168002535403678,0.015787582834076,0.027735946965096,0.033954593669325,0.07352481050762
0.168389326152839,0.015463145411363,0.027649542104343,0.033919922438195,0.07367801653017
0.168761454380335,0.015110250282196,0.02754652434856,0.033875708507632,0.073835852127439
0.169136162290257,0.014777168966912,0.027505605605989,0.033885532533087,0.074024075567586
0.169533438833129,0.014497988733625,0.027484555298434,0.033902450433499,0.07419271433193
0.169956741830627,0.014277971371458,0.027475049156074,0.033917390878635,0.074332711212633
0.170406068693147,0.014116569154309,0.027476739545251,0.033929909001321,0.074443780597309
0.170856155309644,0.013959269271428,0.027471461010361,0.033934520938131,0.074545911164242
0.171332055734694,0.013859647757375,0.027477680020044,0.033936809427153,0.074619241100897
0.171717425219499,0.013570603344809,0.027406304098237,0.033907822257454,0.074753980247561
0.172088171825603,0.013257496047988,0.027320280739879,0.033871075891435,0.074894111848692
0.172483058843182,0.013002378644583,0.027251263318922,0.033837742861479,0.075010528689599
0.172901776237929,0.012803334824976,0.027199160541237,0.033807619203021,0.075103419840166
0.173296847603963,0.012563724685128,0.027151961908078,0.033790984678872,0.075223917935547
0.173714857424788,0.012377074445381,0.027121766221353,0.033777766264941,0.075321831565867
0.174108015193162,0.01214849706937,0.027067888312865,0.033753090634997,0.075431969662171
0.174524284207153,0.011972760316353,0.027031646063599,0.03373212098112,0.075519505896594
0.174946902462092,0.011815081669864,0.027020142216702,0.033728558896271,0.075609017221886
0.175393061487552,0.0117078983523,0.027025560141416,0.033727452773837,0.075674679644799
0.175812840221372,0.011579831999702,0.026786678703073,0.03351987428737,0.075626214987112
0.176238558293632,0.011489812323415,0.026505618330608,0.033270760688034,0.075541280089886
0.176659329423603,0.011394419988286,0.026338963827752,0.033123083065446,0.075522476500162
0.177094477484209,0.011334411826478,0.026208990294412,0.032998393077518,0.075500466196878
0.177498206198774,0.011206698177106,0.026189503825968,0.032983449563024,0.075574808876007
0.177920907287245,0.011115180396026,0.026195977639968,0.032979581366894,0.075634544065412
0.178346140889029,0.011112322681437,0.025922827872886,0.032726437393242,0.075526607974746
0.178784208782015,0.011170234658064,0.025600650227043,0.032422091929323,0.07536970656473
0.179235473285238,0.011261843199626,0.025315898533287,0.032141423607233,0.07521112391418
0.179698406634897,0.011377152505231,0.025071124788774,0.031886574144667,0.075053312388586
0.18009293557362,0.01136646297856,0.024921000190591,0.031746451840335,0.075029081649899
0.180500916300334,0.011375800058602,0.024806985696629,0.031627618978764,0.075001132649083
0.180872732209492,0.011300892000735,0.024788440286858,0.031607768727942,0.075066514428819
0.181262418658328,0.011247970913813,0.024797184937776,0.031599061805896,0.075117953335552
0.181684230585899,0.01140126785177,0.024508658426942,0.031313354595907,0.074958062313835
0.182124802825418,0.011628622143806,0.024167256944309,0.030969216078682,0.074739067164141
0.182481051494964,0.011671819532927,0.023998428517754,0.030817957661742,0.074718266045245
0.182846174142504,0.011718004150333,0.023872395401752,0.030695599097148,0.074702554227754
0.18322632026922,0.011775014032618,0.023778742958183,0.030589259814736,0.074678308372787
0.183621388917506,0.01183847348074,0.023717559911747,0.030498514551693,0.074645269086254
0.183976984485485,0.01190864564138,0.023598467474591,0.030378539734747,0.074626986914345
0.184347230850736,0.011984123916005,0.023512682137112,0.030275002177446,0.074600643218063
0.184713465529945,0.012115272347336,0.023359225149323,0.030113392204937,0.07453702929809
0.185092549288774,0.012245237447031,0.023241463177386,0.029970695026281,0.074468408846524
0.18545370619369,0.012396504867457,0.023088879358045,0.029806242241726,0.074398416830636
0.185825788048384,0.012540016652186,0.022974588506513,0.029663435740237,0.074326776830069
0.186180090135485,0.012706665322417,0.02282572906042,0.029499255686412,0.074254023109293
0.186544547286158,0.01286351277903,0.022713443096765,0.029355250556987,0.074179439783072
0.186889448590797,0.013039397910334,0.0225722416135,0.029196120894214,0.074109441544198
0.187245597850266,0.013201348020559,0.022470518822644,0.02905841909614,0.074037297119803
0.187581848908501,0.013386838816804,0.022335948306166,0.028902983364334,0.073968486757147
0.18792925212918,0.013555910010362,0.022240869316988,0.028768618705983,0.073897340589667
0.188256546697039,0.013748792968015,0.022114281507591,0.028618245424095,0.07383083223566
0.188594725672054,0.013922937955799,0.0220271473565,0.028488663866935,0.073762010201211
0.188914223131485,0.014124602152519,0.021906746483039,0.02834106249176,0.07369522112127
0.18924345094392,0.01430665892946,0.021823880789391,0.028213059593082,0.073626434115013
0.189523124461572,0.014418339537718,0.021802059358915,0.028167331446233,0.073651759881046
0.189814102140817,0.014508440266794,0.021818993705651,0.02814094022555,0.073673504462046
0.19017972685298,0.014867098743722,0.021584034273185,0.027849188685494,0.073453942366114
0.190572145332417,0.015277079108013,0.021312771133857,0.027502288268023,0.073169580002726
0.190837270524954,0.015414577056123,0.021289836132195,0.027450669857186,0.073186015184668
0.191112239141011,0.015523258077233,0.021310267960254,0.027422066784354,0.073202130047235
0.191442036540803,0.015845048896999,0.021130269235249,0.027183824201462,0.073030963705046
0.191793197286051,0.016200812810386,0.02092856434869,0.02690564505968,0.072809602682331
0.192057896816632,0.016413467718557,0.020855748273881,0.026796918838017,0.072771522769553
0.192329920701339,0.016590695668511,0.020830034507286,0.026715105392355,0.072737722934196
0.192586014938332,0.016810405018614,0.020761945588,0.026608331268287,0.072699096717983
0.192851275550927,0.016997034362792,0.020737753957185,0.02652399875306,0.072660374801515
0.193083014355669,0.01717703828659,0.020718795162774,0.026468090964234,0.072666669222395
0.193324645288436,0.017323806765063,0.020743125842692,0.026433358679088,0.072671429132191
0.193605176086155,0.017621823075623,0.020625147739085,0.02624724486275,0.07254043506817
0.193902715831224,0.017936065335484,0.020499048111995,0.026034227519309,0.072371341728828
0.19413609983393,0.018224355248115,0.02039327649,0.025889978147655,0.072301523380774
0.194361222387844,0.018475628274343,0.020330189566907,0.025782077303702,0.072256749478677
0.194594211853654,0.018686765473543,0.020314652909139,0.025699054095048,0.072214469965058
0.194835252477479,0.018856649371176,0.020346900446175,0.02564037599417,0.072174206204233
0.195050574468076,0.019112737210996,0.020293478966575,0.025533852087288,0.072124336389778
0.195273389282061,0.019326964148495,0.020288145935467,0.025452370718781,0.072077406595642
0.195464419505294,0.019555808209875,0.020270201373695,0.025386454488806,0.072065576271986
0.195663464926371,0.019743201124858,0.020299592529139,0.025344340582857,0.072055461533257
0.195912483879346,0.020070870670477,0.020194873323443,0.025144159115458,0.071894849662451
0.19617977402833,0.020403903612489,0.020089955199069,0.024919299117941,0.071696162461224
0.196374379235564,0.020683137222243,0.020038612154029,0.024802505148916,0.071628691859349
0.196572295282049,0.020914253797351,0.020039831576811,0.024716997288529,0.071571797979042
0.19673862307858,0.021166734314601,0.020022288484536,0.024643693250205,0.071547586827344
0.196911088838356,0.021373695781893,0.020054787642103,0.024596708364982,0.071528348501735
0.197112964042397,0.021713642952722,0.019958394446057,0.024414697982283,0.071392664477085
0.197328321741126,0.022069949734325,0.019849287808538,0.024202442840778,0.071220148028837
0.197547170822959,0.022375177512423,0.019794799669997,0.024021088630368,0.071057778033076
0.19776892398186,0.022628425211772,0.019796099604325,0.023871664274797,0.070906628019473
0.197923317639351,0.022919364207498,0.019760302041998,0.023760666202123,0.070838752767578
0.198080566394469,0.023160247069668,0.019778130728763,0.023680794614316,0.070781774979297
0.198226916201561,0.023457208078808,0.019742774872389,0.023566237986865,0.070708727664432
0.198377162755875,0.023703517869012,0.019761388673135,0.023481592648926,0.070644897155714
0.198516171847992,0.024006589563727,0.019726085711038,0.023362359553481,0.070565297030866
0.198658699107289,0.024258641643123,0.019744809716705,0.023273200461992,0.07049537415098
0.19878975871882,0.024566698555184,0.019710318077309,0.023150504317928,0.070410457148202
0.198924069329095,0.024822583606411,0.019730757495907,0.023058519363354,0.070335878969095
0.199047193628325,0.025135042917791,0.019697345469212,0.022932390472663,0.070245596415035
0.199172862253477,0.025396661843456,0.019717322394828,0.022836268627584,0.070165933652368
0.199258644756234,0.025694543824368,0.019704147125016,0.022756081799197,0.070128696540901
0.19934911040549,0.025941053805756,0.019745127138512,0.02270402123471,0.070098943901776
0.199423294347697,0.026244060294018,0.019733243264571,0.022625767769075,0.07006302918551
0.199503212535067,0.026497937429087,0.019773009307389,0.022572291468967,0.070031574648826
0.199569425091159,0.026805951563495,0.019762176121579,0.022491652187019,0.069990619514607
0.199640772913039,0.027061907511185,0.019805435108495,0.022437920259895,0.069956025968021
0.199706977191851,0.027379514460122,0.019789820434109,0.022340497389541,0.06989345560706
0.199776844747595,0.027646253319943,0.019826631939074,0.022269996212063,0.069838763183548
0.199867220100809,0.027959109403809,0.019817340491117,0.022132568293242,0.06971784437583
0.199965824343485,0.028245834114622,0.019835221113267,0.021996801133542,0.069585061992519
0.20000303367093,0.028554281223012,0.019838098065924,0.021921453474814,0.069541533638102
0.20004089193923,0.028813331089908,0.019892021895771,0.021875734407253,0.06951081961577
0.20006782704152,0.029168738570548,0.019852364485897,0.021769753234408,0.06944707918981
0.20009577555711,0.029484359960135,0.019853761767378,0.021685933741757,0.069391319120288
0.200125739882299,0.029748398098473,0.019907651951525,0.021630872253132,0.069347127078477
0.200157633216629,0.029963535619972,0.020011219389752,0.021602519685109,0.069313606124116
0.200178938462965,0.030282478049505,0.020013356302365,0.021508964178735,0.069243722321831
0.200201768520925,0.030551578378364,0.020065998715091,0.021443458571037,0.069185949562301
0.200216841171611,0.030903519489169,0.020037664161343,0.021324378453048,0.069096574344809
0.200233209104093,0.031206678428785,0.020058708892597,0.0212328654359,0.069019453888444
0.200285934293391,0.031509074171253,0.02007625965507,0.021082850056754,0.068868862728699
0.200347490088347,0.031778316580448,0.020126995935945,0.020937508934018,0.068709630573125
0.200345581326742,0.032109912938759,0.020123674666188,0.020835389959095,0.068629944964862
0.2003436986387,0.032394178066644,0.020168380886462,0.020761683464678,0.068564686005229
0.20033789863592,0.032731184012597,0.02016136171123,0.020651111522962,0.068475251836281
0.200332271732988,0.033021706774422,0.020201446454234,0.020567955536991,0.068399753719416
0.200317483653861,0.033413271866936,0.020141932388183,0.020422231414159,0.068287759443404
0.200302901820505,0.033760073709,0.020127752501874,0.020302855101077,0.068189069921803
0.200332266799984,0.034055993749305,0.020159442055268,0.020146142193145,0.068025543078278
0.200372977180851,0.034305920313675,0.020237033757335,0.01999868375227,0.067855349958882
0.200350729738022,0.034647502532553,0.02023007622141,0.019878665867235,0.067752962292787
0.200324305799941,0.034952707067896,0.020260340042764,0.019785924137221,0.067668871917978
0.200296056654905,0.035294273799491,0.020254636385225,0.019666034203272,0.067565374168802
0.200267192784034,0.035602135330209,0.020283109285776,0.019566153084452,0.067472742395079
0.200235765218642,0.035987401147097,0.020234390812508,0.019412321542556,0.067343490730635
0.200203655886979,0.036332447399871,0.020226321320374,0.019283452081951,0.067228647067197
0.20017102733008,0.036637975944072,0.020258190853712,0.01917862342061,0.0671277878221
0.200138096823047,0.036905193880726,0.020328748274858,0.019096737811931,0.067040340672343
0.200102488933151,0.037246837326835,0.020324930337066,0.018964589217912,0.066918989780775
0.200065900475888,0.037554121084015,0.020355805280077,0.018854558698682,0.066811405631437
0.199969826763353,0.037902738214483,0.020351439933101,0.018811722143736,0.06679358769403
0.199877835311894,0.038219133642121,0.020380102952604,0.018783218916331,0.066780273719807
0.199773843633968,0.038573387012198,0.020373734559779,0.018748928872178,0.066769753795599
0.19967755891996,0.038897236783045,0.020398316877757,0.018722092075687,0.066756576982019
0.199573314586603,0.039257110417436,0.020389035558372,0.018685318216663,0.066740176551706
0.199475777245994,0.039588911292458,0.020408053701781,0.018656286684253,0.066722556883928
0.199373171796401,0.039951197631635,0.020398208467445,0.018617053306373,0.066699460752548
0.199276457072159,0.040287750936835,0.020414184077797,0.018585406928586,0.066676182829104
0.199177340051057,0.04065541269544,0.020399999555985,0.018539248887152,0.066642580195403
0.199083652411541,0.040998122374831,0.020410630347093,0.018500952367325,0.066609858578753
0.198988744456444,0.041364817796713,0.020397837889506,0.018451286512127,0.066568434216433
0.198898751995752,0.041708456256772,0.020407827184055,0.018409184711422,0.066528541074446
0.198809211894512,0.042078128752536,0.020391712359217,0.018352160838029,0.06647640829783
0.198724293737432,0.042426518602443,0.020396485776694,0.018302397308325,0.066426265738416
0.198640310981429,0.042787990696412,0.020388093097647,0.018245589991228,0.066369671028715
0.198560693922622,0.043131281811602,0.020397444080052,0.018194810764763,0.066314773761681
0.198495103165347,0.043726031597829,0.020146592535735,0.017970184124109,0.066116967166795
0.198432435921744,0.044303676731701,0.019912404018693,0.017757842386284,0.065924437411162
0.198369499532313,0.044598135314194,0.019967401005817,0.017716178004859,0.065866420674622
0.198310215547868,0.044811479835512,0.020104586087968,0.017718457648813,0.065842336549818
0.198255933096929,0.045010556540164,0.02025548947258,0.017723774116816,0.065819136654712
0.198206922520922,0.045196322634518,0.020419127180851,0.017731495716389,0.065796317354561
0.19797128594259,0.045595499346921,0.020422527618724,0.017980379905951,0.066051850810909
0.197749953501129,0.045986110050553,0.020440918771936,0.018218379009739,0.066290111858286
0.19750506095084,0.046399613671149,0.020457959446455,0.018502090987795,0.066572983903703
0.197287537613082,0.04680047506356,0.020488895410363,0.018750892802347,0.066814292810235
0.197054000725075,0.047210315889619,0.020530886719961,0.019039273053662,0.06709262320023
0.196844211915014,0.047609392582462,0.020583386497535,0.019297723845171,0.067336099538842
0.196785357808147,0.048288040219912,0.020259123747477,0.019112803577741,0.067142951858715
0.196739157680872,0.048957878343342,0.01993836442328,0.018921845942623,0.066936076137654
0.196450542250753,0.049119700419331,0.02030813192519,0.019497445021977,0.067480918800882
0.196121138593631,0.049160184038649,0.020863150596998,0.020235523337882,0.068184990484353
0.195936831840172,0.049565437819305,0.02094286517832,0.02050015349955,0.06842282918368
0.195778555869955,0.049961537806611,0.021022164126991,0.020727632849673,0.068621466303352
0.195623897373263,0.050341697855838,0.02112478663181,0.020968467378731,0.068831928183278
0.195484461300201,0.050716164786447,0.021229284725137,0.021192899662201,0.069024816346452
0.195360052001145,0.05109034859528,0.021329026865714,0.02139863695482,0.069198038196709
0.195250496460623,0.051460853038028,0.021426950395822,0.021587641052675,0.069353714349631
0.195227741468686,0.05217980768358,0.021067021364093,0.02143588161888,0.069161995712618
0.195213675586876,0.052896305700585,0.020705258696891,0.021286797271644,0.068965636014882
0.19505042583887,0.052973852406385,0.021196343340285,0.021767119939232,0.069418711158123
0.194867871374424,0.052892215968661,0.021902431509854,0.022386147044314,0.070014024306819
0.194715739535065,0.053283283389603,0.022075530395913,0.022732699641246,0.070324033257247
0.194590887269981,0.053667517268987,0.022240463659132,0.023039251629193,0.070593810724053
0.19447198072271,0.054038003202639,0.022428299412752,0.023356374120707,0.070874352735777
0.194374117668348,0.054404761196967,0.022608798968326,0.023645706656671,0.071127094177785
0.194287799045452,0.054752790121577,0.02280984466561,0.023936068487082,0.071381567228888
0.194220836365065,0.055098631577633,0.02300208898555,0.024202021144554,0.071611775767069
0.194168654568375,0.055420561622954,0.023215514360213,0.024464861774921,0.071840065804366
0.194134421719132,0.05574221259628,0.023418521083795,0.024706117277932,0.072046997419214
0.194117454585938,0.056042241230617,0.023635937729802,0.024938238137191,0.072246059329499
0.194117156003031,0.05634435664041,0.023841102079809,0.025151200010282,0.072426172525181
0.194134966108012,0.056618232050643,0.024066576932273,0.025357358652551,0.072601149666526
0.194168355059948,0.056895896343535,0.024278947861805,0.025546740445908,0.072759529675235
0.194221341425361,0.057146994026312,0.024507460790643,0.025725979231785,0.072909358714657
0.194288906730354,0.057403939534721,0.024721729336809,0.025890312787371,0.073044387009564
0.19437385511809,0.058092445344131,0.024413188587746,0.025807531165727,0.072910341255693
0.194468158765576,0.058794368056054,0.024085866885774,0.025722217220668,0.07276843173641
0.194615888273478,0.05861401864172,0.024734732575377,0.025986431745829,0.073032383456463
0.194792359388048,0.058210397818111,0.025629320027586,0.026346822957345,0.073396135352232
0.194943221125886,0.058387614231254,0.025886036204687,0.026476649057641,0.073501523895516
0.195107702852502,0.058576140298894,0.026124200621826,0.02659299528031,0.073593319094056
0.195247848456486,0.059230333922514,0.025847888194737,0.026518833955527,0.073478169964864
0.195395995323637,0.059900769931341,0.025552225989994,0.026443975743331,0.073358280244472
0.195417906283461,0.059979824176388,0.026208700757976,0.027045584377546,0.073946661223597
0.195433884853878,0.059932118067682,0.02707173327863,0.027782522769027,0.074674321601381
0.195491471129458,0.05989642490942,0.027893207275336,0.02846177207704,0.075340303409568
0.19559330898168,0.059870777875537,0.028667342993132,0.029076665867592,0.075938565130882
0.195745462549106,0.060017717368744,0.029165324476716,0.029494271585574,0.076335205592879
0.195931326085276,0.060178762055008,0.029615981061723,0.029858510838408,0.076678281807607
0.196147029207984,0.060279616929056,0.030122335952339,0.030231659117357,0.077030556582071
0.19638680559888,0.060401545321639,0.030587628999925,0.030570411824954,0.077348170987812
0.196654205857178,0.060982658067634,0.030405083273846,0.030525433755351,0.077283230398086
0.196934605610886,0.061587622822175,0.030188662853375,0.03046548527802,0.077202323650094
0.197284111897353,0.061423545586214,0.030909905867756,0.030843445593132,0.077564522838756
0.197668868253317,0.061076498044523,0.031855313468046,0.031333714454017,0.078032024217887
0.198077702990833,0.060759010489558,0.03275870340372,0.031806015043018,0.078473620770717
0.198510933270506,0.060472010812086,0.033616983911278,0.032255755637721,0.078886468566813
0.198961600661407,0.060378157748502,0.034203763081857,0.032544374781403,0.079142670975525
0.199430134779657,0.060320221370489,0.034741372833765,0.03280597832831,0.079372073358881
0.199979800773992,0.060160675522427,0.035289616862051,0.032986256677193,0.079513251757959
0.200539566652462,0.060041949213655,0.035796039417678,0.03315436775076,0.079642768754776
0.200990755331551,0.060489726722503,0.035725037715535,0.033113215597833,0.079605183841815
0.201442597946104,0.060993768390536,0.035599066773319,0.033058564938852,0.07955919963373
0.202183756000143,0.060526918433461,0.036336820395044,0.033195542766439,0.07963602515807
0.203021331054941,0.059795054275674,0.037318660499475,0.033408338828818,0.079754045483571
0.203863573739562,0.059118613339281,0.038260882271055,0.033636505853639,0.079876814477805
0.204708358199721,0.058500805024587,0.039159606567291,0.033875839368281,0.080003879346685
0.20550826223673,0.058144124984412,0.039792446713011,0.034013919443038,0.080056027654707
0.206307184783409,0.05784892009156,0.040373777498384,0.03414595815495,0.080106480922941
0.206914585978671,0.058209624779204,0.040371213565621,0.034109549174642,0.080087988008742
0.207516104458142,0.058640086869916,0.040303812790516,0.034055002360718,0.080064185775427
0.208532849325677,0.057937683067536,0.041170781079893,0.034190245621151,0.08005604637844
0.209659673169017,0.056987554992084,0.042251555206731,0.034396972442125,0.080060100343461
0.210781348536718,0.056112996697937,0.043279424311358,0.034620958658824,0.080074567799499
0.211895353804649,0.055317273468909,0.044249800711381,0.03485571216885,0.080098595525367
0.212622784269282,0.055629798461685,0.044281889145844,0.034820384942111,0.080090640724223
0.213336117749952,0.056027275698995,0.04423801570264,0.034762004065418,0.080081383011943
0.214684117464291,0.054880729122496,0.045399298868452,0.034940679210194,0.079958913285744
0.216195494054153,0.053384755296132,0.046854174436759,0.035236703557929,0.079831911485007
0.217022555315619,0.053619999494287,0.046942760328686,0.035209903818014,0.079825239498997
0.217804815088279,0.05400779430024,0.046903366785536,0.035145789640027,0.07982566557651
0.219201585352209,0.052824091072787,0.048232073537414,0.035590947782024,0.079903499620384
0.220759315871709,0.051286286316618,0.049880669197819,0.036208329704787,0.080018894722162
0.22195150792203,0.050665067134845,0.050817355366386,0.036655461922739,0.080229351736997
0.223123494463317,0.050162960084803,0.051641721196684,0.037052645039245,0.080423517237317
0.224039739467217,0.050438369619561,0.051705819043598,0.03702858056273,0.080450049368425
0.224937386874288,0.050810458210482,0.051677601701044,0.036958763045012,0.080466645904457
0.22634694670527,0.049879064576325,0.052858511304189,0.03750021005207,0.080663218804424
0.227883274096719,0.048672534589788,0.054303387434639,0.038207419177893,0.080917065639614
0.229405298961332,0.047567280486261,0.05565841003963,0.038893329625929,0.081169834926346
0.230911660872964,0.046565310984275,0.056919147298556,0.039546720242043,0.081416175979035
0.232330460837114,0.045885789091064,0.057832856827526,0.039968323955494,0.081541951517288
0.233727283403873,0.04530907365759,0.058653151567654,0.040345430486095,0.081660055361894
0.235206313161768,0.044601005013349,0.059565763252918,0.040755179563149,0.081753038488909
0.236659096543833,0.043995078131211,0.060390483936365,0.041127177347273,0.081846829557833
0.238190485763433,0.04326563076724,0.061298936908068,0.041527426690171,0.081911539008571
0.239693464965809,0.042637223106188,0.062122126567489,0.041891389196823,0.081979917490469
0.241264608415213,0.041907230047783,0.063009865135707,0.04227429806375,0.082017065628455
0.242802424106578,0.041283100334859,0.063810362832115,0.042620108800828,0.082061546488782
0.244437055407817,0.040543115037251,0.064621122695851,0.042886472593528,0.081956494796522
0.246032850978608,0.039908551282954,0.065352633188245,0.043125583975688,0.081869671566566
0.247694177067224,0.039175835336195,0.066136931683591,0.04336844789372,0.081729616867692
0.249311694914483,0.038547701240384,0.06684761862735,0.043591151427842,0.081617552564499
0.25099919982682,0.037807852152038,0.067627003476515,0.043831010570303,0.081456557565433
0.252644857416399,0.037165807903,0.068337146148378,0.044050411269573,0.081321617901904
0.254338929558918,0.036452326459851,0.069090008635865,0.044280058892927,0.081149949764106
0.255986741484599,0.035842395375353,0.069769021209552,0.044485404411707,0.081006506209763
0.2577023344139,0.035121753001645,0.070523203229305,0.044718554496183,0.080820307407948
0.259372742852853,0.034500588947497,0.071206248533043,0.044927175573157,0.080661803533969
0.261100361890901,0.033788865502815,0.071952319116793,0.045161019830855,0.080466678145879
0.262780423638155,0.033178887163937,0.072625239995951,0.045368072694897,0.080300867862897
0.264100929650045,0.033242180339072,0.072802013329958,0.045364447659869,0.080346337017847
0.265374323955406,0.033406029778062,0.07289583392093,0.045317999035279,0.080414883967756
0.267431531617326,0.032165635409857,0.074005124835896,0.045673569238496,0.079975600325886
0.269665293636699,0.030632720618343,0.075361187455295,0.046170346895982,0.079447036315403
0.271027409835816,0.030648037499009,0.07556315562066,0.046173822647266,0.079483580048293
0.272333947658683,0.030767823681895,0.075679819334766,0.046135868284174,0.079555380012316
0.274169296126165,0.030004936143833,0.076439671064629,0.046337102053801,0.079217811567905
0.2761840068712,0.028964564861119,0.077424086467366,0.046640138223957,0.078748367946789
0.278147605287103,0.028033065078592,0.078349126106949,0.046936427409028,0.078325248602828
0.28005938610528,0.027206110494352,0.079213441627157,0.047221293713671,0.077948394753787
0.281461734477551,0.027169887410778,0.079445281046779,0.047240591687243,0.077986918458688
0.282808273095524,0.027228463595191,0.079592534008754,0.047214526690071,0.078061498737984
0.284700519666274,0.0264284599188,0.080462622133532,0.047542713096763,0.077760812950208
0.286684028606418,0.025510958356485,0.081457285482233,0.047946218037457,0.077405291681196
0.288616312262951,0.024698461865802,0.082386224373814,0.048329210221415,0.077093124413682
0.290497070262342,0.023986003995899,0.083247764532107,0.048686912228237,0.076823072008461
0.291935086292847,0.023908760111807,0.083507899085634,0.048722726827996,0.076862420411187
0.29331840582793,0.023913788307084,0.083684468958154,0.048709701702335,0.076936984104895
0.295168174322126,0.023321076681937,0.084450383213871,0.048982546079212,0.076624336479515
0.297140766272883,0.022609771221242,0.085376739470817,0.049345231907156,0.076214922286514
0.299060913607752,0.022003499431245,0.08623992188428,0.04968671280599,0.075853460793413
0.300928299683993,0.021493316059011,0.087038574775438,0.050002951246037,0.075539253322923
0.302693513465502,0.021082795660124,0.087733557316247,0.050291696967051,0.075356268845602
0.304404980987502,0.020744394354328,0.08835758696696,0.050543465531063,0.075217260219086
0.305874101012928,0.020655817862277,0.088643217598509,0.050592597087557,0.07524874616523
0.307289149798862,0.02062126968696,0.088850395171273,0.050594402274959,0.075319766653273
0.309225742257869,0.020250770717736,0.089684114179092,0.050894274960366,0.074850533026131
0.311268329222423,0.019900974047294,0.090655826911929,0.051276409073114,0.074276947711815
0.313065339142808,0.01971822591615,0.091341505917578,0.051530029356654,0.073970191930988
0.31480106242472,0.019593459511536,0.091955613271438,0.05175036327194,0.07372471205299
0.316482936239798,0.019511395230269,0.09250592256861,0.051939075196226,0.073531550382662
0.31810921460786,0.019460557819724,0.0929896229319,0.052093285984757,0.073392392589381
0.31958222396547,0.019432010538459,0.093284423693761,0.052146648351997,0.073411147724151
0.32100150230941,0.019416200240716,0.093508313355238,0.052158644596428,0.073477911293044
0.322818675677268,0.019640536034302,0.094111203783579,0.052267585778748,0.072895244126735
0.324749007035162,0.020030453128463,0.094832645057418,0.05242084182218,0.072120608386464
0.326215074751009,0.020058037953429,0.095124852558403,0.052470505024937,0.07212880889242
0.327627619854059,0.020072653019434,0.095352288701371,0.052485596225446,0.0721936294634
0.329431168483313,0.020409017578155,0.096004371571169,0.052673055504893,0.071679379576405
0.331303698119187,0.020881589336928,0.096740927153618,0.052904971508417,0.071056839110353
0.332953760212958,0.021127340202753,0.097272243540181,0.053085560019195,0.070817745064929
0.334551225337788,0.021354866031505,0.097746365229621,0.053239314150007,0.070641402891007
0.336185872310438,0.021663656797694,0.098263128863152,0.053411114406678,0.070395963972116
0.337772221555096,0.021955053129695,0.098724613510015,0.053553803444592,0.07020392493387
0.339429707727071,0.022380606728565,0.099268183367937,0.053733981073937,0.069890605602998
0.341037748188157,0.022781761894228,0.099756304209494,0.053886326944088,0.069634873277059
0.342594365902475,0.023146522240388,0.100185562515833,0.054007772962631,0.069439581297525
0.344099716848308,0.023467223924758,0.100555344765855,0.054097229229233,0.069304941252181
0.345678034876337,0.02393258057949,0.101012191400247,0.054229479959708,0.069046761561753
0.347206494151559,0.024351309911675,0.101412751370108,0.054332725684934,0.068849850301812
0.348626445948102,0.024584414712972,0.101701901020477,0.054392674805706,0.068838147610801
0.349994913222273,0.024757525599485,0.10192825924712,0.054417338780902,0.068888347739637
0.351633281389151,0.025506560344329,0.102438266685539,0.05454863809706,0.068425903454085
0.353303700593478,0.026371099151513,0.102985068550344,0.054695533354469,0.067883860303756
0.354843655044146,0.0269126716503,0.103433295030615,0.054844192664534,0.067655194051418
0.356334660133415,0.027390952913392,0.103825744919437,0.054964114543309,0.067491373966387
0.357853162452947,0.027958660519576,0.104251317443856,0.055099223240656,0.067264018456692
0.359322333203763,0.028457376888882,0.104620675386623,0.055204838941304,0.06710286117672
0.360823785209614,0.029058074921287,0.105029235390241,0.0553286883204,0.066868027317137
0.36227940081268,0.029591545875863,0.10538661046848,0.055426387959527,0.066696011258074
0.363757903195968,0.030210661449522,0.105772015681696,0.055536190754936,0.066463052844518
0.365188577867578,0.030752979601988,0.106104695638659,0.055619585129655,0.066298736189818
0.366680394346852,0.031476693472402,0.106508499625915,0.055734439288361,0.065996575734607
0.368134155278359,0.032142792650092,0.106872731931966,0.055830779490144,0.065747855678921
0.369540165258302,0.032725098400917,0.107185890198194,0.055902525345459,0.065571681127909
0.370898506519236,0.033221458477258,0.107447611640793,0.055949044656176,0.065468534557031
0.372315227851214,0.03389944543031,0.107778396320264,0.056026061496921,0.065227164162462
0.373685632289147,0.034491349823745,0.108061064663328,0.056080831281705,0.065059346086729
0.375002707125087,0.034943945564551,0.108300896088384,0.056130247424174,0.065016719257037
0.376272355392004,0.035305980950464,0.108489286295254,0.056154451865425,0.06504957293464
0.377675710451551,0.036133460612466,0.108799383399759,0.056195459463733,0.064694112187143
0.379077906461211,0.037007393822871,0.10910778102431,0.056229275629914,0.064301846189115
0.380434736874338,0.037788266016646,0.109373000243678,0.056246370929172,0.063989079508195
0.381746323407969,0.038474817376571,0.109594610385867,0.056245863824311,0.063756475870309
0.383086393917737,0.039187664716213,0.109889322310154,0.056317032360941,0.063536336267543
0.384382047893969,0.039806461277497,0.110141588847342,0.056371155193052,0.063397006676946
0.385632832386119,0.040322785508869,0.110352859974412,0.056411222017485,0.063347067664873
0.38683819409589,0.040743012043268,0.110518359605266,0.056430964226208,0.063378413757871
0.38814415014589,0.04161724076298,0.110751540531257,0.056419663240602,0.063005845511271
0.389446362623856,0.042542701441448,0.11097849892459,0.056394809119621,0.062586626231898
0.390715044294094,0.043273857237207,0.111227955767536,0.056440542169338,0.06237313115136
0.391940876471215,0.043905866974033,0.111440555295444,0.056474959199873,0.062246988704509
0.3931344796246,0.044463431362365,0.111629983566054,0.056506187859626,0.062190430179911
0.394284520097542,0.044922175247043,0.11177896400417,0.056522091681747,0.062219852115115
0.395507516334602,0.045762281014132,0.111969815762661,0.056498141445495,0.061899373780946
0.396720519269738,0.046633256221917,0.112149292442238,0.056459278944163,0.061548631486356
0.397892841164946,0.0474035399182,0.112297678974608,0.056414647632755,0.061288559699406
0.399024758466547,0.048072996916933,0.112415164230543,0.056364181081276,0.061119927819881
0.40019247369516,0.048817766998023,0.112610765993336,0.056380477065127,0.060918492601323
0.401321280514112,0.04946485644464,0.112777497353289,0.056392246193205,0.060806919877402
0.402467092092523,0.050211887846752,0.112970648014149,0.056412232553281,0.060613640015784
0.403572839127711,0.050858347935123,0.113132566400026,0.056425745302828,0.060512331342364
0.404658337067065,0.051466680498251,0.113285334512322,0.056441606821445,0.060451128004446
0.40570367110389,0.051974603461398,0.113405247230766,0.056449446600014,0.060481790041465
0.40680256412024,0.052812296144323,0.113552463679201,0.056414214887942,0.060198253681532
0.407888140037218,0.053664112295986,0.113688701705079,0.056367637686344,0.059899990193361
0.408936223495911,0.054414703957874,0.113799930405638,0.056320977024784,0.05969728923435
0.409947072671216,0.055064172648987,0.113886280476177,0.056274236429295,0.059590710338815
0.410986035160061,0.055816846662976,0.114026357277137,0.056263118239674,0.059409798111223
0.411988225494402,0.056468569520673,0.11414242772799,0.056252835836116,0.059325585933367
0.412996483882567,0.057215218117149,0.114264956257499,0.056230871641129,0.059152303003773
0.413969117215069,0.057863543655292,0.114364882414943,0.056210599440667,0.059074038714953
0.414946337169327,0.058602467059774,0.11446994044699,0.056178116739516,0.058909969821814
0.415889440435355,0.059245652713812,0.114554575421871,0.056148998737281,0.058839528218589
0.416831458278288,0.059894915484431,0.114659669086481,0.056142782079692,0.058777448305921
0.417739336600313,0.06044708175127,0.114743163166358,0.056139235136148,0.05881038887613
0.418648058400164,0.061214884857238,0.114779888574553,0.056039798109931,0.058602320844318
0.419534850636727,0.06197375169768,0.114793050046954,0.055920225428867,0.058396577606755
0.420392060496707,0.0626416490489,0.114792062396752,0.055809245677734,0.058282955037852
0.4212208059805,0.063221080637183,0.114777662779807,0.055707167669939,0.058259529561438
0.422094391108371,0.06388790125911,0.114859282149624,0.055687629825234,0.058193686202845
0.422942160598079,0.064474220887754,0.1149283268514,0.055676031206895,0.05820982058079
0.423718272817729,0.065108798820809,0.114836366422139,0.055486003658247,0.058105120815016
0.424452113528054,0.065719914833324,0.114673647947979,0.055229016962995,0.057997841583107
0.4252936085895,0.066394853172784,0.114754552898257,0.055214285304403,0.057937275724152
0.426117413945143,0.067003203594908,0.1148326303353,0.05521414182836,0.057948082317209
0.426939742620478,0.067671451507804,0.114903518717639,0.055193359413896,0.05789543872943
0.427743924942769,0.068278396665985,0.114966173755212,0.055180035996632,0.057906199559127
0.42856354771197,0.069021242896461,0.115034317976307,0.055140248920144,0.057778388608716
0.429367130544348,0.06970830162737,0.115094781723448,0.055106806994846,0.057708186458093
0.430066684491549,0.070235889627905,0.114976927538514,0.054925267138165,0.057730772547827
0.430702973389942,0.070655395954081,0.114756922074365,0.05466384745307,0.057827595027806
0.431487056606144,0.071295649371666,0.114814822730686,0.054640896007919,0.05781226239481
0.43226879283664,0.071905235239013,0.114884548093898,0.05463844090383,0.057835628510386
0.433047313896893,0.072548585275059,0.114943173283759,0.05461582137932,0.057819842063514
0.433816811773502,0.073154611175804,0.114998150884313,0.054598930069748,0.057843375489339
0.4345859672893,0.073808961546608,0.115042280930767,0.054557967336778,0.05781206263045
0.435348326213149,0.074433977246513,0.115083529135051,0.054521242395613,0.057811680899747
0.436104343595497,0.07502774379617,0.115122465961826,0.054489836226593,0.057844422795766
0.436854655469058,0.07559227366559,0.115159087979832,0.054463273574356,0.057908152195737
0.437613787743639,0.076204595001438,0.115202743807563,0.054431058596651,0.057924440543997
0.438368524312879,0.076792185406487,0.115243847749592,0.054402023923429,0.057966573559511
0.439124716534115,0.077393588308893,0.115283349356394,0.05436683947052,0.057993787219285
0.439877587155026,0.077973927845988,0.115319874086375,0.054333295922796,0.058042673602259
0.440631735973189,0.078561509215554,0.115354718409613,0.054295027019436,0.058083290254115
0.441384122830592,0.079132300455031,0.115387342286217,0.054257915642475,0.058141075860842
0.442212092910893,0.080129053378967,0.115465036734059,0.05415082074427,0.057759428882524
0.443040951125217,0.081116035651743,0.11554508618621,0.054047911833023,0.05738789522832
0.443696770124889,0.08130954788663,0.115451684420872,0.053974381245767,0.057801284953328
0.444304940002496,0.081279758327991,0.1153085371687,0.053912047265049,0.058436021428572
0.445070027300175,0.081829238104671,0.115350395659959,0.053884359548011,0.058519479279779
0.445838090239833,0.082373607314661,0.115394161562001,0.053858652106224,0.058608360935178
0.446605157914619,0.082904255423499,0.115432517339649,0.053829605240423,0.058709318014701
0.447374877497023,0.083430375595472,0.115470791470543,0.053800291769495,0.058814535162273
0.448144382866774,0.083943280005235,0.115504537369297,0.053768464065935,0.058931610829615
0.448917331409115,0.084453875762811,0.115538627390397,0.053736134681608,0.059050592528199
0.449690261024189,0.084947661090217,0.11556895833525,0.053703192518485,0.059185512305142
0.450467411334013,0.085441378018135,0.115600010226902,0.053669447965996,0.05931989609695
0.451358847844069,0.086530398287733,0.115714310291174,0.053543976486566,0.058840450421538
0.452259280143422,0.087637109843364,0.115837566293234,0.053421951965001,0.058342398587988
0.453070668912875,0.087730381028226,0.116026909191553,0.053670882153932,0.058965436595099
0.453837032093951,0.087387399067229,0.116223920715156,0.054065612270998,0.060066250229478
0.454759147853915,0.087886750219635,0.116516354310813,0.054304765475662,0.060293470745126
0.455674877428326,0.088388235888765,0.116771658640976,0.054501952685188,0.060506447155217
0.456594585237208,0.08885102347363,0.117028316873371,0.05471141077239,0.060762312744919
0.457516038447207,0.089317523178242,0.117268843095708,0.054900693748102,0.061007770107671
0.458434197136854,0.089705171281132,0.117505780330332,0.055110084983505,0.061337703363268
0.459355477525557,0.090095388182145,0.117730222892942,0.055303769738457,0.061659520825275
0.460281401863455,0.090496006372413,0.117943437490364,0.05548038356212,0.061964857599155
0.461212587176686,0.090908481129824,0.118146016413946,0.05563984455403,0.062252060806255
0.462135350531394,0.09124240557883,0.118332837760339,0.055806914800108,0.062617859361976
0.463065096355027,0.091591626392912,0.118511324251794,0.055958267204812,0.062962080357391
0.464100528037659,0.092689053982102,0.118689141424221,0.05585060360226,0.062480546609163
0.465149705701379,0.0938154097207,0.118873372842709,0.055738204687601,0.061964927128041
0.465940812109952,0.093420697181791,0.118889086738465,0.055955265290401,0.06305409802751
0.466663763949495,0.092608488206031,0.118860650012327,0.056281760669939,0.064581655801469
0.467595899434301,0.092773847758951,0.118998315103522,0.056446446747065,0.06509934377721
0.468546303455096,0.092994926413374,0.119138373572203,0.056592192546669,0.065554035194845
0.469482898689601,0.093134298442051,0.119249755169272,0.056735461987988,0.066083614985726
0.470434546457284,0.093305293626326,0.119363452836118,0.056868236875165,0.066576109928417
0.471554298542818,0.094341028374669,0.119567234525914,0.056768677332646,0.06614803161442
0.47269415035226,0.095415003678852,0.119784480007385,0.056666368765299,0.065677204260458
0.473055687780421,0.094526529847328,0.118776854533107,0.055956761257437,0.066866170706524
0.47323948405965,0.093159292327531,0.117506376707881,0.055176587271708,0.068494120363651
0.473934850031978,0.09305380040076,0.117035276605148,0.05477615572164,0.069043814075201
0.474682195789901,0.093018757244657,0.116668971530262,0.054461443208214,0.069551200991253
0.475397329414504,0.092911127728055,0.116247613323165,0.054118568407875,0.070118985885875
0.476145580915567,0.092858218838709,0.115880270088484,0.053812277140039,0.070645671386806
0.476861051670381,0.092711340826052,0.115460633608397,0.053492247637068,0.071257109647328
0.477608577670396,0.092618642753153,0.11508904781416,0.05320204427395,0.071824249402512
0.478330071483712,0.09243746383645,0.114676567971909,0.052910135549071,0.072473444500959
0.479084053253238,0.092312593545271,0.114309161256927,0.05264324350794,0.073073792275818
0.480240572731985,0.093178148287462,0.114529175727302,0.052539275227298,0.072770550418428
0.481430010843469,0.094106071153024,0.114788377521251,0.052444052763795,0.072405205436564
0.481815840806284,0.093058909739403,0.113815534756548,0.051954774495084,0.073826022714967
0.482020856046762,0.091555498470115,0.112571300149948,0.051439913970039,0.075677026781914
0.483199674616035,0.092362854974536,0.112784550021209,0.051324199626493,0.07541435679697
0.484422156622208,0.093248120650689,0.113058686035233,0.051228910275635,0.075076508254819
0.484941777603049,0.092228437403661,0.112333163120299,0.05103889275752,0.076532837815992
0.485303092704086,0.090767295618521,0.11138399470763,0.050880279418415,0.078410664057639
0.48611561858764,0.09025407501617,0.111134257657364,0.050969113637181,0.079428822028797
0.487003708266448,0.089898288854785,0.110981525952719,0.051077257958781,0.080295887736695
0.487926588339499,0.089618736159471,0.110855340468487,0.05117245808537,0.081083915020439
0.488885459241425,0.089417440825454,0.110755870456924,0.051251509410539,0.081790615681998
0.489805637727972,0.089038336752584,0.110606786957131,0.051383063250011,0.082669577749367
0.490763564977908,0.088738346706888,0.110487562415563,0.05150107486759,0.083466452597295
0.492059973869931,0.089412117506861,0.110750010326531,0.051431696015202,0.083309338474386
0.493409339092591,0.090201683270255,0.11106366351285,0.051340533662206,0.083034485720089
0.494047889747972,0.088913690519076,0.110492303478024,0.051572901211994,0.084768998656335
0.494529509534767,0.087141229119583,0.109736451032827,0.051950962713596,0.086972715181686
0.495485342525481,0.086646034390359,0.109555153856498,0.052136345683687,0.087938499045793
0.496491954398335,0.086257275187085,0.109422211458009,0.052305062077923,0.088796723430555
0.497468630359421,0.085767096259556,0.109234885675393,0.052486851590256,0.089746714631881
0.498493216838707,0.085371935607199,0.109094134048675,0.052655211977341,0.090600613772711
0.499484116786782,0.084870586265538,0.108893784985125,0.052836776029007,0.091550645897089
0.500524095392245,0.084464992314051,0.108742671721218,0.053005089768212,0.092404188276135
0.501517070998302,0.083922194067223,0.108516062809387,0.053194704588846,0.093383908418449
0.502555828259146,0.083465346561552,0.108335907572712,0.053373760917838,0.094276821871308
0.503567075591058,0.082929110275002,0.108102566298814,0.053559352267289,0.095239796159987
0.504629389604903,0.082489515094689,0.107923688278928,0.053732300794371,0.096105898311946
0.505662387789043,0.081925802373751,0.107711212516628,0.053962660321931,0.097090567121239
0.506746740742981,0.081459374530195,0.107552982829027,0.054177391993859,0.097977349914087
0.508238400207497,0.081987260563235,0.107870470800986,0.054122062579637,0.097895855848067
0.50978350573215,0.08261450964562,0.108246070100836,0.054043653084761,0.097713728321055
0.510478570425889,0.081208205001954,0.107525200250983,0.054402130106512,0.099483100687204
0.510989710208587,0.079344377640482,0.106581287872479,0.054932739206562,0.101697795070443
0.512063057551365,0.078753277128904,0.106346620517638,0.05518291955615,0.102681727628726
0.513189612782837,0.078259497782634,0.10617014574985,0.055414246938975,0.103567211430011
0.514724837422639,0.078697157602164,0.106483922898285,0.055370613436072,0.10354164537431
0.516317131064927,0.079236948393147,0.106864741321872,0.055302475944708,0.103412391061046
0.517041534513012,0.077921371070564,0.106068054701505,0.055608256138616,0.105067056019172
0.517556519130626,0.076149387535759,0.105000075605926,0.056077300782944,0.10717253133094
0.519101922748225,0.076505447509377,0.105295155022933,0.056046899010123,0.107203508710934
0.520714477597019,0.07698085087325,0.105673652337543,0.05598674231465,0.107113224537086
0.521452735073116,0.075655707006458,0.104865771268025,0.056350828939228,0.108775122838409
0.522019162328336,0.07396798995303,0.103838745519888,0.056868746915838,0.110802181608084
0.523121486099149,0.073335110957161,0.103530668036813,0.057133640771092,0.111790145853778
0.524286382941147,0.072807578370264,0.10330419870262,0.05738018423352,0.112670564847165
0.525854511595223,0.073086240203898,0.103591921254622,0.057359946546363,0.112742422685244
0.527481740669716,0.073461859987968,0.103957283299602,0.057313834366427,0.112712785652414
0.528461124855006,0.072553201630066,0.103452301597664,0.057651544594762,0.113958544499668
0.529307614302234,0.071370270764662,0.102775400743789,0.058107166406278,0.115481727166688
0.53020944892987,0.070280862065125,0.102177031595555,0.058566531937878,0.116914577429953
0.531166861850983,0.069283757137566,0.101655916792266,0.059022566667325,0.118255930833779
0.532736790246994,0.069462717203761,0.10191528153378,0.059023961941622,0.118391858750617
0.534367953154147,0.069737954786861,0.102256133376395,0.058993627962423,0.118423360855007
0.535190035356314,0.068685186266019,0.101408493625769,0.059291335909806,0.119826736935122
0.535771857543963,0.067249603822025,0.100218280922055,0.059744670373797,0.121652201178973
0.536850574002149,0.066571631563375,0.099772523666734,0.060037519471601,0.122678336848637
0.537989262411597,0.06598257896068,0.099413389932679,0.060314437255876,0.12360943029776
0.539183397209804,0.065472636519635,0.099135481858367,0.060575376794008,0.124453241295408
0.540432888799928,0.065039710424266,0.098939042101959,0.060817727475453,0.125209751806069
0.541574041141118,0.064489090475247,0.098556350859499,0.061069935031098,0.12610707287748
0.542770020999239,0.064013576168745,0.098256788052554,0.061306913941761,0.126919698001534
0.543908671400586,0.06348613663003,0.097855425211251,0.061547805873133,0.12780120921251
0.545101205712935,0.06303014928318,0.097537899454828,0.061774357932867,0.128600529456767
0.54664051004272,0.063063936176719,0.097725922389439,0.061799195221777,0.12882412472212
0.548236223894531,0.06316687146724,0.098002486018098,0.06179848992337,0.128959276141106
0.549068326138433,0.062348934117157,0.097073238844526,0.062084700695579,0.130228609320967
0.549737045352956,0.061359922285798,0.095896338309826,0.062479210958546,0.131751235202244
0.550876156821604,0.060992179798356,0.095424940307606,0.062618060492204,0.132517455555013
0.552067671007087,0.060681013894693,0.095047228062758,0.062750483125343,0.133209972610096
0.553567828129729,0.060670312436637,0.095187656615334,0.06278173275148,0.13346702178403
0.555122532501804,0.060710715865524,0.095426174484377,0.062794612293483,0.133643903979553
0.555987588235583,0.060284363169625,0.094417508451962,0.062853240801929,0.134633876787484
0.556704241795709,0.059795605616183,0.093150043124109,0.062961428944635,0.135806223821965
0.558153615531826,0.059763025648278,0.093229068018217,0.062995971430994,0.13609827880557
0.559670858304564,0.059774348403928,0.093441553422112,0.063017368683952,0.136299032932136
0.560546720310432,0.059452225351749,0.09247722430791,0.063108328473304,0.137247144266155
0.561285441893824,0.059096663389117,0.091270997843468,0.063249528300254,0.138360372255172
0.562389610836431,0.058901578846342,0.090770597046616,0.063379830720394,0.139057774924555
0.563547355868099,0.058736937265101,0.090383976594327,0.063509620218379,0.139686443612428
0.564954355343088,0.058696557234753,0.090455624553381,0.06356373165915,0.139991653308825
0.566412930247616,0.058683724736117,0.090629187876865,0.063597637965005,0.140222084714232
0.567411294359217,0.058554918120887,0.089933667071313,0.063695124711094,0.140968173133618
0.568321294736002,0.058430461034042,0.089078770261006,0.063820669514361,0.141810753238974
0.569277229333898,0.05833929953694,0.088324398686105,0.063954574527932,0.142596689250583
0.570278325717047,0.058273527953958,0.08767113625511,0.064093560753809,0.143326230752317
0.571377259114946,0.058371389051685,0.087138790413975,0.064083075391237,0.143838870181835
0.572518252080952,0.058473426940058,0.086710341312336,0.064076448235932,0.144300157576162
0.573606695036724,0.058626931535989,0.086177042699005,0.064048601243063,0.144782623232964
0.574731526672996,0.0587734434679,0.085745207630109,0.064031451527414,0.145223534901462
0.576031071934692,0.058780304300445,0.085752551504116,0.064091092088599,0.145540263616098
0.577372157372583,0.058778911856679,0.08586261564323,0.064141426993031,0.145801292723833
0.578285721160274,0.059189016359368,0.084943661202714,0.063985931124122,0.146309223596292
0.579115278245402,0.059713404448603,0.083835368897587,0.063807924303174,0.146861194995227
0.580168729149557,0.059964667583901,0.083334773830907,0.063789622605739,0.147300920995712
0.581256539589673,0.060186140104365,0.082943229044491,0.063787277336665,0.147705453195117
0.582293077591096,0.060448755718742,0.082459655534843,0.063789909582107,0.148146780263216
0.583364229672985,0.060693742946601,0.082073570238773,0.063794085834402,0.148545299622243
0.584384433535549,0.060980944202741,0.081595860124164,0.063806045174581,0.148981290446408
0.585439830584103,0.06124582531637,0.081217623708912,0.063818789055677,0.149373986442085
0.586612380052501,0.06132916388099,0.081170815978272,0.063896759907412,0.149699916331505
0.587822263284561,0.06138773315222,0.081222703332242,0.063960871835556,0.149973937151816
0.5887260030113,0.061980313272429,0.080457646466768,0.063828240357809,0.150359011203973
0.589569186382646,0.062709646837854,0.079538788815757,0.063658463923006,0.150752880665312
0.590542838457764,0.063044400474794,0.079091153210353,0.063713510410625,0.151182428625015
0.591550344021394,0.063335910419052,0.078750169241641,0.063773879310101,0.151574590872487
0.592474758743428,0.063746164798343,0.078224834818872,0.063826706311956,0.152016184099167
0.593425154948877,0.064131487900716,0.07778147542541,0.063878218703592,0.152422637421889
0.594407689544826,0.064478111941379,0.077436980584513,0.063927147557328,0.152788920353101
0.595421885004084,0.064782719702908,0.077191183618078,0.063971413259041,0.153114861747638
0.596358205506812,0.065217089740001,0.076767456614239,0.064001430535859,0.153478444108619
0.597322258943933,0.065610253326633,0.07643572543573,0.064029692975866,0.15380666823894
0.59824265519067,0.066063153955561,0.076022862426793,0.064063078277015,0.154158736619886
0.599192446258406,0.066466481946181,0.07570856715027,0.064095148467392,0.154475151302007
0.600193199267201,0.066703924854676,0.07558848272176,0.064182927019475,0.154782736531573
0.601224581059798,0.06689187235844,0.075565413332013,0.064258426339159,0.155048564930578
0.602079750715285,0.067517056691439,0.075043397529633,0.064229619302401,0.155354927431842
0.602911627883363,0.068216137399385,0.074468421089018,0.064179125026772,0.1556482738268
0.603769922767378,0.068859607889311,0.073990417397346,0.064132951908783,0.155912030432467
0.604653635241841,0.069443941184762,0.073608851553257,0.06408946909833,0.156146798143229
0.605580726318733,0.069751091214489,0.073463468016587,0.064177545360773,0.156437181504281
0.606534933296824,0.069998931914301,0.073413652987177,0.064255760612542,0.156691491347511
0.607326043368316,0.070723156744253,0.072878366225809,0.064225497615753,0.156962131549318
0.608095700002796,0.071521091217394,0.072295449360505,0.064174489186021,0.1572171179771
0.608893343468835,0.072048108754447,0.071918846327759,0.064267745476412,0.157548508928399
0.609714129961315,0.072510199743753,0.071635106317262,0.064359594722945,0.157852142204097
0.610444445969577,0.072957346854811,0.071236919539852,0.064600047624101,0.158311862402468
0.611203512200432,0.073350181333448,0.070932560784461,0.064823528936993,0.158730547296953
0.611910425778087,0.07381842137888,0.070526943788889,0.065077518248842,0.159193390210469
0.612650298618622,0.074234445045488,0.070218475898661,0.065304921765753,0.15960665322166
0.613339626097242,0.074735672511244,0.069807614723987,0.065554852029885,0.160055644587079
0.614060278490069,0.07517909375027,0.069494118267583,0.065780669391422,0.160458315394322
0.614732611974687,0.075713445226105,0.069080161643712,0.066022614135942,0.160889376059835
0.615434038323815,0.076186042514429,0.068762165233783,0.066243012687872,0.161277845384494
0.616089901153776,0.076752930233758,0.068347519139811,0.066473618489458,0.16168745781967
0.616773672667655,0.077252449236761,0.06802988133366,0.066684533764893,0.162057042489055
0.617412631583324,0.077850589529151,0.067615717805627,0.066902560917329,0.162443761056276
0.6180777888334,0.078377289701411,0.067298043900657,0.067102826824765,0.162793321966715
0.618789714246628,0.0789023232549,0.067072752602853,0.067198832378022,0.163027363903533
0.619525435380266,0.07935048116835,0.066942621622647,0.067277109256284,0.163226894695841
0.620112876660225,0.080092832447732,0.066465945002379,0.067439818632738,0.163549873526535
0.620664929057098,0.080885067952504,0.065934494221203,0.067627186624359,0.163896061137327
0.621208207103437,0.081643115444442,0.065429113951464,0.067839491197298,0.164254738354255
0.621773413983374,0.082323415390135,0.06501709369207,0.068038691155195,0.164582964888667
0.622359347050074,0.082921078521335,0.064698926426007,0.068225089133686,0.164882604678567
0.622965557126042,0.083434665902037,0.064474161184819,0.068396923954264,0.165153534913453
0.623508605047938,0.084132602142891,0.064088689588061,0.068568404694111,0.165436274094628
0.624070369786843,0.084747364394079,0.063793999480262,0.068726891886654,0.165692202018978
0.624656436144302,0.085363324602985,0.063556967261584,0.068812062492704,0.165868422383695
0.625259050927066,0.085894237065089,0.063406831080761,0.06888573822238,0.166021747809547
0.625741657723009,0.086642160493589,0.062996497282503,0.069065225250637,0.166293032991917
0.626203960953538,0.087389667239459,0.062577309267931,0.069267996351869,0.166581137164884
0.626696891300351,0.088070710590569,0.062254520771353,0.069424192631786,0.166812163306607
0.627205149758084,0.088677230669732,0.062007757342413,0.069568159676844,0.167021870449186
0.627690287192507,0.089347574042986,0.061714708447917,0.069708635200294,0.167226536475436
0.628187283643991,0.089950670893116,0.061486657659729,0.069841132937112,0.167415767597555
0.628680254815037,0.090633271440394,0.061230475873129,0.06992729948709,0.167557332197667
0.629183300131917,0.091257112204581,0.061029459873248,0.070007901424969,0.167687184329301
0.629664096633415,0.091896536928032,0.060799691145567,0.070116623045598,0.167841936057963
0.630143856051632,0.092509324418929,0.060589885275374,0.070231546717397,0.167998744985255
0.630631956269783,0.093078626256631,0.060419950850292,0.070341971239687,0.168147161812999
0.631127992741229,0.093609510187666,0.060285142153256,0.070447781583186,0.168287866204196
0.63157450075743,0.094366874698553,0.059981345381443,0.070552011086896,0.168426138533458
0.632025480142579,0.095103462505621,0.059698147256952,0.070657000524157,0.168560924963377
0.632548910156192,0.095580860287136,0.059639263648603,0.070722959417994,0.168654071092222
0.633096541201551,0.095972063211766,0.059654887899735,0.070774980260556,0.168732411253869
0.633520719455432,0.096808325873272,0.059293932369547,0.07090177241908,0.168879879270503
0.633949218148526,0.097630344170214,0.058946763989517,0.071034226676604,0.169028598419824
0.634604106052286,0.09773686722485,0.059242028898635,0.070984806334402,0.169006717726125
0.635122768573286,0.098300600263357,0.059137346775842,0.07104054442725,0.169080508654687
0.635638163267664,0.098852395349381,0.059031435751518,0.071112915735564,0.169169527057581
0.63615415609169,0.099395996213254,0.058927322058129,0.071194175123447,0.16926614094972
0.636560280574835,0.100334480002709,0.058492917650111,0.071364866553692,0.169436683894443
0.63696725034894,0.101271703999568,0.058059541195294,0.071550084166372,0.16961635502741
0.637555311413412,0.101688890023844,0.058107561703191,0.071553902953308,0.169634431140971
0.638195830925406,0.101959793985282,0.058288575142554,0.071507858414651,0.169609223016664
0.638836720358632,0.102230698833033,0.058464370181144,0.071469272636951,0.169591631001209
0.639477299142242,0.102503375246177,0.058632681066363,0.07143965903143,0.169583136027328
0.640036152932275,0.102957383182318,0.05859741942238,0.071530616719021,0.169685995041158
0.640594256728598,0.103418934708145,0.058551080737921,0.071632605829446,0.1697990302295
0.641170294299208,0.10383853479578,0.058540833006629,0.07172397694265,0.169903482836097
0.641747472704924,0.104267214874466,0.058520499673743,0.071823449623423,0.170015312539399
0.642347375868461,0.104636694196901,0.058548571566856,0.071909223945923,0.170117059524716
0.642948491794341,0.105018251772302,0.058564208711833,0.07200335502474,0.170226531101552
0.643570373537649,0.105349910501875,0.058620228511133,0.072085835920386,0.170327890414032
0.644192785838407,0.10569909102817,0.058659398095124,0.072178047121546,0.170438175740444
0.644626968110714,0.106724156082866,0.058147094487077,0.072469964392327,0.170698654036156
0.64505936157566,0.107776358674834,0.057614643945676,0.072786240134441,0.170975935722457
0.645877295923394,0.107445113669188,0.058165816029311,0.072733216740023,0.170996319075684
0.646804673811833,0.106769868252366,0.058999024430367,0.072582953121451,0.170945126179073
0.647264691378086,0.107781040858758,0.058476153152094,0.072916592081458,0.171248212701896
0.647727107678765,0.108835525563499,0.057929607440231,0.073267158200446,0.171559561455362
0.6484273987669,0.108673138363838,0.058166517759499,0.073514971200757,0.171875268573395
0.649199526179353,0.108209108261257,0.058608811278421,0.073735007832316,0.172189094909975
0.6499852387642,0.107788352051124,0.059042130486394,0.07394880721942,0.172491713496282
0.650785415993703,0.107414146050665,0.059463813234861,0.074154228644002,0.17278135697899
0.651536239363058,0.107403223198472,0.059652328725528,0.074379017868116,0.173063499361096
0.652295182618858,0.107445031267836,0.059811547505264,0.074603284040661,0.173342505492291
0.652858689460834,0.108393461430517,0.059303098293911,0.074975291834239,0.17370270483106
0.653415471089385,0.109418303398405,0.058737087271689,0.075379450703618,0.17408533792602
0.654501074029064,0.108550635331247,0.059672179082722,0.07529294779547,0.174130743496936
0.655738964739993,0.107194910985467,0.061012310440981,0.075098029245646,0.174095978962961
0.656724459440495,0.106810196681743,0.061569836392811,0.075162584170392,0.17424953146184
0.657695056900738,0.106548843978925,0.062030748024299,0.075258893022491,0.174427448761617
0.658662075348339,0.106357355815679,0.062432785269686,0.075380319515332,0.174627282761124
0.659623865778836,0.106239945321999,0.06277047364413,0.075529491746299,0.174851996116309
0.66031894063615,0.107114000205134,0.06227927857672,0.075934120395481,0.175275666710035
0.661002097024963,0.108072005681728,0.061711036935143,0.076386796631823,0.175739802528177
0.662445942422042,0.107556859959124,0.062831464143431,0.075728440234109,0.175184185837416
0.664057996421785,0.106734714733243,0.064300500303528,0.074851401835052,0.174428092176451
0.665629345597303,0.105982169259089,0.06566424204041,0.074072851816575,0.173765584898561
0.667155181196606,0.105295797288969,0.066919151551853,0.073398367259712,0.173203170964202
0.668456661654915,0.105083705598812,0.067637778266379,0.073055699491833,0.172950384296361
0.669717623257669,0.104937638440712,0.068254709826233,0.072798700784483,0.172782472383049
0.671043636912642,0.104701544945976,0.068986996911473,0.07245886827298,0.1725378527038
0.672331040311489,0.10454806819752,0.069611364469743,0.072198201092736,0.172370882744339
0.673130054003079,0.105343137739969,0.069114577410732,0.072667572577069,0.172893675667331
0.673900229439063,0.106216008135265,0.06852609155401,0.073209218760231,0.173483392347902
0.675721781687303,0.105241002301962,0.070211624118417,0.072169864887903,0.172586092706895
0.677783015563379,0.103869505722588,0.072394884687785,0.07080474171711,0.171375578002267
0.679194643242752,0.103581373767086,0.073164359999567,0.070468669493404,0.171148884032266
0.680553288383954,0.103383833548391,0.073803337731894,0.070235296258322,0.171023483640203
0.681416417424076,0.10410221351074,0.073323184526625,0.070743844861471,0.171608393419522
0.682246664996897,0.104900710164174,0.072745615975186,0.071328898504735,0.172265248343005
0.684093052483029,0.103914032652276,0.074368535688044,0.070418055434045,0.171503080658863
0.686185520520844,0.102516702812,0.076505658618518,0.069180929808941,0.170422646797561
0.687142491626917,0.103104662604786,0.076144572986121,0.069637349152873,0.170972524089815
0.688018374874271,0.103841916081862,0.075588344138854,0.070241123326986,0.171663924705218
0.689915913933933,0.102849245835065,0.077224242010454,0.069336583504066,0.170909291697521
0.692063069583233,0.101460147258543,0.079375600080461,0.06809896162219,0.169825526513202
0.693541643590503,0.101114739918923,0.080091154011356,0.067917082153095,0.169770094584039
0.694989392887336,0.100837286341528,0.080716001829173,0.067800868169753,0.169780196156282
0.696496720522718,0.100479196594887,0.081443836655994,0.067619846304638,0.169727838632424
0.697973507789764,0.100191923189768,0.082079537952741,0.06750344491229,0.169740183157415
0.698988488272737,0.100725882143545,0.08168006897797,0.068055721799835,0.170412808068195
0.699969523523124,0.101333401568673,0.081184382522759,0.06868328307057,0.171158665418549
0.701968083739938,0.100310898007871,0.082844311371862,0.067824229195218,0.170446295309884
0.704171619627576,0.098985153850971,0.084918972275688,0.066701669583867,0.169464403813765
0.705242626510039,0.099454950867522,0.084557951838302,0.067257157516219,0.17015255434561
0.706279448089129,0.099992224624396,0.084103529373422,0.067887599325387,0.1709144592417
0.708291427398729,0.099023642282257,0.08569892098594,0.067095749487877,0.170265042445511
0.710540880124528,0.09770920088936,0.087777717688723,0.065992657972687,0.169295008384102
0.711675910850615,0.098101590188585,0.08747822789675,0.066532712879198,0.169978440876463
0.712768000181173,0.098567244987917,0.087070791802501,0.067159629756417,0.170748456197686
0.714796861339022,0.097691755291329,0.088600937814577,0.066396541516627,0.17012328740479
0.717091487913746,0.096455106353967,0.090668201875016,0.065270711133771,0.169122732423521
0.718278203559503,0.096787379900195,0.090411244098898,0.065806019866375,0.169810251585618
0.719422804824364,0.09718360889781,0.090052188152284,0.066426451986976,0.170583343562639
0.72151462710593,0.096599586894502,0.091534901940836,0.065471035223137,0.169766182390547
0.723794919033638,0.095831536558743,0.09338379363675,0.064220559251606,0.168646221584815
0.725523645074623,0.095603884631854,0.094158890264441,0.0639048083238,0.16847315454153
0.727181780899157,0.095425290184805,0.094801779907476,0.063719334462031,0.168432391246904
0.728927238013837,0.095199639000388,0.095600966722617,0.063374264141385,0.168230865761951
0.73063452235875,0.095006922435731,0.096323653509056,0.063102274348975,0.168103929843266
0.732297476665464,0.094850152461242,0.096957849107523,0.062914877483311,0.168063357957836
0.733916149318505,0.094727219193431,0.097503967503189,0.062812199815474,0.168109342577886
0.73517904536576,0.094924704839538,0.097352681414926,0.06331558606154,0.168774684669699
0.736397147549263,0.095161228391831,0.097109419921064,0.063906582743853,0.169528610144231
0.738404965681294,0.094827732981774,0.098355829276149,0.063092541801948,0.168857250356725
0.740595805537405,0.09437867690629,0.099947806183882,0.061961468319981,0.167861935311923
0.742342723128746,0.094194058007696,0.100710676991663,0.061653978755516,0.167701794804425
0.744006088812404,0.094056221828312,0.101316317690891,0.061504757437351,0.167702511969336
0.745713478067434,0.093898621771603,0.102000657881238,0.061278139973922,0.167624729329224
0.7473876857956,0.09376319237155,0.102619309786007,0.061116722885789,0.167613434203254
0.749132560681296,0.09360205912614,0.10336513277276,0.060825248080559,0.167470034519954
0.750839341025954,0.093465050952463,0.104036387313414,0.060608315239053,0.167402502812329
0.75250273295819,0.093352966791505,0.104623181726256,0.060475916729589,0.167421099505342
0.754122682860048,0.093263742634046,0.105125761144276,0.060428282490533,0.167526078614876
0.755464180416247,0.09333600178593,0.105096153554456,0.060884681953106,0.168146536944823
0.756761517450342,0.093431246756918,0.104980364262603,0.061428321881247,0.168855343842185
0.758722406771414,0.09319348015417,0.106110367499445,0.060756280186683,0.168324882054666
0.760826428455994,0.092899610426685,0.107508668409448,0.059828785755067,0.167531940979684
0.762532288466368,0.092757087253321,0.108163854996906,0.059662393278472,0.167513214556908
0.76419100537415,0.092636357797825,0.108727318217826,0.059588938797995,0.167589066963476
0.765869314268969,0.092523752430989,0.10932147117024,0.05947636677472,0.167625410661186
0.767504798242519,0.092427856583894,0.109833170103689,0.059448741066946,0.167748125503126
0.769205679130371,0.092315281235528,0.110464431961389,0.059300448933573,0.167747294701709
0.77090137786233,0.092206419834132,0.111084595875511,0.059165936934669,0.167759949946006
0.772639739850143,0.092111287761164,0.111777900906897,0.058941281213568,0.167681404938697
0.774342041171577,0.092028543317928,0.112403321571289,0.058788152444136,0.167675301382339
0.776000455038917,0.091955735179067,0.112947123557135,0.058722621494137,0.167757919867132
0.777614873905549,0.091890686953468,0.113409472300529,0.058744941392795,0.16792950259561
0.779300525287665,0.091835710363199,0.113999557076171,0.058619818224953,0.167951340689104
0.780942043842914,0.091786233683624,0.114509105288096,0.058583082892809,0.168062512467543
0.782620338346735,0.09174906554755,0.115084486796296,0.058467244171251,0.168093300042059
0.7842544816525,0.091714449887937,0.115580293790374,0.058440052535181,0.168213541296151
0.785939262027151,0.091636748338254,0.116180388075365,0.058336582297693,0.168252064401292
0.787583151303245,0.091561407577768,0.116705670008943,0.058316134170595,0.168374317260448
0.78926518774914,0.091494851342013,0.117298956590775,0.058219489745966,0.168418632416543
0.790904214769873,0.091432978394801,0.11781185568156,0.058209666822268,0.168550919034866
0.792339640666959,0.091426803545073,0.117936342668595,0.058573534452926,0.169068335511621
0.793729371789598,0.091416796522632,0.117977982386313,0.059030115333645,0.169679284967706
0.795484628765951,0.09141279687938,0.118697745984932,0.058760424519007,0.169548489948736
0.79729075235507,0.091411736072807,0.11951525859823,0.058391844459645,0.169315299068757
0.799052351338646,0.091411757355903,0.120252830995884,0.058114150442297,0.169173543976977
0.800769370925524,0.091410530262315,0.120910178003976,0.057927560638473,0.169123545245553
0.802431073502961,0.091411339431801,0.121465916945876,0.057849494915303,0.169183742189149
0.804047874942738,0.091403191099223,0.121942029672601,0.05786359279217,0.169336599367974
0.805697208211131,0.0914324005606,0.122475968300951,0.057793453486118,0.169404965659852
0.807301904582148,0.091447318982174,0.122932992546126,0.057815141063048,0.169565270626839
0.808740999803825,0.091465928751594,0.123081549474845,0.058147096133972,0.170044377800782
0.810135169647909,0.091463185434386,0.123154664347684,0.058571682771162,0.170615895940234
0.811820749332295,0.091578796747008,0.123762313497472,0.058370382911887,0.170552458751833
0.813553651782411,0.091715059520171,0.124463823466521,0.058065216303256,0.170382143969311
0.815241744150121,0.091832390168789,0.125091928256863,0.057852969235327,0.170304174051754
0.81688497158127,0.091928232001036,0.125646570630105,0.057733846667899,0.170318723890643
0.818482370924802,0.092046488190435,0.126117789707081,0.057683586459592,0.170405240444587
0.820035018713785,0.092139008312001,0.12651636544671,0.057725595439012,0.170583389649027
0.821452115117721,0.092193904606201,0.126670809989594,0.058032688814901,0.171031386954649
0.822824588071623,0.092215313000761,0.126754534711649,0.058432770150734,0.171571310083258
0.824455317880461,0.092380528328839,0.127317697878607,0.058267309381801,0.171537701504925
0.826125610009039,0.092567618647138,0.127963305756971,0.0580122765823,0.171411488221381
0.827751017612013,0.092729198776714,0.128536076744503,0.057851020765344,0.171378363192612
0.829331536441391,0.092863444783661,0.129035709604456,0.057783822633093,0.171438684078092
0.830880116685886,0.093022951301255,0.129478174706075,0.057756552497745,0.171541952208302
0.832384411735834,0.093148503574237,0.129850153450141,0.057822707112493,0.171737710046855
0.833914353450777,0.093336597084909,0.130272433344752,0.05780056080142,0.171846699671119
0.835400514230204,0.09348473869011,0.130627675283225,0.057871480416922,0.172047215917072
0.836911081026075,0.093697960244009,0.131032050005871,0.057853900498632,0.172160986486463
0.838378058532112,0.09386794172393,0.131371437200029,0.057929120735288,0.172365679605062
0.839866135860435,0.094103873326586,0.131755009100679,0.057920394309776,0.172488413785758
0.841310640956286,0.094292903375092,0.132075038657305,0.058004878290953,0.172702120401239
0.842778248308516,0.094551346007824,0.132444084805542,0.057999193668419,0.172827666742912
0.844205052267012,0.094764260118617,0.132755592883967,0.058079607452972,0.173036933285452
0.845649977540178,0.095044954582848,0.133108041510351,0.058078817982584,0.173167266010379
0.847053066901186,0.095274929883137,0.133402459806138,0.058167411084799,0.173384247480817
0.848369541192314,0.095446778090106,0.13355230165148,0.058425671015376,0.17377199981429
0.84964341247521,0.095561434825251,0.133644071396614,0.058775770278478,0.174248455375058
0.851082498645083,0.096021084348244,0.134027306732663,0.058632722839211,0.174244677579707
0.852535616759199,0.096533120022299,0.134450011547845,0.058423540477894,0.174175725624373
0.853815539005879,0.096731598978878,0.134595258940081,0.058673506992439,0.174552513666535
0.855053674032909,0.096868945924151,0.13468543905407,0.059014118127229,0.175016393833403
0.856437712824278,0.09735903069737,0.135032972615336,0.058892830167021,0.175033428557305
0.857825389427062,0.097886358845343,0.135403464289981,0.058730272414055,0.175009738698308
0.859064683455435,0.098111442217519,0.135542508956247,0.058972958913117,0.175376723863558
0.86026330847354,0.098271072383927,0.135630268381161,0.059304554770308,0.175828554688512
0.861609901720613,0.098741130905634,0.135989605077903,0.059196755038031,0.175851419753267
0.86296647200031,0.099245685895911,0.136386296723436,0.059037420034985,0.175822258636707
0.86416282578758,0.099499690312227,0.136520358167273,0.059269661706077,0.176176357134635
0.865319641529858,0.099684265427064,0.136606798454855,0.059589107391031,0.176613046971582
0.866579524110385,0.100207866833955,0.136875986200407,0.059529625629021,0.176688503221598
0.867839520988341,0.100772542555847,0.137163667801457,0.059429901397245,0.176724851144524
0.868989678765809,0.101054298827715,0.137291973435377,0.059651921969301,0.177066300720179
0.870101287438661,0.10126243693529,0.137375890953008,0.059959953449739,0.177488620020931
0.871300167500575,0.101754085514499,0.137621512553157,0.059947180428243,0.177604111706018
0.872502982732935,0.102289786976891,0.137893981199049,0.059884934375269,0.177671062619005
0.873668845191343,0.102751108196894,0.138126496607439,0.059905920258903,0.177815768825538
0.87479795524384,0.103136980326559,0.138319367652472,0.060009690879768,0.178037670842388
0.87593651642903,0.103568744113851,0.138550427157751,0.0600529902385,0.178199491202333
0.877039480559927,0.103925504895808,0.138744250881296,0.06017619319546,0.178435444227308
0.878088133546597,0.104257756278589,0.138857631087293,0.060380831871603,0.178754125660377
0.879101162745076,0.104511372451215,0.13893420643787,0.060666364806958,0.179147560037123
0.88018225805134,0.105045121227775,0.139139970071262,0.060665064147406,0.17926989782863
0.881259494914143,0.105606190130428,0.139361215368531,0.060634299404229,0.1793628893604
0.882302610410767,0.106087358379057,0.139549635459123,0.060682098818515,0.179527941416456
0.883311923452188,0.106488031555999,0.13970568022834,0.060807787946533,0.179764266328581
0.884322558701299,0.106963264948536,0.139882672185458,0.060868457185271,0.179939576807151
0.885300370077732,0.10735806640956,0.140029288099851,0.061004878180717,0.180183840423477
0.88627778767535,0.107844445677812,0.140192014154343,0.061069136317342,0.180361842215325
0.887223436105969,0.108251176140354,0.140326495625527,0.061206504531125,0.180606035241331
0.888133883733284,0.108643003826369,0.140418975243293,0.061385769967778,0.180892048566697
0.889012657613731,0.10895195995871,0.140483696704898,0.061639223667479,0.181244891040879
0.889912146915225,0.109541060236085,0.140587881626472,0.061680534573214,0.181407710850089
0.890793420302559,0.110131727802211,0.140683238659014,0.061727203966598,0.181575170908462
0.891678267467166,0.110639121302824,0.140822227230309,0.061792254089954,0.181748861179123
0.892533758297238,0.111062260401164,0.140938622167459,0.061927600199656,0.181984979742596
0.893356047056745,0.111484956448,0.141016248363217,0.062092036125889,0.182251252109292
0.894149249744576,0.111823161393115,0.141071549787583,0.06232626387294,0.18257929239277
0.894838502181064,0.11243670919563,0.140918451864655,0.062544215927661,0.182930184206083
0.895485200369412,0.113060029910415,0.140709304146884,0.062797954752428,0.1833195040134
0.896235867275007,0.113497185765561,0.140760112452185,0.062964015054911,0.183584816543439
0.896966285056832,0.113851026070289,0.140808463747064,0.063181588079442,0.183892597060813
0.897600799637261,0.114395280042214,0.140672944022436,0.063419555321999,0.18424953773885
0.898197316743376,0.114931335921765,0.140489411778533,0.063697893864192,0.184647714349132
0.898864002520649,0.115407295608834,0.140481332852955,0.06387479582934,0.184925980621734
0.899515191466934,0.115809986317875,0.140475459984498,0.064092813464563,0.185237368144762
0.900155339134467,0.116271811406369,0.140465800703451,0.064274572773515,0.185517180587453
0.900779943839553,0.116669877911037,0.140452895866611,0.064496364856909,0.185830505951596
0.901394544716853,0.117108246940232,0.140436681935117,0.064693484327579,0.186122342098368
0.901996085033789,0.117490390704303,0.140418152599624,0.064925405285684,0.186443286916129
0.902591108143374,0.117916260943315,0.140399914268323,0.065127934208858,0.186738336507489
0.903175791432152,0.118294822851778,0.140380378945095,0.065359154449081,0.187057342374809
0.903756165079923,0.118710509281797,0.140362739756695,0.065564051595819,0.187353083311697
0.904328372534425,0.11908537028438,0.14034444033942,0.065793353032099,0.187669242705387
0.904897830121854,0.119492436417188,0.140328294380205,0.065999403143545,0.187964977903186
0.905461222395254,0.119865999272762,0.140312029099725,0.066225143677966,0.188277215285981
0.906022462907986,0.120262114521823,0.140297232076678,0.066434420292884,0.188575115086785
0.906579965572588,0.120635277905015,0.140283544687699,0.066656126515387,0.188883283118381
0.907173487636366,0.121241981352247,0.140327871194557,0.066686684059707,0.189018945522513
0.90776394865724,0.12182665224081,0.140372512763231,0.066730350735579,0.189165869869876
0.908261365747334,0.122029268897824,0.1402645388785,0.067127022076297,0.189640237329388
0.908718133864984,0.122065162181195,0.14009034285155,0.067677969008592,0.190257729802726
0.90931099257535,0.122718909721972,0.140137702153128,0.067673715118158,0.190364892719851
0.909904111869534,0.123367505318974,0.140185688081644,0.06767243405505,0.190475085004765
0.910456902808957,0.123448901107761,0.140197908035786,0.068052953803708,0.19091449578609
0.910998465407543,0.123393038633829,0.140196780958168,0.068532235600604,0.191439651270225
0.911606077210476,0.123691676089436,0.140294048877281,0.068715233880163,0.191696974490535
0.91221307090423,0.123991306730286,0.140384984629768,0.068903189534808,0.191960299813496
0.912818786684148,0.124268544546429,0.140470084621052,0.069110512821858,0.192241580933471
0.913425811123334,0.124546150825438,0.140551871777867,0.069320695834032,0.192526564824441
0.914031613132169,0.124795450463042,0.140627208872217,0.069554589316536,0.192833339220389
0.914639940528942,0.125048491412556,0.140700175246633,0.069788507456513,0.193141362847961
0.915247209051096,0.125261199187718,0.140766724767009,0.070054143514572,0.193477878379124
0.915858224465026,0.125480555510005,0.140831741545016,0.070317375009311,0.193813548940085
0.916497146763082,0.126249646486667,0.140894403703773,0.070221324006475,0.193852982915498
0.91714255418788,0.127031478152523,0.140960521864069,0.070116032839952,0.193885273877638
0.91780003959226,0.12669429024893,0.141138586141938,0.070663916642841,0.194435624147624
0.918458795430751,0.12607420998427,0.141335300235958,0.071400607287801,0.195136638579142
0.919224055072835,0.126148810097059,0.141664968317797,0.071589179527114,0.195356395637713
0.919983113735484,0.126247113760835,0.141960037726616,0.071792232071449,0.195596637455176
0.920683758060993,0.127020474292359,0.142049528661041,0.071674308594982,0.195623469972025
0.921389886316038,0.127822716755405,0.142129384540582,0.071545288669237,0.195645551263302
0.922179277182206,0.127557462041103,0.142462784537315,0.071975818225391,0.196067674096975
0.922993516015256,0.127030947349033,0.142855806485382,0.072562243037152,0.196601955849923
0.923807322038305,0.126540897483755,0.143224634294908,0.073158220282394,0.197148999857525
0.924620530064114,0.126090602740873,0.143565625252269,0.073761172443937,0.197708353534757
0.92541803048251,0.1259229969432,0.143816988289528,0.074226926699316,0.198180269698962
0.926221428918376,0.125804162889198,0.14404815499844,0.074676669101807,0.198645906465684
0.927024206581549,0.126535357817634,0.144148847377703,0.074577464595446,0.198704994689839
0.927843705686703,0.127321555702125,0.144251573358699,0.074437644676249,0.198733743675703
0.928595756312658,0.126271422405394,0.144410322116639,0.075629835876366,0.199823279498786
0.929342855596947,0.124835829282505,0.144594085184456,0.07712778136979,0.201154939088633
0.930156945799853,0.124463428152235,0.144747800547168,0.077845750710808,0.201869317098499
0.930988517302594,0.124156451696817,0.144896689953872,0.078522623865249,0.202554816047412
0.93180436033103,0.12372899349509,0.145000098217492,0.079325884837719,0.203357849140568
0.932644744753445,0.123373126953609,0.145110903860755,0.080073895295154,0.2041178667817
0.933580227808053,0.124009544049715,0.14522897049795,0.080028066994638,0.204238489566483
0.934548958572604,0.124751208744056,0.145363693136171,0.07989037021707,0.204284327220081
0.935200596422578,0.123994006731172,0.145040899227165,0.081197277761036,0.205626763216075
0.935783889636669,0.122840338801351,0.144616068510585,0.082883740547182,0.207311381703862
0.93641179641989,0.121767108683588,0.14425224038252,0.084479500181214,0.208912970525753
0.93708604462952,0.120773691501143,0.143952759983912,0.085981897710987,0.210427532379389
0.937801343175196,0.120307205217632,0.143622197996749,0.08707022102706,0.211616809603276
0.938562836587484,0.119922002971127,0.143347621201909,0.088062286135039,0.212715543725802
0.939291281297583,0.119442386704357,0.142999638938884,0.089173153403007,0.213935552195321
0.940063746344953,0.119041260362343,0.142702838870897,0.090192386190234,0.215069665818525
0.94081008099806,0.118553789840585,0.142345948911917,0.091316880918523,0.216310494213192
0.94160047835878,0.118145761976649,0.142039220808593,0.092348510227774,0.217464532054594
0.942369825495425,0.117657939884008,0.141681957846647,0.093474753169344,0.218714317069039
0.943183454901331,0.117250541607024,0.141374121681438,0.094506674901367,0.219876218080273
0.943973006818688,0.116748306025276,0.14101340083997,0.095647429921795,0.22114670231192
0.944805703645751,0.116323569840506,0.140699772340211,0.09669699616468,0.222332317348942
0.945620200797531,0.115819145986748,0.140342940219922,0.097837882218101,0.223609511186567
0.946478283537617,0.115392888513939,0.140033368514254,0.098886384042428,0.22480044726344
0.947698703561105,0.115924727327127,0.140215009095445,0.09884631829438,0.224950582616092
0.948966495224685,0.116547331051005,0.140445587674918,0.098702321460895,0.225003773164735
0.949599306566948,0.1152821770427,0.139786765171149,0.100652893556952,0.227053632734985
0.950061229975125,0.113492610244715,0.138894110760257,0.103195381399111,0.229673124328493
0.95098343707101,0.112673722960692,0.138680169563273,0.104533646432813,0.2311065051494
0.95197384039824,0.112000975146087,0.138539079627924,0.105706709660529,0.232385595265404
0.953004075008312,0.111415986790277,0.138425108503066,0.106789245063309,0.233584885243627
0.954074897634134,0.110918741031939,0.138338289105769,0.10778007958627,0.234702872672083
0.955102311658965,0.110241414714927,0.138180885912173,0.108969093591454,0.236012867461161
0.956169392875877,0.109642880873831,0.138052100983978,0.110073181665737,0.23724700507372
0.957211667849215,0.108948266337086,0.13787107859434,0.111292079765973,0.238597338854064
0.958295767226303,0.108333738250667,0.137723533656079,0.112421597169592,0.239866457130834
0.959359721499498,0.107652942132958,0.137527083525139,0.11363816595065,0.241227040398378
0.960468738269945,0.107055618832797,0.137370017215306,0.114758302648215,0.242498319193297
0.961544760285145,0.106366454102741,0.13714819069223,0.115998045413671,0.243893151883819
0.962666331931524,0.105757872990445,0.136968221730683,0.117142030706905,0.24519817628804
0.964124724738057,0.106043640068993,0.13716028712682,0.117263106558267,0.245522696181074
0.965635721085905,0.106420117757688,0.13740403138188,0.117271867818659,0.245739252633988
0.966570172269226,0.105524719875386,0.136857841412663,0.118874805144658,0.24753896770403
0.967108938455434,0.103764790715767,0.135784612902197,0.121579881846083,0.25043465286091
0.96809599944685,0.10280736476351,0.135338126253789,0.123203314593929,0.252239675683786
0.96921715828874,0.102082624306214,0.13506168524119,0.124516525072807,0.253735369314455
0.970387019284492,0.101433105225625,0.134836817607696,0.125731099670772,0.255134873113835
0.971605948451706,0.100856914412704,0.134664158253697,0.126846917589948,0.256437668523282
0.972704907374664,0.10032416351092,0.134220267071555,0.128085876291623,0.257911745628779
0.973852409007713,0.099854845166522,0.133836199645059,0.129230943884242,0.259290607597557
0.974951162948395,0.099370295779019,0.133354589335274,0.130451951841651,0.260759598004472
0.97609946775095,0.098936864182941,0.132945135347641,0.131582673810074,0.262133640421662
0.97720712371622,0.098490103108155,0.132455410280246,0.132780432963312,0.263585709915264
0.97836740993632,0.098097968064554,0.132042282458138,0.133881693145712,0.264935631812578
0.979908551649317,0.098199206624006,0.13217598981367,0.134159415658979,0.265431308862477
0.981498711474423,0.098352204070636,0.132374233162678,0.134345848452807,0.265832179069333
0.983137559724391,0.098562731969618,0.132631918814868,0.134439554678101,0.266138167515977
0.982458273063027,0.098381041906955,0.128550884307796,0.137822264335026,0.270270685480719
0.983958008191114,0.098451363896875,0.128570649501902,0.138201459483722,0.270880307663306
0.985550285081016,0.098554424071581,0.128752717140033,0.138432118705847,0.27132510253287
0.986484416841738,0.097803171755772,0.12799416274236,0.140151688148959,0.273299327847136
0.987199186864623,0.096772777457445,0.126937249955426,0.142382498361017,0.27579516622679
0.988383334014804,0.09631733447464,0.126546752504047,0.143577445977494,0.277225010470449
0.989619008938135,0.095901193033422,0.126236559058321,0.144678148804741,0.278554540024926
0.990804387418785,0.095489689450226,0.125828538467528,0.145854459534719,0.279971036655469
0.992036522526207,0.095116273408351,0.125489424581742,0.146945629696897,0.281297426514256
0.993570087369397,0.095105445695824,0.125553325208757,0.147362052755823,0.281933994667314
0.995153777959256,0.095132384843785,0.125687291060022,0.147685189894045,0.282472909799031
0.996059721577567,0.094551248867438,0.124818426517867,0.149409868601035,0.284472714288561
0.996846386823723,0.093879046916579,0.123780489269509,0.151392672110189,0.286738526990303
0.998047058122676,0.093540323012393,0.123356410755406,0.152549548489189,0.28813933524191
0.99929525085429,0.093235304369643,0.123001839930453,0.153620277032477,0.289448954738545
1.00049602461015,0.092935611277652,0.122559159991456,0.154767908278564,0.290843914111846
1.0017440314862,0.092667290571633,0.122186117729042,0.155830468075264,0.292148487666684
1.00294547034516,0.092407047063233,0.121727281608258,0.156968027568699,0.293535834806363
1.00419329576666,0.092175011762883,0.121337843996611,0.158022584886833,0.294834573196224
1.00539820937175,0.091956157435869,0.12086872553098,0.159144092655381,0.2962072775703
1.00665004114288,0.091762389476155,0.120471103114981,0.160182245798874,0.29749059451416
1.00785699926764,0.091583503277404,0.119991514314662,0.16129026677559,0.298850606047743
1.00911086506681,0.091426392753047,0.119584686210398,0.16231544316484,0.300121437846141
1.01061554383002,0.091395049837099,0.119546638168947,0.162853129063087,0.300881374404662
1.01216805503637,0.091377172149316,0.119582541155344,0.163305356423273,0.301549938209769
1.0132754579442,0.091278206493859,0.118904481989479,0.164547407572434,0.303060261768307
1.01429703029954,0.09117886489267,0.11809164830611,0.165944813054232,0.304733521771322
1.01536484917226,0.091101150115813,0.117356165943914,0.167263208086761,0.306319786921834
1.01647906601468,0.091040686633933,0.116698481905953,0.168501965570599,0.307818643431612
1.01769317492591,0.091002818614992,0.116200513235745,0.169561622734862,0.309125670805959
1.0189530252808,0.090972309150368,0.115779223027631,0.170541913118335,0.310346202589053
1.02016376880186,0.090990580720668,0.115262330419103,0.171581848110427,0.311634013554292
1.02141881951769,0.091012119664552,0.114821777637379,0.172545257095108,0.312837974865682
1.0226251968114,0.091073328984189,0.114293289544924,0.173573352434038,0.314112557096137
1.02387396359821,0.091133827764209,0.113840218564064,0.174528482890853,0.315306813056995
1.02507858870891,0.091235609350172,0.113307206581622,0.175539994900169,0.316562520016876
1.02633063493461,0.091331609890341,0.112859413458808,0.176470487861147,0.317729097909588
1.02776853544519,0.091395036792539,0.112719240859729,0.177078068790634,0.31855073693283
1.0292502807659,0.091445158037336,0.112658506964498,0.177609371425095,0.319289129582877
1.03028217268287,0.091741424584949,0.111800931031028,0.178823195027841,0.320767533141704
1.03122194623095,0.092108817850409,0.110785854698489,0.180175056354348,0.322391845621679
1.03241463814388,0.09231156508101,0.110245042323979,0.181154179485154,0.323604818558062
1.03365204226521,0.092496081593769,0.109790701074963,0.182057967671368,0.324734311484279
1.03504601849187,0.092626824587223,0.109601353005507,0.182689739329818,0.325573787898578
1.03648479975248,0.092733333305674,0.109497791408627,0.183243798750523,0.32632830508588
1.03725947357604,0.0932442279804,0.108243067728555,0.184842843288264,0.328199979959732
1.03842004564998,0.093557196982509,0.107658770735094,0.185810895497919,0.329395628088125
1.03962189983511,0.093845379174839,0.107158581652921,0.186709246779439,0.330513650572521
1.04086493502278,0.094106441971439,0.106742339367088,0.187537463109599,0.331553974558298
1.04221617229229,0.0943128776291,0.106515520492813,0.188174872664189,0.332391002780728
1.04360887391845,0.094485596754158,0.106374007612384,0.18874041050265,0.333149154319451
1.04469185848503,0.095296252087934,0.105474160643349,0.189539039808499,0.334201459039676
1.04571933447643,0.096235554971685,0.104447232158548,0.190364884114366,0.335287074717312
1.04687344130772,0.096802033044812,0.103818989372719,0.191134056227244,0.336277269215613
1.04806656253296,0.097275929736629,0.103315271884874,0.191856800971315,0.337208707535869
1.04918486690241,0.097865588551949,0.102667065631667,0.192650874462877,0.338218284000034
1.05031926297241,0.098430802270497,0.102071572772279,0.193412314324458,0.339188382637932
1.05148633537584,0.098944717420598,0.101564350631326,0.194121039579941,0.34009684251343
1.05268573318512,0.099405601668109,0.101145213499301,0.194776672608123,0.34094375063124
1.05392897521299,0.099735740394165,0.100872006245752,0.195398436331329,0.341743546364447
1.05520579015594,0.100013944819229,0.100685477571214,0.195962639321957,0.342478886408209
1.05625062503572,0.100870623874289,0.099891244708377,0.196669994446269,0.343396941407105
1.0572543413628,0.101845273216038,0.098994816377138,0.197384592493244,0.344325592856609
1.05845826701778,0.102222567349278,0.09870594417323,0.197994793481421,0.345105620881967
1.05969286579414,0.102541904572278,0.098504075348053,0.198551962616396,0.345826260172022
1.06096094316567,0.102809470193788,0.098386848672888,0.199049881521777,0.346481959457043
1.06188882358835,0.104920806281138,0.096821682195701,0.199217612940587,0.346913959608483
1.06293840146726,0.105452931988587,0.096311039919971,0.200005341331867,0.347869986076285
1.06401545394626,0.105918117378585,0.095890826007172,0.200748373664418,0.348774467745452
1.06515678623219,0.10635305173918,0.095583554966046,0.20134858059262,0.349531499615453
1.06632822056453,0.106731940190263,0.095359613925756,0.201895257485772,0.350229578498392
1.06741433764158,0.107313024679837,0.094929310235284,0.202500587391247,0.350994777964137
1.06849169763441,0.107913175651185,0.094489693665213,0.203098944857458,0.35175161135193
1.06958496389527,0.108462294629447,0.094110810039373,0.203672212659034,0.352478500300115
1.07068781532903,0.108969543198868,0.093776827415218,0.204232510384174,0.353188767941333
1.07183868472854,0.109417335187626,0.093542310331725,0.204705837420847,0.353807725409641
1.07299263536589,0.109839153578702,0.093330657262312,0.205178123219868,0.35442322385289
1.07412266864711,0.110311351936779,0.093063166755713,0.205672640928867,0.355061875581947
1.07525023497697,0.110774112449089,0.092797981406312,0.206177042866993,0.355708510823148
1.07634079838653,0.111308481203554,0.092447638250835,0.206725336861019,0.356400504411417
1.07742827547749,0.111837710038533,0.092096867445591,0.207283740223749,0.357101075335069
1.07851849961006,0.112367163236756,0.09174978791929,0.207835853827347,0.357794258746574
1.07960821226062,0.112888652629625,0.091408554160311,0.208391856300148,0.358489862672501
1.08060763856929,0.113521284336986,0.090899728623015,0.209091351650533,0.359331361505506
1.08160881845819,0.114147674103877,0.090399677052447,0.209791391564144,0.360171487555302
1.08276383685173,0.114610202941587,0.090177031919396,0.210231667873867,0.360745354480571
1.08395649678622,0.115028606090303,0.090025478969933,0.21061189428727,0.361256643291328
1.0851476045733,0.115442111673091,0.089875955174127,0.211000387450536,0.36177492417173
1.0863346990465,0.115856333544357,0.089721469918342,0.21140034859899,0.362303596808025
1.0874733601837,0.116434817859718,0.089417162347415,0.211827596234088,0.362863082157429
1.08860451965385,0.11700421039665,0.08911137115698,0.212274023447293,0.363440029313601
1.08973936700485,0.117592314924046,0.088803932651427,0.212693067494458,0.363988791708377
1.09086439467903,0.118164118033195,0.088498565490944,0.213133755649805,0.36455741037475
1.0917830498139,0.118935948090741,0.087840144164974,0.213938102592323,0.36549211872833
1.09269642662749,0.119701657531596,0.087183513495727,0.214756754773428,0.366438816898641
1.09391130984803,0.12021765332399,0.087026597017308,0.215010182486868,0.366814448133768
1.09519831000589,0.120662614107104,0.086999279870807,0.215131031723312,0.367054895912412
1.09647636178617,0.121091558274744,0.086976482801784,0.215272260024641,0.367314007141559
1.09774399769571,0.121503378348398,0.086957001745954,0.215436051591556,0.367594122411273
1.09886334978021,0.122013979131273,0.086708592853083,0.21588269585047,0.368157128276407
1.09997375015991,0.122513489374912,0.086459404134309,0.21634888185187,0.368738309922995
1.10084887557348,0.123320506204944,0.085759582352128,0.217204858802032,0.369711681584121
1.10172027697222,0.124126972258547,0.085058030783292,0.218072337912366,0.37069465837974
1.10304438095565,0.124404255960713,0.085193770872397,0.218151755518171,0.370883402703737
1.10448333119717,0.124538798327148,0.08554996110492,0.218032451252543,0.370871456852325
1.10560501235746,0.124971477401605,0.085359957560112,0.218497535957482,0.37144539466701
1.10671359459789,0.125403505321857,0.085156778017034,0.21898974984168,0.372045544283569
1.10782263609835,0.125832066866436,0.084957573628198,0.219482240496519,0.372645110562953
1.10892959769349,0.126256287253635,0.084759414734973,0.219981818521553,0.373250837210662
1.11003926624229,0.126672375557407,0.084569882329356,0.220479506398951,0.373853749024403
1.11114748535587,0.127084660602245,0.084381263949871,0.22098307515714,0.374461670233622
1.11225933796435,0.127487514173205,0.084202419970852,0.221483654069666,0.375065786552204
1.11337021238208,0.127887149847817,0.084024270972532,0.22198927645383,0.375674188347698
1.11521682984978,0.130093431323035,0.08390203489171,0.219937350834009,0.373724321376074
1.11698234828935,0.13221565206573,0.08392158509621,0.218041729653287,0.371915098242638
1.11780334755921,0.133053229924633,0.083333546700124,0.218646578962951,0.372604019840923
1.11852081630365,0.133725086640843,0.0827425489682,0.219419225825565,0.373458559399614
1.12107036317952,0.137791307773783,0.08369651401518,0.21460337331702,0.368662485433594
1.12400030914706,0.142876324803653,0.085810500305217,0.208612505995706,0.362609556140843
1.1246624168566,0.143682426954326,0.085498678707345,0.208889619689153,0.362931562293617
1.12513667664526,0.144141351272265,0.08508132808288,0.209472704313639,0.363565038537482
1.127096534907,0.148005678038626,0.086835868188583,0.205648114330234,0.359642199542723
1.12942653224166,0.152927459798719,0.08969541239117,0.200750981049758,0.354543988334371
1.13071988980558,0.155687301387112,0.091153562529371,0.198579740170755,0.352253685371382
1.13175480963279,0.157922309098902,0.092362144894532,0.196948843924535,0.350515829387669
1.1327017931908,0.159999684082215,0.093551842581204,0.19546618425903,0.348922101604261
1.13356999438441,0.1619301667566,0.094712563904539,0.194115240061694,0.347457799222362
1.13380331356164,0.162265554463686,0.094573576389252,0.194369135248546,0.347723193534414
1.13398632995933,0.162492497950823,0.094367855841142,0.194699388949283,0.348072195894734
1.13521261606074,0.165613607082193,0.096575442185227,0.192234252629154,0.34536656377961
1.1366527375774,0.169407646772587,0.099489015670976,0.189230313714259,0.342023495124879
1.1373018593224,0.171077015779145,0.10063507002846,0.188186680077492,0.340832134026783
1.13786263912949,0.172539155437836,0.101657939854307,0.187291242651002,0.339800346825174
1.13837503010361,0.173905755934902,0.102622358969703,0.186475866125456,0.338851508127625
1.13884972905743,0.175187815894579,0.10354384488954,0.185719602796834,0.33796455634914
1.13893785741407,0.175380891160094,0.103481058417666,0.185870950459131,0.338112317767188
1.13900023257155,0.175510091975593,0.103370927931417,0.186060669763593,0.338304988425462
1.13949091739994,0.17688528792141,0.104421159937649,0.185204903655739,0.337297405806188
1.14008319497279,0.178570355124725,0.10578509089036,0.184100911639729,0.33599440002736
1.14064415044117,0.180185064488406,0.10711712619486,0.1830543788396,0.334747797680347
1.14117064162032,0.181720166403805,0.108407218179132,0.182066618603574,0.333561035760804
1.14145354190885,0.182555459723896,0.109055224579187,0.181611976702446,0.332998918941027
1.14170220870667,0.183302146746506,0.109636704152544,0.181210159981546,0.3324988292326
1.14192146859873,0.183967507103767,0.110154605008873,0.180858810871925,0.332058427646409
1.14212360818574,0.184589966807152,0.110642132175035,0.180531080768743,0.331645731498671
1.14213270437587,0.184701410525523,0.110604043931085,0.18061758446599,0.331722509586011
1.1421313980932,0.184786209407112,0.110546022078285,0.180715993920002,0.331814541943432
1.14240730260458,0.185587995284188,0.111266241122722,0.180196916944066,0.3311793850109
1.14278013366066,0.186643593781,0.112271769529734,0.179460527971447,0.330284464160448
1.14290705311565,0.187051543528361,0.112600116165709,0.179247742534535,0.330011738219986
1.1430181359949,0.187418485978133,0.112895251041811,0.179056996714478,0.32976630449014
1.14311426264127,0.187738892412332,0.113152980422033,0.178891584300126,0.329552723164754
1.14320402638021,0.188042898855432,0.113398636219787,0.178733796175023,0.329348700663636
1.14328369927925,0.188312662904719,0.113617903414514,0.178593308642188,0.32916687871814
1.14335981504208,0.188573160094782,0.113830388708927,0.178457231769865,0.3289905324317
1.14335549076362,0.188704621485813,0.113841643702512,0.178487587197702,0.329002072746842
1.1433502076878,0.188834282197174,0.113850743530502,0.178519789557585,0.329015705137358
1.14347178316159,0.189130472602183,0.11416784922778,0.178290715514477,0.328739340413267
1.14362871410996,0.189475167808554,0.11457085990619,0.177990846474571,0.328383569176145
1.14369261205949,0.189684024028296,0.114741624472485,0.177886395742098,0.328246503413526
1.14375809106635,0.189897828408585,0.114915529311276,0.177781328675078,0.328107998046382
1.14378274568845,0.190122281367675,0.115008751927577,0.177761264136602,0.328053674555367
1.14381116076378,0.190357099428586,0.115109985373319,0.177737860130446,0.327994367842837
1.1438908938229,0.190562639507442,0.115300778778264,0.177618214570349,0.327842606686576
1.14398564176338,0.190766452132764,0.115518502296409,0.17747245236269,0.32766475783911
1.14408156880793,0.190973403947317,0.11573880671134,0.177325823281244,0.327485440108462
1.14417821785729,0.191182308550152,0.115960765879731,0.177178806188269,0.327305302827791
1.14424877823537,0.191388399955596,0.116129019858808,0.177085406865858,0.327179723696989
1.14432025922971,0.19159771785356,0.116299360129136,0.176991749139093,0.327053278046889
1.14437851521354,0.191922327798015,0.116480805556357,0.176924057919545,0.326933954686566
1.14444059190515,0.192257532181223,0.116670952049001,0.176853331423432,0.326809667505957
1.1445261545764,0.192413727902588,0.116842687278103,0.176746321552164,0.326678601139629
1.14462407081575,0.192466983530242,0.117001961754719,0.176619524187609,0.326544812359032
1.14470144467568,0.192667701739162,0.117172920815853,0.176527941725781,0.326421733720367
1.14477548855039,0.192873850644442,0.117340995857044,0.176441014639234,0.326302212997153
1.14484814989643,0.193073590912948,0.117503552112984,0.17635825125427,0.326187899713977
1.1449216879066,0.19327545606529,0.117667962058434,0.176275060631058,0.326072711543724
1.14499609545774,0.19347955681952,0.117834347827495,0.176191345689927,0.325956519200365
1.14507136896246,0.193685881960868,0.118002705516206,0.176107120536346,0.325839333677427
1.14514984348427,0.194063176120888,0.118236874946065,0.176015920288589,0.325685544641186
1.14523178214649,0.194454867854193,0.118481073247982,0.175922271357157,0.325526495662799
1.14531124322143,0.19454233412308,0.118608175731345,0.175842840797322,0.325434719800797
1.14538927712383,0.194528378107515,0.118695350842787,0.175768479441201,0.325365781880674
1.14546714017276,0.194733700679183,0.118863932145259,0.175687878303825,0.32525205934578
1.14554202889146,0.194934022512588,0.119027506010792,0.175610324330554,0.325142009734856
1.14561653483914,0.195131103088205,0.119188984458153,0.1755343075769,0.325033978819156
1.14569143654698,0.195329142204939,0.119351418330268,0.175458244519225,0.324925622476098
1.14576593574486,0.195523242520644,0.119511504028474,0.175383681436802,0.32481936816984
1.14584070786064,0.195717951029118,0.119672264183483,0.17530918551261,0.324712960172821
1.1459151125257,0.195911366614278,0.119831795233974,0.175235962063373,0.324607955048403
1.14598971342959,0.196105259705782,0.119991870979702,0.175162860953995,0.324502872989787
1.14606405694159,0.196299159288014,0.120151437941854,0.175090765342278,0.324398692680681
1.1461385832413,0.196493494829867,0.120311524567006,0.175018799309544,0.324294449834713
1.14621270588036,0.196683755370032,0.120469314531054,0.174948104126482,0.324192116133506
1.146286994506,0.196875011429078,0.120627839311191,0.174877503900538,0.324089582971903
1.14637568120327,0.19728143544147,0.120894483746952,0.174780868629411,0.323921278254553
1.14646737802531,0.197695623984992,0.121168377388329,0.174682703806198,0.323749610818722
1.14653958533135,0.197754502443902,0.121266789255371,0.174625304381317,0.323684700581164
1.14660525914187,0.197707022274268,0.121311816103304,0.174580410178985,0.323652114189418
1.14668120413054,0.197881358935877,0.12146444410539,0.174512435026859,0.323554932241975
1.14675457487339,0.198064848220201,0.121618717970984,0.174445848390136,0.323457166200226
1.14682753848638,0.198252127998341,0.121774104648504,0.174379935976975,0.32335924649579
1.14690040487256,0.198439169526179,0.121929426176031,0.174314387006919,0.323261615453177
1.14697325987426,0.198626150778603,0.122084844514011,0.17424912804645,0.323164167945635
1.14704610537132,0.198813073281915,0.122240359818628,0.174184157202159,0.323066901852458
1.14713469478475,0.19920818736633,0.122506244257659,0.174093079988191,0.322903735097761
1.14722667069517,0.199618279206024,0.122783025020038,0.173999754106527,0.322735065843939
1.14729531082869,0.199664054417529,0.122869843546056,0.173949641030254,0.322679608269012
1.14735690735369,0.19961016519711,0.12290393566962,0.173911621907228,0.322655447780051
1.14743112410671,0.199783612596288,0.123054739836625,0.173848733105537,0.322562422568583
1.14750267941207,0.199962624381651,0.123205732196448,0.173787422552921,0.322469638788881
1.14757428584619,0.200148211644421,0.12335982104407,0.17372602340794,0.322375374788337
1.14764581559227,0.200333667958673,0.123513904971469,0.173664956228485,0.32228135050786
1.14771686833678,0.200512521620889,0.123664579696575,0.173604936609051,0.322189548551229
1.14778782175392,0.200690590913254,0.123814906604181,0.173545291081067,0.322098163744843
1.14785822986266,0.20086341858072,0.123962355201436,0.173486630410959,0.32200868029358
1.14792837295719,0.201035195881199,0.124109161272843,0.173428450819825,0.321919775461945
1.1479982115905,0.201206148104796,0.124255393309406,0.173370755360704,0.321831407561913
1.14806773960473,0.201376259548092,0.124401037269039,0.173313545078523,0.321743582569612
1.14813726205774,0.201553036957576,0.124549645544559,0.173256515224388,0.321654515368139
1.14820663279679,0.201730035568633,0.124698325941321,0.173199814590829,0.321565621189798
1.14829353736486,0.202118259830049,0.124965153761535,0.173117652846004,0.321408862684479
1.14838318890815,0.202513521930174,0.125238609398433,0.173034372814745,0.321249202381868
1.14845224326527,0.202607397580513,0.12534734951482,0.172984403293255,0.321183645052437
1.14850307956127,0.202468369047811,0.125326415819285,0.172961093479647,0.321191841709324
1.1485757722855,0.202652944530991,0.125482153344974,0.172903315563659,0.321099961930714
1.14864400062838,0.202827533054028,0.125629128213194,0.172849181188774,0.321013441257482
1.14872930643707,0.203207466026702,0.125892089306345,0.172771788826145,0.320861712649619
1.1488173224904,0.203594339936988,0.126161579141976,0.172693324061363,0.320707140003751
1.14887996079035,0.203624569298789,0.12623318127567,0.17265224349904,0.32066317178811
1.14893518362442,0.203560863798394,0.126251910892417,0.172621332543565,0.32064868774015
1.14900578792588,0.203737379940414,0.126402459147737,0.172566901598398,0.320561066158802
1.14907296466309,0.203906798260769,0.126546548149042,0.172515208253689,0.320477389648848
1.14913997565424,0.204075761130947,0.126690357796499,0.172463863615553,0.320394056934954
1.14920687474512,0.204244625210602,0.126834112395993,0.172412816848026,0.320310941872405
1.14929105207615,0.204617198968215,0.127094919959,0.172339998069198,0.320163486823232
1.14937786254583,0.204996494107086,0.127362058908,0.172266205463255,0.320013311597642
1.14943926222717,0.205027747168358,0.127432534438625,0.172226809051462,0.319970609412999
1.14949223101935,0.204955053052837,0.127443433930506,0.172198049185614,0.31996040025002
1.1495788550685,0.205330303213971,0.127708801076636,0.172125516801788,0.319811907015942
1.14966466215649,0.205704469602888,0.127973539622554,0.172054494057505,0.319664662951333
1.14972521082283,0.205735519053171,0.128042898724786,0.17201608872474,0.319622892046799
1.14977803813873,0.205671750532615,0.128057528514192,0.171987014175715,0.319610613267338
1.14984632412511,0.205840494290427,0.128203149474953,0.171937397435072,0.319528140900273
1.14991135937349,0.206003840648931,0.128343279350743,0.171890188224244,0.319448977567153
1.14999339325783,0.206364316006151,0.128598811093106,0.171823675672183,0.319308175842147
1.1500780342128,0.206732038690549,0.128860893200911,0.171756212066123,0.319164547801318
1.15013793005055,0.206767704769864,0.128931712286139,0.171718652325908,0.319122462106822
1.15018981834241,0.206705856124047,0.128945628288862,0.17169017511445,0.319110529467437
1.15025671613734,0.20686630550751,0.129086304576372,0.171643110638803,0.319031776357378
1.15032080696726,0.207026494369293,0.129224488430793,0.171597900981318,0.318954695268868
1.15038461819291,0.207185937644169,0.129362122328592,0.171553085026336,0.318878074951259
1.15044827005744,0.207344940981248,0.129499466476041,0.171508581305592,0.318801770730201
1.15051159765515,0.207501775615855,0.1296354688169,0.171464576880005,0.318726346832099
1.15057473258511,0.207658017998137,0.129771066799863,0.171420906207614,0.31865129381752
1.15065462604756,0.208005802378402,0.130020606118071,0.171360182533142,0.318517007820297
1.15073715983865,0.208362228912615,0.130277424881456,0.171298465768063,0.318379529320469
1.15080295209793,0.208484688369347,0.130398102861688,0.171255465235506,0.318312500484156
1.15086536417102,0.20855353936856,0.130487880999728,0.171216427432087,0.318261355936468
1.15092537712523,0.208616206789376,0.130572358734666,0.171179038476068,0.318213115454398
1.15098219661829,0.208670682989688,0.130649812481085,0.171143809369906,0.318168707464898
1.15104567055749,0.208829229922839,0.130787332611566,0.17110137433777,0.318093782106063
1.15110751632148,0.208984021393985,0.130921569073926,0.171060190057272,0.318020789374165
1.15116918161286,0.209137823850489,0.131055214853521,0.171019310863031,0.317948234687965
1.15123070641824,0.209291232299541,0.13118859830015,0.170978714498648,0.317875962834689
1.15129227458704,0.209446344743391,0.131322980521317,0.170938229499384,0.317803331006863
1.15135373383887,0.209601146129311,0.131457169558698,0.170898007016399,0.317730944447949
1.15141471156622,0.209750788815486,0.131588318604285,0.170858350137491,0.317660203091151
1.15147552066587,0.209899777203691,0.131719036040208,0.170818982128889,0.317589817430881
1.15153621545954,0.210049718431882,0.131850189903644,0.170779865582083,0.317519384620764
1.15159670237252,0.210199109375746,0.131980932386264,0.170741059010665,0.317449303014351
1.15165713987855,0.210349655774315,0.13211229070701,0.17070244530295,0.317379068843734
1.15171741745249,0.210499753835097,0.13224333247588,0.170664112210282,0.31730913465659
1.15179409771915,0.210829822402848,0.132484695275582,0.170612100070406,0.31718418583471
1.15187330040809,0.211167692656509,0.132732788531211,0.170559271557813,0.317056368842918
1.15192712683537,0.211187462527331,0.132788664922114,0.170528324922774,0.317023806359533
1.15197408404355,0.211129206526498,0.132796802377007,0.170503016193971,0.317014893595902
1.15203682728127,0.211288966919056,0.132935309038622,0.170464116852665,0.316941862212017
1.15209639391636,0.211440643878475,0.133066890764556,0.17042733478482,0.316872598064266
1.15215518369086,0.211583107340255,0.133192980211649,0.170391258292752,0.316806099245213
1.15221377015441,0.211724448352734,0.133318348669431,0.170355472535339,0.316740076327259
1.15227244538849,0.211869677190937,0.133445893900344,0.170319792097359,0.316673172886348
1.15233089284383,0.212014318001609,0.133572982486981,0.17028441707613,0.316606629190759
1.15238918334471,0.212158522160962,0.133699753908943,0.170249302815019,0.316540369887484
1.15244731852188,0.212302301191757,0.133826214455166,0.170214445988735,0.316474390320012
1.15250550003495,0.212447889430872,0.133953741468528,0.170179704968566,0.316408025602799
1.15256356361477,0.21259313850783,0.13408103669582,0.170145199956161,0.316341901073656
1.15262117549195,0.212733837771847,0.134205553658965,0.170111135270175,0.316277215011124
1.15267862740007,0.212873973365909,0.13432967654319,0.170077321636335,0.316212840225644
1.15275251233836,0.213189117454899,0.134563633372505,0.170032050778723,0.316095417339366
1.1528287078499,0.213510786638539,0.134803439571529,0.169986159989109,0.315975590546688
1.15289060513812,0.213644347428793,0.134927823107665,0.169950891117563,0.315911259365866
1.1529463359906,0.213697539633078,0.135002718669934,0.169920027134507,0.31587058800392
1.15300004184175,0.213745554907257,0.135073092520039,0.169890335923731,0.315832231875254
1.15305054195506,0.213785428867401,0.135136355465633,0.169862465892307,0.315797502065558
1.15310835759644,0.213929111075423,0.135262962079467,0.169829709946197,0.315732851641383
1.15316453760475,0.214068891233159,0.135386136593657,0.169798017689533,0.315670060935096
1.15322053411564,0.214207418494273,0.135508534983809,0.1697665610145,0.315607734724388
1.15327640912364,0.214345598263506,0.135630686460962,0.169735326220075,0.315545641776912
1.15334812914886,0.214648951243107,0.135857957948543,0.169694407887797,0.315433791003098
1.15342223482409,0.21495984188772,0.136091692593842,0.169652846070363,0.315319254679629
1.15347293519595,0.214991819126323,0.136150460255652,0.169625633695893,0.315287000187154
1.15351498525752,0.21492981029022,0.136149603003766,0.169603538619558,0.315282772574564
1.1535728485117,0.215071403270756,0.136275425051294,0.169572090556414,0.315219392752661
1.15362778887393,0.215207709931394,0.136396001110351,0.16954233560022,0.315158792530714
1.1536983701106,0.215504613753896,0.136619735871144,0.169503644757669,0.315049823075956
1.15377137914844,0.215809741882456,0.136850357021269,0.169464303438901,0.314937982135733
1.15382358750112,0.215867464265027,0.136924610530102,0.169436800806875,0.314898960006955
1.15386371891404,0.215794650983469,0.136915400504311,0.169415909863267,0.31489875876682
1.15392009793056,0.215924658469652,0.137033734193996,0.169386236839791,0.314839579731802
1.15397434064189,0.216059491871567,0.137153156057298,0.169357780960754,0.314780217099996
1.1540279138316,0.216189313285871,0.137269278426389,0.16932976890199,0.314722466535338
1.1540812958847,0.216318346578106,0.137384841022008,0.169301985345897,0.314665076086009
1.15413537268233,0.21645659043567,0.137506183175341,0.169274042010923,0.314605171161023
1.15418939627987,0.216594818088348,0.137627515771442,0.169246278375043,0.314545380960682
1.15424264448041,0.216723663697753,0.137743008173793,0.169218937602007,0.314488288861783
1.15429567313185,0.216850507466521,0.137857232268427,0.169191815888601,0.314431856355335
1.1543485306419,0.21697780098394,0.137971562209248,0.169164973777399,0.314375529043918
1.1544011469136,0.217104571695014,0.138085429628192,0.169138387764193,0.314319524378912
1.15445352733198,0.217230712902314,0.138198783767012,0.169112044956824,0.314263857109422
1.15450567323261,0.21735622825997,0.138311626892769,0.169085943474425,0.314208524835021
1.15455798942864,0.217485527906485,0.138426771893039,0.16905994863543,0.314152283657587
1.15461014325667,0.217614384909095,0.138541569368017,0.169034164757935,0.314096301651028
1.1546620335025,0.217741030453967,0.138654943299403,0.169008600353942,0.314041037298361
1.15471382966297,0.217867588749433,0.138768225341825,0.168983208792339,0.3139859084253
1.15478112595157,0.218148248885404,0.138982794245099,0.168951144999295,0.313884883050867
1.15485047945104,0.218434013880502,0.139202163217486,0.16891867356017,0.313781979615184
1.15489640014468,0.218456527842896,0.139250689005098,0.168895908489007,0.313756044323681
1.15493520122346,0.218405814500397,0.139251195900258,0.168876060440449,0.313751742913042
1.15500424603714,0.21868737370434,0.13946809151842,0.168844176059964,0.313650249080674
1.15507275076115,0.218968932377531,0.139684839646809,0.168813105232477,0.31354927786159
1.15511884770386,0.218999806564907,0.139738179095546,0.16879066584958,0.313521453380207
1.15515889042171,0.218967590469382,0.139750039231846,0.168770530703833,0.313512183872003
1.15521074093441,0.219081848740594,0.139856431355198,0.16874624008118,0.313460881690123
1.15526135090483,0.219204667117169,0.139966917123853,0.168722747260859,0.31340799872524
1.15531157153825,0.21932648475771,0.140076551873551,0.168699548263579,0.313355600423198
1.1553616247762,0.219447853919846,0.140185825181633,0.168676543190391,0.313303453666182
1.15541144340865,0.219568148155962,0.140294313418006,0.168653760245704,0.313251749537886
1.15546108287399,0.219687936736366,0.140402395457175,0.168631172289063,0.313200314203877
1.15551066435426,0.219808575711139,0.140510947638925,0.168608755319491,0.313148772287059
1.15556008538583,0.219928796172414,0.140619158386809,0.168586524506725,0.313097468955702
1.15562471604475,0.220195188690536,0.140825348613595,0.168559084324123,0.31300271931395
1.15569132849349,0.220466574091741,0.141036197785371,0.168531297227307,0.312906168843737
1.15573538996276,0.220493279053268,0.141085097816989,0.168510672759743,0.312881024065939
1.15577134670297,0.220439332527679,0.141080081686773,0.168492635952762,0.312879648001536
