Baseline,transformer,mobilevit,lstm,gru
0,0,0,0,0
0.001436123161985,0.001436123161985,0.001436123161985,0.001436123161985,0.001436123161985
0.001916346030651,0.001916346030651,0.001916346030651,0.001916346030651,0.001916346030651
0.00189809770349,0.00189809770349,0.00189809770349,0.00189809770349,0.00189809770349
0.002540478821695,0.002540478821695,0.002540478821695,0.002540478821695,0.002540478821695
0.003836078433575,0.003836078433575,0.003836078433575,0.003836078433575,0.003836078433575
0.005028036327347,0.005028036327347,0.005028036327347,0.005028036327347,0.005028036327347
0.006092631992664,0.006092631992664,0.006092631992664,0.006092631992664,0.006092631992664
0.006980761702013,0.006980761702013,0.006980761702013,0.006980761702013,0.006980761702013
0.007736850154578,0.007736850154578,0.007736850154578,0.007736850154578,0.007736850154578
0.007962633988575,0.007962633988575,0.007962633988575,0.007962633988575,0.007962633988575
0.007937437954527,0.007937442769023,0.007937437483995,0.007937437497385,0.007937437488481
0.008584724184803,0.008584767403093,0.008584724592931,0.008584721626909,0.008584721829095
0.009899121464124,0.009899286123005,0.009899138154179,0.00989911502294,0.009899114811923
0.010294904497155,0.010295381485071,0.010294980684073,0.010294894636522,0.010294888354022
0.01027325534627,0.010274428433455,0.010273484582774,0.010273250438488,0.010273220551756
0.010571578228663,0.010574009220764,0.010572111240874,0.010571600470856,0.010571512476442
0.011198261129739,0.011202631970422,0.01119929646184,0.011198346999113,0.011198149854972
0.011777118739912,0.011784334474851,0.01177894519791,0.011777317151643,0.011776941911701
0.01230364546019,0.012314821855895,0.012306650642165,0.012304011893727,0.012303377609679
0.012640757401511,0.012657408852795,0.012645228403853,0.012641353127714,0.0126403624973
0.012877630621519,0.012901577753439,0.012883890923658,0.01287852620818,0.012877064082059
0.012936583774665,0.012970224548334,0.012945061071803,0.01293787023166,0.012935784321313
0.012904455436321,0.012950573205154,0.012915572695774,0.012906240121845,0.012903348123225
0.01291329186031,0.012974687044456,0.012927377954034,0.01291568561029,0.012911795755966
0.012970445401254,0.013050048835955,0.012987822636904,0.012973565283939,0.012968468969627
0.013006033588511,0.013107309622122,0.013027129603392,0.013010018430329,0.013003461109015
0.013024491529402,0.013151141836624,0.013049751750906,0.013029493227112,0.013021186960737
0.013027710741433,0.013183657493062,0.013057586968065,0.013033893063548,0.013023514278275
0.013014725149152,0.013204147536898,0.013049681292405,0.013022264310641,0.013009450144638
0.012998701382209,0.013225839927049,0.013039182128578,0.01300777619833,0.012992136844985
0.012965229869923,0.013234856698066,0.013011759854385,0.012976041897232,0.01295712827191
0.01281177570097,0.013131563416393,0.012865345082908,0.0128246465,0.012801781217443
0.012548944156988,0.012928182423007,0.012610719912722,0.012564266912527,0.012536617922712
0.012451351302104,0.012892165543155,0.012521237746369,0.012469239133128,0.012436448009206
0.012415972420022,0.012921980889515,0.012494186743939,0.012436638228373,0.012398160980277
0.012384149902679,0.01296077351711,0.012471252642405,0.012407886484018,0.012363002430812
0.012353505704669,0.013006801724869,0.012450091094843,0.012380601984681,0.012328549568229
0.012278936650764,0.013018230911414,0.012385999754403,0.012309800179386,0.012249554280687
0.012427928992329,0.013248200879613,0.012544193842295,0.012462329221244,0.012394122230605
0.012527500265854,0.013438523248826,0.012653871327029,0.012565870138412,0.012488662944832
0.01256817914552,0.013581676818777,0.01270569777337,0.01261107272411,0.012523590582905
0.012583612269371,0.013710097322168,0.01273304368354,0.012631569510555,0.012532565479405
0.012576787574827,0.013827251111865,0.012739001138333,0.012630396352326,0.012518498458999
0.01254447002033,0.013930885318031,0.01272051952228,0.01260436505324,0.012478038170605
0.012496106739542,0.014030260092395,0.012687013504101,0.012562902510822,0.012420568563045
0.012554145938357,0.014234204535332,0.01275900471308,0.012627773123354,0.012469235598364
0.012676789628684,0.014503318311976,0.012895021933846,0.01275727306267,0.012582103406609
0.012796583623522,0.01477786908169,0.01302859362336,0.012884307752581,0.012691262884157
0.012891994547825,0.015040143941979,0.013138586654073,0.012987510508639,0.0127749410857
0.012972726079278,0.015299739495738,0.013234615085919,0.013076584099777,0.012842837356172
0.013038526966659,0.015557349181598,0.013316490462395,0.013151365267748,0.01289461441129
0.013085079446521,0.015810102808482,0.013380042986261,0.013207661061404,0.012925803415956
0.013118768162103,0.016063970524129,0.013431572786117,0.013251872328083,0.012942739495731
0.013130784742721,0.016312217241069,0.013462520159511,0.013275328431118,0.012936357727878
0.013121299829177,0.016555604553806,0.01347317823007,0.013278252542554,0.012906648539727
0.013093560771631,0.01679727212876,0.013466853093877,0.013263902272606,0.012856710763692
0.013047822506916,0.0170378532433,0.013443804403913,0.013232572151452,0.012786588982711
0.012985300665414,0.017278664307409,0.013405159573193,0.013185516758901,0.012697284786176
0.012906682006836,0.017520537851098,0.013351621385337,0.013123481706306,0.012589239185163
0.012817714248036,0.017767949921111,0.013288822002045,0.013052192609359,0.012468064333194
0.01271687247098,0.018019853494481,0.013215344932283,0.012970214456486,0.012331909648686
0.01259214559773,0.01826800373972,0.013119722136787,0.012865860709394,0.012168028657191
0.012440368228063,0.01851095119388,0.01299908515805,0.012736187521737,0.011972621382264
0.012292938109212,0.018770302746234,0.012883608733302,0.012612000605378,0.011777777422467
0.012145067185906,0.019042083672923,0.012768676571409,0.012488651230643,0.011578197614185
0.011987369926993,0.019319818418786,0.012645380416088,0.012357062904815,0.011363604004952
0.011823070777125,0.019605444691079,0.012516844781967,0.012220449450171,0.011136807587142
0.011648283395968,0.019896450881056,0.012379452833655,0.012075141588294,0.010893034394108
0.011468421309444,0.020195948123697,0.012238375186319,0.011926484375096,0.01063729626624
0.011289693105273,0.020507073186967,0.012099445485051,0.011780533891666,0.010375540287502
0.011113348587161,0.020829843393694,0.011963766664141,0.011638526792538,0.010108416938275
0.010934559261112,0.02116102707554,0.011826789998569,0.01149589195021,0.00982979493103
0.010758156637278,0.021502679117397,0.011692968945745,0.011357284566765,0.009544030335864
0.010767576494294,0.021945947919477,0.011730567550846,0.011396032440948,0.009458971309075
0.010840881031801,0.022425100073991,0.011826435773108,0.011495674478977,0.009440716414512
0.01041318712223,0.022667339333119,0.011464461706935,0.011124953283879,0.008833105872218
0.009407429514125,0.022674086284066,0.010589451547239,0.010224386342922,0.007483549998444
0.009220310168391,0.023062849071366,0.010453913126142,0.010089410494505,0.007090508204399
0.009337696741587,0.023577869419687,0.01058664373852,0.010234562405774,0.007075789891053
0.009130545480394,0.023958616387263,0.010432756258853,0.010084251253373,0.00661377465258
0.008368882160145,0.024133376286293,0.009801254928884,0.009439897127694,0.005275805923362
0.008096250903996,0.024502113182009,0.009597043073203,0.009240006949111,0.004538509948444
0.008124486519583,0.024974404078878,0.009646438723634,0.009306098580698,0.004258532450881
0.008195207149802,0.02545304289074,0.009729505732608,0.009408799072927,0.004026000033482
0.008300945971721,0.025934691754324,0.009839069382826,0.009540733464099,0.00383459813531
0.008420690679229,0.02641187366451,0.009956675628273,0.00968327841212,0.00364557440876
0.008571614888633,0.026891164743208,0.010097589585195,0.009851729732527,0.003502081784499
0.008754704881052,0.027373282967116,0.01026322407579,0.010047272775359,0.003416046093404
0.008972425573298,0.027859709283869,0.01045622140511,0.010272298329156,0.003402633439134
0.009222408002018,0.028350015008183,0.010674174803855,0.01052518548753,0.003462286931989
0.009503071078221,0.028844386299397,0.010916512802716,0.010805123535542,0.003593040228836
0.009812912740539,0.029342789847044,0.011182692320719,0.011111119199844,0.003789947557171
0.010149359862259,0.029845245487027,0.01147114903155,0.011440974555324,0.004042780111378
0.010510369227357,0.03035169836242,0.011780651354312,0.01179296247651,0.004342399689676
0.010892469422609,0.03086164673161,0.012108498443185,0.012164215845984,0.004676750671262
0.011294337207199,0.031375141234011,0.012453843960161,0.012553760626242,0.005040239437776
0.011712783204983,0.03189164737743,0.012814088204633,0.012958899368194,0.005423935815242
0.012046381539295,0.032377897255445,0.013096083093033,0.013287975649482,0.005608608485464
0.012347663322072,0.032850758912982,0.013346984349481,0.013587832643177,0.005714363853215
0.012866680507841,0.033397468004031,0.013799498723731,0.01408580392974,0.006279249587544
0.013671802475244,0.034053219933685,0.014522520918232,0.014847968640478,0.007371259411773
0.014271725385999,0.034640352988241,0.015055463336452,0.015425158712407,0.00801946466883
0.014751118952311,0.03518038369494,0.015474454916692,0.015892688460278,0.008434504622313
0.015235427360492,0.035718808285183,0.015897967743397,0.016365332246055,0.008848893803192
0.015725464639333,0.036256002776659,0.016326609534788,0.016843098794067,0.009264248887559
0.016083342891125,0.036735458757872,0.016626686299409,0.017196861556791,0.009445490214441
0.016395903287468,0.037192923744718,0.016881232055497,0.017507358646708,0.009542099326078
0.016902957093304,0.037731191454051,0.017324305857049,0.017999598550221,0.009968950911305
0.017612355893895,0.038359844927573,0.017965713183025,0.018682968912104,0.010727598094543
0.018334510727563,0.039000253383485,0.018620515657643,0.019380676225089,0.011487571547712
0.019059573708407,0.039646129032458,0.019279038307733,0.020083572144076,0.01223528287936
0.019634484651167,0.040223325631304,0.019789106933284,0.020645633762676,0.01273570362689
0.020145571210913,0.040767687419662,0.02023512942263,0.021147215161512,0.013130795754382
0.020765420525183,0.041360773732239,0.020789084037744,0.02175190777063,0.0136878304458
0.021426639469058,0.041971848134483,0.021384334700161,0.02239568053345,0.014300369784086
0.02185013491235,0.042461525427308,0.021739998082988,0.022811504859997,0.01454721121162
0.022178548322148,0.042897105483611,0.021997662745771,0.023135267915052,0.014644207256857
0.02300709491222,0.043579859384328,0.022759593225512,0.023937975210737,0.015494803131699
0.024402800221264,0.044563624227936,0.024097625106523,0.025288187578277,0.017156231056665
0.02532132492571,0.045303502090138,0.02495250597816,0.02618106812641,0.018097811516836
0.026003401767655,0.045908958599229,0.02556628495433,0.026845982628875,0.018697101840243
0.026687313779561,0.046504388521153,0.026180912116639,0.027511914997265,0.019293223509775
0.02736910232524,0.047087929441858,0.02679201711689,0.02817429019381,0.019880700900267
0.02779796213572,0.047517729086237,0.02714191924864,0.028589217526649,0.020111744255114
0.028130334040088,0.047882609942454,0.027390014360113,0.028908642375941,0.020202326684712
0.029150791713568,0.048639659210129,0.028345572561349,0.029897369199767,0.021249400157514
0.03088731889467,0.049832338262294,0.030039907273257,0.03158740812387,0.023253037515511
0.032016979608767,0.050670780075884,0.03110830076173,0.03268764294496,0.024413051437909
0.032866782239227,0.051329292080485,0.031886844527485,0.033514676762854,0.025195302301618
0.033685605745447,0.051954605918189,0.032631723525325,0.034310496684766,0.025931319300096
0.034483305788239,0.052552788055953,0.033353039649656,0.035083761539467,0.026634561255408
0.0352943250615,0.053147788659681,0.034086546370676,0.035868097092374,0.027350694880467
0.036099254620904,0.053729062486406,0.034812500699364,0.036644786107117,0.028054862701281
0.036573540145412,0.054081843982901,0.03519292788273,0.03709425322168,0.028326179807011
0.036910696948327,0.054332675275232,0.035427309307584,0.03740717598854,0.028413886463774
0.037662091225487,0.054854151965427,0.036091928895819,0.038128584981083,0.029039490488508
0.038817051377758,0.055651063185822,0.037178133068708,0.039249995977393,0.030187452637039
0.039957043336925,0.056444530032172,0.038248212021061,0.040358685428198,0.031309326241547
0.041067548338702,0.057221764215369,0.039287015041143,0.041440082341824,0.032387790986879
0.041640145875084,0.057615648712685,0.03976073299408,0.04198891384008,0.032774627031088
0.04198494756361,0.057838055543308,0.039992690357619,0.042311070554284,0.032865372264029
0.042874617210493,0.058444982853866,0.04079669212345,0.04317318965603,0.033653351200098
0.044332412502704,0.059468807757779,0.042199355783236,0.044599826697887,0.035163424573727
0.045237516642524,0.060091454972862,0.043019076867647,0.045477317337647,0.035963931702951
0.045903514730392,0.060533145672802,0.043585441169939,0.04611702503223,0.0364591251706
0.04656597663088,0.060966341916496,0.044146462295304,0.046753088693619,0.036947356058882
0.047226137306811,0.061392300488191,0.044703359851243,0.047386529843828,0.037430028616848
0.047664493011415,0.061643778168413,0.045022887498244,0.047798282304507,0.037626980758365
0.048020663024386,0.061826409475295,0.045252333327753,0.048127417891649,0.037714081417404
0.04867542754597,0.062235351044448,0.045797862790815,0.048754376800813,0.038180713890718
0.049620675907782,0.062870912044703,0.046652450910069,0.049671890995733,0.039018394250687
0.050558242269834,0.063504263848878,0.047498094816566,0.050582582242611,0.039843922481119
0.051478869583097,0.06412672218926,0.048325002769266,0.051477364526599,0.040645801934717
0.051999519946039,0.064429347170044,0.048722708793648,0.051972336004017,0.040933772626349
0.052369656802024,0.064606231964958,0.048956772441875,0.052316214093599,0.041024507409479
0.053310373279532,0.065239575583491,0.049802250850945,0.053231162175601,0.041846497978303
0.054974624446681,0.066467497292514,0.051425029639164,0.054871437760286,0.043591315542076
0.055744146944572,0.066966038405479,0.052086090038801,0.055614710321621,0.044190467612134
0.056127129140948,0.06713749508108,0.052329699847402,0.055969702585942,0.044294666677095
0.05698525098221,0.067694770968259,0.053083213492434,0.056800575030514,0.045002612664569
0.058316970249325,0.068647000002124,0.05434639101255,0.058106226318343,0.04631179729297
0.059244763263219,0.069257936251647,0.055173147695585,0.059005658642758,0.047104170161488
0.059981734746341,0.069700330643081,0.055792893455766,0.059712788393134,0.047652737616008
0.060462149562648,0.069912986083385,0.056133597214544,0.060160894746897,0.047871927293019
0.060846950983577,0.070032495079307,0.056367754026477,0.060511405114361,0.047964214950656
0.061719024338519,0.070567017175001,0.057127991033252,0.061351575496864,0.048676895752244
0.063069471685914,0.071520085726719,0.05840666002573,0.062673881157558,0.04999879329641
0.064379086729173,0.07244248212076,0.059640313271593,0.063956113347787,0.05126506219489
0.065626326484234,0.073311158303726,0.060805815725224,0.065176308536344,0.052449688436045
0.06628691648307,0.073650064644628,0.061333470580027,0.065804806110099,0.052890528704068
0.066683066213653,0.073737802829506,0.06157113032242,0.066165164161855,0.052992788999365
0.067801534080513,0.074466363082478,0.062592906284898,0.06725269861299,0.054008862086181
0.069719787801113,0.075924186155556,0.064484035019359,0.069146613467026,0.056031148280071
0.070948522358608,0.076755420834949,0.065624391959218,0.070344134151044,0.057179746926516
0.071839947057408,0.077270620797518,0.066397283994399,0.071200529477162,0.057904432213421
0.07237389975448,0.077442443244061,0.066779202393255,0.071694621787309,0.058178367506295
0.072768588663012,0.077470711482456,0.067006215794822,0.072046365267703,0.058272727217642
0.073792225130177,0.078080908920792,0.067917698124635,0.073033089917675,0.059156984486671
0.075445530260583,0.07928856313592,0.06951599631641,0.074656921698717,0.060830695173069
0.076507072149528,0.079938529869427,0.070467479866313,0.07568254538651,0.06175940877862
0.077304227596865,0.080333574956775,0.071129518269417,0.076440989150699,0.062356576227292
0.078090875765963,0.08071292191106,0.07177868028271,0.077188740034055,0.062939079297773
0.078867908301094,0.081077507058293,0.07241581855687,0.077926383085332,0.06350774722947
0.079376613868389,0.081175185377302,0.072756843235425,0.078391462248985,0.063737025306275
0.079780446568312,0.081163282514527,0.072980069800285,0.078749475307417,0.063830414369831
0.080650045011811,0.08160552385105,0.073713841342992,0.07957974610575,0.064509381906037
0.081983732565153,0.082509754778022,0.074957863543403,0.080881551421075,0.065773021511889
0.082933375312527,0.083036492023066,0.075778502038628,0.081794367105075,0.066551120879181
0.083647487422416,0.083327644580777,0.076338883719145,0.082468869192585,0.067031645633537
0.084345677048264,0.083599789765587,0.076880430319435,0.083127552398304,0.067490460947991
0.085035600103416,0.083860273395805,0.077411430516025,0.083777641073664,0.067936870199207
0.085808483661829,0.084202583131932,0.078032916038705,0.084511707479231,0.068486572285987
0.086619051572973,0.084582155852422,0.078695193998837,0.085283877349871,0.069082742816739
0.087408277613818,0.084938914318622,0.079333085755957,0.08603430411514,0.069650912934533
0.088173006687568,0.085268786282588,0.079942944423866,0.086759836269966,0.0701870743202
0.089058051273017,0.085721598269286,0.080685624968179,0.08760791174955,0.070875418536021
0.08997440532438,0.086205620391326,0.081462521912231,0.088487880759317,0.0716029640789
0.090544717572221,0.086323987481177,0.081853368271181,0.089015042975113,0.071889083856443
0.090972159181549,0.086285015404665,0.082082992177337,0.089395874397902,0.071990046096548
0.092014232789185,0.086891514023636,0.082997314320817,0.090402723454373,0.072874562416355
0.093860221297476,0.088356293204451,0.0848085718267,0.092229401885895,0.074782542223596
0.094755083067406,0.088812221107246,0.085558350718047,0.093086619041115,0.075478514088083
0.095190483681732,0.088772491119655,0.085794336536452,0.093475409604802,0.075589372136161
0.096123090727425,0.089261660300312,0.086584641251932,0.09437124121881,0.076331711557731
0.097779859198427,0.090534636160216,0.088184102147244,0.096005923848183,0.07799447081158
0.098864372154066,0.091190960712858,0.089143534842385,0.097056615804769,0.078928624938868
0.099672244423413,0.091545472591898,0.089793566988145,0.097825007449303,0.079512095741023
0.100208249559162,0.091597016440186,0.090138198841336,0.098315320179516,0.079748716588202
0.100639192742955,0.09152510873994,0.090362777104711,0.09869738438854,0.079848255021538
0.101549604075335,0.091977869355874,0.091123636317244,0.099568753767425,0.080557253003355
0.103002483474006,0.093034488749551,0.092493188817817,0.100994769888646,0.081957232628299
0.103743419476057,0.093302099225004,0.093062666546889,0.101693714625636,0.082449354065507
0.104182658617422,0.093229963849147,0.093291716263325,0.102084678850989,0.082555401170913
0.10487958052424,0.09344263731175,0.093809022652603,0.102739298378664,0.082988317519719
0.105911455644963,0.094032603179865,0.094702851395475,0.103736786047679,0.083848686488749
0.106928478454176,0.094608220477236,0.095579398360822,0.104719491891484,0.084689406260748
0.107920081078509,0.095157565964301,0.096427019426331,0.105676734747356,0.08549747825088
0.108523249669731,0.095263776458181,0.096835395865486,0.106236656894511,0.085807569052937
0.108966851113918,0.095183315884364,0.097061602937248,0.10663307776715,0.085910598666736
0.1097483270807,0.095488619469311,0.09766869217974,0.107375383696288,0.086445635059392
0.110871814830691,0.096190495271741,0.09866276068468,0.10846822271717,0.087419727766676
0.111657078541338,0.096502495638681,0.099272763905245,0.109214876076942,0.087958064976145
0.112290887701,0.09663811603973,0.099710074857426,0.109806714151591,0.088300591953955
0.112790829123949,0.096614553452047,0.099993639438529,0.110261461563841,0.088468255082373
0.113242271143077,0.096530046445302,0.100219816255468,0.110666411868908,0.088570015747403
0.11398957644807,0.096792628754602,0.100781715975578,0.111374902444361,0.089053028157113
0.115004432422628,0.097373875036905,0.101648338723223,0.112358218984107,0.089882362475787
0.115732360788216,0.097616051568253,0.102186578466792,0.113047541301709,0.090338276978451
0.116335892210285,0.097709696546967,0.102581579396759,0.113609647787417,0.090631292883111
0.116833592609986,0.097674203202875,0.102853687106956,0.114063331680497,0.090784068130581
0.11729539231022,0.097592063121685,0.103082485043805,0.1144801547591,0.090886752663805
0.11785758568468,0.097628555565696,0.103424600738298,0.115000056744943,0.091117822865851
0.118623777165238,0.097912480713805,0.104000124906615,0.115729665184594,0.091614667857423
0.119393878881591,0.098202050820187,0.104579086624939,0.116463541254057,0.092115061238746
0.120164359216802,0.098493222142335,0.105157465019467,0.117198235172865,0.092614578281454
0.120724122120101,0.098525034796723,0.105490997877764,0.117716700040583,0.092834231491799
0.121200184236783,0.098451437745622,0.105725723868445,0.118149408958257,0.09294027191171
0.121675155760107,0.098373769974523,0.105956958748754,0.118581184433697,0.093041322015773
0.1221505668116,0.098293953390475,0.106186419778618,0.119013476164419,0.093139237718342
0.122641235582062,0.098230723583061,0.106431300275455,0.119461488976911,0.093253688579361
0.123148199742748,0.098185801495552,0.106692849640665,0.119926357788858,0.093386167337638
0.123640217101492,0.098119854517745,0.106934548498576,0.12037597039793,0.093494769415189
0.124133982682299,0.098054136178388,0.107175931054249,0.120827622285843,0.093601941729557
0.124810830139175,0.098221667545918,0.107630038182333,0.121468292074714,0.093953275655573
0.125706829805495,0.098672163717616,0.108340470022561,0.12233530507745,0.0945995993222
0.126579772648799,0.099096420141773,0.109023826839189,0.123179122518396,0.095214926060155
0.127416837051086,0.099477111567923,0.109665292722409,0.123986463952977,0.095782442489042
0.128221243161254,0.099816432190873,0.110268463971881,0.124760217627666,0.096306138752582
0.128995030072847,0.10011525465726,0.110835407120171,0.125501955578751,0.096788253767389
0.129780190198086,0.10042715175306,0.111415301235222,0.126254614517713,0.097285343648456
0.130556709093965,0.100725778854247,0.111984426681833,0.126997485575519,0.097770067266426
0.131342083398673,0.101034112532279,0.11256336157216,0.127748775363508,0.098266176407573
0.13211999210999,0.101330956624348,0.113132745976714,0.128491946813002,0.098751456669631
0.132900325251081,0.101629544184401,0.113704215247994,0.129237521640669,0.099239380986038
0.133672056153233,0.101915509275876,0.114264732078405,0.129974395839373,0.099714886368293
0.134443798374026,0.102200424102927,0.114824492004501,0.13071161530913,0.100189695710918
0.135207609261745,0.102473889865479,0.115374053178745,0.131441042237592,0.100652905304994
0.135968575280141,0.102742795731886,0.115919436360284,0.132167933619129,0.101111421519538
0.136721690222476,0.103000531646454,0.116454677360031,0.13288711724794,0.101558324695962
0.137306369847384,0.103030592166152,0.116788377487239,0.133432790339097,0.101772643739496
0.13782264020792,0.102965394908274,0.117038819841866,0.133908110766858,0.101890381617582
0.138540714291279,0.103170997545762,0.11752838023898,0.13459209398969,0.102283910134316
0.139461343839677,0.103652016918328,0.11825895945077,0.135485721223668,0.102955833460035
0.140370917948118,0.104119999644098,0.118975933143833,0.136368623461508,0.103612122173186
0.141262846176815,0.104566094641673,0.119671649729002,0.137234095947602,0.104244096052534
0.14202393490208,0.104834392513421,0.120210432367003,0.137965071223116,0.104694961726533
0.142726246891264,0.105021859438974,0.12067809279958,0.138635663620354,0.105063662724498
0.143301411123601,0.105032627840667,0.120991964965586,0.139174937646422,0.10525432293122
0.143827255186579,0.104972297164874,0.12124479805402,0.139663134820625,0.105373747457829
0.144489715182988,0.10509901540708,0.121660239509014,0.140292444073037,0.105680757778051
0.145329929911043,0.105472901846417,0.122288647163534,0.141105669914452,0.106234141284062
0.146164569184369,0.105840246977715,0.12290961746121,0.141913694131918,0.106778956299459
0.14698818723142,0.106193682630923,0.123516803268043,0.142711112221061,0.107307978390795
0.147607477384627,0.106260667196465,0.123876384830532,0.143298054672665,0.107550173641721
0.148143694951254,0.106208779726695,0.124133991440527,0.143799543687546,0.10767374048947
0.149212500023291,0.106909025049643,0.125035526221144,0.144851745411184,0.10854375334091
0.150798183597863,0.108342991428785,0.126562973239218,0.146438346985213,0.110138169638589
0.151966821605793,0.109194124691599,0.12758737434707,0.147594435872052,0.111150773871794
0.152870379533051,0.109675744825205,0.128293114200912,0.148476801789405,0.111796354467409
0.153773826225954,0.110157125148128,0.128999147134209,0.149358434150517,0.112442605134274
0.154666764552696,0.110622353913677,0.129692250885395,0.150228140473316,0.113074032180118
0.155534998094628,0.111051668327376,0.130355101734607,0.151071229734599,0.113670749331706
0.156379486234109,0.111446982295264,0.130988979996515,0.151888936790718,0.114234243828821
0.15713342431003,0.111713423991499,0.131512860275261,0.15261260891208,0.11467111397151
0.157847415096533,0.111922077130085,0.131987459220678,0.153294816136582,0.115051385272885
0.158429938975521,0.111940448780413,0.132300718017578,0.153841226071852,0.115245349183692
0.15896284697777,0.111884780496964,0.13255162172569,0.154336713274738,0.115366925388854
0.159729370332045,0.112164441814484,0.13308545598344,0.155074351975153,0.115815460284016
0.160732406634492,0.112786735272189,0.133906714453296,0.156057407788856,0.116596336417745
0.161476616352941,0.113036045803553,0.134411478011513,0.156773980765458,0.117011345634048
0.162116421193133,0.11313438618838,0.134787761955452,0.157383626132878,0.117277774907888
0.162754223412843,0.113225604285283,0.135156010472951,0.157987672115801,0.117535661560058
0.163392554022608,0.113315474517746,0.135521748206024,0.158591006730013,0.117790754488573
0.164034002315965,0.113397950664859,0.135876932723375,0.159184880538642,0.118036279357057
0.164677485961033,0.11347879003377,0.136228522030969,0.159776390487262,0.11827835139274
0.165255710917388,0.113471454926266,0.136508427680446,0.16031073359657,0.118434581253008
0.165810021565867,0.113432317910723,0.136762866833879,0.160826394221173,0.118559417680917
0.16653947674877,0.113613406958689,0.137187223125089,0.161479221286332,0.118891258447823
0.167446311621435,0.114020433227579,0.137784861268041,0.162271433197625,0.119434295187229
0.168168512806515,0.114163730835999,0.138165205977667,0.162884822982944,0.11972204705425
0.168814965765271,0.114202664184054,0.138460471299211,0.163430125044933,0.119908376372696
0.169473923953092,0.114242549780339,0.138749719956947,0.163968757648894,0.120091757783442
0.170136197515819,0.114285740650017,0.139040080298961,0.164509639721544,0.120276205932474
0.170816603908678,0.114329395210464,0.139320712838619,0.165038976324302,0.120455761222405
0.171501161460373,0.114375978090667,0.139601252776204,0.165569190739946,0.120635480674526
0.172122317280493,0.114372810986934,0.139855625232071,0.166088227903805,0.120771694866416
0.172714070559957,0.11435371787814,0.140106288739275,0.166611780590062,0.120895008549716
0.173504847008523,0.114521495888645,0.140468059633322,0.167206865423248,0.121178299621926
0.174534388734587,0.114913321939787,0.140960078841264,0.167883501597731,0.121651246121609
0.175386871044015,0.115062722869403,0.141261033177262,0.168408772837075,0.12189338071229
0.176139699735318,0.115085447639596,0.141465364624531,0.168860748970925,0.122015328888275
0.176879432906057,0.115112650273492,0.141679857419876,0.16932747752768,0.122142060893092
0.177606150255095,0.115145730179683,0.141906490546916,0.169810883078954,0.122275418078756
0.178383090664929,0.115185213019789,0.142110225010223,0.170262987360994,0.122400320651299
0.179171772652986,0.115231396962792,0.142312598273479,0.170713142164337,0.122526141582214
0.179992327064268,0.115283762654623,0.142501084776447,0.171144763461663,0.12264680229446
0.180814999009289,0.115342900126666,0.142693305510112,0.171581606626185,0.122770480531098
0.18152773145665,0.115368261409646,0.142908224553611,0.172066509852721,0.122882955973206
0.182184894741119,0.115385203382604,0.143145215203634,0.172587427347488,0.122999121857587
0.183058559172968,0.115496301803335,0.143361217912125,0.173043329071475,0.123156322168261
0.184204600489372,0.115724118200169,0.143544612057042,0.173409932045164,0.123359931145706
0.185325587219666,0.115960093125599,0.143746624279402,0.173801575720179,0.123573162290871
0.18641816152204,0.116200118879095,0.143965067784828,0.174216803597474,0.123792947918051
0.187518872459039,0.116470650714967,0.144209011122166,0.174656400963933,0.124038438621298
0.18859646720306,0.11674568439277,0.144467118760023,0.175115854603816,0.124290006452699
0.189730306111709,0.117057204089112,0.144725855247481,0.175563567003581,0.124558198035588
0.19085932111658,0.117372255134066,0.144984961829884,0.176012555400754,0.124824914405668
0.191740062735866,0.117519216790439,0.145199852607995,0.176474472943233,0.124976253712333
0.192483790660545,0.117586183366231,0.145406594678754,0.176960291305658,0.125078496884976
0.193799101666861,0.118067312489586,0.145724845899894,0.177425284101959,0.125453163057737
0.195675322650097,0.118959646566783,0.146150194811933,0.177864905771935,0.126093980056902
0.196796158704331,0.119296606019546,0.146407908749673,0.178314306187433,0.1263532506877
0.197578747033061,0.119392472630729,0.146600560188642,0.178779300143458,0.126450423834263
0.198930939147315,0.119883366199288,0.1468715355234,0.179188344254747,0.126788805030593
0.200967982661379,0.120853563709882,0.14723398426197,0.179524087592327,0.127416052388384
0.202174328306536,0.121240002694496,0.147460112488853,0.179922753788887,0.127667808922496
0.20299674222011,0.121364493988952,0.147634196930819,0.180362843386274,0.127755432921321
0.204426834959818,0.121849500935077,0.147803987228811,0.180653501369858,0.12801793424916
0.206505195215751,0.122728484415261,0.147970812876543,0.180782853565677,0.128470237086929
0.208219299015904,0.123325817760988,0.14804135751459,0.180905020731963,0.128722897897633
0.209724203601387,0.123775056051323,0.148070443638397,0.181037159490663,0.128873538093176
0.211162281169935,0.124209201712162,0.148120757842382,0.181206092225395,0.129023452022224
0.212533478315355,0.124629059364226,0.148195272206921,0.181415037383076,0.129175049457507
0.21361417435807,0.12489796475087,0.148298678141515,0.181725925117778,0.129264855197448
0.214533215074929,0.125093074964615,0.148432025464705,0.182108301888415,0.129332341630993
0.216168632032485,0.125658304931502,0.148456241824955,0.182202355577849,0.129512263829894
0.218523685985427,0.126608158205097,0.148373807756476,0.182004579287326,0.129810486091486
0.219933205951129,0.127071797787253,0.148425736536087,0.182181491888213,0.129946510700979
0.220912282204966,0.127313889172536,0.148541636454003,0.182534221478778,0.130009441511772
0.222569070511472,0.127991384307699,0.148650311348333,0.182700911921287,0.130272166937766
0.225223969134856,0.12931482851771,0.148745148825524,0.182583813506709,0.130829155227473
0.227298912980808,0.130212074504888,0.14875589113973,0.182536221930395,0.131127869915021
0.229043829159022,0.130876450568534,0.148728993987435,0.18253913752144,0.131288236299416
0.231023152650465,0.131941146104654,0.149027389913168,0.182790358790924,0.131826147031589
0.233036976561363,0.133131355409509,0.149456983604884,0.183155277069973,0.132496853439456
0.23494097980421,0.134241487148296,0.149864947458016,0.183524554959077,0.133112777404696
0.236731579632735,0.135262293877372,0.15024085687945,0.183888804867168,0.133663451942844
0.238100171960794,0.135873034487254,0.150422619592292,0.184178831754077,0.133901219688893
0.239209417675752,0.136250334621185,0.150508778803344,0.184446606539852,0.133968197395824
0.241296767798925,0.137655022645594,0.151110092961317,0.184930409692818,0.134821009329325
0.24436394093898,0.140085507304382,0.152229619966832,0.185628430261662,0.136460098264303
0.246103770535996,0.141132170596278,0.15263178958121,0.186006293393179,0.137017605729837
0.247241125806456,0.141562349838183,0.1527151767337,0.186244964784455,0.137092256199726
0.249311369033371,0.142891236590252,0.153177243994103,0.186574224705436,0.137808805105955
0.2523546447856,0.145163616985142,0.154048206723266,0.187007105956777,0.13920579459864
0.254754646196623,0.146737756304367,0.154521591227753,0.187235427418324,0.140033881473046
0.256769372589169,0.147911839218,0.154774329004906,0.187357184167597,0.140538785080434
0.258838531028902,0.149126658183833,0.155019872576324,0.187449959053722,0.141053849926772
0.260866981876135,0.150320922802304,0.1552643798171,0.187549405399757,0.141554563491716
0.262968188551658,0.1515777764533,0.155517740866179,0.187630086855564,0.142085442775733
0.265043188621214,0.152824453425001,0.155772861192927,0.187715859182067,0.142608734058579
0.267189878152853,0.154134192725697,0.156040150451247,0.187785899915927,0.143164647769362
0.269303783938363,0.155427690573644,0.156308301080386,0.187862000985169,0.143709981476793
0.271588979149081,0.156866292192063,0.156610905879582,0.187911386023499,0.144339666605503
0.273869787430097,0.158311970960657,0.156921447727686,0.187963827369567,0.144974125634267
0.276018560992332,0.159662008144991,0.15721713734964,0.188038715514957,0.145552368536595
0.278032342455737,0.16091120086828,0.157493468677151,0.188133384608694,0.146069481468776
0.279584750367722,0.161755362510237,0.157624711312333,0.188232478899328,0.146308952665825
0.280866806802468,0.162369108908174,0.157680834694976,0.188344152318908,0.146394241912909
0.282850543336407,0.163633788257617,0.157996807834244,0.188475216728963,0.146935203131847
0.28576227377024,0.165756342709131,0.15865642461118,0.188628177150538,0.148078041165875
0.288530009527521,0.167763667974937,0.159290758316239,0.188796460623832,0.14915043302841
0.291152618012547,0.169650252285972,0.159890717183883,0.188972203131591,0.150144561629657
0.29353330536143,0.171282134273851,0.160342877176235,0.1890757686154,0.150929679195743
0.295730403715129,0.17273768264665,0.160708429785226,0.189149461479879,0.151579536557678
0.297358179795363,0.173680302889714,0.160869882931037,0.189212295288298,0.151867887156807
0.298666456982495,0.174335905555133,0.160916567160323,0.189268684572081,0.15195322478128
0.300993436434931,0.175999871058942,0.161469365474988,0.189469276724786,0.152810154221227
0.304329706128423,0.178662519354669,0.162533931473302,0.189819333955529,0.154437338216384
0.306931225839785,0.180568571385368,0.1631783181865,0.189999507642169,0.155459258217862
0.309150401084032,0.18208809519652,0.163610743482487,0.190095615074064,0.156173777909559
0.311434785638545,0.18368588630198,0.16409896953297,0.190218525787176,0.156958104796303
0.313657892227703,0.185231750145865,0.16456905306159,0.190339207124424,0.157707402388939
0.315312290854984,0.186230755273176,0.164766778253431,0.190385925759593,0.158039427755652
0.316651382231586,0.186925359308647,0.164809441326693,0.190386847009529,0.158137162168084
0.318956482758581,0.188635762660414,0.165464344544062,0.190650705923227,0.159075013880557
0.32225519486152,0.191387059213431,0.166755192590973,0.191190214157682,0.160878190388811
0.324843172810941,0.193365658666889,0.167549391071813,0.191479073063437,0.162023906885032
0.327057694628327,0.194943609076655,0.168087174543557,0.191637931584886,0.162830265152874
0.328731834543416,0.195980759692767,0.168318522156935,0.191679765704443,0.163202919747814
0.330098979353574,0.196708441818092,0.168369634658427,0.191647821410984,0.163324880474123
0.332398925466967,0.198441889543139,0.16908090663577,0.191938879471041,0.164310817118355
0.33562521354416,0.201169240317703,0.170451887106702,0.192555112119087,0.166154002638072
0.337605036447487,0.202557578092417,0.170940940214968,0.192727593134182,0.166848046074368
0.338989898285957,0.203307805537983,0.171004405128223,0.192681072060974,0.166992514692169
0.341050546572296,0.20481898169683,0.171617268849816,0.192942394843595,0.1678206942724
0.343796651471098,0.207096680544174,0.172785839817237,0.193514787184293,0.169338278950315
0.346405464837251,0.209219088343182,0.173847764870002,0.194024896758995,0.170720917628122
0.348878084586568,0.211185790538337,0.174797709318299,0.194466132743857,0.171965894637156
0.351165301773496,0.212959314209235,0.175625294217354,0.194846969316133,0.173050312538458
0.353293921974049,0.214560310252132,0.176332551483382,0.195158767878713,0.17398522753662
0.355455645620243,0.216213731409563,0.177097899047323,0.195515552846161,0.174981289757654
0.357550159865307,0.217795361719105,0.177815157244461,0.195844017461054,0.175917423693892
0.359685957177555,0.219438898224773,0.178598972712032,0.196223625902528,0.176923788889806
0.361758741144371,0.221014000534947,0.179335650985119,0.196574248532413,0.177872242749203
0.363869794534078,0.222647675593214,0.180137323594144,0.196975868622804,0.178888364549819
0.365915837211961,0.224209268111971,0.180887258679022,0.197344287153676,0.179842260048558
0.368000749772498,0.225830408671218,0.181703983272397,0.197765762719595,0.180865380723897
0.370022804675869,0.227380954612953,0.182468711356105,0.198152899958662,0.1818269811603
0.371664186567859,0.228475811151861,0.182847673357064,0.198271691773593,0.182351109675128
0.37307685233767,0.229298365543203,0.182995794432053,0.198228225375861,0.182614756989983
0.375082774847979,0.230914672280676,0.183913515252262,0.198778118348721,0.183704207735804
0.377686048476161,0.233319904597823,0.185594689023603,0.199917507531306,0.185612195375463
0.379490340945798,0.234667089514225,0.186259375535527,0.200267618842595,0.186430929318552
0.380898061385089,0.235499091280502,0.186434692770996,0.200238361074881,0.186724727830143
0.382889619474492,0.237085245762206,0.187325005175938,0.200752036906291,0.187792496686023
0.385469970122127,0.239423188937719,0.188927289839408,0.201807501883623,0.189630013563204
0.387257884489251,0.240754356185701,0.189590715669263,0.202149293655272,0.190450232885293
0.38865507952472,0.241592596497377,0.189794108946355,0.202138170544835,0.19077423728472
0.390520049669524,0.243087578107594,0.190682073820616,0.202690629842958,0.191807811477279
0.392863219609177,0.245244176071211,0.192256945443557,0.203809037581721,0.193553386607502
0.394969629727461,0.247058923226478,0.19347099864033,0.204621993237536,0.194930492013964
0.396897745967004,0.248623262148573,0.194425469856138,0.205215910023854,0.196041772853364
0.398713649111498,0.250038947586288,0.195233570144259,0.205689197145551,0.19700132665902
0.400417697267844,0.251306667685692,0.195894635865852,0.206040230387248,0.197809436939567
0.402173980154235,0.252691149220156,0.19672072473112,0.206552788132581,0.198771343730387
0.403887646681239,0.254035465511207,0.197523305571009,0.207053796438834,0.199704053042235
0.405380959823688,0.255077489704964,0.198009961313976,0.207285635490759,0.200315621146789
0.406718366429025,0.255909612198419,0.198279169402064,0.207332003497986,0.200706582530696
0.408330417676586,0.257226892472364,0.199160310540875,0.207955909190204,0.201682390871073
0.410252137591495,0.259072911232029,0.200698804251953,0.209197662524223,0.20328870970153
0.411989199058185,0.26055939401574,0.201759598460652,0.209969465305612,0.204452757683453
0.413594606349883,0.261820855514255,0.202540639064612,0.210473400129979,0.20535319310074
0.415135372489631,0.263073891971832,0.203388359733275,0.211078938019699,0.20629233726771
0.416598080545902,0.264249142426423,0.204180247442007,0.211650758754599,0.207166801762736
0.417950973621143,0.265216256925024,0.204693675557177,0.211944727384412,0.207787212283009
0.419203004415056,0.266018744709508,0.205002815538212,0.212042263979953,0.208217279489723
0.420519322479079,0.267123772234012,0.205836122434109,0.212716533770949,0.209095828503207
0.421916893556558,0.268544480250392,0.207199818341533,0.213969212991667,0.210431728971723
0.423331134442235,0.269837785683136,0.208282021349006,0.214886230288121,0.211548937462996
0.42471412485928,0.271011428186438,0.20915891060386,0.215576518368897,0.21249636332268
0.426020489474711,0.27206591814402,0.209889286423578,0.216128343934818,0.213308868474266
0.42724741417137,0.273000051743629,0.21047404702549,0.216543181432787,0.21398609248085
0.428449249782274,0.273861669737998,0.21093965864341,0.21682726733586,0.214564875043686
0.42959034122284,0.274620555707951,0.211271324767779,0.21697727324302,0.215022347456399
0.430731821110376,0.275570265702752,0.211987395352511,0.217573600155061,0.21579383465384
0.431901325138368,0.276774366267093,0.213182952086327,0.218716799854737,0.216963236030629
0.43304046334536,0.27768806454529,0.213825072791321,0.219219352727895,0.217681118047376
0.434121726806793,0.278418604888713,0.214166173238912,0.21938809602044,0.218143945401916
0.435201220616607,0.27930467691463,0.214823909853824,0.219926377033483,0.218865557884184
0.436312564318287,0.280438082217677,0.215943450419044,0.220992417708342,0.21997178517345
0.437390237363772,0.281313345873589,0.216577741288568,0.221497000872584,0.220681464415904
0.438411802847783,0.282016272692477,0.216929829821939,0.221687902371768,0.221152042986357
0.439462380051027,0.282904774691725,0.21762157907382,0.222264524586829,0.221908027349141
0.440545693362401,0.283971217184239,0.2186339182751,0.223203894874308,0.222934469084141
0.441646828044592,0.28494687665852,0.219435609861626,0.223882584367619,0.223800298042576
0.442717217986743,0.285823288977311,0.220071730407396,0.224374035341934,0.224527980627868
0.443713888778712,0.286588187702524,0.22057218967891,0.224731695747919,0.225129434846925
0.444639691775072,0.287243355261831,0.22093635709816,0.224953017094787,0.225605102911517
0.445587483826544,0.288047484134285,0.221576688102179,0.225490091826414,0.226311857974684
0.446567624606254,0.289012247614069,0.222505019149807,0.226353558963895,0.227261600665263
0.447548836468216,0.289894953479165,0.223261231382389,0.227007139076426,0.228077027673701
0.448497541945635,0.290685966670298,0.223868426871031,0.227492303276095,0.22876731731742
0.449405050837935,0.291468501979596,0.224509652726166,0.228032050294218,0.22947654683816
0.450264557453355,0.292192260543897,0.22508933888352,0.228514659070951,0.230126421676462
0.451122961148464,0.292977242531254,0.225794947476334,0.229145613423166,0.230880163082772
0.451953896367907,0.293735245406152,0.226477693987476,0.229757682417382,0.231611434276111
0.452736028273399,0.294402670066925,0.227032692130801,0.230233526727679,0.232230556609286
0.453469195302287,0.294980149581618,0.227460688319158,0.230573631737162,0.232738241430953
0.454205907759576,0.295623396392809,0.228017394752119,0.23106435717901,0.233353346871365
0.454917753489746,0.296241939221687,0.228551299669157,0.23153489536061,0.233946898739204
0.455618247615331,0.296825759345816,0.229023398250932,0.231932100500045,0.234491667203571
0.456284927381346,0.297342764580678,0.229395599742821,0.23221894266795,0.234950958024345
0.456927154782895,0.297896987435396,0.229874077147662,0.232641401018122,0.23549136747327
0.457566448715338,0.298579080491834,0.230622136399345,0.233389233471713,0.236248546278725
0.458159352150818,0.299174562089948,0.231246068697097,0.234002150421208,0.236896923451316
0.45870422035546,0.299682458084355,0.23174562380044,0.234479787145041,0.237435825211076
0.459270646418455,0.300186687768005,0.232205469379058,0.234895197017467,0.237952189201419
0.459821476111573,0.300642366170822,0.23257952244295,0.235207591621832,0.238398971985122
0.460421686733035,0.301220984095097,0.233144979952817,0.235728302257256,0.239014573291895
0.461078193609411,0.301931326581094,0.233912164892597,0.236468133576375,0.239808945959872
0.461693066866281,0.302560266126946,0.234558380391931,0.237073881016298,0.24049848075773
0.462264326848959,0.303106724372717,0.235083218567404,0.237545259272118,0.241082355887645
0.462747445112912,0.303570886968882,0.235546134809396,0.237973642328701,0.241595272918623
0.463173531450187,0.303956784403822,0.235913232630957,0.238303661745455,0.242019190339409
0.463611108540383,0.304416312907047,0.236417963108232,0.238793654151943,0.242558220684546
0.464068792323312,0.304965952081819,0.237084715126989,0.239470874322223,0.243234015891655
0.464456362381084,0.305395687802628,0.237582557535811,0.239965587483435,0.243759549395065
0.464795164194212,0.305734673441546,0.237944196333223,0.240308451540057,0.244166797713259
0.465115700585658,0.30610383008725,0.238389556485905,0.240758370595531,0.244638203066906
0.465428062218165,0.306548986187832,0.23900501186485,0.241418621206947,0.24524476911619
0.465706542162873,0.30691101347482,0.23947905293364,0.241914101584242,0.245733184148464
0.465954925107521,0.307201702620772,0.239830908617879,0.24226647806253,0.246119788808683
0.466206681724518,0.307549054154689,0.240294248796444,0.242751736521767,0.246598397599958
0.466469231794768,0.307968538088673,0.240893400462976,0.243397523300468,0.247190165649355
0.466726459444287,0.308369248284984,0.241450597295774,0.243989557439136,0.247750294270905
0.466970175011373,0.308730142348228,0.241929960659792,0.244486328530506,0.248248227814554
0.467126533102841,0.309011746405612,0.242346654216631,0.244938030173751,0.248675646743684
0.467235079935542,0.309230489679595,0.242680725789079,0.245302500214891,0.249027806004028
0.46732409252191,0.30949063748082,0.243124559041296,0.245808434116678,0.249464148415471
0.467398249987518,0.309799323220833,0.243688281964627,0.246466985505653,0.249993872798748
0.467461856106835,0.310063366332347,0.244156424173125,0.24700612582845,0.250448366153152
0.46751470067149,0.310283587653351,0.24452980819845,0.247426549843439,0.250828251311117
0.467508656277622,0.310468067042723,0.244895137993173,0.247857640133609,0.251188695148336
0.467474157864921,0.31061488783498,0.245203502754593,0.248224620371885,0.251499539005942
0.467612413661085,0.31098379776545,0.245754063296621,0.248818098130474,0.252050985179152
0.467919136772892,0.311568905287174,0.246540980215285,0.249633319866333,0.25283691737452
0.468026598620563,0.311954826492587,0.247151276521963,0.250306640059199,0.25343241171597
0.468036583473356,0.312225194822579,0.247626190198757,0.250845010512115,0.253897634899902
0.468001860912356,0.312482490221289,0.248124033256377,0.251425505989855,0.254371278806775
0.467945107902867,0.312713137594844,0.248578950244858,0.25195478383841,0.254807773997332
0.467764464597491,0.312832010256428,0.248944398345735,0.252417739883566,0.255143202111719
0.467532352900542,0.312887743234813,0.249223651450789,0.252787223761597,0.255399883486042
0.467322496104988,0.313013089376868,0.249616894895445,0.253286409534256,0.255754950887838
0.467135376871581,0.313206135292724,0.250119511410852,0.25390984143063,0.25620488251243
0.466932893185355,0.313389590514089,0.25060619872053,0.25451432381211,0.256641089026526
0.466721414501842,0.313549748083641,0.251033155154382,0.255040736782167,0.257030841349112
0.466379554339052,0.313592163117421,0.251362664471892,0.255493091286879,0.257311923662477
0.465992373631939,0.313578822690106,0.251608977974268,0.255852314544465,0.257518422618029
0.465595440489201,0.313599083013113,0.251932395971606,0.256308443774957,0.257785653761484
0.465189361876815,0.313658613931431,0.252346642900464,0.256879277465163,0.258124573545516
0.46471780964065,0.313640518963988,0.252654680256273,0.257336310263383,0.258365736120036
0.464226153160671,0.313583723274056,0.25287676016152,0.257685281560385,0.258537156300528
0.463752259811282,0.31359000906958,0.25320386674971,0.258155414564461,0.258798520481317
0.463300394322599,0.313663606274541,0.253640652862268,0.258751247909477,0.25915453896809
0.462802152847595,0.313696684499771,0.254029751189323,0.259299840932358,0.259463758051396
0.462278967514464,0.313702125754338,0.254366235134904,0.259785143504249,0.259728052077409
0.461658208484733,0.313658312318427,0.254719502634926,0.260328722982296,0.259982538432588
0.461002114387589,0.313593525572502,0.255054941653403,0.260858472456642,0.260216632392751
0.460372138134646,0.313534728039784,0.255333412192491,0.261296480180168,0.260415927968478
0.459768278901381,0.313483311801742,0.255556021374351,0.261643825182391,0.260581280072846
0.459039829021076,0.313346708392565,0.255747782345673,0.261999355668962,0.260692548587703
0.458280668743554,0.313184763653065,0.25589745732631,0.262306870029768,0.260765745748871
0.457439278038316,0.312989558031608,0.256078812810003,0.262685272584552,0.260845043798101
0.456517208216471,0.312763567789576,0.256297542571567,0.263141537360939,0.260935348390187
0.455631231692494,0.312557378610996,0.256471439083527,0.263516452736831,0.261003047797931
0.454781048467499,0.312372057226101,0.256601214372462,0.263810722532313,0.261048586016854
0.453864850443306,0.31215169485904,0.256727009812885,0.264122059238873,0.261076662035605
0.45294446442221,0.31193242080102,0.256828732352583,0.264396462406955,0.261087779796122
0.451953560708615,0.311679525358402,0.256939700274757,0.264707290169524,0.26109062325966
0.450895449069773,0.311396131274578,0.257063513462109,0.2650579366128,0.261088896595202
0.449736308228476,0.31104048226701,0.257149367834024,0.265396954438322,0.261034102376471
0.448568012774897,0.310681051408978,0.257207331122822,0.265696313469025,0.260958036024386
0.447458241525546,0.310369613304245,0.257247002670024,0.265938214948601,0.260885683920233
0.446408811978623,0.310109252822108,0.257271421681515,0.266125701850316,0.260819809358902
0.445280082876775,0.309808318768244,0.257307050592147,0.266357001203991,0.260744706604347
0.444151082426676,0.309518424684464,0.257337199299355,0.26657408014983,0.260667999267898
0.442711275826914,0.308923635424732,0.257076981420486,0.266540878872427,0.260286755275607
0.44096823434939,0.308033053023486,0.256537669229917,0.26626889509357,0.259611743271409
0.439444519766326,0.307396343848924,0.256258518834539,0.266235011429734,0.259199080628419
0.438075015645115,0.306926702275157,0.2561166547001,0.266306463952079,0.258935745172605
0.436657542620153,0.306429520525554,0.255962418490262,0.266376993459253,0.258652723328813
0.435252572046905,0.305952146884358,0.255802479822713,0.266427229196681,0.258371016440006
0.433718626942601,0.305373601507708,0.255585154215212,0.266453680468509,0.258013638233786
0.432173639428614,0.304793541623307,0.255349351626293,0.266453545686703,0.257641471951596
0.430702406436136,0.304284179875881,0.255123695530632,0.266425658588165,0.257298627195965
0.429304268073771,0.303845856914883,0.254909737054832,0.266372275184354,0.256985997999821
0.42788487243449,0.303428868384726,0.254791870372934,0.266451258068352,0.256744673921558
0.426493894030324,0.303056282409475,0.254718091947075,0.266569789532859,0.256546990981639
0.425085159923045,0.302656482869559,0.254551890155462,0.266566032420102,0.25627474116724
0.422888821090532,0.301384279455828,0.253336148729247,0.265515862361976,0.254984009763877
0.421238642233427,0.300731627625084,0.252834811530839,0.265163536038604,0.25439189431535
0.419886089856349,0.300407825232228,0.252690289300258,0.265147506568523,0.254154882460748
0.418544139833849,0.300095480465362,0.252538246488884,0.265113227730643,0.253915349957013
0.417225824656354,0.299804461632698,0.252387634341519,0.265067951950924,0.253683149841352
0.415940564198838,0.299541453423633,0.25224680531467,0.265019963346107,0.253466696324364
0.41468288733404,0.299299850126556,0.252115039144238,0.264971988189834,0.253263659956176
0.413367977336838,0.299003200992951,0.251969641800996,0.264936143445868,0.25303397738404
0.412040485766052,0.298688988242533,0.251823226807433,0.264908322362362,0.252798894314296
0.410692556401673,0.298348894053106,0.25167156940437,0.264887078709873,0.252552986108727
0.409347170415374,0.298003744441242,0.251521664232602,0.264870265063622,0.252307783416677
0.407818103089274,0.297499153176085,0.251374656010088,0.26495291613201,0.252015709495508
0.406228723337565,0.296937462436656,0.251233055555376,0.265076676975312,0.251711028585029
0.404920028021023,0.296591777525126,0.251018220867994,0.264960118076872,0.251421979713164
0.403896963951476,0.296471278958376,0.250726074985565,0.264592426386302,0.251147007842585
0.402760768817719,0.296273481700446,0.250555525315784,0.264452551362987,0.25093505802838
0.401571613500492,0.296036406471774,0.25045634081507,0.264442386626085,0.250762577300857
0.400377315732212,0.295785745888587,0.250350931170172,0.264430371514868,0.250582129887245
0.399184384439052,0.295526888700448,0.250242945178141,0.264418572336406,0.2503981560375
0.398002178170848,0.295268180236022,0.250138032827297,0.264410324589843,0.250217376800076
0.396831320186886,0.295010515408923,0.250036144080335,0.264405004038327,0.250040001115737
0.395343506764494,0.294456688127946,0.249889381959067,0.264508601663642,0.249742819998486
0.393731135098152,0.29377848755868,0.249727898605565,0.264662714749069,0.249399724731781
0.39259601379174,0.29353095472247,0.249682242391136,0.264732032792845,0.249269422653598
0.391894872468961,0.293679401629522,0.249736530826901,0.264714638709808,0.249328567319926
0.391188163249117,0.293817862573551,0.249777663336592,0.264683445049402,0.249374839834814
0.390470944460474,0.293941481765489,0.249801402736619,0.264635232122553,0.249403659860904
0.389619375779136,0.293939859120706,0.249867011475929,0.264723587832799,0.249426830762107
0.388710330522398,0.293878327823477,0.249941036542699,0.264860096767601,0.249439082908412
0.387338101010711,0.293361240975172,0.24984945908229,0.265020051082751,0.249199427379258
0.385790876619846,0.292661933100728,0.249692946558205,0.265190193611114,0.248861340005419
0.384751808003178,0.292439842604178,0.249654728216795,0.265254586952593,0.248746877578954
0.384213630552543,0.292695958353292,0.249732863270626,0.26521091334417,0.24885316002897
0.383680200300085,0.292952587578766,0.249810157501715,0.265165801132143,0.24895839116987
0.383150957379391,0.293208741834714,0.249886307988537,0.265119305026615,0.249062130038261
0.382299996925936,0.293139352277317,0.249811044610315,0.265039652312499,0.248962363992894
0.381339236400832,0.292951441448793,0.249683778290443,0.264952272114623,0.24879121678939
0.380034287790188,0.292405371279332,0.249532764778805,0.265038433841088,0.248504970865319
0.378609412896786,0.291720575175241,0.249381474521925,0.26520309262996,0.248182521938478
0.377560011176177,0.291403560697262,0.249187243285849,0.26508924865431,0.247928639063307
0.376854589962205,0.291432957090195,0.248952213206389,0.264713726295299,0.247737372336735
0.376167346109745,0.291475495215911,0.248732296942022,0.264352085678157,0.247560771662197
0.375502901964469,0.291534996936911,0.248532180977446,0.264008849319702,0.247403493728447
0.374363465744462,0.291076901141482,0.248366830180363,0.264016137276786,0.247135577019885
0.373053889206751,0.290415792964997,0.248224137912315,0.264172003078523,0.246833014889192
0.372177839841249,0.290211742401185,0.248025127812171,0.263979508054715,0.246608836220868
0.371728044324484,0.290473312259296,0.247769524501195,0.263434355459962,0.246462968694279
0.371107870326676,0.290534933634501,0.247592401200296,0.263118921203774,0.246324530071758
0.370344480689926,0.290418229223585,0.247485410643392,0.263008709589371,0.246193602483625
0.369583444608252,0.290292110908439,0.24737844546089,0.262902917603567,0.246060719964817
0.368828629544524,0.290160822534234,0.2472723397785,0.262800343389251,0.245927618980233
0.36808768392849,0.29003346137356,0.247165678553989,0.262693731920138,0.245795510910719
0.367360673206681,0.289909900805832,0.24706078625191,0.262586645315818,0.245666102874552
0.366639867426056,0.289781907261699,0.246953699028986,0.262478058275721,0.24553422872851
0.365929545603393,0.289653833758484,0.246847915620079,0.262370650561116,0.245403666203037
0.365232750831173,0.289528790444507,0.246745883783774,0.262266267184333,0.245277068824975
0.364549410873072,0.289406694250883,0.246647448496912,0.262164762261818,0.245154281337352
0.363877487276202,0.289286154228524,0.246548256812606,0.262060583892775,0.245031569560193
0.363217986383693,0.289167828565194,0.246450659279722,0.261956828928673,0.244910902199905
0.362313169038958,0.288725702681988,0.246337338993995,0.26201369721259,0.244699328952764
0.361328733422862,0.288159657980392,0.246221752176908,0.262135983974941,0.244457101393745
0.360671793547332,0.288020546099211,0.246048895568732,0.261931781932571,0.244274206871727
0.36033206443678,0.288314687835764,0.24581950428474,0.26139943935696,0.24415101484159
0.359981630214482,0.2884929763628,0.245853141824153,0.26131642123344,0.244205319368178
0.359625326364476,0.288600276227125,0.246016759155096,0.261463147737222,0.244344483228893
0.359316543421037,0.288744765245986,0.246216333435681,0.261641133830511,0.244520768084992
0.359024609728798,0.288897779447805,0.246420928469513,0.26182181258405,0.244702913118545
0.358717762063817,0.289029046131731,0.246598690507832,0.261976096968731,0.244858600346332
0.358397089026149,0.28913986756999,0.246750725612245,0.262105055112253,0.244988920982104
0.358100307987212,0.289264896556537,0.246917910713701,0.262248941020083,0.245134146916406
0.357807473981041,0.28938576421244,0.247078230994678,0.262386072969926,0.245272608639189
0.357526454000362,0.289510885696583,0.247237365391485,0.262520048741814,0.245410733622186
0.357247095355423,0.289630052180108,0.247385653999262,0.262642503566263,0.245538534398475
0.356942893169121,0.289718039387614,0.247496206104676,0.262728331902014,0.245628939900226
0.356629422903971,0.289789036985249,0.247585113617722,0.262792959235145,0.245697987715689
0.356048018907272,0.289491855214713,0.247543183972056,0.262872202972227,0.245580251710385
0.355372960866979,0.28904809579918,0.24744939624728,0.262956757558116,0.24538911669717
0.355050098551929,0.289091275107548,0.247465427049424,0.262931937493416,0.245393950991842
0.355111242444006,0.289688392124365,0.247605476251542,0.262782533736614,0.245619418040108
0.354935748164551,0.289903600602517,0.247696124350043,0.262772167328247,0.245720852741838
0.354668209653146,0.289959594664985,0.247759378503155,0.262809898209566,0.245765381641835
0.354187806314371,0.289695029911818,0.247715958808057,0.262868742084308,0.245654955648263
0.353629732022673,0.289293814530829,0.247627769149295,0.262936608439445,0.245479803731
0.35337260979345,0.289347696747144,0.247632821136669,0.262890968889659,0.245477527209237
0.353402566890036,0.289855629121997,0.247730393820215,0.262732535779385,0.245645975228278
0.353249501365672,0.290030938389073,0.247786127210932,0.262694648421954,0.245709668901182
0.353028378332456,0.290068689762876,0.247820476204315,0.262700565347062,0.245726996036902
0.352809734885128,0.290098473348102,0.24784432634109,0.262695599645851,0.245734167670844
0.352598201508132,0.290124230465619,0.247862550187426,0.262684627987109,0.245735964153419
0.352391091756254,0.290143521316495,0.247872341223221,0.262664895968878,0.245729605209361
0.352191895222004,0.290159318148128,0.247877326177628,0.2626399998797,0.245718662442028
0.351862812127477,0.289922686093884,0.24782126507766,0.262662036730158,0.245606746273713
0.351494277600599,0.289583838020678,0.247740914759245,0.262702683086681,0.245454975137926
0.351243760672494,0.289471909024307,0.247676404439404,0.262644690126703,0.245362319613616
0.351113996565486,0.289612539063947,0.247628582909673,0.262476738219297,0.245333756915195
0.350991303911175,0.289752458487672,0.247579375270028,0.262307324832021,0.245303597878816
0.350875384756254,0.289891387355492,0.247528460931394,0.262136145560605,0.245271524053072
0.350762344771315,0.289943832842981,0.247512414193916,0.262060463938975,0.245250972164707
0.350658104162119,0.28995830163259,0.247510409308882,0.262024680705981,0.245234590577186
0.350557298952646,0.289963004625031,0.247499623446411,0.261981263220919,0.245209148080399
0.350465287733175,0.289963726793556,0.247484894038511,0.261934075513779,0.245179765748932
0.350294563930566,0.289758410423559,0.247427087271673,0.261932310008381,0.245075551050875
0.350105819634454,0.289472226679544,0.247352721084191,0.261947931099925,0.244942826196772
0.349958746762207,0.289337622357574,0.2472552415859,0.261851544294146,0.244820011000358
0.349852369915717,0.289390193448416,0.247129749995234,0.261618796831785,0.244709029332642
0.349757857094044,0.289445530152528,0.247006889060906,0.261388455279084,0.244600520197554
0.349676454218143,0.289504615400911,0.246887898191996,0.261161736106733,0.244495719908167
0.349635339133405,0.289503439587847,0.246823607560952,0.261043296623547,0.244425367330921
0.349620436992323,0.289480776156533,0.246781932237621,0.260967513159709,0.244370080346718
0.349569181386619,0.289293776561961,0.246718399415252,0.260943691305891,0.244266913238214
0.349516584894939,0.289042280053412,0.246647202102719,0.260940599091787,0.244146245674726
0.349446623798827,0.288948157922802,0.246503192893001,0.260754582987054,0.243993123141008
0.349348008373614,0.289030102422682,0.246279702274742,0.260367926004163,0.243804484270283
0.349317075114686,0.288886113961324,0.246163047884916,0.260245102674549,0.243665489128269
0.349329760104715,0.288649636932076,0.246092888409389,0.260233116279831,0.243549769254794
0.349265864841492,0.288491593275209,0.245906958158248,0.260018508361723,0.243350535151173
0.349083207308411,0.288445970364317,0.245562373667053,0.25952518856233,0.243036794820171
0.349071802460252,0.288404373217328,0.24539647561596,0.259280715630747,0.242874581717485
0.34917524687112,0.288370133581242,0.245341903553202,0.259188336149012,0.242807956162547
0.349284164927501,0.288328206913356,0.245279783549153,0.259088504661327,0.242733879340416
0.349403543445315,0.288283130127589,0.245215056794805,0.258985896232863,0.242657312127066
0.34952394332243,0.288225876626263,0.245138323285744,0.258871800241974,0.242568737962447
0.349653944358147,0.288164586596022,0.245058117349227,0.258754202037597,0.242476763618432
0.349801137975421,0.288106494211482,0.244982008484888,0.258640190508493,0.242389023026859
0.349965339780158,0.288051521304143,0.244909826093376,0.258529604020481,0.242305345334306
0.35013429756026,0.287989091725542,0.244829338105914,0.258410532488892,0.2422135446936
0.350314544402761,0.287924935854648,0.244747091647473,0.25828935731068,0.242120140110956
0.350505680451659,0.287855900153151,0.244662609885998,0.25816694345417,0.242024206100122
0.350710660416916,0.287786218062175,0.244578827851125,0.258045364543541,0.241928936416748
0.350926912506765,0.287717819936398,0.244493362561793,0.257920426911074,0.24183258916362
0.351156302865715,0.287651037812668,0.244408107850358,0.257794630529282,0.241736828170737
0.351398342369508,0.287581939245744,0.244322378805658,0.257668898024893,0.241640436539197
0.351654383772917,0.287512793991577,0.244237571428375,0.257544103145126,0.24154497100441
0.351946160733922,0.287367406150752,0.244166442406408,0.257473241057917,0.241449619696061
0.352263987859144,0.287188699409172,0.244101855260633,0.257426094598359,0.241355107394107
0.352502672492609,0.287084001573174,0.24395973950703,0.257237472244222,0.241205297682137
0.352656103554669,0.287055715421893,0.243739423270662,0.256906157262724,0.240999529882349
0.35295848557542,0.28692625424339,0.243629517595154,0.256772870116075,0.240873875912048
0.353333007826521,0.28675738456232,0.24356530199329,0.256719673128112,0.240782114670561
0.353649569282974,0.286669855377038,0.243449140142856,0.256557825658848,0.24065773593567
0.353903720603979,0.286664245961346,0.243281096138269,0.256287904198592,0.240500492341008
0.354261187070624,0.286635541415882,0.243189383477688,0.256132858827089,0.240406063719623
0.354682947411663,0.286595180965226,0.243140283134982,0.256041100965184,0.240347041748536
0.355112914531098,0.286551472974906,0.243086659949032,0.255944425531997,0.240283713087174
0.355553268057573,0.286506090144757,0.243030678582575,0.255845048307063,0.240218201386736
0.356007125337203,0.286461485530023,0.242975449325113,0.255746130327541,0.240153568003112
0.356474420839774,0.28641765232797,0.242920943435516,0.255647649198613,0.240089783188152
0.356966736640469,0.286301351138104,0.242860718624505,0.255572840078432,0.240010873321658
0.357478898135576,0.286155026003717,0.242798305580761,0.255507608986431,0.239926074153095
0.357902371795597,0.286049341486655,0.242661816364109,0.255324088980935,0.239782260178537
0.358231898164496,0.285985662082521,0.242450107150221,0.255020801239723,0.239578305300143
0.358721505794364,0.285868515005946,0.242344282786738,0.254883499798711,0.239459881081992
0.359286558109804,0.28573010296547,0.242282132722954,0.254813775118529,0.23937710599665
0.359853673675591,0.285704433092253,0.242239620194242,0.254722217699281,0.239327136776347
0.360416762968534,0.285790689105378,0.242214184390102,0.254606385299258,0.239307331454459
0.361015247734978,0.285728465131755,0.242167003263173,0.254523952173472,0.239248385937126
0.361635178541958,0.285599562334578,0.242107056485407,0.254452072461922,0.239169412547062
0.362296506993171,0.285606867171436,0.242106809650012,0.254403339735849,0.239161302946333
0.362994362637574,0.285750622530119,0.242164751648759,0.254376240418078,0.239222521246635
0.363724413741932,0.285841587269809,0.242222502764914,0.254371030094568,0.239276565981436
0.36447568700071,0.285893833456087,0.242274711334595,0.254374586784873,0.23932062473017
0.365229147262671,0.285934944529273,0.242315238634948,0.254367411662273,0.239352864388351
0.365988230141561,0.285969758821877,0.242348248956055,0.254353089003664,0.239377601215254
0.366753779462967,0.285999912752135,0.242374934749022,0.254332523680768,0.239396109797341
0.367526553092973,0.286026252020546,0.242396189567136,0.254306540617809,0.239409299607365
0.368306721298377,0.286049669180099,0.242412500945392,0.254275408913287,0.239417723934528
0.369094785923042,0.286070249392809,0.242424332144278,0.254239689376116,0.239421812083087
0.369889289130764,0.286084596107203,0.242429514517855,0.254197831155554,0.239419218948521
0.370691698149415,0.286095106968035,0.242429969256662,0.254151409706132,0.239411959002749
0.37150242705541,0.28610431748772,0.242426948122172,0.254101075132384,0.239401462339654
0.372321914963006,0.286111908563497,0.242420722224616,0.254047298847377,0.239387934556858
0.373149106971785,0.286115354645687,0.242409677977282,0.253988918928153,0.239369632763858
0.373985008444157,0.28611606246453,0.242395080982409,0.253927049380149,0.239347860675144
0.374828490018347,0.286113071038278,0.242375823773206,0.253860596097078,0.239321515116357
0.375680831175536,0.28610775955171,0.242353369102971,0.253790947796988,0.239292071643485
0.376543052335296,0.286101240448947,0.24232890850092,0.253719241145919,0.239260731173216
0.377415173023352,0.286093559242392,0.24230252046063,0.253645558761767,0.239227570994061
0.378297450088338,0.286032156416973,0.242253446230728,0.253562101068644,0.239167934991952
0.379190986622165,0.285946694368423,0.242193749278012,0.253473486524576,0.239096124048098
0.379999943283187,0.285854947794294,0.242065411306153,0.253298117290014,0.238961856202692
0.380709884643741,0.285756103172194,0.241859153912119,0.253024680212112,0.238756528431835
0.381577320507274,0.285671117287115,0.241757131723002,0.2528811751662,0.238646800855358
0.382517085802051,0.285591272269754,0.241697592066916,0.252790576457867,0.238576106633762
0.383473172180936,0.285573529377278,0.241667102058432,0.25271553290468,0.23853856602806
0.384443166170139,0.285612613232517,0.241662530956362,0.252654168010416,0.238530685647949
0.385420211080079,0.285648625596823,0.241653868360494,0.252588881524734,0.238518776445932
0.386403399598731,0.285680732311942,0.241640057163513,0.252518636214214,0.238501780698658
0.387431116407584,0.285713754607831,0.241648407033409,0.252476709749609,0.238504983144212
0.388481138289227,0.285745336983665,0.241663121154274,0.252443642776677,0.238513829844184
0.389512486662216,0.285706462645173,0.241626304945403,0.252368640576802,0.23846854641072
0.390542338549455,0.285638089231971,0.241567272372993,0.252275212157104,0.238400079078337
0.391549397037582,0.285607883974589,0.241503239997814,0.25216300985458,0.238331041736681
0.392531280626493,0.285615807203678,0.241433345243555,0.252031295593598,0.238260548374499
0.393574539088325,0.285614808045953,0.241391737845968,0.251938637811531,0.238214911806313
0.394649148010516,0.285610064827877,0.241361381339032,0.251861659954907,0.238179181457782
0.395718134875978,0.2855919680372,0.241314388707125,0.251768178315646,0.238126977561055
0.39679079824988,0.28556879878135,0.241260794640875,0.251668173720726,0.238068298380011
0.397876496869959,0.285548718837654,0.241210543055761,0.251571551944753,0.238013048200816
0.398975041094476,0.285531519944319,0.241163520344866,0.251478210737466,0.237961112665318
0.400091366550608,0.285484715034136,0.241107036807335,0.251382130464156,0.237897755871589
0.401221839501032,0.285426024321124,0.241047140377195,0.25128533061784,0.237830257801599
0.402316038979563,0.285363653815836,0.240956048877879,0.251150741939964,0.237733912454514
0.403372807804455,0.285298113974852,0.240833570707797,0.250978197505151,0.237608529690101
0.404441606309707,0.285235069076634,0.240713805843197,0.250808522817242,0.237485916569988
0.405523259542682,0.285175491890123,0.240597934436058,0.250642899183671,0.237367252672308
0.406675339902508,0.285118817327771,0.240521418626633,0.250525254352924,0.237285127006009
0.407862509734666,0.285063849529086,0.24046147178583,0.250427587528936,0.237218518200348
0.408972668451275,0.28497633444143,0.240331070790968,0.250252377698608,0.237084163717044
0.410004666611099,0.284856440842279,0.240129744845135,0.249999258102354,0.236881570145936
0.411159572921013,0.28480709406927,0.240034895471299,0.249857604550558,0.23678351272056
0.412379762601149,0.284793173511177,0.239993038105668,0.249771395517596,0.236737566476801
0.413605046938603,0.284775452832111,0.239946710757809,0.249680954445611,0.236687232220257
0.414837522401666,0.284755936688178,0.239898230598587,0.249588583295935,0.236634823367252
0.416075812897547,0.28473323602773,0.23984603348523,0.249492760929481,0.236578769665237
0.417321622183524,0.284709121819391,0.239792111450847,0.249395460435392,0.236521063087501
0.41857389387218,0.284683002939688,0.239735523753192,0.249295709431996,0.236460778943579
0.419833852058158,0.284656019524012,0.239677648680843,0.249194899964072,0.236399287711061
0.42110117878706,0.284626541168377,0.239617431184696,0.249092179518189,0.236335472502528
0.422376877379773,0.28459621082211,0.239556389462221,0.248988976120452,0.236270877710109
0.42365943918031,0.284565391989448,0.239493841603971,0.248884394414018,0.236204898394435
0.424949563105781,0.284534461730611,0.239430449783514,0.248779155422674,0.236138177630673
0.426247812204367,0.284502106990814,0.239365855988238,0.248673156857745,0.2360702741843
0.427554668035798,0.284469484504871,0.23930101766871,0.248567276821734,0.236002171340694
0.428772648213897,0.284339643955896,0.239123372731466,0.248349907500124,0.235821347808319
0.429964885983555,0.284176296089286,0.238906783982274,0.248094248662808,0.235601649496263
0.431137863317898,0.283988078236147,0.238661085693835,0.247809974179649,0.235352948820227
0.432308376229418,0.283791306080234,0.238405968222877,0.24751665591363,0.235094916967214
0.433501940772846,0.28361044727882,0.238170682928653,0.247243376141763,0.234856774279669
0.434717840967759,0.283444602894237,0.237954553804824,0.246989481353071,0.234637844506023
0.435929914226572,0.283266665099376,0.237726716182267,0.246724429856699,0.234407242812261
0.437152587632653,0.283091376222739,0.237504143321814,0.246465016072465,0.234181953768782
0.438485512724523,0.283000841272825,0.237393225776357,0.24631877273981,0.234067645755025
0.439870504714085,0.282946987829442,0.237331406663193,0.246222412472978,0.234002205963484
0.441125905222146,0.282771962955531,0.237118596459949,0.245974461231602,0.233786598833832
0.442230361100889,0.282457489846373,0.236730974973796,0.245550965637076,0.23339711091843
0.443353401028216,0.282154631751827,0.236357573481449,0.245142008332937,0.233021885452757
0.444498418405496,0.281867763975462,0.236003703068294,0.244752907735594,0.232666234086982
0.445753054867493,0.281674835995846,0.235767490252906,0.24448230583694,0.232427845442966
0.447062722251751,0.281526619703378,0.235587827417084,0.244268834983512,0.232245876504771
0.448455329735037,0.281440837926692,0.235491438048772,0.244139972364268,0.232146688911815
0.449886609496512,0.281380915749733,0.235430185213269,0.244047021508209,0.23208248074293
0.451216809488433,0.281224934477601,0.235248356566951,0.243833175924939,0.231898339425621
0.452443108255514,0.280970628834431,0.2349424813362,0.243494966209237,0.231590800057478
0.453682711050226,0.280722929003599,0.234644728320086,0.243165340880871,0.231291421646692
0.454937267781304,0.280484137829728,0.234357833622771,0.242847049149123,0.23100294067233
0.456297469443865,0.280339806003263,0.234187184785299,0.242645714038756,0.230830430656029
0.457708631167922,0.280238329597792,0.234069572532915,0.24249802897983,0.230710871110377
0.4591645061329,0.28016432897925,0.233991770863316,0.242391439118326,0.230630771369276
0.460643019509347,0.280101964970444,0.233931006847665,0.242302712772897,0.230567600897496
0.462001794236176,0.279924932360945,0.233726065310572,0.242069645904054,0.230360901436522
0.463238225679382,0.279630811153406,0.233373463985804,0.241688770489181,0.230007193879621
0.464633561526387,0.279484128193805,0.233201302265911,0.241489197057334,0.229833512777518
0.466114529552723,0.27941504457073,0.233124156970348,0.241385394923954,0.229754663117394
0.467604307683106,0.279348979992114,0.233050805392776,0.241286024654269,0.229679648682352
0.469102243877267,0.279285180940138,0.232980329584137,0.241190184331161,0.229607550706472
0.470616230850722,0.279222096898999,0.232916268572594,0.241101973289983,0.229541619431298
0.472141123219163,0.279159940473651,0.232855710437575,0.241018142086193,0.229479112039952
0.473588441458537,0.279023015988289,0.232699383985196,0.240838663487299,0.229321314308753
0.474959634301308,0.278812502791051,0.232448594584692,0.240564895774978,0.229069516600691
0.476446934760872,0.278710180569823,0.232330279108895,0.240424536003828,0.228949916359688
0.477999950056682,0.278667263384882,0.232284651034556,0.240357714927804,0.228902875286399
0.479569454827282,0.278636333366221,0.232253034614149,0.240305632750642,0.228869882071349
0.481150063969722,0.278611298689152,0.232228259025123,0.240261148331503,0.228843764986989
0.482735109226326,0.278584568101908,0.232201331904165,0.240215298309738,0.228815530309385
0.484324072141032,0.278555555191525,0.232171428039024,0.240167270301474,0.228784351806628
0.485907090248096,0.278505841021954,0.232120793766616,0.240099637360817,0.228732279231724
0.487490759523333,0.278447422170648,0.232061073453042,0.240023836750716,0.228671074917121
0.489097109737977,0.278419844812303,0.232031014590684,0.239978061653605,0.228639858033731
0.490724616870329,0.278421453442186,0.232028518121986,0.239960282667605,0.228636530305962
0.492339920957266,0.278386419866285,0.231990370097908,0.239908264238365,0.228597192727542
0.493950603496764,0.27833212938056,0.231932281482215,0.23983738154733,0.228537775561176
0.495564666208202,0.278285583592282,0.23187738954176,0.239770291799483,0.22848181898643
0.497181659931819,0.278247780619674,0.231826178503746,0.239707505105243,0.22842983696833
0.498838572212463,0.27823986553069,0.23181323161692,0.239684083390374,0.228415953390988
0.500514836756496,0.27824360741442,0.231814896316069,0.239676285201693,0.22841662102334
0.502186166892134,0.27823659215336,0.231803028832762,0.239655918474648,0.228403782759841
0.503858093770988,0.278225262820825,0.231785325241488,0.239630686384951,0.22838513475413
0.505535589748557,0.278215108424873,0.231768385835257,0.239607197591529,0.228367277163578
0.507218592491304,0.278205994461584,0.231752180818076,0.239585435280367,0.228350179473598
0.508898797916894,0.278188273226997,0.231725558446949,0.239554267132554,0.228322684904011
0.510581041167664,0.278167472398083,0.231695021263689,0.239520203694996,0.228291298075717
0.512264651045286,0.278142770952226,0.231659651548082,0.239482341090883,0.228255100552286
0.513951962248721,0.278116890435128,0.231622633809063,0.239443875598996,0.228217277618323
0.515634078358718,0.278075756914018,0.231569328477423,0.239390205842675,0.228163106648377
0.517316907099667,0.278028284644483,0.231509131491456,0.239330710883571,0.228102031475094
0.51899395912348,0.277972889029473,0.231437293292613,0.239260632799382,0.228029425489162
0.52066515391906,0.277909520282692,0.231353721897525,0.239179914160106,0.227945195164189
0.522341549576849,0.27784673376647,0.231270534330411,0.239100703369468,0.227861368855654
0.524023134852466,0.277784577326448,0.231187785786137,0.239023070883895,0.227778001331176
0.52573627825367,0.277751591230314,0.231140117106273,0.238981665767715,0.227729690618861
0.527464872773666,0.277730547108078,0.231106630324101,0.238955602320222,0.227695564795671
0.529185572543961,0.277692362059273,0.231053997678623,0.238911546375249,0.227642257851583
0.530906018651764,0.277647553718481,0.230993801776766,0.238861097362605,0.227581385307425
0.532630230362615,0.277604813353503,0.230934379359242,0.238812645269239,0.227521360310719
0.534358136886231,0.277564140957867,0.230875714618083,0.23876620406386,0.227462165986684
0.53609074635845,0.277523885725615,0.230817227515857,0.238721182620641,0.227403166343554
0.537828015405067,0.277484038153571,0.230758903356356,0.238677581598171,0.227344346266968
0.539570488197372,0.277441878933882,0.230699137019335,0.238633752036788,0.22728403728036
0.541317806539849,0.277399081186264,0.230638925271101,0.23859072844739,0.227223274911147
0.543054236460741,0.277339920343119,0.230558339150057,0.238528651667985,0.227142183209221
0.544777745915382,0.277262103300148,0.230454562646732,0.238444736376081,0.227037948842071
0.546505880166883,0.277184650275941,0.230350878430539,0.238362247347486,0.226933821330368
0.548238581906583,0.277107525069844,0.23024724000393,0.238281154504644,0.226829753795485
0.549998440145157,0.277056101044666,0.230174426339032,0.238232198711791,0.226756494493371
0.551771877962528,0.277015346874927,0.230114208129919,0.238197187983815,0.22669583249828
0.553524680040276,0.276946030456885,0.230019384244114,0.238129003499025,0.226600597706445
0.55525733704003,0.276849123558851,0.229891096305453,0.23802881090557,0.226471931800571
0.5570265853808,0.276792150180843,0.229810160731926,0.237977338809484,0.226390619500814
0.558815066547223,0.276754734687166,0.229752477680876,0.237950518732926,0.226332568970932
0.560609494263123,0.276720377772274,0.229698529061226,0.237928872308357,0.226278266428122
0.562409413199648,0.276688352216647,0.229647479582466,0.237911580497819,0.226226875987111
0.564207661166942,0.276649676707339,0.229588825077125,0.237888151217566,0.226167887670502
0.566008182280599,0.276609153371083,0.229528114487355,0.237864156834695,0.226106853111389
0.567755363363466,0.276497483311828,0.229383643210693,0.237757969295497,0.22596205198386
0.569451410426421,0.2763179542925,0.229159206314417,0.237573406625831,0.225737279584959
0.571175791480096,0.276171358493633,0.228973701829912,0.237429272274386,0.225551457155274
0.572926640312995,0.276056211393342,0.228825767316094,0.237324195100236,0.225403222917761
0.574679146653339,0.275940924203386,0.228678524867851,0.237221344522873,0.225255692294135
0.576437688940971,0.275830365317495,0.228537923527199,0.237126681950003,0.225114815320923
0.578195347033432,0.275715323989588,0.228393211722719,0.2370294843705,0.224969836217835
0.579955100873296,0.275599433488151,0.228248636894303,0.236934016335825,0.22482500325774
0.581716862383969,0.275482555581804,0.228103971781133,0.236840071438991,0.224680088826306
0.583482742772018,0.275367352402896,0.227962273001787,0.236750722718443,0.224538150145912
0.585252535207161,0.2752535506155,0.22782313189958,0.236665582118829,0.224398778399641
0.587027852638352,0.275143164121861,0.227688839838249,0.236586955708069,0.224264265599962
0.588807036326783,0.275034014818078,0.227556748200999,0.236512215784796,0.224131962398755
0.590591405689261,0.274927789240856,0.227428752555478,0.236443270313065,0.224003764840098
0.592379816145114,0.274822987530197,0.227303009197367,0.236378293153553,0.223877828025451
0.594173090761166,0.27472069167927,0.227180711908333,0.236318491124648,0.223755345834654
0.595970024436222,0.274619299821385,0.227059923303036,0.236261943775856,0.223634379355271
0.597771264043213,0.27451966373827,0.226941574404557,0.236209597153267,0.223515859906158
0.599577892040289,0.274423211924219,0.226827274746974,0.236163074289688,0.223401397738983
0.601389786208799,0.274329846557457,0.226716855665375,0.236122220273479,0.223290823878888
0.603225656719303,0.274265875707889,0.226640602721506,0.236117348401352,0.223214455592563
0.605073618595572,0.274214643990454,0.226579252746344,0.236129201686565,0.223153009875642
0.606851659807347,0.274064614988945,0.226402474342444,0.236027739596684,0.222976073273392
0.608560191149769,0.273815885348578,0.226110237783847,0.235813009638297,0.222683615520496
0.610373026881789,0.27370497253325,0.225979026513665,0.235760841469906,0.222552286942805
0.61223215846443,0.273653553067495,0.225917393038769,0.235779959486203,0.222490583286455
0.614041327171031,0.273529007564598,0.225770561597064,0.235715986395357,0.222343624845854
0.615788957443891,0.273314811203626,0.225519178161903,0.235549685882095,0.222092043530496
0.617621650869063,0.273214679369225,0.225400562389665,0.235517813719444,0.22197333352336
0.619492316347742,0.273163674609665,0.225339135133535,0.235544934251552,0.221911858464884
0.618090048827958,0.268717066467999,0.22006282570381,0.230392153299285,0.216634031738943
0.612674337975695,0.258910640244655,0.208299625264849,0.218803399019418,0.204867209314992
0.609752637986726,0.252687675762941,0.200749596764918,0.211399425256883,0.197314616342954
0.60817217414414,0.248547783958658,0.19570950268708,0.206480655523669,0.192272712292227
0.606847946356609,0.244885079134191,0.191253041913271,0.202139680551746,0.187814602506317
0.605715695351088,0.241569041229747,0.187233904352069,0.198232170403595,0.183793973571068
0.606065064045769,0.240369846778537,0.185882755915624,0.196963112628221,0.18244243003201
0.60706513293859,0.240116583861854,0.185747973818685,0.196895114510596,0.182307785344278
0.605426186851251,0.236234850482316,0.18107587629257,0.192342417333647,0.177633918648401
0.601232049351041,0.228868109319301,0.171916061276107,0.183363813661782,0.168470135409561
0.598819072741198,0.224095643841294,0.16597376154051,0.177564991323038,0.162525061823553
0.597574132631817,0.221103077252287,0.162292851528209,0.173992801450061,0.158842311353445
0.596405157621029,0.218318262249178,0.158859426203179,0.17066311668658,0.155407002862166
0.595303839535646,0.215696309726762,0.155621213010685,0.167525517828468,0.152166888446084
0.594281504286131,0.213247308098071,0.152591874719035,0.164593336519926,0.149135686714502
0.593332137168247,0.210964810773331,0.149761985736881,0.16185685490717,0.146303981587797
0.593357068913627,0.210094669613241,0.148825212260418,0.160976548295072,0.145366595691463
0.593795674946004,0.209842816475271,0.148720399331185,0.160910330035025,0.145261721693134
0.593201443910501,0.208177625323819,0.146696614307005,0.158962244534037,0.143236569066512
0.591601400326737,0.205148086893679,0.142786168675907,0.155167468615892,0.139323358757655
0.59006334020858,0.202272136996457,0.139030831500701,0.151526903069029,0.135565210748891
0.588596057478325,0.199584209371988,0.135475166026716,0.14808277536325,0.132006739290254
0.587715292297367,0.197791457503528,0.133129228690185,0.145819571593329,0.129658866706579
0.587115991101956,0.1964578274314,0.131401973644948,0.144158524068385,0.127930144689949
0.587063715618111,0.195924847015444,0.130797937043365,0.143591248853588,0.127325625742238
0.587254177630681,0.195756283652826,0.130705469694863,0.143521301963421,0.127233135939857
0.586904051670188,0.194859193414134,0.129567417409763,0.142431923623234,0.126094099503348
0.586013600299441,0.193239675450781,0.127378765881675,0.140319677166657,0.123903447210792
0.585148793473295,0.191695258098103,0.125270103972563,0.138285704159623,0.121792792144752
0.584313268299136,0.190240683484314,0.123260514420457,0.136347900781038,0.119781241393405
0.584128253615794,0.189724439927125,0.122600977167199,0.135720698621884,0.119121119473785
0.584206834674338,0.189603198187114,0.122508476161626,0.135642722130872,0.119028628856743
0.583837844471638,0.188884616971646,0.121532285539244,0.134705713845239,0.118051463536167
0.583018555808604,0.187568314139099,0.11966104891067,0.132899868265755,0.116178207907343
0.582792106392637,0.187095706010437,0.119021589224147,0.132288697359765,0.11553813479436
0.582820801055733,0.187000540271691,0.118931600228154,0.132209209506448,0.115448174930834
0.58265484061057,0.186653156877503,0.118461196584323,0.131759816518599,0.114977311461564
0.582287549998821,0.186042535194522,0.117592625872843,0.130923704428987,0.114107759565188
0.58192857453232,0.185460234120181,0.116757022420555,0.130119117336018,0.113271197421304
0.581578418076992,0.184908486356437,0.115957350065034,0.129348797948881,0.112470593526183
0.581455880394425,0.184688613504943,0.115646417909343,0.129051598585563,0.112159400307958
0.581432677996118,0.184617252923727,0.115553514262796,0.128965167660383,0.112066536521301
0.58127747604508,0.184363629239184,0.115187615523994,0.128613510955032,0.11170022390524
0.58098766638336,0.183919681852011,0.114537171705648,0.127985846500382,0.111048890714506
0.580816882797183,0.183635521825297,0.114127605603222,0.127592376587116,0.110638820246238
0.580691322396465,0.183406128813254,0.11380300251607,0.127281874705586,0.110313854525731
0.580590491192268,0.183206371759179,0.113523764561664,0.127016448402149,0.110034403802318
0.580497247694278,0.183008983670688,0.113250671104799,0.126757825350603,0.109761144347664
0.580378651669687,0.18275897074653,0.112905826815522,0.126429479629147,0.109415905145464
0.580227334494412,0.182446031088602,0.112473880165077,0.126016063956185,0.1089832544826
0.580093639064008,0.182166118489254,0.112085495187533,0.125646848936899,0.108594461198248
0.579966320253636,0.181896314602449,0.111710339203849,0.125291467742134,0.108219011732225
0.579859589693198,0.18163603240408,0.111358483288362,0.124957932114099,0.107866721125607
0.579775782392061,0.181390080002656,0.111036839932162,0.124652696186599,0.107544499111067
0.5796430527616,0.18109072368205,0.110624578554463,0.124262031735824,0.107131790550347
0.579489897143068,0.180767800331952,0.110172438823111,0.123833913078944,0.106679252809007
0.579353953345267,0.180455624349448,0.109741835400514,0.123426791891094,0.10624821729778
0.579358767702864,0.180302426717868,0.109573929613416,0.12327037655154,0.106079802636068
0.57929236470931,0.180066367680567,0.109269563142116,0.122984093803701,0.105774970337228
0.579199410502131,0.179806838566846,0.10892223566657,0.122656814391715,0.105427210011655
0.579111450338877,0.179553343376849,0.108584103526168,0.122338496850363,0.105088649549859
0.57902527146881,0.179299494026473,0.10824608642282,0.122020527631275,0.104750199209719
0.578940552690887,0.179045400543601,0.107908087610355,0.121702823779748,0.104411765633094
0.578856294922357,0.17878987738394,0.107568188286148,0.121383527860062,0.104071426856207
0.578776913748082,0.178538663410663,0.107235494868642,0.121071360415459,0.103738296380274
0.578700346849976,0.178289362630305,0.10690610037396,0.120762559455999,0.103408463865522
0.57862354356277,0.178038435409815,0.106574196542301,0.120451538740879,0.103076115859013
0.57854656783226,0.177786121406251,0.106240084363985,0.120138582983073,0.10274155368945
0.578394304012612,0.177437779726249,0.105750806634594,0.119677672046811,0.102251731940848
0.578208613696764,0.177042502554694,0.105186646518026,0.119145761324815,0.101686971487795
0.578143523919077,0.176788938752582,0.104855859367259,0.118837264650909,0.101355710036782
0.578205876291709,0.176690122991417,0.104778478538462,0.118770890629634,0.101278004467192
0.578171233876559,0.1764760729292,0.104510558132389,0.118522529390831,0.101009650502523
0.578100120883789,0.17622453225421,0.104177336464499,0.118211647974744,0.100675964401132
0.577943276498936,0.175865764911686,0.103668633259134,0.117733483767115,0.100166666495194
0.57774974704444,0.175456096594996,0.10307781530925,0.117177532351467,0.099575180678134
0.577553186247199,0.175032573273412,0.102467389261544,0.116603729097244,0.098964050798852
0.577703934937333,0.175035722689054,0.102559918313473,0.116700339699224,0.099056393032249
0.577769110810524,0.17493523586413,0.102480602088447,0.116633100693899,0.098976767837675
0.577698807848833,0.174680132511932,0.102140314207839,0.116316620789099,0.098635991630242
0.57763427068339,0.174438277058379,0.101818440405726,0.116017551437218,0.098313649484362
0.577571239552493,0.174197798602248,0.101498594693724,0.115720576026228,0.09799333393105
0.577508344489472,0.173957119259785,0.101178114938996,0.115423150059441,0.097672380540717
0.57744560379371,0.173716319568851,0.100857093579779,0.115125361468718,0.097350881803679
0.577384543765268,0.173477374876865,0.100538745111513,0.114830276741455,0.09703205580701
0.57732428584256,0.173239203956099,0.100221281167949,0.114536188114638,0.096714112120233
0.577176669172095,0.172890696670912,0.099720738085156,0.114068282481229,0.096212926561693
0.576991394673249,0.172490808178749,0.099135489582209,0.113520434523648,0.095626948990249
0.57694228418107,0.172252614623028,0.098822390246075,0.113231774256639,0.095313344103224
0.57703244212915,0.172184433527251,0.098794329816823,0.113214038145633,0.095285025336426
0.577023703992567,0.171999442895242,0.09856805368072,0.113007848412372,0.095058322124667
0.576968481912074,0.171765434748192,0.098255277104529,0.112719230314299,0.094745049992581
0.576914128546627,0.171535051309022,0.097946871789555,0.112434780385219,0.094436153794215
0.576860001352292,0.171305150802213,0.097638705618113,0.112150690054851,0.094127494434221
0.576806175159955,0.171075785652526,0.097330883891094,0.111867060069803,0.093819176979142
0.576752645934468,0.170846945451438,0.09702338634916,0.111583872907571,0.093511181096915
0.576699175442339,0.170618356048805,0.096715730755044,0.111300676782926,0.093203024557442
0.576645898614344,0.170390160376131,0.096408168103433,0.111017709400926,0.092894958215436
0.576593928636976,0.170163729034487,0.096103018922849,0.110737168932266,0.092589304772307
0.576542702289878,0.169938393120771,0.095799144709417,0.110457974144648,0.092284924642858
0.576404687308111,0.169604600837033,0.095311119006692,0.110004773596553,0.091796202511194
0.576228095784535,0.169219102973867,0.094735696468699,0.109469494004054,0.091219981505839
0.576193988944893,0.169002477745985,0.094450508469603,0.109209244862175,0.090934277912897
0.576294814987777,0.168949877754686,0.094446271616814,0.109214700764639,0.090929811820068
0.576195607961741,0.168655669632526,0.094026482955557,0.108827357976606,0.090509365503592
0.576021930948993,0.168274036176401,0.093453643369081,0.108295591035672,0.089935704735332
0.575984624165894,0.168055090274836,0.093161560301637,0.108029390283434,0.089643087609401
0.576085707926952,0.168003853375138,0.093158813058443,0.108036387222539,0.089640113700006
0.576078858261799,0.167826145016667,0.092935308627184,0.107834846638197,0.089416151142399
0.576029979282884,0.167605462283243,0.092633197303522,0.107558826256031,0.089113504498397
0.575982465292398,0.167388731262851,0.09233631684617,0.107287766072908,0.088816093973441
0.575935436229537,0.167172798782403,0.092040246596137,0.10701761055179,0.088519491434691
0.575806188290018,0.166854928865843,0.091567506822464,0.106581325702427,0.088046013298855
0.575639039072678,0.16648674818653,0.091007926247515,0.106063898855209,0.087485581059545
0.575598644247028,0.166266890982412,0.090708788504443,0.105792193018048,0.087185876981279
0.575705935035002,0.166225178188853,0.090721174247776,0.105813673119845,0.087198054746632
0.575618548819438,0.165950184132499,0.090323965664324,0.10544986673354,0.086800162494917
0.575454661960972,0.165586471777324,0.089768081568575,0.104937031860489,0.086243404693203
0.575419250992131,0.165374763616275,0.089479990463181,0.104676282436346,0.085954748067551
0.575519668307931,0.165326193199489,0.089479349206031,0.104685604436291,0.085953884477675
0.575516685417799,0.165157613957682,0.089264727799784,0.104493786075755,0.085738788128139
0.575472616143461,0.164947500120542,0.088972459913212,0.104228746426711,0.085445958672055
0.575429528577224,0.1647408791584,0.088684730829897,0.103967989631968,0.08515767294261
0.575386776156021,0.164534914551572,0.088397566914343,0.103707906861303,0.084869949787488
0.575343947295161,0.16432910187424,0.088110071884915,0.10344765962113,0.084581891683708
0.575301239725776,0.164123666661842,0.087822642928807,0.103187623276352,0.084293896313614
0.575258631058755,0.163918550179611,0.087535185019349,0.102927712022216,0.084005868516946
0.575216196416319,0.163713826768811,0.087247832918482,0.102668054546241,0.083717943153429
0.575176523905858,0.1635126550413,0.086966203673581,0.102413902479384,0.083435744493468
0.575138840289672,0.163314210619287,0.086688792450149,0.102163836316445,0.083157766082591
0.575101499817091,0.163116702471639,0.086412311398009,0.101914768073206,0.082880716215914
0.575064525444626,0.16292025150659,0.086136933428067,0.101666852958715,0.082604768156645
0.574949690843749,0.162629104035749,0.085691342042083,0.101260256647911,0.082158368300658
0.57479650848816,0.16228837387525,0.085156858865529,0.100771329132608,0.081622939530268
0.57464165689356,0.161937716286885,0.084606703799512,0.100268804347044,0.081071793812634
0.574832243779307,0.161998146163733,0.084801945855807,0.100461355433334,0.081267087233042
0.574869650263399,0.161877763114081,0.084668152895011,0.100347124662867,0.081132886365722
0.574827258953623,0.161674908835188,0.08437793043665,0.100086431270079,0.080842049927632
0.574789184415888,0.161481148777823,0.084101715688062,0.099838705524923,0.080565242080646
0.574753338342344,0.161290205777379,0.083830086728775,0.099595401789491,0.080293022849434
0.57471778298374,0.161099978049648,0.083559112645989,0.099352847469713,0.080021456127505
0.574682541851704,0.160910597134531,0.0832889752617,0.099111205906819,0.079750724107282
0.574646030923549,0.160720149003807,0.083016179510056,0.09886723280203,0.079477326536251
0.574609181339448,0.160529673407543,0.082742651003257,0.098622725806935,0.079203191608073
0.574573102766662,0.160340378972073,0.082470662991281,0.098379803095571,0.078930595595721
0.574537489533917,0.160151883637225,0.082199525048002,0.098137825211756,0.078658847104266
0.574502938085105,0.159964940850191,0.08193060502297,0.097898057283293,0.078389316273652
0.574468998728717,0.159779060519534,0.081662982129937,0.097659641186601,0.078121081091815
0.574359654715117,0.159502628313183,0.081227731572117,0.097266216230023,0.077684949838793
0.57422057247425,0.15918749098358,0.080721100176357,0.096807372856385,0.077177309424977
0.574197668247747,0.159004126478052,0.080461524492393,0.096577842808963,0.076917101821378
0.574284188446891,0.158948248214323,0.080440209152882,0.096568870988041,0.076895532444446
0.574291937809876,0.158804475749205,0.080252117197569,0.096405406393769,0.076706924077807
0.574260422539277,0.158621782748357,0.079987098962532,0.096170475431647,0.076441271967409
0.574227361505416,0.158439748668319,0.079721532186453,0.095935045298604,0.07617506982308
0.574193657833353,0.158257367399791,0.079454620264397,0.095698522941625,0.075907516707529
0.574161433472556,0.15807699610976,0.079190859337426,0.09546506663358,0.075643115777342
0.574130033478193,0.157897866427852,0.078928809159612,0.09523334610671,0.075380424489991
0.5740991088506,0.157719660296958,0.078667822871739,0.095002758637025,0.075118795100225
0.574068552982844,0.157542294406632,0.078407722151844,0.094773136754097,0.074858049004897
0.574037909562856,0.157365243426719,0.078147508358591,0.094543560533239,0.074597185817175
0.574007380667071,0.1571887341291,0.077887614655287,0.094314430489729,0.074336639455985
0.573977113150989,0.157012911843017,0.07762833111597,0.094086015749893,0.074076700540347
0.573947103824711,0.15683776452836,0.077369640367624,0.093858300911291,0.073817351636603
0.573918193677333,0.156664292287609,0.077113443329785,0.09363303058932,0.073560497056927
0.573889932052099,0.156492006589303,0.076858797027928,0.0934093333941,0.073305192213691
0.573860529613147,0.156318860745747,0.076601763941464,0.093183594107258,0.073047492582248
0.573830858994069,0.156145833793156,0.076344231951998,0.092957550593404,0.072789289249582
0.573801396904007,0.155973379421047,0.076087125668484,0.092732058501317,0.072531508244494
0.573772155840199,0.155801479218481,0.075830427824863,0.092507105201273,0.072274132223026
0.573677827150802,0.15555307429066,0.07542589708183,0.092147129553785,0.071868636428215
0.573553198089634,0.155266408198772,0.074947655118509,0.091720422609753,0.071389271873635
0.57349930786289,0.155055790798502,0.074619012309866,0.091431316035434,0.071059775467214
0.573526283898024,0.154934780432182,0.074466367644583,0.091303441139704,0.070906609821875
0.57355379536558,0.154816350528751,0.074317408207283,0.09117887875172,0.070757137308616
0.573582658393479,0.154705395068897,0.074179565108642,0.091064100387508,0.070618809732132
0.573571926593491,0.154553907939451,0.073959452836217,0.090874002148354,0.070398054973377
0.573545286267322,0.154387741191528,0.073708195739823,0.090655401117156,0.070146094398837
0.573452443148993,0.154145363495775,0.073306722622226,0.090300225358195,0.069743606674109
0.573333396434151,0.15386982093828,0.072840312772599,0.089886664296034,0.069276031654268
0.573288056886205,0.15367305087376,0.072531467261712,0.089617258799799,0.06896632727189
0.573312889842423,0.153552955512834,0.072375954143044,0.089487662461623,0.068810265510951
0.573338254139598,0.153435517428615,0.072224295756872,0.089361509214014,0.068658067162626
0.573364826372398,0.153324966350612,0.072083005391966,0.089244429306475,0.06851626480705
0.573293505707824,0.153106266675189,0.071724202321969,0.088929884594362,0.068156485898314
0.573177744629007,0.152837050900394,0.071263344073026,0.088523265272893,0.067694419136181
0.573143946164789,0.152656619403885,0.070981538066823,0.088279591646686,0.067411778259863
0.573234751179697,0.15261569482574,0.070980349468465,0.088290188624424,0.06741036800879
0.573252460705097,0.152495929811886,0.070818466050565,0.088155096389863,0.06724791286718
0.573228056293526,0.152335691574227,0.070570802883119,0.087941978122325,0.066999494421534
0.573204557063334,0.152178950358584,0.070328308753737,0.08773353026123,0.06675625500315
0.573181445432064,0.152022988818184,0.070086725780658,0.087526074163872,0.066513924103073
0.573159638099122,0.151868881582043,0.069848206574455,0.087321547994288,0.066274659354292
0.573138691407422,0.151716187042208,0.069611830146812,0.087119112492507,0.066037537877077
0.573116307509427,0.151562371716568,0.069372416052426,0.086914094922339,0.065797367427611
0.573093433222273,0.151408465293155,0.069132064346945,0.08670839547026,0.065556252592039
0.573070820372089,0.151255190179332,0.06889231435593,0.086503411221862,0.065315735875296
0.573048433695786,0.151102465743014,0.06865302490828,0.08629901927418,0.065075675761822
0.573026467707688,0.150950513261991,0.068414648407434,0.086095625946404,0.064836525800854
0.573004808317978,0.150799214025942,0.068176938110584,0.085893008531885,0.064598038698498
0.572984151131696,0.150649375003076,0.067941541927767,0.085692642557474,0.064361866377102
0.572964098527496,0.150500592246872,0.067707613947008,0.085493762776361,0.064127160982807
0.572943140136388,0.15035122088899,0.067471733934889,0.085293300806202,0.063890493940522
0.572921915842611,0.150201948175406,0.067235330991475,0.085092543010727,0.063653297686858
0.572901728789426,0.150054157439085,0.067001315626835,0.084894100247434,0.063418489841945
0.572882140704155,0.149907369930921,0.066768697641274,0.084697083119112,0.063185077809339
0.572862765070953,0.149761217221099,0.066536679143151,0.084500772078147,0.062952261792615
0.572843604565754,0.149615724379356,0.066305302151807,0.084305202551191,0.062720083941792
0.572765677626911,0.149404452770505,0.065935933235221,0.083986825199536,0.062349541444112
0.572663179401869,0.149163379729065,0.065504187947322,0.083613597386451,0.061916436633012
0.572607215067678,0.148968294885637,0.065171231720646,0.083329343999972,0.061582363203707
0.572715452875344,0.148951765753474,0.065216571831939,0.083382050058897,0.0616276071356
0.57274454093133,0.148851402849061,0.065082554942669,0.083274953204926,0.061493010259754
0.572725453633997,0.148706147417993,0.064848382670224,0.08307821675251,0.061257992878435
0.572706764100607,0.148564116083094,0.064618909127493,0.082885614275329,0.061027685626251
0.572688159039165,0.148422513335116,0.064389671434235,0.082693401811905,0.06079760943508
0.572671127850976,0.148282970867882,0.064164149459785,0.082504663884684,0.060571253842223
0.572655121849907,0.148144942870994,0.063941157039556,0.082318338782511,0.060347429612994
0.572637901364358,0.148006068276165,0.063715587863741,0.082129897368702,0.060121016196441
0.572620275073993,0.147867212821644,0.063489294997439,0.081940986426282,0.059893871649064
0.572603139842212,0.147729251476806,0.063264218932406,0.081753332029172,0.059667941703009
0.572586315177256,0.147591963447067,0.063039902028157,0.081566531405281,0.059442767424254
0.572568835979298,0.147454304085608,0.062814083864001,0.081378590028753,0.059216081813659
0.572551225806431,0.147316810546828,0.062587937291109,0.081190549345505,0.058989061024775
0.572534519796779,0.147180552292864,0.062363815818789,0.081004488019683,0.058764065329971
0.572518305426707,0.147045095486493,0.062140776420544,0.08081957211338,0.058540148974303
0.572502716909199,0.146910644669854,0.061919233976799,0.080636159716331,0.058317728267509
0.572487510423736,0.146776974269579,0.061698679666122,0.080453797897168,0.058096292935025
0.572470343962407,0.146641559508477,0.061473581348977,0.080267630523563,0.057870293630614
0.57245250332487,0.146505702174992,0.061246824131343,0.080080207919014,0.057642623937776
0.572437391180473,0.146372942528684,0.061026270700004,0.079898435208148,0.057421171001274
0.572424082710067,0.146242360905042,0.060809879121654,0.0797205040776,0.057203886939217
0.572410967863073,0.146112442333416,0.060594188173144,0.07954335765429,0.056987300045077
0.572398058318722,0.145983293187822,0.060379379644097,0.079367144715403,0.056771592859054
0.572383870950006,0.145853309607346,0.060161901515109,0.079188766656831,0.056553201904836
0.572369289843404,0.14572337109624,0.059943739917945,0.079009969056038,0.056334119353879
0.572302368496057,0.145537164509673,0.059599642581849,0.07872167597095,0.055988668724325
0.572214862225033,0.145326724182567,0.059201448949671,0.078387053159847,0.055588916128913
0.572205686448303,0.145194982090289,0.058981842694802,0.078208730010656,0.055368340472514
0.572284549252417,0.145154907840085,0.05896939282057,0.078210792355533,0.055355630335945
0.572298065818848,0.14504973503193,0.058807465726748,0.078082595596518,0.05519293104772
0.572284304404137,0.144921623533685,0.058589633336691,0.077905415102783,0.054974136470122
0.572220511050923,0.144741623203305,0.058253029730473,0.077625425841427,0.054636142401
0.572135968360567,0.144537506153366,0.057861786431437,0.077298902399612,0.054243290439518
0.572105282134239,0.144385363174562,0.057590897297811,0.077077510859395,0.053971202518721
0.572134161254729,0.144292606207872,0.057457329834492,0.076975358887087,0.053836924936249
0.572163327604326,0.144201716387815,0.057326759650996,0.076875746128923,0.053705655070387
0.57219313337525,0.144116047470117,0.057205002816243,0.076783358285765,0.053583236160816
0.572143712547616,0.143950835416026,0.056897793669465,0.076530907036198,0.053274671250363
0.572061006292339,0.143751273775926,0.056509903578705,0.076209472141285,0.052885102651925
0.571990742265838,0.143560261758058,0.056143211374503,0.075907408201003,0.052516782410168
0.572120504307277,0.143574137661166,0.056254058082648,0.076016007497413,0.052627838710558
0.572100970393844,0.143435132443475,0.056007881334897,0.075817911558279,0.05238048916782
0.572021518362445,0.143240284897514,0.055626447335588,0.075503581277102,0.051997348182527
0.571990314896267,0.143092808200818,0.055356375432795,0.075285430191904,0.051725987239799
0.572018208432212,0.143003131576243,0.055223568828807,0.075185287477467,0.051592427118146
0.572046340371354,0.142915007004925,0.055093283919638,0.07508727587701,0.051461397631038
0.572075028212016,0.142831756675198,0.05497139938177,0.074996065442327,0.051338807210821
0.572027183387849,0.142673028537371,0.054668794537848,0.074750512244756,0.051034755528715
0.571950122877514,0.142484646547079,0.054294560080152,0.074444443982531,0.050658758337183
0.571920039811428,0.142340384982003,0.054026728051079,0.074229900405495,0.05038958284611
0.57194975336326,0.142254064025134,0.053898676370015,0.074134744905846,0.050260765552096
0.57197969416836,0.142169294405505,0.053773178139792,0.074041726314053,0.050134511463647
0.572010158725182,0.14208937970792,0.053656158074904,0.073955508751388,0.050016776741257
0.57196564764839,0.141936488014948,0.053361444480263,0.073718509163535,0.049720578344956
0.571891243943779,0.141753691037411,0.052993288695751,0.073419853897607,0.049350596482049
0.571888882424802,0.141640322531699,0.052794302817033,0.073265057526111,0.049150510536982
0.571959910498696,0.14159951067221,0.052771880280386,0.073259648814127,0.049127769960062
0.571927625122935,0.141457604243472,0.052501791593553,0.073045028738654,0.048856252037881
0.571854829242684,0.141277771353951,0.052136342394567,0.072750244871591,0.048488925914527
0.571854415574196,0.141167805502377,0.051942568271074,0.072600705419566,0.048294041675775
0.571924731541366,0.141127241184813,0.051919534149433,0.072594967716718,0.048270682570049
0.571936986368476,0.141032315589007,0.051760438136309,0.072474554758509,0.048110633544928
0.57192790547734,0.140921069343611,0.051557387399131,0.072316844498397,0.047906426348265
0.571874584480356,0.140766399823269,0.051246131611691,0.072068705706629,0.047593488080991
0.571804111729893,0.140592684580221,0.050887878187492,0.071782096971646,0.047233298293098
0.571803024733935,0.140483947151097,0.050692762674428,0.071632752169693,0.04703701397697
0.57187361880712,0.140444749136339,0.050671547000097,0.071628851865691,0.047015475454151
0.571844287592979,0.14030971095802,0.050408927055159,0.071423380506498,0.046751343096048
0.571775372236118,0.140138401637494,0.050052481094254,0.071139961353872,0.046392900823225
0.571774599167678,0.140031520825077,0.049858782214108,0.07099268005238,0.04619800344627
0.57184450740379,0.139992648286662,0.049837098885236,0.07098856962095,0.046175990826853
0.571815554969513,0.139859717907289,0.049575805049836,0.070785367774679,0.04591314109935
0.571748265172381,0.139692000197613,0.04922341979455,0.070506876976935,0.045558711357502
0.571747848633234,0.139586943909338,0.049031164811714,0.070361691306893,0.045365227271836
0.571815740185446,0.139547014397906,0.0490055693103,0.070354538818511,0.045339277281414
0.571830709238924,0.139459039874675,0.048854769433511,0.070243612495484,0.045187462481278
0.57182381838646,0.139354586332291,0.048658024882083,0.070094361685568,0.044989459016084
0.571776316842773,0.139211541934149,0.048361078825632,0.069862816627977,0.044690697785598
0.57171129637019,0.139049758776586,0.048015973677494,0.069592529406799,0.044343483110677
0.571711569339109,0.138947380809838,0.047826038774724,0.069450611952078,0.044152272502704
0.571775147214091,0.138904487501645,0.047791010394985,0.069436055118136,0.044116828111887
0.571793302708126,0.138821218692509,0.047648620986973,0.069333154058199,0.043973423286168
0.571788175288721,0.138720174400706,0.047456270284293,0.069188933436531,0.043779775860881
0.571783255624378,0.138620849520625,0.047266791196764,0.069047115577685,0.043589008979811
0.571778467295786,0.138521990924109,0.047077795733455,0.068905905827057,0.04339871865633
0.57177333898527,0.138423144599235,0.046888093233602,0.068764335146364,0.043207707279207
0.57176815432024,0.138324559537899,0.046698345705538,0.068622949093586,0.043016640444914
0.571722739829847,0.138187478769749,0.046406575544831,0.068398995661175,0.042722927328502
0.571661230294973,0.138033440948486,0.04606993222361,0.068139498801263,0.042384038172693
0.571661223192226,0.137934045633879,0.045880209298221,0.068000055156365,0.042192935712391
0.571722758645667,0.137891219572513,0.045842103120708,0.067983663583179,0.042154374311676
0.571744062997289,0.137813603251706,0.045708573773176,0.06788974628514,0.042019804028004
0.57174117375132,0.137717683445953,0.045522330719873,0.067752808618399,0.041832193435778
0.571736744594986,0.1376219498348,0.045334851458153,0.067614908753304,0.041643331089286
0.571731654652265,0.137525937784625,0.045145862407231,0.067476017189423,0.041452938395119
0.571727874353014,0.137431371882316,0.044960102761617,0.06733996478836,0.041265784242994
0.571724923591084,0.137337815348561,0.044776397038364,0.067205797136058,0.041080685972398
0.571722095012797,0.13724470618378,0.044593152790956,0.067072218715217,0.040896041160143
0.571719389717801,0.137152086062991,0.04441045297315,0.066939289702698,0.040711933317849
0.571716283388128,0.137059463165998,0.044226959174878,0.066805941290672,0.040527015059312
0.571713080632972,0.136967094174759,0.044043388477147,0.066672753487639,0.040342007973863
