gt_x,gt_y,transformer_pred_x,transformer_pred_y,mobilevit_pred_x,mobilevit_pred_y,lstm_pred_x,lstm_pred_y,baseline_pred_x,baseline_pred_y,gru_pred_x,gru_pred_y
9.33103162231093,3.44669707131652,9.33103162231093,3.44669707131652,9.33103162231093,3.44669707131652,9.33103162231093,3.44669707131652,9.33103162231093,3.44669707131652,9.33103162231093,3.44669707131652
9.33103846422548,3.4467007196239,9.33103146507887,3.44669728508127,9.33102796550557,3.44669556780996,9.33102796550557,3.44669556780996,9.33102796550557,3.44669556780996,9.33102796550557,3.44669556780996
9.33103861969013,3.44670080836784,9.33102946058373,3.44669646920177,9.33102488103053,3.44669429961874,9.33102488103053,3.44669429961874,9.33102488103053,3.44669429961874,9.33102488103053,3.44669429961874
9.33103877515477,3.44670089711178,9.33102765365272,3.44669573455136,9.3310220929017,3.44669315327115,9.3310220929017,3.44669315327115,9.3310220929017,3.44669315327115,9.3310220929017,3.44669315327115
9.33103890455144,3.44670097178141,9.33102585160714,3.44669500079082,9.33101932513499,3.44669201529552,9.33101932513499,3.44669201529552,9.33101932513499,3.44669201529552,9.33101932513499,3.44669201529552
9.33103893301122,3.4467009919544,9.33102402865537,3.44669425410258,9.33101657647744,3.44669088517667,9.33101657647744,3.44669088517667,9.33101657647744,3.44669088517667,9.33101657647744,3.44669088517667
9.331038961787,3.44670101232889,9.33102221447868,3.4466935110461,9.33101384082452,3.44668976040471,9.33101384082452,3.44668976040471,9.33101384082452,3.44668976040471,9.33101384082452,3.44668976040471
9.33103899171061,3.44670103343532,9.331020406119,3.44669277046798,9.33101111332319,3.44668863898431,9.33101111332319,3.44668863898431,9.33101111332319,3.44668863898431,9.33101111332319,3.44668863898431
9.3310390219395,3.44670105473014,9.33101860329085,3.44669203218511,9.33100839396652,3.4466875209126,9.33100839396652,3.4466875209126,9.33100839396652,3.4466875209126,9.33100839396652,3.4466875209126
9.33103905323312,3.446701076682,9.33101680624719,3.44669129635366,9.33100568275422,3.44668640618949,9.33100568275422,3.44668640618949,9.33100568275422,3.44668640618949,9.33100568275422,3.44668640618949
9.3310390814708,3.44670109701686,9.33101501362981,3.44669056222189,9.33100297970931,3.44668529482441,9.33100297970931,3.44668529482441,9.33100297970931,3.44668529482441,9.33100297970931,3.44668529482441
9.33103909929299,3.44670111184051,9.33101322300999,3.44668982817194,9.33100028486849,3.44668418633765,9.33100028477313,3.44668418656951,9.33100028436926,3.44668418755211,9.33100028468137,3.44668418679266
9.33103912397482,3.44670113036287,9.33101143947861,3.44668909759991,9.3309975972305,3.44668308121843,9.33099759728947,3.44668308107504,9.33099759602918,3.4466830841419,9.33099759700793,3.44668308175967
9.33103917399074,3.44670116254538,9.33100966908677,3.44668837370399,9.33099491663478,3.44668197928329,9.33099491699733,3.44668197840169,9.33099491447264,3.44668198454701,9.33099491645821,3.44668197971264
9.33103922078282,3.44670119297938,9.33100790333581,3.44668765177643,9.33099224461231,3.44668088117496,9.33099224534101,3.44668087940284,9.33099224122736,3.44668088941884,9.33099224453904,3.44668088135297
9.33103925645851,3.44670121738422,9.33100614029481,3.4466869306953,9.33098958221296,3.44667978735084,9.33098958330553,3.44667978469345,9.33098957734897,3.44667979920167,9.33098958230863,3.44667978711773
9.33103928269032,3.44670123674441,9.33100438007131,3.44668621062253,9.33098692876181,3.44667869756159,9.33098693019043,3.44667869408634,9.33098692217097,3.44667871362654,9.33098692912205,3.44667869668453
9.33103927631253,3.44670123868545,9.3310026142831,3.44668548718204,9.33098428326838,3.44667761143034,9.33098428501599,3.44667760717845,9.33098427471314,3.44667763229237,9.33098428402492,3.44667760958852
9.3310392876677,3.44670125014622,9.33100085832227,3.44668476881207,9.33098164364955,3.446676528145,9.33098164573743,3.44667652306437,9.33098163290693,3.44667655435236,9.33098164497146,3.44667652492659
9.3310393814382,3.44670130585069,9.33099913320157,3.44668406699341,9.33097900908326,3.44667544756477,9.33097901163523,3.44667544135331,9.33097899599979,3.44667547949704,9.33097901122429,3.44667544235139
9.33103879258677,3.44670099928567,9.33099718722168,3.44668324726641,9.33097638453914,3.44667437125678,9.33097638754793,3.44667436393205,9.3309763688022,3.44667440968233,9.33097638759586,3.44667436381322
9.33103576955286,3.44669940089277,9.3309944202388,3.44668199309786,9.33097374558177,3.4466732892004,9.33097374904435,3.44667328076962,9.3309737268537,3.44667333494974,9.33097374965937,3.44667327927043
9.33103279859009,3.44669783013675,9.33099157458526,3.44668070888147,9.33097096258285,3.44667214825383,9.33097096651832,3.44667213867026,9.33097094035958,3.44667220256616,9.33097096784272,3.44667213544431
9.33103669788365,3.44669990578762,9.33099085693324,3.44668057380913,9.33096793645803,3.44667090781988,9.33096794090176,3.4466708969971,9.33096791006308,3.44667097235848,9.33096794311839,3.44667089159924
9.33103973490787,3.4467015234477,9.33098988135678,3.44668029828691,9.33096495458124,3.44666968570652,9.3309649595192,3.44666967367854,9.33096492370931,3.44666976122621,9.33096496273431,3.4466696658501
9.33103975339522,3.44670153782448,9.33098809539957,3.44667956869409,9.33096226640175,3.44666858412889,9.33096227177887,3.44666857102983,9.33096223116498,3.44666867036084,9.33096227600201,3.44666856074747
9.33103977018205,3.44670155133849,9.33098639731996,3.44667887516212,9.33095971088891,3.44666753707393,9.33095971667797,3.44666752297001,9.33095967119222,3.44666763425781,9.33095972196209,3.44666751010479
9.33103978109187,3.44670156187078,9.33098470213366,3.44667818272927,9.33095716265456,3.44666649315852,9.33095716884937,3.4466664780647,9.33095711820179,3.4466666020284,9.33095717529355,3.44666646237532
9.33103979182329,3.44670157235877,9.33098301135418,3.44667749221547,9.33095462111963,3.44666545214382,9.33095462771427,3.44666543607438,9.33095457161507,3.4466655734335,9.33095463541695,3.44666541732112
9.33103980188125,3.44670158267955,9.33098132449156,3.44667680344626,9.33095208579671,3.44666441382961,9.33095209278545,3.4466643967984,9.33095203094528,3.44666454827217,9.33095210184466,3.44666437474249
9.33103982489903,3.44670159994829,9.3309796459693,3.44667611874331,9.33094955650443,3.44666337814082,9.33094956388145,3.44666336016189,9.33094949601218,3.44666352646745,9.3309495743949,3.44666333456541
9.33103990600138,3.44670164835715,9.33097799114603,3.44667544629978,9.33094703371835,3.4466623452711,9.3309470414775,3.44666232635931,9.33094696729387,3.44666250820759,9.33094705354221,3.44666229698593
9.33103932254894,3.44670134470617,9.33097612140363,3.44667465930766,9.33094452083097,3.4466613166084,9.33094452896546,3.44666129678017,9.33094444819299,3.44666149485636,9.33094454267586,3.44666126339986
9.33103641219057,3.446699808335,9.33097346604508,3.4466734574269,9.33094199297234,3.44666028197285,9.33094200147916,3.44666026123541,9.33094191377784,3.446660476387,9.33094201694624,3.44666022357783
9.33103350183219,3.44669827196382,9.3309707177455,3.44667221761599,9.33093932570215,3.44665919044207,9.33093933459649,3.44665916875815,9.33093923926674,3.44665940272037,9.33093935202388,3.4466591263274
9.3310371797004,3.44670022652597,9.33097000804483,3.44667207712503,9.33093642221705,3.44665800242456,9.33093643152759,3.44665797972397,9.33093632754743,3.44665823502949,9.33093645120484,3.44665793181486
9.33104018285562,3.44670182346207,9.33096909814772,3.44667182765235,9.33093355579377,3.44665682974749,9.33093356550887,3.44665680605849,9.33093345264676,3.44665708329161,9.33093358752183,3.44665675246183
9.33104023939699,3.44670185858727,9.33096739432334,3.4466711347074,9.33093097178652,3.44665577276747,9.33093098186026,3.44665574820214,9.33093086068469,3.44665604597159,9.33093100608245,3.44665568922577
9.33104029593836,3.44670189371246,9.33096577880492,3.44667047798475,9.3309285202382,3.4466547701209,9.33092853064692,3.44665474473689,9.33092840129471,3.44665506271667,9.33092855706355,3.44665468041669
9.33104035247973,3.44670192883766,9.33096417024208,3.44666982420759,9.33092607912325,3.44665377189256,9.33092608986091,3.44665374570456,9.33092595207889,3.44665408453271,9.33092611856039,3.44665367582508
9.33104039855726,3.44670195821033,9.33096256514731,3.44666917145739,9.33092364844233,3.44665277808092,9.33092365950311,3.44665275110297,9.33092351304031,3.44665311141292,9.33092369057264,3.44665267545173
9.33104040720296,3.44670196700474,9.3309609542155,3.44666851466185,9.33092122772177,3.44665178849041,9.33092123909981,3.44665176073676,9.33092108370593,3.44665214316097,9.33092127262612,3.44665167910239
9.3310398086658,3.44670165465507,9.33095914608249,3.44666775304012,9.33091881479084,3.44665080223264,9.33091882648044,3.44665077371706,9.33091866189945,3.44665117890299,9.33091886255182,3.44665068588442
9.33103699533934,3.44670017088487,9.33095658689619,3.44666659581662,9.33091638267461,3.44664980828249,9.33091639467343,3.4466497790106,9.33091622054537,3.4466502078641,9.33091643340705,3.44664968469413
9.33103421578521,3.44669870499089,9.33095394785123,3.44666540742024,9.33091381388424,3.44664875863492,9.33091382620458,3.44664872857653,9.33091364168981,3.4466491831944,9.33091386785253,3.44664862716213
9.33103779340521,3.44670060404768,9.33095327620686,3.44666527881957,9.33091101760768,3.44664761620552,9.33091103027243,3.44664758530452,9.33091083412065,3.44664806880538,9.33091107520437,3.44664747589163
9.33104003510218,3.44670179600126,9.33095218482608,3.44666492507796,9.33090825968803,3.44664648961631,9.33090827268633,3.4466464578991,9.3309080647314,3.44664697071282,9.33090832096744,3.44664634032876
9.33103726332036,3.44670033432378,9.33094958707195,3.44666375420939,9.33090574894775,3.4466454641522,9.33090576224395,3.44664543170592,9.33090554324857,3.44664597195473,9.33090581367467,3.446645306464
9.33103463084801,3.44669894636286,9.33094702426927,3.44666260332645,9.3309032209799,3.44664443180824,9.33090323457081,3.44664439864058,9.33090300416302,3.44664496726568,9.33090328927406,3.44664426542746
9.33103808752605,3.44670078051827,9.330946344381,3.44666246664616,9.33090047280848,3.44664330971011,9.33090048671468,3.44664327577056,9.33090024357767,3.446643876065,9.33090054508527,3.44664313362437
9.33104080117157,3.44670222136403,9.33094544326787,3.44666220977427,9.33089776431602,3.44664220397939,9.33089777852756,3.4466421692922,9.33089752252671,3.44664280161003,9.33089784062048,3.44664201807875
9.33104082167993,3.44670223665061,9.33094381960102,3.44666154932353,9.33089531856157,3.44664120565999,9.33089533304353,3.44664117031058,9.33089506514041,3.44664183227572,9.33089539859537,3.44664101067128
9.33104084218828,3.44670225193718,9.33094227544176,3.44666092142215,9.3308929920685,3.44664025616464,9.33089300680305,3.44664022019656,9.33089272730684,3.44664091105607,9.33089307573814,3.44664005231555
9.33104086269664,3.44670226722376,9.33094073581855,3.44666029546743,9.33089067237951,3.44663930958926,9.3308906873616,3.44663927301475,9.33089039603599,3.44663999337519,9.33089075976258,3.44663909669051
9.33104029541831,3.44670197211344,9.33093900480283,3.44665956799289,9.33088835949509,3.44663836593262,9.33088837471969,3.44663832876396,9.33088807132979,3.446639079229,9.33088845066846,3.44663814379676
9.33103758574056,3.44670054565034,9.33093654788423,3.44665845869427,9.33088602895606,3.44663741521623,9.33088604442066,3.44663737745946,9.33088572860273,3.44663815895525,9.33088612403701,3.44663718355724
9.3310348760628,3.44669911918723,9.33093400345329,3.44665731379717,9.33088356714854,3.44663641110214,9.33088358286205,3.44663637273533,9.33088325362892,3.44663718774675,9.33088366645056,3.44663616915585
9.3310365015954,3.44669998279165,9.33093275713974,3.44665687242752,9.33088088491191,3.44663531724545,9.33088090089149,3.44663527822645,9.33088055672842,3.44663613056015,9.33088098891452,3.44663506384297
9.33103815694111,3.44670086214479,9.33093149403733,3.44665642551922,9.33087816258544,3.44663420720644,9.33087817882931,3.4466341675395,9.33087781919482,3.44663505857236,9.33087827146156,3.44663394192611
9.33103981228682,3.44670174149794,9.33093032526894,3.44665601718149,9.33087558176,3.44663315502326,9.33087559824851,3.44663311475645,9.3308752236462,3.44663404325134,9.3308756953536,3.44663287824516
9.33104053385228,3.44670212781502,9.33092894040515,3.4466554833967,9.33087314368159,3.44663216118754,9.33087316039593,3.44663212036691,9.33087277137106,3.44663308498082,9.33087326182418,3.44663187332211
9.33103787616508,3.44670072988636,9.33092649838021,3.44665438319047,9.33087080948777,3.44663120984253,9.33087082641362,3.4466311685031,9.33087042331077,3.44663216839422,9.33087093207419,3.44663091114588
9.33103522518843,3.44669933550042,9.33092400816224,3.44665326371065,9.33086839964915,3.44663022781577,9.33086841678898,3.44663018595142,9.33086799887304,3.44663122298404,9.33086852691504,3.44662991771335
9.33103859566808,3.44670112002498,9.33092338107217,3.44665314528467,9.33086577377422,3.44662915791452,9.33086579114267,3.44662911548923,9.3308653567809,3.44663019378193,9.33086590623876,3.44662883514064
9.3310412727287,3.44670253824513,9.33092254599908,3.44665291429805,9.33086318263427,3.44662810232451,9.33086320022324,3.44662805935808,9.33086274933231,3.44662917914489,9.33086332032654,3.44662776680807
9.33104122721309,3.44670251824156,9.33092097428424,3.44665227361419,9.33086084781982,3.44662715130051,9.33086086560258,3.44662710785847,9.33086039954774,3.446628265735,9.33086099031076,3.44662680408713
9.33104119697785,3.4467025064023,9.33091948358127,3.44665166666621,9.33085862688298,3.44662624679816,9.33085864484553,3.44662620291475,9.33085816411088,3.44662739768717,9.33085877402268,3.44662588825302
9.33104127062977,3.44670255006993,9.33091802821188,3.44665107859868,9.33085640700293,3.44662534286306,9.33085642514095,3.44662529854888,9.33085592947836,3.44662653086333,9.33085655887351,3.44662497278578
9.33104134428168,3.44670259373757,9.33091657727786,3.446650492428,9.33085419377595,3.44662444177322,9.33085421208475,3.44662439703966,9.33085370128443,3.4466256674466,9.33085435044718,3.4466240599935
9.33104141793359,3.44670263740521,9.33091513403178,3.44664990947779,9.33085199208088,3.44662354551408,9.33085201055556,3.44662350037316,9.33085148444317,3.44662480933448,9.33085215361127,3.44662315188911
9.3310409011785,3.4467023698914,9.33091350167164,3.44664922602014,9.33084980191821,3.44662265408451,9.33084982055392,3.44662260854803,9.33084927895783,3.44662395651937,9.33084996836535,3.44662224847367
9.33103832649342,3.44670101771967,9.33091117458905,3.44664817754038,9.33084759863687,3.44662175745074,9.33084761743035,3.44662171152669,9.33084706000459,3.44662309940367,9.33084777011357,3.4466213395788
9.33103581939005,3.4466997011721,9.33090878756718,3.44664710747068,9.33084527165575,3.44662081061997,9.33084529061135,3.44662076429758,9.33084471619972,3.4466221950208,9.33084544853238,3.44662037958378
9.3310390816845,3.44670142583023,9.33090818579617,3.44664699513718,9.330842737852,3.44661977979066,9.33084275697921,3.44661973304655,9.33084216378031,3.4466212111887,9.33084292070433,3.44661933418634
9.33104110136369,3.44670249558093,9.33090719388451,3.44664667439364,9.33084024014492,3.4466187638,9.33084025943598,3.44661871665317,9.33083964743019,3.44662024229253,9.33084042898205,3.44661830360506
9.33103856192475,3.44670116249589,9.33090483191388,3.44664561366975,9.33083796690844,3.44661783925668,9.33083798634359,3.44661779175566,9.33083735696084,3.44661936130753,9.33083816127826,3.4466173655731
9.3310361008151,3.44669987067797,9.33090248462924,3.44664456214966,9.33083567653631,3.4466169078855,9.33083569611201,3.4466168600389,9.3308350489598,3.44661847452231,9.33083587656734,3.44661642039966
9.33103930424471,3.44670156317481,9.33090188969762,3.44664445027056,9.33083318242408,3.44661589381843,9.33083320214835,3.44661584560652,9.33083253536073,3.44661750976975,9.33083338871469,3.44661539107124
9.33104180847246,3.44670288710139,9.33090108555065,3.44664422533301,9.33083072408974,3.44661489444882,9.33083074395568,3.44661484588848,9.33083005753284,3.44661655976116,9.33083093664304,3.44661437643241
9.33104180542182,3.44670288936645,9.33089960755057,3.44664362575083,9.33082850861494,3.44661399394302,9.33082852860402,3.44661394507979,9.33082782423312,3.44661570441817,9.33082872689588,3.44661346196166
9.33104129025458,3.44670262235576,9.3308980315319,3.44664296604122,9.33082640217056,3.44661313788395,9.33082642227273,3.44661308874247,9.33082570059786,3.44661489194148,9.33082662597716,3.44661259242982
9.3310387944803,3.44670131392314,9.33089578401852,3.44664195468896,9.33082427878763,3.44661227507187,9.33082429899997,3.44661222565933,9.33082355964097,3.44661407370965,9.33082450824494,3.44661171583982
9.33103633396058,3.44670002404294,9.33089346778853,3.44664091691535,9.33082203470251,3.44661136335156,9.33082205502725,3.44661131366243,9.33082129672369,3.4466132097899,9.3308222702167,3.44661078935103
9.33103952734106,3.44670170948226,9.33089290173411,3.44664081638783,9.33081958893063,3.44661036984062,9.33081960937341,3.44661031986095,9.33081883014389,3.44661226912622,9.3308198311385,3.44660977951854
9.33104201162742,3.44670302152688,9.33089212277314,3.44664060102316,9.330817178346,3.4466093907713,9.33081719890032,3.44660934051703,9.33081639877137,3.44661134288506,9.33081742724221,3.44660878414041
9.33104201413862,3.44670302671866,9.33089067727005,3.44664001540507,9.33081500883576,3.44660850974828,9.33081502948575,3.44660845925847,9.33081421030153,3.44661051007298,9.33081526383317,3.44660788824
9.33104148577268,3.44670275307457,9.3308891269278,3.44663936621348,9.33081294750536,3.44660767278294,9.33081296824196,3.44660762207983,9.33081213071992,3.4466097195451,9.33081320837767,3.44660703694881
9.33103903523012,3.44670146983383,9.33088692433959,3.44663837589738,9.33081086889432,3.44660682892916,9.33081088971433,3.44660677802063,9.33081003346625,3.44660892315318,9.3308111357696,3.44660617845661
9.33103658468756,3.44670018659309,9.33088464217179,3.4466373533645,9.3308086709139,3.4466059367502,9.33080869181813,3.44660588563421,9.33080781552023,3.44660808183475,9.33080894422016,3.44660527059524
9.3310397123757,3.44670183558916,9.33088408650022,3.44663725439143,9.33080627356248,3.44660496379256,9.33080629455445,3.44660491246041,9.33080539611638,3.44660716508754,9.33080655397384,3.44660428031095
9.33104218694038,3.44670314103139,9.33088333487171,3.4466370498244,9.33080390883737,3.4466040042209,9.33080392991116,3.44660395268715,9.33080300936636,3.44660626169012,9.3308041963462,3.44660330343097
9.33104215104141,3.44670312595877,9.33088190469891,3.44663646939882,9.33080178152766,3.44660314111885,9.33080180267036,3.44660308941527,9.33080086199846,3.44660544977702,9.33080207550133,3.44660242456307
9.33104213293313,3.44670312035785,9.33088055083528,3.44663592076768,9.33079975978636,3.4466023209726,9.33079978099039,3.44660226911785,9.33079882096324,3.44660467889895,9.33080005998042,3.44660158924681
9.3310422161406,3.44670316869704,9.33087923192488,3.44663539067872,9.33079773981702,3.44660150166956,9.33079776107852,3.44660144967314,9.33079678148656,3.44660390943909,9.33079804630258,3.44660075460008
9.3310422833628,3.44670320852257,9.33087791259342,3.44663485982488,9.33079572720873,3.44660068547603,9.33079574852388,3.44660063334733,9.33079474921259,3.4466031435236,9.33079604003918,3.44659992293239
9.33104229215855,3.44670321723056,9.33087658135233,3.44663432174886,9.33079372594922,3.44659987400801,9.33079374731422,3.44659982175638,9.33079272817019,3.44660238266384,9.33079404516459,3.44659909589227
9.33104230797626,3.44670322975457,9.33087525763827,3.4466337871294,9.33079173246928,3.44659906581682,9.33079175388037,3.44659901345152,9.33079071475703,3.44660162549627,9.33079205812013,3.44659827200541
9.33104235131808,3.44670325723632,9.33087394661773,3.44663325900374,9.33078974426755,3.44659825988745,9.33078976572088,3.44659820741796,9.33078870644833,3.44660087106642,9.33079007641193,3.4465974502385
9.33104239465989,3.44670328471807,9.33087264010423,3.44663273278597,9.3307877628264,3.44659745681992,9.33078778431801,3.44659740425598,9.33078670474291,3.44660011993265,9.33078810151695,3.4465966312047
9.33104243800171,3.44670331219982,9.33087133888512,3.44663220879485,9.33078578932682,3.44659665709237,9.33078581085278,3.44659660444367,9.33078471083586,3.44659937253756,9.33078613461189,3.4465958153927
9.33104247612937,3.44670333680478,9.33087004122254,3.44663168607097,9.33078382376913,3.44659586070406,9.33078384532547,3.44659580798038,9.33078272472954,3.44659862887564,9.33078417569648,3.44659500280314
9.33104249420645,3.44670335034731,9.33086874203314,3.44663116182906,9.33078186594649,3.44659506756994,9.33078188752927,3.44659501478101,9.33078074621683,3.44659788886303,9.3307822245639,3.44659419335094
9.3310425144983,3.44670336508096,9.33086744806942,3.44663063988181,9.33077991485498,3.44659427728224,9.3307799364603,3.44659422443765,9.33077877428499,3.44659715211508,9.33078028021304,3.44659338662146
9.33104254324862,3.44670338436358,9.33086616093942,3.44663012115624,9.33077796978482,3.44659348955257,9.33077799140876,3.44659343666201,9.33077680821828,3.44659641835922,9.33077834193605,3.44659258232159
9.33104257095245,3.44670340310132,9.33086487775436,3.44662960406719,9.33077603115532,3.44659270455012,9.33077605279403,3.44659265162309,9.33077484844222,3.44659568774924,9.33077641015035,3.44659178062515
9.33104259487193,3.44670341986863,9.33086359778264,3.44662908821226,9.330774099238,3.44659192238408,9.3307741208877,3.44659186942991,9.330772895233,3.44659496038273,9.33077448512602,3.4465909816448
9.33104261991416,3.4467034372391,9.33086232247273,3.44662857437289,9.33077217375201,3.44659114293979,9.33077219540887,3.44659108996791,9.33077094830836,3.44659423614926,9.33077256658267,3.44659018526481
9.33104264899646,3.44670345677998,9.33086105268152,3.44662806302423,9.33077025452405,3.44659036614635,9.33077027618433,3.44659031316604,9.33076900749471,3.44659351497912,9.33077065434713,3.44658939141389
9.33104216069225,3.44670320584312,9.33085961474352,3.44662746334104,9.33076834176915,3.44658959209,9.33076836342906,3.44658953911061,9.33076707301115,3.44659279694854,9.33076874863319,3.44658860018137
9.33103985924882,3.44670200703887,9.33085756259065,3.44662654380086,9.33076641426156,3.44658881218185,9.33076643591742,3.44658875921247,9.33076512339016,3.44659207409293,9.33076682829362,3.44658780278676
9.33103755780538,3.44670080823461,9.33085543635581,3.44662559436918,9.33076437563103,3.44658798743646,9.33076439727886,3.44658793448692,9.33076306114175,3.44659131031882,9.33076479732136,3.4465869593586
9.3310387322711,3.44670142704525,9.33085434468782,3.44662520070675,9.33076215089618,3.4465870875375,9.33076217253102,3.44658703462009,9.33076081038197,3.44659047764619,9.33076258102776,3.44658603886635
9.33104022462849,3.44670221208712,9.33085333076816,3.44662485113426,9.33075988383799,3.44658617065783,9.3307599054551,3.44658611778426,9.33075851654782,3.44658962997523,9.33076032265673,3.44658510079308
9.33104171698588,3.44670299712898,9.33085239326011,3.44662453255321,9.33075773139722,3.44658530026533,9.33075775299297,3.44658524744457,9.33075633844234,3.44658882595974,9.33075817854483,3.4465842100807
9.33104290899195,3.44670362496841,9.33085144081698,3.44662419609965,9.3307557067295,3.44658448166527,9.33075572830104,3.44658442890441,9.33075428940638,3.44658807042216,9.33075616178792,3.44658337218035
9.33104293457095,3.44670364230557,9.33085017647041,3.44662368731753,9.33075379742014,3.44658370982351,9.33075381896514,3.44658365712827,9.33075235690389,3.44658735863841,9.33075426001081,3.44658258196153
9.33104247113411,3.4467034043108,9.33084878559051,3.44662310824455,9.33075194281871,3.44658296021143,9.33075196433462,3.44658290758818,9.3307504795672,3.44658666793467,9.330752412796,3.44658181432741
9.33104023249929,3.44670223942434,9.33084679376404,3.44662221656007,9.33075007439641,3.44658220512793,9.33075009587988,3.44658215258495,9.33074858803213,3.4465859727742,9.33075055188609,3.44658104091463
9.33103799386447,3.44670107453789,9.33084473007578,3.446621295915,9.33074809818144,3.44658140660356,9.33074811962731,3.44658135415364,9.33074658715065,3.44658523824028,9.33074858369161,3.44658022282098
9.33104071394227,3.44670250049939,9.33084419830869,3.44662119008893,9.3307459404919,3.4465805348837,9.33074596189303,3.44658048254455,9.33074440228849,3.44658443705553,9.33074643484049,3.44657932953573
9.33104314426949,3.446703774831,9.3308435859959,3.44662104028587,9.3307438068591,3.44657967301331,9.33074382821178,3.4465796207941,9.33074224154737,3.44658364559654,9.33074431002772,3.44657844614441
9.33104315032797,3.44670378158149,9.33084231066667,3.44662052663528,9.33074189083602,3.44657889916217,9.33074191214105,3.44657884706095,9.33074030096707,3.44658293556971,9.33074240199702,3.44657765279149
9.33104315403303,3.44670378713769,9.3308411046942,3.44662004098967,9.33074008002478,3.44657816791566,9.33074010128112,3.44657811593503,9.33073846674625,3.44658226520206,9.33074059880759,3.44657690294706
9.3310431483878,3.44670378794888,9.33083989870187,3.44661955508719,9.33073827385891,3.44657743865635,9.33073829506342,3.44657738680409,9.33073663703105,3.44658159722258,9.33073880031236,3.44657615497031
9.33104315320086,3.44670379429275,9.33083869878419,3.4466190721478,9.33073647157586,3.44657671107533,9.33073649272544,3.44657665935915,9.33073481104986,3.44658093134645,9.33073700575154,3.44657540854562
9.33104320972858,3.44670382799482,9.33083751861373,3.44661859941412,9.3307346730563,3.44657598512377,9.33073469414788,3.44657593355132,9.3307329886826,3.44658026752733,9.33073521500594,3.44657466362387
9.33104325838598,3.44670385753548,9.3308363402708,3.44661812716297,9.33073288121321,3.44657526197672,9.33073290224373,3.44657521055557,9.33073117288206,3.446579606837,9.33073343097545,3.44657392141193
9.33104327733282,3.44670387136672,9.33083515783646,3.44661765209368,9.33073109808828,3.44657454245716,9.3307311190547,3.44657449119491,9.33072936571904,3.44657895002292,9.33073165569226,3.44657318275607
9.33104329627966,3.44670388519796,9.33083398000016,3.44661717895213,9.33072932186041,3.44657382582921,9.33072934275952,3.44657377473381,9.33072756534976,3.44657829640873,9.33072988734258,3.4465724469025
9.33104331522651,3.44670389902919,9.330832805802,3.44661670735068,9.33072755108974,3.44657311151143,9.33072757191831,3.44657306059091,9.3307257703164,3.44657764546025,9.33072812449254,3.44657171325517
9.3310428928695,3.4467036829703,9.33083148814077,3.44661616065908,9.33072578577641,3.44657239950347,9.33072580653133,3.44657234876557,9.3307239806206,3.44657699717371,9.33072636714198,3.44657098181447
9.33104075387239,3.44670257265544,9.33082958969382,3.4466153124973,9.33072400760454,3.44657168241823,9.33072402828192,3.44657163187263,9.33072217769278,3.44657634482587,9.33072459705784,3.44657024499117
9.33103869273292,3.44670150292036,9.33082764891556,3.44661445040201,9.33072212700688,3.44657092414284,9.33072214759877,3.44657087380931,9.330720270706,3.44657565560126,9.33072272508456,3.44656946566764
9.33104133755656,3.44670288595581,9.33082716315749,3.44661436016231,9.33072007595796,3.44657009726556,9.33072009645287,3.44657004717263,9.33071819064998,3.44657490467207,9.33072068351891,3.44656861564563
9.33104349638362,3.44670401554723,9.33082653409466,3.44661419306026,9.33071805295018,3.44656928181678,9.33071807334543,3.44656923197112,9.33071613880856,3.44657416476398,9.33071866994074,3.44656777718266
9.33104352327522,3.44670403334826,9.33082532983923,3.44661371003476,9.33071623312124,3.44656854837801,9.3307162534231,3.44656849876413,9.33071429284182,3.44657349984551,9.33071685866273,3.44656702287389
9.33104355016681,3.44670405114928,9.3308241887269,3.44661325252801,9.33071450800694,3.44656785321738,9.33071452821684,3.44656780383174,9.33071254276133,3.44657287017421,9.33071514171925,3.44656630777057
9.3310435770584,3.44670406895031,9.33082305186851,3.4466127968059,9.33071278927357,3.44656716073369,9.33071280938888,3.44656711158288,9.33071079896661,3.44657224347013,9.33071343119144,3.44656559525905
9.33104314809793,3.44670384963943,9.33082176731368,3.44661226383044,9.33071107692156,3.44656647092594,9.33071109693964,3.44656642201653,9.33070906145945,3.44657161972897,9.33071172707911,3.44656488533981
9.33104106410003,3.4467027694592,9.33081992268325,3.44661144058661,9.33070935197486,3.44656577615032,9.33070937189207,3.4465657274914,9.33070731098448,3.44657099204142,9.33071001049779,3.44656417014555
9.33103905684156,3.44670172921505,9.330818036653,3.44661060375142,9.33070752655872,3.44656504101961,9.33070754636614,3.44656499263339,9.33070545835409,3.4465703284739,9.33070819400312,3.44656341323846
9.3310416895805,3.44670310367909,9.33081758649947,3.44661052728338,9.33070553495895,3.44656423908552,9.33070555464306,3.44656419100557,9.33070343684488,3.44656960523916,9.33070621221196,3.44656258736211
9.33104375884857,3.44670418472807,9.33081696840286,3.44661036109526,9.33070357318,3.44656344927885,9.33070359273883,3.44656340151015,9.33070144538985,3.44656889356644,9.33070426016834,3.44656177379161
9.33104374947155,3.44670418336835,9.33081579023196,3.44660988764386,9.33070181061216,3.44656273978161,9.33070183005475,3.44656269230176,9.33069965596733,3.44656825481862,9.3307025064134,3.44656104278181
9.33104374904797,3.44670418673601,9.33081467459136,3.44660943980632,9.33070013736305,3.44656206634148,9.33070015669214,3.4465620191437,9.33069795704313,3.44656764906227,9.33070084159379,3.44656034876464
9.33104378939356,3.44670421162964,9.33081357471847,3.44660900008923,9.33069846738093,3.44656139431903,9.33069848659387,3.44656134740996,9.33069626125545,3.44656704510979,9.33069918008781,3.44655965605088
9.33104340304693,3.44670401495042,9.33081233630671,3.44660848806802,9.3306968029366,3.44656072462682,9.33069682203085,3.44656067801281,9.33069457091099,3.44656644377943,9.33069752415423,3.44655896558251
9.33104136879601,3.44670296254711,9.33081054169604,3.44660768809851,9.33069512814605,3.44656005087421,9.33069514711795,3.44656000456443,9.33069286987811,3.44656583933497,9.33069585799043,3.44655827077022
9.33103933454508,3.44670191014379,9.33080868266557,3.4466068622858,9.33069335672581,3.4465593383568,9.33069337556521,3.4465592923765,9.33069107050977,3.44656520067679,9.33069409576133,3.44655753581489
9.33104054769228,3.44670254417335,9.33080779598645,3.44660655440508,9.33069142013353,3.44655855952095,9.33069143882467,3.44655851390942,9.33068910315361,3.44656450319223,9.33069216929003,3.4465567322707
9.33104179666204,3.44670319680623,9.33080690107149,3.44660624469112,9.33068945327622,3.44655776863357,9.33068947181299,3.44655772340604,9.33068710483835,3.44656379554356,9.33069021278558,3.44655591610841
9.3310430456318,3.4467038494391,9.33080607691571,3.44660596350559,9.33068759255767,3.44655702053883,9.33068761094455,3.44655697568423,9.33068521415804,3.44656312677811,9.33068836193091,3.44655514393208
9.33104358548283,3.44670413405121,9.33080508814126,3.44660558856664,9.33068583947047,3.44655631582436,9.33068585771264,3.44655627132985,9.33068343265334,3.44656249735122,9.33068661820299,3.44655441636758
9.33104159088086,3.4467031033246,9.33080330665095,3.44660479619413,9.330684164536,3.44655564262889,9.33068418263682,3.44655559848616,9.33068173038836,3.4465618966087,9.33068495227368,3.44655372118617
9.33103959627889,3.44670207259798,9.33080148735696,3.44660398869829,9.33068243289599,3.44655494674845,9.33068245084774,3.4465549029768,9.33067997030686,3.44656127617351,9.33068323000911,3.4465530024154
9.33104210261542,3.44670337712729,9.33080106031717,3.44660391627399,9.33068053916804,3.44655418584734,9.33068055695372,3.44655414248914,9.33067804527192,3.44656059837081,9.33068134660564,3.44655221630636
9.33104415844936,3.44670444776342,9.33080049970121,3.44660377262772,9.33067867032714,3.44655343505987,9.33067868794556,3.44655339211812,9.33067614533447,3.44655993017484,9.33067948802366,3.44655144047057
9.33104416377326,3.44670445390719,9.33079938436112,3.44660332595447,9.33067699465505,3.44655276197811,9.33067701212025,3.44655271941794,9.33067444160033,3.44655933167172,9.33067782161292,3.44655074477576
9.33104378259155,3.44670425985816,9.33079819973654,3.44660283653531,9.33067540830903,3.44655212487389,9.3306754256262,3.44655208268245,9.33067282851881,3.44655876566511,9.33067624409423,3.44655008611784
9.3310418280969,3.4467032509026,9.33079648273204,3.44660207235629,9.33067381004961,3.44655148308313,9.33067382721485,3.44655144127015,9.3306712031528,3.44655819600389,9.33067465478868,3.44654942246398
9.33103993308897,3.44670227277215,9.33079472320206,3.44660129348268,9.3306721182586,3.44655080383795,9.33067213526017,3.44655076243276,9.33066948248855,3.44655759363741,9.3306729725393,3.44654871992013
9.33104109824354,3.44670288037068,9.33079387933826,3.44660100134974,9.33067026988562,3.44655006183927,9.33067028670529,3.44655002088736,9.33066760237263,3.44655693621148,9.33067113466065,3.44654795229604
9.33104226339811,3.44670348796922,9.33079301766428,3.44660070214369,9.33066839479737,3.44654930923092,9.33066841142915,3.44654926874732,9.3306656948822,3.44655626998666,9.33066927028878,3.44654717351954
9.33104342855268,3.44670409556775,9.33079222311237,3.44660042995087,9.33066662039222,3.44654859714243,9.33066663684282,3.44654855711048,9.33066388962535,3.44655564019992,9.33066750609118,3.446546436505
9.33104394938005,3.44670436955952,9.3307912809096,3.44660007356211,9.33066494667437,3.4465479255634,9.33066496295082,3.44654788596562,9.3306621866285,3.44655504677631,9.33066584206454,3.44654574126027
9.33104203084733,3.44670338054857,9.33078957483014,3.4465993159968,9.33066334682154,3.44654728372092,9.33066336292863,3.44654724454546,9.33066055861931,3.44655448013983,9.33066425153553,3.44654507664889
9.3310401123146,3.44670239153761,9.33078783240178,3.44659854391644,9.33066169244537,3.44654662010585,9.33066170837448,3.44654658137425,9.3306588749521,3.44655389481069,9.3306626068633,3.4465443893362
9.33104250462587,3.44670363360075,9.3307874228599,3.4465984738596,9.33065988197692,3.44654589398902,9.33065989770832,3.44654585575057,9.33065703223713,3.44655325493319,9.33066080708259,3.44654363711879
9.33104446303069,3.4467046509979,9.33078688410592,3.44659833517257,9.33065809464353,3.44654517725991,9.33065811017657,3.4465451395163,9.3306552128796,3.4465526239027,9.33065903036739,3.44654289445844
9.33104448705865,3.44670466682709,9.33078582347098,3.44659791198276,9.33065649167714,3.44654453456059,9.33065650702925,3.44654449726844,9.33065358102279,3.44655205856478,9.33065743698399,3.4465422283556
9.33104450853565,3.44670468133811,9.33078481937942,3.44659751142713,9.3306549748013,3.44654392647164,9.3306549899794,3.44654388961373,9.33065203664829,3.44655152415677,9.33065592923351,3.44654159798034
9.33104452021002,3.44670469078378,9.33078381580122,3.44659711076043,9.33065346359682,3.44654332074876,9.3306534785989,3.44654328433019,9.33065049788899,3.44655099231184,9.33065442717715,3.44654096991514
9.33104453378207,3.44670470123873,9.33078281617201,3.4465967118208,9.33065195736698,3.44654271711184,9.330651972191,3.44654268113776,9.33064896403663,3.44655046278115,9.33065293012192,3.44654034387081
9.33104455469934,3.44670471560027,9.3307818219902,3.44659631544643,9.33065045563563,3.44654211536951,9.33065047027955,3.44654207984511,9.33064743460736,3.44654993539422,9.33065143759424,3.4465397196497
9.33104457531175,3.44670472981157,9.33078083095502,3.44659592038464,9.33064895877665,3.44654151567117,9.33064897323851,3.44654148060138,9.33064590998309,3.44654941027923,9.33064994996536,3.4465390974076
9.33104459478971,3.44670474346382,9.3307798429739,3.44659552657241,9.330647467066,3.4465409181267,9.33064748134385,3.44654088351649,9.33064439044605,3.44654888752956,9.3306484675091,3.44653847725965
9.33104460669291,3.44670475319558,9.33077885583332,3.44659513286203,9.33064598040352,3.44654032269525,9.33064599449533,3.44654028854974,9.33064287589537,3.44654836710647,9.3306469901255,3.44653785916449
9.33104459062777,3.44670474845172,9.33077786243286,3.44659473561361,9.3306444983354,3.44653972919455,9.33064451223912,3.44653969551897,9.33064136586993,3.44654784884769,9.33064551736323,3.44653724293377
9.33104458297632,3.44670474810533,9.33077687372743,3.44659434064842,9.33064301910298,3.44653913691996,9.33064303281635,3.44653910372,9.33063985857886,3.44654733213561,9.33064404747442,3.44653662783652
9.33104462407192,3.4467047732369,9.33077590250456,3.44659395473015,9.33064154172088,3.44653854547678,9.33064155524156,3.44653851275836,9.33063835301878,3.44654681662445,9.33064257947978,3.44653601346314
9.33104466554976,3.44670479854174,9.33077493444804,3.4465935701464,9.33064006889718,3.44653795594873,9.33064008222326,3.44653792371672,9.33063685195026,3.44654630325687,9.33064111606995,3.44653540093996
9.33104470904288,3.4467048247601,9.33077397166179,3.44659318776751,9.33063860297125,3.44653736927121,9.33063861610107,3.44653733752984,9.3306353577588,3.44654579284408,9.33063965956881,3.44653479124021
9.33104474600254,3.44670484756574,9.33077301142031,3.44659280620053,9.3306371441292,3.44653678551792,9.33063715706119,3.44653675427117,9.33063387063576,3.44654528544572,9.33063821016079,3.44653418444172
9.33104475424177,3.44670485536935,9.330772046224,3.44659242154016,9.33063569221511,3.44653620462556,9.3306357049477,3.44653617387747,9.33063239042382,3.4465447810024,9.3306367676904,3.44653358048013
9.33104476551254,3.44670486475492,9.33077108553301,3.44659203886434,9.33063424554325,3.44653562591905,9.33063425807467,3.44653559567407,9.33063091540587,3.44654427892395,9.33063533048243,3.44653297865458
9.33104479273525,3.44670488246472,9.3307701328319,3.44659166009116,9.33063280288022,3.44653504890438,9.33063281520856,3.4465350191674,9.33062944432547,3.44654377877897,9.33063389731121,3.44653237845227
9.33104482032382,3.44670490033706,9.33076918350968,3.44659128273337,9.33063136510261,3.44653447393153,9.33063137722606,3.44653444470718,9.33062797807753,3.44654328086813,9.3306324690472,3.44653178023816
9.33104484985277,3.44670491907143,9.33076823859836,3.44659090722646,9.33062993297115,3.44653390130398,9.33062994488795,3.44653387259671,9.33062651743908,3.44654278545098,9.33063104644563,3.44653118432909
9.33104487938172,3.4467049378058,9.33076729755223,3.44659053332305,9.33062850663749,3.44653333108167,9.33062851834592,3.44653330289588,9.33062506256614,3.44654229257582,9.33062962965674,3.44653059078849
9.33104490891066,3.44670495654017,9.33076636045637,3.44659016105674,9.33062708622922,3.44653276331502,9.33062709772769,3.4465327356548,9.33062361359029,3.44654180228245,9.33062821880688,3.44652999966983
9.33104459788621,3.44670480020887,9.33076531379312,3.44658973207193,9.33062567174658,3.44653219800346,9.3306256830335,3.44653217087286,9.33062217051318,3.4465413145666,9.33062681389582,3.44652941097362
9.33104282383712,3.44670389179175,9.33076377397698,3.44658905026045,9.33062424904691,3.4465316294948,9.33062426011855,3.44653160290322,9.33062071890615,3.44654082455284,9.33062540087669,3.44652881881369
9.33104108230787,3.4467030000973,9.33076218958719,3.44658835194144,9.33062274322685,3.44653102786351,9.33062275406809,3.44653100184895,9.3306191823346,3.44654030647743,9.33062390535929,3.44652819201073
9.33104322933537,3.44670410801385,9.33076180635824,3.44658828226072,9.33062109486967,3.44653036938415,9.33062110545583,3.44653034400846,9.330617500145,3.44653973998415,9.33062226834181,3.44652750582544
9.33104505802401,3.44670505216868,9.33076133032258,3.44658816337454,9.33061946647187,3.44652971897747,9.3306194768031,3.44652969424041,9.33061583815645,3.44653918096511,9.33062065120737,3.44652682789888
9.3310451120609,3.44670508339676,9.33076037472691,3.44658778496949,9.33061800605991,3.44652913575586,9.33061801615969,3.4465291115987,9.33061434746872,3.44653868016513,9.33061920095145,3.44652621986244
9.33104515675376,3.44670510975961,9.33075947044853,3.44658742673663,9.33061662729592,3.44652858522514,9.33061663717473,3.44652856162171,9.33061293998044,3.44653820788242,9.33061783182744,3.44652564577736
9.3310451671517,3.44670511826585,9.33075856005748,3.44658706473141,9.33061525651037,3.44652803796419,9.33061526616719,3.44652801491712,9.33061154049679,3.44653773884821,9.33061647067767,3.4465250749719
9.3310451790734,3.44670512758141,9.33075765406309,3.44658670460401,9.33061389155794,3.44652749311531,9.33061390099145,3.446527470628,9.33061014682894,3.44653727232342,9.33061511537127,3.44652450655304
9.33104519659022,3.44670513986879,9.33075675273493,3.44658634664071,9.33061253080728,3.44652695002667,9.33061254001595,3.44652692810305,9.33060875731232,3.44653680774706,9.33061376428799,3.44652393984182
9.33104517971077,3.44670513447639,9.33075584291321,3.44658598402542,9.33061117451443,3.44652640879994,9.33061118349671,3.44652638744399,9.33060737220938,3.44653634520354,9.33061241768171,3.44652337494519
9.33104503991759,3.44670506590601,9.33075489410858,3.44658560119926,9.33060982120407,3.44652586884589,9.33060982995812,3.44652584806234,9.3306059900143,3.44653588418721,9.33061107408732,3.44652281124899
9.33104490012441,3.44670499733563,9.33075394218036,3.44658521718194,9.33060846320833,3.4465253271051,9.33060847173089,3.44652530690216,9.33060460289543,3.4465354220868,9.33060972589197,3.4465222455593
9.33104512788111,3.44670511902802,9.33075310565061,3.44658489380163,9.33060709453536,3.44652478118843,9.33060710282218,3.44652476157691,9.33060320473111,3.44653495686943,9.33060836714773,3.44652167537972
9.33104536046232,3.44670524306374,9.33075227526067,3.44658457306539,9.33060573265984,3.44652423806622,9.33060574070964,3.44652421904939,9.33060181337227,3.44653449447645,9.33060701520262,3.44652110798997
9.33104537822948,3.44670525520638,9.33075138964645,3.44658422161848,9.33060439535493,3.44652370482453,9.33060440316962,3.44652368639772,9.33060044698024,3.44653404093052,9.33060568769909,3.44652055079567
9.33104539499584,3.44670526684473,9.33075051367314,3.44658387403455,9.33060307301179,3.44652317762946,9.33060308059166,3.446523159792,9.33059909574135,3.44653359295786,9.3306043750972,3.44651999979449
9.3310454078304,3.44670527650189,9.33074963970344,3.44658352716515,9.33060175563996,3.44652265249678,9.33060176298363,3.44652263525226,9.33059774944904,3.44653314716655,9.33060306747936,3.44651945082413
9.33104542066497,3.44670528615904,9.33074876877352,3.44658318156091,9.33060044282779,3.44652212926185,9.3306004499338,3.44652211261401,9.33059640768376,3.44653270341378,9.33060176443662,3.44651890371336
9.33104543349954,3.4467052958162,9.33074790066461,3.44658283713435,9.33059913424714,3.44652160779342,9.33059914111401,3.44652159174607,9.33059507011118,3.44653226158549,9.33060046564295,3.44651835832573
9.33104544717483,3.44670530593995,9.33074703565711,3.44658249404057,9.33059782989825,3.44652108809088,9.33059783652448,3.44652107264793,9.33059373673249,3.44653182167869,9.33059917109822,3.44651781466162
9.33104546388881,3.44670531775012,9.33074617449337,3.44658215268983,9.33059652979565,3.44652057015969,9.3305965361798,3.44652055532478,9.33059240756359,3.44653138369518,9.33059788081655,3.44651727272737
9.33104511683923,3.44670514359254,9.33074519495034,3.44658175054801,9.3305952340059,3.44652005402575,9.33059524014655,3.4465200398026,9.33059108267353,3.44653094765429,9.33059659486369,3.44651673255095
9.33104346099399,3.44670430033613,9.33074377200032,3.44658112258179,9.33059392750349,3.44651953370462,9.3305939333964,3.44651952010397,9.33058974669889,3.44653050850239,9.33059529832845,3.4465161878685
9.33104181184413,3.44670346050398,9.33074229792164,3.44658047456243,9.33059254096039,3.44651898159166,9.33059254658807,3.44651896865757,9.33058832873869,3.44653004297114,9.33059392241512,3.44651560977422
9.33104381147592,3.44670448679856,9.33074195075834,3.44658041307054,9.33059102039955,3.44651837620653,9.33059102573379,3.44651836401,9.33058677357123,3.44652953301961,9.3305924135684,3.44651497575687
9.33104554557021,3.44670537725688,9.3307415265495,3.44658031092631,9.33058951703915,3.44651777776102,9.33058952208055,3.44651776630066,9.3305852358445,3.44652902940664,9.33059092184574,3.4465143488653
9.33104559083791,3.44670540379237,9.3307406442089,3.44657996258458,9.33058817089439,3.44651724198068,9.3305881756711,3.44651723118582,9.33058385879239,3.4465285789693,9.33058958617199,3.44651378749028
9.33104563610562,3.44670543032786,9.33073981302541,3.44657963465577,9.3305869014853,3.44651673681973,9.33058690601022,3.44651672665803,9.33058256011118,3.44652815468856,9.33058832668464,3.44651325807679
9.33104568137332,3.44670545686335,9.33073898663297,3.44657930868511,9.3305856392628,3.44651623459599,9.33058564353536,3.44651622506902,9.33058126865665,3.44652773328673,9.33058707437514,3.44651273162145
9.33104571927508,3.44670547953331,9.33073816257658,3.44657898338339,9.33058438422733,3.44651573530843,9.33058438824695,3.44651572641773,9.33057998443066,3.4465273147587,9.33058582924326,3.44651220812483
9.33104572915334,3.44670548749693,9.33073733374413,3.4465786550464,9.33058313603953,3.44651523882113,9.33058313980556,3.44651523056845,9.33057870708745,3.44652689898624,9.33058459095176,3.44651168744587
9.33104539529789,3.44670532016333,9.33073639381112,3.44657826971065,9.33058189306774,3.44651474448431,9.33058189657918,3.44651473687225,9.33057743495852,3.44652648542155,9.33058335788143,3.44651116890433
9.3310437943825,3.44670450665481,9.33073502460546,3.44657766628236,9.33058063971694,3.44651424609613,9.33058064296955,3.44651423913548,9.33057615208265,3.44652606887801,9.33058211456168,3.44651064599419
9.33104222129869,3.44670370734507,9.3307336130726,3.44657704712093,9.33057930895955,3.44651371700886,9.33057931193513,3.44651371074552,9.33057478984464,3.44652562711318,9.33058079450467,3.44651009074825
9.33104318394715,3.44670420168536,9.33073296079855,3.44657682504921,9.33057784922425,3.44651313673113,9.33057785189348,3.44651313123901,9.3305732954326,3.44652514308627,9.33057934656142,3.44650948164256
9.33104414659562,3.44670469602565,9.33073229358114,3.44657659709745,9.3305763670739,3.44651254763335,9.33057636942947,3.44651254293102,9.33057177792586,3.44652465219001,9.33057787643959,3.44650886313819
9.33104510924408,3.44670519036594,9.33073168169547,3.44657639119477,9.33057496792116,3.44651199160918,9.33057496997802,3.4465119876591,9.33057034525794,3.44652418931432,9.33057648869401,3.44650827922599
9.33104586941153,3.44670558135783,9.33073105765013,3.44657617288597,9.33057365176943,3.44651146865004,9.33057365354292,3.44651146541367,9.33056899744926,3.4465237543966,9.33057518332195,3.44650772991239
9.33104588331653,3.44670559144965,9.33073023457126,3.44657584741706,9.33057241019862,3.44651097540076,9.33057241170273,3.44651097284302,9.33056772589318,3.44652334459415,9.33057395196652,3.44650721168778
9.33104589688062,3.44670560137912,9.3307294347881,3.44657553124309,9.33057120374184,3.44651049617507,9.3305712049822,3.44651049428182,9.33056649018058,3.44652294683844,9.3305727554814,3.44650670808219
9.33104590922497,3.44670561072775,9.330728637292,3.4465752159944,9.33057000132551,3.44651001862773,9.33057000230118,3.44651001740151,9.3305652584884,3.44652255087019,9.33057156304842,3.44650620612596
9.3310459214975,3.44670562005122,9.33072784238037,3.446574901822,9.33056880282181,3.44650954270739,9.33056880353175,3.44650954215091,9.33056403068652,3.44652215664458,9.33057037454047,3.44650570576596
9.33104593350755,3.44670562928274,9.33072704991584,3.44657458867395,9.33056760811999,3.44650906836956,9.33056760856308,3.44650906848573,9.33056280666232,3.44652176412251,9.33056918984737,3.44650520695628
9.33104594865355,3.44670564012586,9.33072626099761,3.44657427710445,9.33056641716964,3.44650859559375,9.33056641734473,3.44650859638559,9.33056158636497,3.44652137328482,9.33056800891884,3.44650470967616
9.33104597599792,3.44670565723783,9.33072547871946,3.44657396869454,9.33056523008023,3.44650812442289,9.33056522998613,3.44650812589349,9.3305603699075,3.4465209841647,9.33056683186311,3.44650421397154
9.33104565902428,3.44670549942519,9.33072458472841,3.44657360323897,9.33056404758048,3.44650765514586,9.33056404721624,3.44650765729776,9.33055915803767,3.44652059699796,9.33056565940248,3.44650372014704
9.33104412147178,3.44670472151929,9.3307232778098,3.4465730287261,9.33056285597881,3.44650718232951,9.33056285534035,3.44650718517309,9.33055793672353,3.44652020730369,9.33056447796179,3.44650322248477
9.33104258429279,3.44670394380321,9.33072192170507,3.44657243476208,9.33056159041121,3.44650668024151,9.33056158947942,3.44650668382509,9.33055663947568,3.44651979390108,9.33056322323326,3.44650269389227
9.33104457718819,3.44670496002812,9.33072165926074,3.44657240589424,9.33056020029702,3.4465061288273,9.33056019904082,3.44650613322943,9.33055521442792,3.44651934034404,9.33056184507691,3.44650211323734
9.33104613563521,3.44670575533486,9.33072126647552,3.44657230918443,9.33055883189567,3.44650558610921,9.33055883031774,3.44650559132324,9.3305538115051,3.44651889439256,9.3305604884977,3.44650154160982
9.33104614395606,3.44670576239824,9.33072045696767,3.44657198943151,9.33055761347348,3.44650510294814,9.33055761160687,3.44650510889076,9.33055256222648,3.44651849778166,9.33055928064735,3.44650103259624
9.33104615266664,3.44670576967703,9.330719692803,3.44657168772646,9.33055646287118,3.44650464675118,9.33055646073005,3.44650465338684,9.33055138237386,3.44651812368395,9.33055814007153,3.44650055188003
9.33104616276366,3.44670577772209,9.33071893152679,3.44657138728567,9.33055531590835,3.44650419206746,9.3305553134918,3.44650419939848,9.33055020614239,3.44651775120504,9.33055700314646,3.44650007264895
9.33104616965128,3.44670578414494,9.33071817159643,3.44657108730829,9.330554172569,3.44650373888997,9.33055416987614,3.44650374691874,9.33054903351641,3.44651738033711,9.33055586985601,3.44649959489644
9.33104616477423,3.44670578462126,9.33071741003881,3.44657078630437,9.3305530326711,3.44650328714593,9.33055302970094,3.44650329587501,9.33054786430992,3.44651701101869,9.33055474001936,3.44649911854672
9.3310461682559,3.44670578937813,9.33071665303423,3.44657048747365,9.3305518954234,3.44650283652141,9.33055189217479,3.44650284595386,9.33054669771202,3.44651664299133,9.33055361285201,3.44649864326937
9.33104621302139,3.44670581527677,9.33071591140813,3.44657019637702,9.3305507606015,3.44650238692714,9.33055075707319,3.44650239706625,9.33054553349311,3.44651627618066,9.33055248813132,3.44649816897082
9.33104625110872,3.44670583773957,9.33071517074611,3.44656990544482,9.33054963056481,3.44650193929744,9.33054962675608,3.44650195014511,9.33054437407451,3.44651591134674,9.33055136819542,3.44649769663742
9.33104626432509,3.44670584740653,9.33071442608286,3.44656961199199,9.33054850696174,3.44650149428472,9.33054850287234,3.44650150584169,9.33054322114877,3.4465155490176,9.33055025467761,3.44649722695853
9.33104627932644,3.44670585799054,9.33071368531546,3.44656932019759,9.33054738830997,3.44650105130111,9.33054738393926,3.44650106356913,9.33054207319606,3.44651518871101,9.33054914610841,3.44649675931487
9.33104630126284,3.44670587213747,9.33071294943353,3.44656903065534,9.33054627351888,3.44650060991427,9.330546268866,3.44650062289562,9.33054092909821,3.44651483007243,9.33054804140674,3.44649629325079
9.33104632319924,3.44670588628439,9.33071221637963,3.44656874227784,9.33054516296983,3.44650017027457,9.33054515803401,3.44650018397131,9.33053978924748,3.44651447322155,9.33054694095014,3.44649582892597
9.33104634513563,3.44670590043132,9.33071148635596,3.44656845514483,9.33054405696613,3.44649973250159,9.33054405174673,3.44649974691545,9.33053865395615,3.44651411825256,9.33054584503886,3.44649536646749
9.33104605399953,3.44670575630375,9.33071065500513,3.44656811649787,9.33054295550793,3.44649929659493,9.33054295000435,3.44649931172754,9.33053752322543,3.44651376516216,9.33054475367275,3.44649490587569
9.3310446013726,3.44670502498194,9.33070943086839,3.44656757993947,9.33054184561629,3.44649885741823,9.33054183982451,3.44649887327988,9.33053638373117,3.44651340979131,9.33054365399189,3.44649444172311
9.33104319667388,3.44670431789235,9.33070817632999,3.44656703315493,9.33054066615805,3.44649839078622,9.33054066005806,3.44649840742766,9.33053517270228,3.44651303259612,9.33054248542841,3.44649394844169
9.33104406986851,3.44670476249221,9.33070760393135,3.44656683979319,9.33053937096277,3.44649787844368,9.33053936452219,3.44649789594697,9.33053384271479,3.44651261888248,9.33054120224525,3.44649340671604
9.33104494306314,3.44670520709207,9.33070701865072,3.44656664138898,9.33053805644451,3.44649735853744,9.330538049656,3.44649737692129,9.33053249275983,3.44651219949919,9.33053989996728,3.44649285686802
9.33104581625777,3.44670565169192,9.33070648344353,3.4465664628396,9.33053681703641,3.44649686841344,9.33053680991762,3.44649688763332,9.33053121982184,3.44651180455255,9.33053867214625,3.44649233839962
9.33104623533009,3.44670586687673,9.33070584693773,3.44656622766815,9.33053565274155,3.44649640806386,9.33053564531046,3.44649642807438,9.33053002391867,3.44651143398558,9.33053751877966,3.44649185131671
9.33104481251701,3.44670515157162,9.33070463397992,3.44656569720936,9.33053454471138,3.44649597002823,9.33053453698122,3.446495990796,9.33052888570285,3.44651108174871,9.33053642119103,3.44649138773793
9.33104339409547,3.44670443848323,9.3307033964542,3.44656515724506,9.33053339763357,3.44649551662598,9.33053338959204,3.44649553818231,9.33052770726732,3.44651071753614,9.33053528496563,3.44649090778696
9.3310442443318,3.44670487054673,9.33070283826047,3.44656496865839,9.33053213522481,3.44649501771422,9.33053212683874,3.44649504014323,9.33052641022879,3.44651031718646,9.3305340345476,3.4464903795412
9.33104509456812,3.44670530261023,9.33070226613089,3.44656477461624,9.33053085191228,3.44649451061925,9.33053084317393,3.44649453394067,9.33052509159176,3.44650991069813,9.3305327634722,3.44648984250891
9.33104594480445,3.44670573467373,9.3307017428992,3.44656459994489,9.33052964194657,3.44649403258047,9.33052963287405,3.44649405674858,9.33052384820631,3.44650952790484,9.33053156508929,3.44648933613309
9.33104636459221,3.4467059496776,9.33070112508455,3.44656437228603,9.33052850533072,3.44649358359025,9.33052849594237,3.44649360855871,9.33052268008972,3.44650916875106,9.33053043939644,3.44648886041949
9.33104496859662,3.44670524904762,9.33069993898452,3.44656385406608,9.33052742417847,3.44649315657531,9.3305274144879,3.44649318230974,9.33052156887241,3.44650882753551,9.33052936867454,3.44648840788599
9.33104357260103,3.44670454841765,9.33069872762534,3.44656332591529,9.33052630513749,3.44649271466411,9.3305262951324,3.44649274119584,9.33052041860797,3.44650847478924,9.33052826047131,3.44648793945902
9.33104533431918,3.4467054393429,9.33069849326623,3.44656329848996,9.33052507273975,3.44649222806349,9.33052506238646,3.446492255478,9.33051915170846,3.44650808678151,9.33052704005527,3.44648742354327
9.33104646245224,3.44670601103958,9.33069805960264,3.44656316939919,9.33052385817784,3.446491748579,9.33052384747943,3.44649177686866,9.33051790303024,3.44650770485391,9.33052583734692,3.4464869150567
9.33104508642496,3.44670532102137,9.33069687301099,3.44656265207086,9.33052276630401,3.4464913175956,9.33052275529348,3.44649134667684,9.33051678038417,3.44650736192393,9.33052475616991,3.44648645790089
9.33104371429283,3.44670463296409,9.33069568252084,3.44656213338954,9.33052166663484,3.44649088360227,9.33052165530817,3.44649091348541,9.33051564962053,3.44650701696585,9.33052366731498,3.44648599744737
9.33104452729152,3.44670504496598,9.33069514589078,3.44656195203529,9.33052045519041,3.44649040556994,9.33052044351364,3.44649043634126,9.33051440380819,3.44650663740803,9.3305224678293,3.44648549015394
9.3310453402902,3.44670545696787,9.33069459545818,3.44656176528456,9.33051922304217,3.44648991944291,9.33051921100735,3.44648995112274,9.3305131365898,3.44650625183533,9.3305212478901,3.44648497415287
9.33104615328889,3.44670586896977,9.33069409183304,3.44656159704814,9.33051806110512,3.44648946108732,9.3305180487307,3.44648949362897,9.33051194147279,3.44650588867851,9.33052009750964,3.44648448751917
9.33104656022033,3.44670607680286,9.33069349966153,3.4465613792649,9.33051696938213,3.44648903049592,9.33051695668683,3.44648906385202,9.3305108184735,3.44650554788435,9.3305190166856,3.44648403025838
9.33104520728213,3.44670539978135,9.33069235642506,3.44656088059698,9.33051593099653,3.4464886210048,9.33051591799437,3.44648865513989,9.3305097502435,3.44650522413708,9.33051798870522,3.44648359530554
9.33104385951666,3.44670472535955,9.3306911904483,3.44656037319156,9.33051485591412,3.44648819710756,9.33051484259258,3.44648823205356,9.33050864416253,3.44650488935962,9.33051692443585,3.44648314494815
9.3310455782701,3.446705592107,9.33069097355015,3.44656035073675,9.33051367119018,3.44648773005162,9.33051365751493,3.44648776589583,9.3305074251691,3.44650452089379,9.33051575167193,3.44648264862482
9.33104693539057,3.44670627703135,9.3306906480765,3.4465602724399,9.33051250441947,3.44648727014418,9.33051249039396,3.44648730687798,9.33050622454021,3.44650415845892,9.33051459672338,3.44648215978683
9.33104694650768,3.44670628520744,9.33068996081033,3.44656000284596,9.33051146796165,3.44648686166522,9.33051145362323,3.44648689919387,9.33050515791005,3.44650383690028,9.33051357080591,3.44648172551364
9.33104695762478,3.44670629338354,9.33068931311362,3.44655974888639,9.33051049085804,3.44648647663781,9.330510476223,3.44648651492007,9.33050415227207,3.44650353413004,9.33051260367546,3.44648131607955
9.33104696874189,3.44670630155963,9.33068866769676,3.44655949586473,9.3305095171742,3.44648609301728,9.33050950224206,3.44648613205448,9.33050315006435,3.44650323279199,9.33051163996623,3.44648090804836
9.33104668673075,3.44670616283221,9.33068792685046,3.44655919481286,9.33050854691031,3.44648571080319,9.33050853168064,3.44648575059653,9.33050215128775,3.44650293288375,9.33051067967811,3.44648050142032
9.33104536683095,3.44670550395876,9.33068683420553,3.44655871811981,9.33050756789282,3.44648532520034,9.33050755236144,3.4464853657606,9.33050114341058,3.44650263064479,9.3305097107629,3.44648009109348
9.33104405054372,3.44670484689649,9.3306857000764,3.44655822525927,9.33050652484274,3.44648491444066,9.33050650898834,3.44648495582211,9.33050006951768,3.44650230903784,9.33050867851474,3.44647965389707
9.33104572911842,3.44670569132813,9.33068549290729,3.4465582048542,9.33050537480173,3.44648446161724,9.3305053585894,3.44648450390879,9.33049888536474,3.44650195488365,9.33050754042649,3.44647917181978
9.33104706434082,3.4467063635405,9.33068518287639,3.44655813165164,9.33050424214417,3.44648401570721,9.33050422557744,3.44648405890001,9.33049771900706,3.44650160651791,9.3305064195831,3.44647869699452
9.33104707451268,3.44670637113166,9.33068451608957,3.44655787038409,9.33050323687802,3.44648362001031,9.33050321999503,3.44648366400752,9.33049668373926,3.44650129771923,9.33050542483976,3.44647827554259
9.33104708517105,3.44670637898778,9.33068388831662,3.44655762453628,9.33050228988941,3.44648324731053,9.33050227270692,3.44648329206965,9.33049570840207,3.44650100718537,9.33050448779922,3.446477878494
9.33104709759178,3.44670638780366,9.3306832633871,3.44655737993466,9.33050134628476,3.44648287600016,9.33050132880241,3.44648292152218,9.33049473646448,3.44650071805138,9.33050355414235,3.44647748283507
9.33104711001252,3.44670639661954,9.33068264071301,3.44655713625867,9.33050040606326,3.44648250607823,9.33050038828074,3.44648255236412,9.3304937679263,3.44650043031455,9.33050262386804,3.4464770885656
9.33104712243326,3.44670640543543,9.33068202029391,3.44655689350793,9.33049946922423,3.44648213754418,9.33049945114125,3.44648218459475,9.33049280278755,3.44650014397226,9.33050169697539,3.44647669568557
9.331046850306,3.44670627211341,9.33068130728054,3.4465566043029,9.33049853576781,3.44648177039765,9.33049851738408,3.44648181821378,9.33049184104907,3.44649985902214,9.33050077346424,3.4464763041953
9.33104556841958,3.44670563439476,9.33068025207885,3.44655614480049,9.33049759390848,3.44648140000336,9.33049757521985,3.44648144859579,9.33049087056788,3.44649957186859,9.3304998416748,3.44647590915184
9.33104428653316,3.44670499667612,9.33067915553499,3.44655566908059,9.3304965900359,3.44648100528283,9.33049657102069,3.44648105470683,9.33048983609813,3.44649926619424,9.33049884857244,3.44647548806732
9.3310459664609,3.44670583906919,9.33067897703532,3.44655565955618,9.33049548232253,3.44648056979968,9.33049546294521,3.44648062014588,9.33048869452245,3.44649892932713,9.33049775278458,3.44647502339168
9.33104725028851,3.44670648339168,9.33067867909369,3.44655558900257,9.33049439349628,3.44648014180802,9.33049437376129,3.44648019306526,9.33048757231291,3.44649859862302,9.33049667572101,3.44647456660561
9.33104723853874,3.4467064798677,9.33067803274929,3.4465553353439,9.33049342985457,3.446479763082,9.33049340980144,3.44647981514974,9.33048657903924,3.44649830631128,9.33049572252541,3.44647416230758
9.33104723118477,3.44670647857984,9.33067742452708,3.44655509687422,9.33049252119823,3.44647940602141,9.33049250084366,3.44647945885721,9.33048564236017,3.44649803102791,9.33049482375295,3.44647378105086
9.33104724150444,3.44670648628248,9.33067682313647,3.44655486180773,9.33049161395248,3.44647904957035,9.33049159329558,3.44647910317662,9.33048470705393,3.44649775652029,9.33049392640958,3.44647340035797
9.33104700878064,3.44670637289204,9.3306761423074,3.44655458703273,9.33049070907078,3.44647869410308,9.33049068811101,3.4464787484813,9.33048377410383,3.44649748307561,9.33049303143815,3.44647302062908
9.33104575787213,3.44670575220507,9.33067511746315,3.44655414138089,9.33048979725866,3.4464783359688,9.33048977599239,3.44647839112834,9.33048283392681,3.44649720788716,9.3304921296462,3.44647263796373
9.33104450696362,3.4467051315181,9.33067405320163,3.4465536802865,9.33048882632063,3.4464779546707,9.3304888047266,3.44647801066592,9.33048183269785,3.44649691522788,9.33049116941428,3.44647223045477
9.3310461143063,3.44670593548589,9.33067387417974,3.44655366760827,9.33048775411646,3.44647753366946,9.33048773215887,3.44647759059177,9.33048072694764,3.44649659245815,9.33049010907273,3.44647178041073
9.33104710563626,3.44670643280875,9.33067350124659,3.44655355724432,9.33048669905175,3.4464771194621,9.33048667673474,3.4464771773011,9.33047963877886,3.44649627525476,9.3304890657202,3.44647133752837
9.33104585770748,3.44670581544882,9.33067245532256,3.44655310418497,9.3304857541301,3.44647674855304,9.33048573148959,3.44647680721722,9.3304786641248,3.44649599152967,9.33048813132311,3.44647094085151
9.3310446097787,3.44670519808888,9.33067140431182,3.44655264916765,9.33048480157838,3.44647637470704,9.3304847786103,3.44647643420695,9.33047768151603,3.44649570588021,9.33048718941645,3.44647054094223
9.33104485166593,3.44670532101418,9.33067078323975,3.44655241479039,9.33048374902666,3.44647596167849,9.33048372569507,3.44647602210597,9.33047659565849,3.44649539064838,9.33048614866655,3.44647009901761
9.3310458150443,3.44670580244631,9.33067037679734,3.44655228980906,9.33048265767386,3.44647553349044,9.33048263396371,3.44647559488404,9.33047546967523,3.44649506421673,9.33048506959123,3.44646964076835
9.33104677842267,3.44670628387845,9.33067000504944,3.44655217848194,9.33048161836282,3.44647512578368,9.33048159429048,3.44647518810178,9.3304743972929,3.44649475375194,9.33048404201076,3.44646920433897
9.33104752673786,3.44670665830209,9.33066961607019,3.4465520528865,9.33048066073636,3.4464747501787,9.33048063632874,3.44647481335273,9.33047340910973,3.44649446805708,9.33048309522846,3.44646880218127
9.33104752168945,3.44670665787634,9.33066902451897,3.44655182141935,9.33047977593373,3.44647440319086,9.33047975121499,3.4464744671593,9.33047249599615,3.44649420442883,9.33048222047828,3.44646843057881
9.33104725447302,3.44670652730954,9.33066836751921,3.44655155521079,9.33047892404231,3.44647406916142,9.33047889902277,3.44647413389801,9.33047161677196,3.44649395093432,9.33048137829715,3.44646807277216
9.33104605532668,3.44670593412975,9.33066739384454,3.44655113246773,9.33047806310347,3.44647373163672,9.3304780377787,3.44647379715292,9.33047072813442,3.446493695079,9.33048052720376,3.44646771113885
9.33104486681145,3.44670534623101,9.33066638455916,3.44655069617208,9.33047714343302,3.44647337114262,9.33047711778087,3.44647343749512,9.33046977879499,3.44649342212409,9.33047961808461,3.44646732480725
9.3310463569075,3.44670608894354,9.33066620343148,3.4465506780885,9.33047612669347,3.44647297266098,9.33047610067789,3.44647303994202,9.33046872916568,3.44649312075182,9.33047861304781,3.44646689766795
9.33104734478278,3.4467065823141,9.33066586460147,3.44655058073485,9.33047512451082,3.44647257994523,9.33047509813546,3.44647264814567,9.33046769447615,3.44649282408148,9.33047762243752,3.44646647661336
9.33104616059548,3.44670599730164,9.33066487168357,3.44655015136048,9.33047422722762,3.4464722283899,9.3304742005287,3.44647229741728,9.33046676801002,3.44649255881028,9.33047673554868,3.44646609960344
9.33104500600153,3.4467054269686,9.33066388455174,3.44654972531799,9.33047332382685,3.44647187449268,9.33047329680073,3.44647194435646,9.33046583514851,3.44649229207898,9.33047584264675,3.44646571999533
9.33104570931358,3.44670577822745,9.33066345334819,3.44654958168742,9.3304723253655,3.4464714834174,9.33047229797627,3.44647155420951,9.33046480403935,3.44649199766627,9.33047485582617,3.4464653004121
9.33104641262564,3.44670612948629,9.33066301111327,3.44654943377716,9.33047131035708,3.44647108592259,9.33047128259715,3.44647115766257,9.33046375575351,3.44649169876658,9.33047385268913,3.44646487384404
9.33104711593769,3.44670648074514,9.33066260937147,3.44654930176419,9.33047035608836,3.44647071227371,9.33047032797852,3.44647078490858,9.33046277011599,3.44649141812276,9.33047290961686,3.44646447277428
9.33104740796848,3.44670662826314,9.33066211103065,3.44654911773085,9.33046946256173,3.4464703624647,9.33046943412283,3.44647043594126,9.33046184714007,3.44649115568868,9.33047202660717,3.44646409720792
9.33104624390322,3.4467060544591,9.33066115642278,3.44654870468587,9.33046861268256,3.44647002979926,9.33046858392929,3.44647010408008,9.33046096917751,3.44649090640445,9.33047118676273,3.44646373996541
9.3310450938677,3.44670548760084,9.33066018384038,3.44654828512948,9.33046772882672,3.4464696838938,9.3304676997449,3.44646975901531,9.33046005604015,3.44649064749926,9.33047031337544,3.44646336841948
9.3310465462174,3.44670620911871,9.33066001610079,3.44654827057169,9.33046675104249,3.44646930129818,9.33046672159516,3.44646937735513,9.33045904577992,3.44649036146488,9.33046934720813,3.44646295736946
9.33104771333147,3.44670678936608,9.33065976296605,3.44654821276109,9.33046578778334,3.4464689244586,9.33046575797379,3.44646900144277,9.33045805044636,3.44649008006241,9.33046839542858,3.44646255241028
9.3310476671589,3.44670676870114,9.33065917908439,3.44654798351449,9.33046493504714,3.44646859092116,9.33046490491453,3.44646866873245,9.33045716924393,3.44648983128832,9.33046755288565,3.44646219390272
9.33104762393633,3.44670674950316,9.33065862824902,3.44654776733947,9.33046413040537,3.44646827625762,9.33046409996599,3.44646835485447,9.33045633767386,3.44648959686829,9.33046675789151,3.44646185560426
9.33104767564867,3.44670677751364,9.33065810751672,3.44654756633995,9.33046332345075,3.44646796075311,9.33046329270228,3.44646804014169,9.33045550364588,3.44648936209999,9.33046596064188,3.44646151632287
9.33104772736102,3.44670680552412,9.33065758837284,3.44654736600601,9.33046251887875,3.44646764624696,9.33046248782106,3.44646772642773,9.33045467201366,3.44648912835209,9.33046516577579,3.4464611780358
9.33104777907336,3.4467068335346,9.33065707385407,3.44654716752497,9.33046172124442,3.44646733452016,9.33046168987919,3.44646741548898,9.33045384748624,3.44648889694623,9.33046437779292,3.44646084265972
9.33104756628223,3.44670673103011,9.33065647579322,3.44654692739024,9.33046093054871,3.4464670255703,9.33046089887722,3.44646710732409,9.33045303006495,3.44648866787821,9.33046359669314,3.4464605101949
9.33104643709111,3.44670617634286,9.33065556953464,3.4465465355052,9.3304601357564,3.44646671508637,9.33046010377583,3.44646679763251,9.3304522083419,3.44648843795148,9.33046281157498,3.4464601760025
9.33104530859743,3.44670562199971,9.33065462793088,3.44654612988428,9.3304592875976,3.44646638382657,9.33045925528554,3.44646646722274,9.33045133137269,3.4464881929384,9.33046197376978,3.44645981936704
9.33104671556499,3.44670631860749,9.33065447043047,3.44654611745572,9.33045834786321,3.44646601687983,9.33045831518177,3.44646610122337,9.33045035963768,3.4464879218633,9.33046104553958,3.44645942422234
9.33104787132674,3.44670689123534,9.33065423816036,3.44654606725335,9.33045742157717,3.44646565526235,9.33045738852958,3.44646574054519,9.33044940173033,3.44648765505526,9.33046013062524,3.44645903472936
9.33104788579936,3.44670690059225,9.33065369751052,3.44654585746766,9.3304566033661,3.44646533590536,9.33045656999341,3.44646542202239,9.33044855551782,3.44648741972012,9.33045932248744,3.44645869067771
9.33104789883541,3.44670690923868,9.33065319008469,3.44654566064299,9.33045583570933,3.44646503634514,9.33045580203013,3.44646512324883,9.33044776152465,3.44648719924771,9.33045856430806,3.44645836788169
9.33104790613587,3.44670691504847,9.33065268296561,3.44654546378096,9.33045507138048,3.4464647381472,9.33045503739431,3.44646482583889,9.3304469709084,3.44648698005245,9.33045780944148,3.44645804648312
9.33104791265754,3.4467069204809,9.33065217754136,3.44654526759793,9.33045430998327,3.44646444115645,9.33045427568969,3.44646452963746,9.33044618325971,3.44648676201862,9.33045705749613,3.44645772631534
9.33104791602479,3.44670692438487,9.33065167277795,3.44654507161523,9.33045355115453,3.44646414523041,9.33045351655299,3.44646423450234,9.33044539820323,3.44648654504029,9.33045630811309,3.44645740722548
9.33100606927806,3.44668972274132,9.33063721953299,3.44653914109792,9.33045279466045,3.44646385027622,9.33045275975001,3.44646394034161,9.33044461549709,3.4464863290487,9.33045556106093,3.44645708911491
9.33076856023599,3.44659207981336,9.33055592344078,3.44650576455061,9.33044960504318,3.44646260691924,9.33044956882491,3.44646270034487,9.3304413150842,3.44648541972495,9.33045241136119,3.44645574785189
9.33053105119392,3.4464944368854,9.33046379093273,3.44646816501838,9.33043016080214,3.44645502908487,9.33043011666654,3.44645514285733,9.33042119357224,3.44647988557283,9.33043321114737,3.44644757143014
9.33029354215185,3.44639679395743,9.3303532303772,3.44642338673422,9.33038307448987,3.44643668312262,9.33038301132624,3.44643684580704,9.33037246152291,3.44646651087647,9.33038671725895,3.44642777210001
9.33008400125402,3.44631063144444,9.33023356319433,3.44637525982664,9.33030834416448,3.44640757401774,9.33030825058935,3.44640781489696,9.33029510823848,3.44644533468917,9.33031292908596,3.44639635129405
9.3299739698929,3.44626531578798,9.33013062600483,3.44633435210883,9.33020895406079,3.44636887026925,9.33020881883247,3.44636921828333,9.33019221325215,3.44641724564067,9.33021479416197,3.44635456721154
9.32986226363252,3.44621931243025,9.33001976444214,3.44629035457508,9.33009851484695,3.4463258756475,9.33009833061593,3.4463263497464,9.33007786080881,3.44638611886512,9.33010575158925,3.44630814442847
9.32926140487174,3.44597246666517,9.3297455203022,3.44617928766486,9.32998757801743,3.4462826981647,9.32998734077625,3.4462833087119,9.32996297560593,3.44635493128228,9.32999621962263,3.44626151800406
9.32870449987262,3.44574367416877,9.32947107992413,3.44606847065626,9.32985436994988,3.4462308689,9.32985406646118,3.44623165003516,9.32982500792123,3.44631757382094,9.3298647027535,3.4462055360867
9.32832055896914,3.44558592376685,9.32922696562568,3.44597071630084,9.32968016895395,3.44616311256784,9.32967977825582,3.44616411834626,9.32964455580256,3.44626885072172,9.32969271967357,3.44613233275512
9.32793661806566,3.44542817336493,9.32896532455339,3.44586616271212,9.32947967779726,3.44608515738572,9.32947918698869,3.446086421127,9.32943683535401,3.44621294070842,9.32949478748538,3.44604809165348
9.32755267716219,3.44527042296301,9.32869397381699,3.44575785130674,9.32926462214439,3.4460015654786,9.32926402165479,3.44600311194471,9.32921398662788,3.44615314952155,9.32928248141468,3.44595774414045
9.32716435400559,3.44511088227744,9.3284114526709,3.44564518531391,9.32903500200356,3.44591233683214,9.32903427899676,3.44591419922625,9.32897600528718,3.44608949387059,9.32905580099538,3.44586129131297
9.32676050292843,3.44494499796416,9.32811427561563,3.44552673814161,9.32879116195923,3.44581760823033,9.32879030284505,3.44581982172566,9.32872324584712,3.44602208362891,9.3288150876882,3.4457588775494
9.32635508745867,3.44477847837667,9.3278081432983,3.44540482063169,9.32853467121811,3.4457179917592,9.32853366330679,3.44572058922593,9.32845733267579,3.44595136498272,9.32856189179199,3.44565116134939
9.32594410493509,3.44460969809984,9.327492661855,3.44527925885515,9.32826694031495,3.4456140392328,9.32826577274706,3.44561704883644,9.32817972711133,3.44587773676239,9.32829760726153,3.44553873514602
9.32555823483031,3.44445121074587,9.3271786262952,3.4451544608048,9.32798882202764,3.44550608583426,9.3279874857831,3.44550953100684,9.32789131281259,3.44580144187218,9.32802307733384,3.44542195742214
9.32526852299513,3.44433213614849,9.32689076818902,3.44504054049503,9.32770189078597,3.4453947426683,9.3277003781207,3.44539864354927,9.32759372093462,3.44572291854938,9.32773985614368,3.44530148918772
9.32497821756414,3.44421281849239,9.32659975990237,3.44492541092765,9.32741053107148,3.44528170714528,9.32740883569824,3.4452860801067,9.32729149761713,3.44564336618263,9.32745227023301,3.44517917051918
9.32441359099677,3.44398117499223,9.32621666551484,3.44477260546243,9.32711820277387,3.44516832069753,9.32711631995145,3.44517317812268,9.32698823393584,3.44556372034326,9.32716373461588,3.44505645329233
9.32387241068993,3.44375913993538,9.3258358004065,3.44462085675027,9.32681749526478,3.44505171515772,9.32681541764613,3.44505707618221,9.32667624495052,3.44548196013917,9.32686693712013,3.44493022689077
9.32345110831052,3.44358623170057,9.32548490226461,3.44448163176485,9.32650179924165,3.44492933179699,9.32649951674047,3.44493522264793,9.32634867019184,3.44539630709788,9.32655535539621,3.44479771841812
9.32292444982142,3.4433700929408,9.32509209189237,3.44432538459719,9.32617591292785,3.44480303042539,9.32617341731036,3.44480947254784,9.32601048239384,3.44530808612942,9.32623372394374,3.44466094438997
9.32200466381433,3.4429926430902,9.32455908175962,3.44411184166325,9.32583629073226,3.44467144094977,9.32583357033714,3.44467846468313,9.32565799818914,3.44521635875476,9.32589854352477,3.44451842031284
9.32105342869667,3.44260233284531,9.32398258773372,3.44388126026666,9.32544716725225,3.44452072397734,9.32544418973727,3.44452841323554,9.32525408424285,3.44511154362003,9.32551452014781,3.44435514528588
9.31998094612001,3.4421624412259,9.32331472879728,3.44361446584154,9.32498162013592,3.44434047814936,9.32497833736085,3.44434895783883,9.32477075527622,3.4449865804813,9.32505508708365,3.44415984056094
9.31888713550645,3.44171384605403,9.32259297407702,3.44332672757027,9.32444589336231,3.44413316832839,9.32444226361256,3.44414254690347,9.32421444666821,3.44484339783397,9.32452641222398,3.44393515537989
9.31767694536841,3.44121775868672,9.32178929454145,3.44300655579539,9.32384546912797,3.44390095434973,9.32384144803823,3.44391134733879,9.32359080610972,3.44468369483817,9.32393390677132,3.44368342162841
9.31645230132174,3.44071581215345,9.32093991514875,3.44266871758166,9.32318372206225,3.44364517029576,9.32317925766171,3.44365671315709,9.32290329794718,3.44450857434339,9.32328090133335,3.44340607967479
9.31517385413124,3.44019205549556,9.32003430846498,3.44230891974678,9.32246453563185,3.44336735187239,9.32245957486267,3.44338018311025,9.32215592525742,3.44431924325602,9.32257123432299,3.44310477429408
9.31388404594647,3.43966371932611,9.31908987340192,3.44193418043536,9.32169278712965,3.44306941098999,9.3216872789382,3.4430836640972,9.32135373029921,3.44411713494576,9.32180972500589,3.44278155907163
9.31255306081129,3.4391187851094,9.31809979840006,3.44154171694383,9.32087316719445,3.44275318286105,9.32086706449421,3.44276898118761,9.32050156916024,3.44390359698441,9.32100100820166,3.44243840575565
9.31121054888786,3.43856923520098,9.3170765728472,3.44113654184436,9.32000958482687,3.44242019516605,9.32000284527359,3.442437649859,9.31960349137066,3.44367974079292,9.32014894593127,3.44207695700688
9.30981448242479,3.43799824035592,9.3160086854235,3.44071401066859,9.31910578692285,3.44207189582492,9.31909836976907,3.44209111393869,9.31866337836411,3.44344660860453,9.31925723450275,3.44169878533873
9.30841841596172,3.43742724551085,9.31491654650312,3.44028224789244,9.31816561177382,3.44170974908323,9.31815747128546,3.44173085067812,9.3176852060287,3.44320524072014,9.3183296535614,3.4413055002378
9.30702234949865,3.43685625066579,9.31380225997828,3.43984206135174,9.3171922152181,3.44133496669471,9.31718330183887,3.44135808187207,9.31667224906164,3.44295648204933,9.31736931229026,3.44089842857782
9.3057037501997,3.43631689599943,9.31269164560513,3.43940400465276,9.31618559330784,3.44094755897942,9.316175856362,3.44097282089662,9.31562450084801,3.44270036471503,9.31637620742713,3.44047757808309
9.30465967217484,3.43588966499569,9.31165258854767,3.43899575998714,9.31514904673409,3.44054880748286,9.31513843760704,3.44057634405943,9.31454539433251,3.44243776105214,9.31535359546285,3.44004433874268
9.30360105078484,3.43545652486132,9.31059874421043,3.43858183365965,9.31409759092322,3.44014448805882,9.31408606808675,3.44017440885117,9.31345056586253,3.44217246095752,9.3143162869442,3.43960499314292
9.30173235064678,3.43469424074357,9.30927247428035,3.43805737050817,9.31304253609714,3.43973893539047,9.31303005861653,3.43977134849386,9.31235180951316,3.44190722872428,9.31327543617007,3.43916426270509
9.30001431567338,3.43399323496972,9.30797867600961,3.43754663121101,9.31196085617773,3.43932332933166,9.31194737679319,3.43935835949451,9.31122516805024,3.44163623267598,9.3122083408836,3.4387125244028
9.2988745159084,3.43352740828341,9.3068479485694,3.43710301450298,9.3108346648999,3.43889081761277,9.31082013486131,3.43892859350207,9.31005199399172,3.44135509959424,9.31109735948563,3.43824231858127
9.29773471614342,3.4330615815971,9.30570280402033,3.43665399935439,9.30968684795879,3.43845020823304,9.30967124230754,3.43849079645357,9.30885610793916,3.4410696579976,9.30996506433887,3.4377632277168
9.29396769504737,3.43152651457351,9.30367961397016,3.43584780817004,9.30853557343156,3.43800845496831,9.30851886147959,3.43805193723774,9.30765643858762,3.44078439946409,9.30882936297275,3.4372828514154
9.2903463480034,3.43005110679748,9.3016145223012,3.43502698936122,9.3072486094501,3.43751493064309,9.30723066723323,3.43756163311494,9.30631515570555,3.4404669049296,9.30755984339104,3.43674604364643
9.28770776574886,3.42897701791757,9.29970760077373,3.43427524402812,9.30570751828617,3.4369243570834,9.30568812878455,3.43697485015739,9.30470857716772,3.44008922185251,9.3060397243795,3.43610341055072
9.2850369872378,3.42789020581893,9.29767831462325,3.43347688061628,9.30399897831598,3.43627021801495,9.30397803204064,3.43632479179301,9.3029268472227,3.43967395669191,9.30435457869026,3.43539116708348
9.28219516349426,3.42673580058553,9.29552991345197,3.43263262884057,9.30219728843083,3.43558104296809,9.30217470454495,3.4356399132412,9.30104731953215,3.43923987795716,9.30257763779517,3.43464048090215
9.27935333975072,3.42558139535214,9.29332516087281,3.43176721497428,9.30031107143386,3.43486012478535,9.30028671715934,3.434923644285,9.29907892350101,3.43878937307327,9.30071736803942,3.43385502942581
9.27651151600718,3.42442699011874,9.29106887881384,3.43088252828835,9.29834756021717,3.43411029737315,9.29832130772471,3.43417880658426,9.29702919696693,3.43832435846952,9.29878094109288,3.43303779743494
9.27380109345776,3.42332585900249,9.28880485602099,3.42999635766558,9.2963067373026,3.43333160699713,9.29627847711679,3.4334053985563,9.29489811754659,3.43784496575519,9.29676837269235,3.43218874778769
9.27166993903734,3.42245958114138,9.28668673472921,3.42917092472283,9.29419513257515,3.43252659651356,9.29416478648401,3.43260588100642,9.29269250454128,3.43735284008584,9.29468612023069,3.43131060139351
9.26952415372783,3.42158743104641,9.28454014324464,3.42833502224924,9.29204813800304,3.43170881785066,9.29201568097082,3.43179366605502,9.29044936311923,3.43685618709346,9.29256908469496,3.43041812832693
9.265588498844,3.41999690131972,9.28179232158891,3.42725825471245,9.28989423296137,3.43088893140882,9.28985959570451,3.43097953029825,9.28819846131573,3.43636125095917,9.29044527348787,3.42952317209186
9.26199373865162,3.41854345720244,9.27911654986491,3.42621153612693,9.28767795547155,3.43004557558917,9.28764094093458,3.43014244848488,9.28588180477772,3.43585505195155,9.28825992103231,3.42860264528868
9.25963885551551,3.41758861076392,9.27678368123748,3.42530446487455,9.28535609409847,3.42916239192986,9.28531650851578,3.42926605385781,9.28345418159297,3.43532808014513,9.28597043323684,3.42763864360491
9.2572839723794,3.41663376432541,9.27441718428504,3.4243850391314,9.28298379023786,3.4282606765344,9.28294158488107,3.42837126114955,9.28097327454227,3.43479327507106,9.28363124603379,3.42665420493718
9.25389245366345,3.41526758220872,9.27170040948465,3.42332711913994,9.28060438739525,3.42735688760555,9.28055948553288,3.42747460346086,9.27848443219863,3.43426030593138,9.28128503518436,3.42566744915921
9.25049971214237,3.41390091488451,9.26896206105426,3.42226137858907,9.27819323551021,3.42644161044135,9.27814545889894,3.4265669355091,9.27596191559007,3.4337233742229,9.2789074772402,3.42466814744191
9.24710697062129,3.4125342475603,9.26618605988498,3.42118178478103,9.27572560451683,3.4255055533914,9.27567478757868,3.42563893295118,9.27337988730636,3.4331769902349,9.27647423776114,3.42364601674685
9.24380444488934,3.41120420229222,9.26340244775086,3.42010056635495,9.27320144918162,3.42454874838631,9.27314746345402,3.4246905296915,9.2707382707346,3.43262138438369,9.27398528342673,3.42260105631924
9.24078673647627,3.40998977532044,9.26067840780942,3.41904502016759,9.270624243476,3.42357264259116,9.2705669984348,3.42372307320308,9.26804069797715,3.43205758212164,9.27144405693301,3.42153478258324
9.23785590851896,3.40880977276706,9.25795769315969,3.41799181588964,9.26800858548005,3.42258283745093,9.26794800110355,3.42274213796244,9.26530245007706,3.4314889175412,9.26886494808867,3.42045331203975
9.23521950559598,3.40774642948393,9.25531838305317,3.4169716908577,9.26536782178176,3.42158432154459,9.26530378548469,3.42175279945293,9.26253749200662,3.43091823917807,9.266261082504,3.41936218833349
9.23254417293613,3.40666760748169,9.25265589411156,3.41594295439322,9.26271175469928,3.42058062784898,9.26264408969958,3.4207587613692,9.25975607270898,3.43034745018736,9.26364207322043,3.41826542776081
9.22716538942269,3.40451387566183,9.24908597784343,3.4145539496047,9.2600462720538,3.41957398657613,9.25997480530848,3.41976224482394,9.25696442232523,3.42977752692896,9.26101374177614,3.41716542857691
9.22178660590925,3.40236014384196,9.24543288907066,3.41313417962165,9.25725603065136,3.41852119751149,9.2571805885639,3.41872005257546,9.25404177474164,3.42918427908811,9.25826247431949,3.41601462916761
9.21640782239581,3.40020641202209,9.2416208394975,3.41165521227503,9.25422734804835,3.4173796124015,9.25414767955886,3.41758974383874,9.2508687541941,3.42854547123124,9.25527627962,3.41476611962023
9.21137000830573,3.39818877636933,9.23776339937107,3.41016264264507,9.25096009490374,3.41614957578294,9.25087597955687,3.41637158445225,9.24744491655535,3.42786336492179,9.25205516721768,3.41341987741115
9.20780844518725,3.39676037859297,9.23425317878832,3.40881306843678,9.24747554558885,3.41483941335868,9.24738676093931,3.41507390847393,9.24379232565758,3.4271442062193,9.24862014874677,3.41198486604868
9.20424485181954,3.39533118647384,9.23067335697171,3.40743845705661,9.2438876095478,3.41349209234799,9.24379401606629,3.41373946356389,9.24003025579558,3.42641250320991,9.24508344611866,3.41050828436764
9.19851236265516,3.39305340558911,9.22636333723693,3.40577934924956,9.24028882452782,3.41214232107978,9.24019027827008,3.41240297189061,9.23625575825192,3.42568703481675,9.24153614010849,3.40902850189486
9.19277987349079,3.39077562470439,9.22200070093507,3.40410153080856,9.23661111465721,3.41076448386064,9.23650730146385,3.41103927575893,9.23239751109826,3.42495360847684,9.23791116875869,3.40751735398418
9.18704738432642,3.38849784381967,9.21754003220217,3.40238813914435,9.23278635614004,3.40933328680669,9.23267705074192,3.40962284286995,9.22838409605004,3.42419888841445,9.23414154078031,3.40594668290897
9.18145585179478,3.38627711322256,9.21302825444751,3.40065835847914,9.22881445577388,3.40784898110743,9.22869960863742,3.40815345176034,9.22421537291754,3.42342370884033,9.23022728121119,3.4043164289554
9.17635202710114,3.3842537757661,9.20858670229056,3.39896117800151,9.22470403988527,3.40631487911922,9.22458363172865,3.40663433301121,9.21990028004629,3.4226306380994,9.22617686000448,3.402630286691
9.1712427267262,3.38222941031039,9.20407683908301,3.39723974063328,9.22049389526141,3.40474490579473,9.22036770259401,3.40507995997841,9.21547925788843,3.42182770779541,9.22202819548812,3.40090439077174
9.16611488776127,3.3802015644373,9.19951513207678,3.39550082388711,9.21621525423454,3.40315045361202,9.21608289152826,3.40350216375243,9.21098501722457,3.42102095649849,9.21781185267863,3.39915182119749
9.16114371617648,3.37823445256198,9.1949634660719,3.39376717484011,9.21187334101961,3.40153353597918,9.21173433173371,3.40190320762091,9.2064231239861,3.42021116450163,9.21353294636772,3.39737485924522
9.15674807110254,3.37649045047381,9.19056737192674,3.39209542327446,9.20747702233884,3.39989790967478,9.20733098400243,3.40028660002845,9.20180312235631,3.41939969898093,9.20920035167671,3.39557721784773
9.15234215669474,3.37474255143404,9.18614695604043,3.39041592653556,9.20304935571327,3.39825261408632,9.20289607047022,3.39866093976801,9.19714950023731,3.41859035943897,9.20483692925055,3.39376841325587
9.14629957084696,3.37237357711481,9.18117202536098,3.38852732904072,9.19860825261799,3.39660420500367,9.19844750796572,3.39703276875417,9.1924811893365,3.41778567158644,9.20046030016969,3.39195574475466
9.14025698499918,3.37000460279558,9.17614899503941,3.38662201498048,9.19409500005953,3.39493072107293,9.19392651004034,3.39538032363208,9.187736480743,3.41697466142269,9.19601256665946,3.39011518403986
9.13421439915141,3.36763562847634,9.17103893603164,3.38468551841037,9.18945120447176,3.39321046337739,9.18927465245573,3.39368198767812,9.18285382298652,3.41614775318526,9.19143616356562,3.38822292118214
9.12840701264928,3.36535702001507,9.16592015475789,3.38274821450299,9.1846767258122,3.39144381174695,9.18449189430407,3.3919378750336,9.17783297310349,3.41530646197171,9.1867310505199,3.38627905501366
9.12348841975018,3.36341989463175,9.16101853041691,3.3808970603732,9.17978358575027,3.38963564324393,9.17959027111041,3.3901528307573,9.17268652682279,3.41445418051532,9.18190909437749,3.38428882086621
9.11851871022097,3.36146332830009,9.15605946850733,3.37902617560189,9.17482984765051,3.38780759925279,9.17462783520126,3.38834853149108,9.16747554895391,3.41360155184789,9.17702740457566,3.38227626759409
9.1104020098262,3.35830988168299,9.15004027568122,3.37675380253714,9.16985940860873,3.38597576296422,9.16964835361574,3.38654142009561,9.16224626574952,3.41275568801462,9.17212909901272,3.3802594654054
9.10285869347666,3.35537558820325,9.14411303409589,3.37451966040467,9.1647402044055,3.38409169650538,9.16451959574594,3.38468351783535,9.15685981208809,3.41189425023453,9.16708420682503,3.37818461097428
9.09740816645535,3.35324117981084,9.13871631003682,3.37249272354771,9.15937038182755,3.38211849541615,9.15913977436874,3.38273774318072,9.151208888027,3.4110023005089,9.1617927545851,3.37600997301599
9.09191212226905,3.35108977673309,9.13322470765885,3.37043333346874,9.15388100035375,3.38010511183656,9.15364039917297,3.38075181899797,9.14543140995356,3.41010354052182,9.15638410638516,3.37378881407237
9.08382013202158,3.34796912861443,9.12685586970877,3.36804874061402,9.14837373855237,3.37808854661382,9.14812310168689,3.3787628754853,9.13963431148296,3.40921465517003,9.15095795510044,3.37156320177869
9.07593298360241,3.34492668854959,9.12048491996108,3.36566624914362,9.14276088814041,3.37603602944063,9.14249968035824,3.3767394998272,9.13372513412797,3.4083210448072,9.14542764372293,3.36929768361254
9.06908175513362,3.34227975990893,9.11433759706221,3.36337288536774,9.1369655180265,3.37391944809715,9.13669311198169,3.3746538356574,9.12762279099378,3.40741129780201,9.13971757398099,3.3669607337023
9.06222762036466,3.33963326022683,9.10810586229809,3.36105125093363,9.1310449832648,3.37176024628703,9.13076101602545,3.37252660226931,9.1213876894514,3.40649565973076,9.13388444909051,3.36457545838624
9.05536032458498,3.33698870305852,9.10181905212663,3.35871384016473,9.12504841589746,3.36957640871783,9.12475253655653,3.37037575564736,9.11507156378433,3.4055821372748,9.1279764654433,3.36216222488242
9.04848699475958,3.33434377105688,9.09548366933781,3.35636145198964,9.11898200662692,3.36737029245602,9.118673787122,3.36820387266004,9.10868102311599,3.40467149993505,9.12199959892357,3.35972391870728
9.04157625075707,3.33169651489635,9.08909320128118,3.35399490271162,9.11285167654323,3.36514409661925,9.11253067950169,3.36601318244828,9.10222239640194,3.40376428672574,9.11595967958375,3.35726296986446
9.03466550675456,3.32904925873582,9.08266432804048,3.3516159018393,9.10666373868344,3.36289922339104,9.10632925489731,3.36380583932961,9.09570211887095,3.40286095307405,9.10986264270082,3.35478180642454
9.02775476275205,3.32640200257529,9.07620045623754,3.34922585337072,9.10042330298029,3.36063777876843,9.10007467938799,3.36158380090859,9.0891257487795,3.4019617723544,9.1037135696438,3.35228259253101
9.02084582022016,3.32375822656492,9.06970199256099,3.34682645444524,9.0941300787314,3.3583605683854,9.09376693548391,3.35934712359259,9.0824933600844,3.40106635135141,9.09751241907948,3.34976543336756
9.01394358757163,3.32112741296502,9.06317132061904,3.34442131495139,9.08778518714275,3.35606826594457,9.08740725539968,3.35709617513068,9.07580627030826,3.40017465068547,9.09126034160429,3.34723090639076
9.00715345127577,3.31853648218324,9.05664752120944,3.34202035563058,9.08139455617627,3.35376229235425,9.08100135944195,3.35483295279789,9.06907052329023,3.39928730044,9.08496290248842,3.34468140861065
9.00073865256652,3.31607909295161,9.05022309658241,3.33965648274148,9.07496531859036,3.35144517763642,9.07455632440007,3.35256014839348,9.06229367270946,3.39840502341003,9.07862705738939,3.34211992789964
8.99428655482448,3.31360829735038,9.04376804568053,3.33728365610812,9.06850879110856,3.34912133548699,9.06808353414243,3.35028199656815,9.05548782932869,3.39752896100636,9.07226402165968,3.33955112160855
8.98507744422784,3.31014655022712,9.03638054148136,3.33457782384391,9.06203209010812,3.34679346065231,9.0615901336237,3.34800111805352,9.04866062504561,3.39665951361161,9.06588084101005,3.33697786260695
8.97613456443213,3.30678291610889,9.02898627547883,3.33187304121551,9.05541213100218,3.34441810376882,9.05495306104814,3.34567400685829,9.04168245667243,3.39578125109745,9.05935651290464,3.33435120662239
8.96814430976996,3.30377034923829,9.02174500037482,3.32922925715259,9.04854534567725,3.34195871110974,9.0480686568346,3.34326437377943,9.03444389160274,3.39488429586892,9.05258935036615,3.33162965116131
8.96034132355902,3.30082553070805,9.01445586016943,3.32657211254716,9.04151312847464,3.33944540346671,9.04101862389744,3.3408014832666,9.02703068016111,3.39398258071714,9.0456598078179,3.32884572692288
8.95320927414178,3.29812343781561,9.00732853453524,3.3239772014875,9.03438816473197,3.33690408332344,9.03387555845073,3.33831149683512,9.01951930799915,3.39308664285688,9.03863904289928,3.32602929720383
8.94602938448877,3.29540492685028,9.00015036273807,3.3213675244683,9.02721085186272,3.33434882327731,9.02667959911548,3.33580922922915,9.0119523035423,3.39220142114655,9.03156647944508,3.3231969801113
8.93683342329499,3.2919945294644,8.99228532483634,3.31852485142055,9.02001127560701,3.33179001239863,9.01946062604245,3.33330566394231,9.0043614385229,3.39132953833795,9.02447168978314,3.32036054378599
8.92782425297952,3.28865214519401,8.98442386880791,3.31568709605072,9.0127236767221,3.32920457147907,9.01215286776306,3.33077776537118,8.99667761100719,3.39046213014988,9.01729014244341,3.31749366742606
8.91956910280997,3.28558430997942,8.97671837968045,3.31291033631991,9.00529301811569,3.32657334949015,9.00470150106542,3.32820577182195,8.98884286441125,3.3895933596063,9.00996787669911,3.31457434544145
8.91131395264042,3.28251647476482,8.96894838362505,3.31011450405549,8.99776559911736,3.32391351870083,8.99715329464041,3.32560551868626,8.98090617421707,3.38872982885069,9.00255071765375,3.31162095953708
8.90305880247087,3.27944863955022,8.96113892000781,3.30730792331479,8.99017897877628,3.32123756519707,8.98954558169091,3.32299013362245,8.97290688642494,3.38787605477489,8.9950751368276,3.30864888506534
8.89480092338282,3.27638387677021,8.95328945298795,3.30449056204373,8.98253371779052,3.31854390468049,8.98187819635316,3.32036010993406,8.9648450742173,3.3870316576836,8.98754095346937,3.30565858346791
8.8865331842204,3.27333021525013,8.94539836743131,3.3016658342087,8.97483095903677,3.31583364368798,8.97415236042332,3.31771635006389,8.95672225665974,3.38619628830872,8.97994948502219,3.30265065828908
8.87826676647094,3.27027978807994,8.93747341842722,3.29883305718011,8.96707674440536,3.31310969173019,8.96637431201465,3.31506121884854,8.94854513828784,3.38537015638801,8.97230692078999,3.29962758522098
8.87000499064326,3.26724072268665,8.92951941416468,3.29599659150306,8.95927662592539,3.31037452591126,8.95854977447831,3.31239671275903,8.94031981492313,3.3845534337273,8.96461887207052,3.29659165253965
8.86174141691562,3.2642034149438,8.92153649705079,3.29315433254303,8.95143403711837,3.30762979134264,8.95068234400018,3.30972401660719,8.93205011500373,3.38374607365199,8.95688883304642,3.29354431538498
8.85346932192241,3.26117443770126,8.91352458607334,3.29030920549112,8.9435522181488,3.30487658938605,8.94277529317394,3.30704414002159,8.9237395008446,3.38294802379075,8.94911996303248,3.29048688999925
8.84515016222665,3.2581306980773,8.90547272485921,3.28745361941961,8.93563400617549,3.30211508009077,8.93483123263713,3.30435789419707,8.9153907450071,3.38215916993362,8.94131478128972,3.28742043399848
8.83664122318145,3.25502743199315,8.89733271551381,3.2845724071324,8.92767846167999,3.29934489470203,8.92684918959692,3.30166501391527,8.90700288929305,3.38137911107167,8.93347231855022,3.2843446587324
8.82822429998041,3.25195427671073,8.8891880152898,3.28169223518113,8.9196698729445,3.29656121441633,8.91881359730652,3.29896027252107,8.89855959000387,3.38060641023663,8.92557726336444,3.28125362766161
8.82015851606268,3.24899602648007,8.88111957285477,3.27883980259885,8.91160010125082,3.29376169065824,8.91071644379382,3.29624096131196,8.89005238560784,3.37984088961352,8.91762171179946,3.27814432745784
8.81208799425065,3.24603640129221,8.87302298713138,3.27598138923251,8.90349048357174,3.29095388320266,8.90257913631884,3.29351444179689,8.88150380127749,3.37908498779748,8.90962666060714,3.27502521892482
8.80291060252954,3.24275555771885,8.86454216373003,3.27301404742575,8.89535794433027,3.2881432922792,8.89441842553513,3.2907867293198,8.87293160153802,3.37833999955626,8.90160858185197,3.27190303556556
8.79382328889498,3.23950336471883,8.85605472725819,3.27004725380624,8.8871704464398,3.28531919834995,8.88620221335962,3.28804729767896,8.86430215878037,3.3776028795388,8.89353600532207,3.26876549888902
8.78515334161615,3.23638392082396,8.84765114526963,3.26710963037347,8.87890004709637,3.28247248514822,8.87790266850337,3.28528671141301,8.85558612744968,3.37687207231723,8.88538159069311,3.26560182959346
8.77648162101082,3.23326685996058,8.83920670231449,3.26416318338096,8.87056924296633,3.27961134509115,8.86954250247059,3.28251253698022,8.84680728949622,3.37615066808494,8.87716759822592,3.26242083169528
8.76780361914666,3.23015823997801,8.83073283069847,3.26121419316198,8.86219743647438,3.27674216975396,8.86114098441948,3.27973156493953,8.83798599982188,3.37544062615983,8.86891291899162,3.25923028600638
8.75912303546699,3.22705181702199,8.82223295369641,3.25826107791108,8.85378791281112,3.27386570835562,8.85270115907431,3.27694526514194,8.82912564004585,3.37474195380571,8.8606206035287,3.25603159523007
8.75043243557066,3.22395391748441,8.81370650318433,3.25530683946964,8.84534353699116,3.27098330046226,8.84422594644691,3.27415482984027,8.82022939428508,3.3740545168149,8.85229358672624,3.2528258894694
8.74174110849986,3.22085861252505,8.80515825443351,3.25234993417228,8.83686682740033,3.26809559499589,8.8357178124571,3.27136106815408,8.81129989707461,3.37337810871611,8.84393430800803,3.24961405079677
8.73304704027573,3.21777308807521,8.79658912287128,3.24939334154814,8.82836016416906,3.2652034682846,8.82717918003835,3.26856473615269,8.80233971973428,3.37271257263573,8.83554512468861,3.24639701497514
8.72435339759308,3.21469082467362,8.78800152607308,3.24643556603727,8.81982559031308,3.26230793671909,8.81861221808851,3.2657664836802,8.7933511556535,3.3720577675383,8.82712812814331,3.2431756452189
8.71566125638008,3.21162006747106,8.77939723189553,3.24347980569896,8.81126521965326,3.25940967481291,8.81001908539868,3.26296685183199,8.78433645581071,3.37141352018301,8.81868539789345,3.23995071516718
8.70696964478145,3.20855262801381,8.77077724451072,3.24052346586482,8.80268104437536,3.25650888479032,8.80140167635613,3.26016633235337,8.77529760357404,3.37077964464266,8.81021876200866,3.236722910224
8.69827996887947,3.20549731464044,8.76214324754403,3.23756979669365,8.79407488687631,3.25360603772026,8.79276178715407,3.25736547845023,8.76623650593565,3.37015596395674,8.80172996774629,3.23349291951476
8.68960339262629,3.20244286822499,8.75349996180936,3.23461554605112,8.78544824640089,3.25070188496419,8.78410099979452,3.25456480149002,8.75715485048159,3.36954231638965,8.79322055943654,3.23026135652749
8.68097481275501,3.19939159829502,8.74485951029202,3.23166174584548,8.77680185906053,3.24779681962071,8.7754200976952,3.25176455910206,8.74805348323976,3.36893855069126,8.7846912962939,3.22702854212935
8.67234623288374,3.19634032836504,8.73620446295009,3.22870690079041,8.76813357798327,3.2448901870031,8.76671695277937,3.24896404511669,8.73893018281983,3.36834441311789,8.77614007354412,3.22379370063524
8.66393976433312,3.19345329615757,8.72760773766179,3.22580540017611,8.75944172432613,3.24198145218538,8.75798990064982,3.2461626848462,8.72978320019881,3.36775980455858,8.76756524033191,3.22055621802995
8.65551665079923,3.19055442276325,8.71900500577469,3.22290344510411,8.75074918326242,3.23907795627454,8.74926180164476,3.24336789569379,8.72063655048123,3.36718590771025,8.758989256614,3.21732464536036
8.64703213410625,3.1876116884743,8.7103956073327,3.21999491829396,8.74207734394593,3.23618653320379,8.74055397808111,3.24058672088996,8.71151272707875,3.36662290591163,8.75043313368406,3.21410690004526
8.63851640765124,3.18465459945574,8.70178471573355,3.21708854559445,8.73341886977471,3.23330551866381,8.7318593401961,3.23781675847114,8.70240435723227,3.36606881341653,8.74188996849458,3.21090007165908
8.62988831502026,3.18164582833619,8.69313926315799,3.21417000548404,8.72476473722685,3.23043209405797,8.72316906324405,3.23505457353561,8.69330206507586,3.36552213561305,8.73335103135817,3.20770051986205
8.62126602380679,3.17863981198911,8.6844883869102,3.21125382317576,8.7160995684619,3.22756082876908,8.71446778867058,3.23229465779749,8.68418957589969,3.36498189946252,8.72480110579699,3.20450238181271
8.61325655111464,3.17592478928148,8.67602658231595,3.20843337218131,8.7074115979166,3.22468766363123,8.70574371838393,3.22953304454819,8.67505441831462,3.36444822727739,8.71622849972704,3.20130139207911
8.60519276314593,3.17318854598096,8.66755289767429,3.20561124733499,8.69873296493847,3.221822598012,8.69702883335586,3.22678021866935,8.66593016953793,3.36392348388025,8.70766463576377,3.19810960490099
8.59681418345014,3.17032931578786,8.65899994233244,3.20275959110112,8.69009282177359,3.21897472875775,8.68835205457326,3.22404600156809,8.6568473832214,3.36340828884241,8.69913806711608,3.19493784509058
8.58843560375436,3.16747008559477,8.65046031556988,3.19991625129686,8.68147267147764,3.2161393341479,8.67969519151199,3.22132475632798,8.64778713344146,3.36290002941692,8.69063104557552,3.19177920009202
8.58005702405857,3.16461085540167,8.64192368186168,3.19707799670428,8.67285701076323,3.21331156735559,8.67104292110552,3.21861107038619,8.63873323210684,3.36239729171169,8.68212846907314,3.1886276818232
8.57163311932395,3.16173438560496,8.63337509001948,3.19423860904894,8.66424607536724,3.21049072077093,8.66239538035974,3.21590451853958,8.62968566943313,3.3619003072919,8.67363038641513,3.18548316675952
8.56304480654569,3.1587953823924,8.62477292794548,3.19138226000338,8.65563698864537,3.20767569880887,8.65374967240999,3.2132040636003,8.62064135262114,3.36140933251046,8.66513389201709,3.1823446470805
8.55445980480513,3.15585786868571,8.61616400562622,3.18852756836838,8.64701610603676,3.20486241820971,8.64509217034416,3.21050557834719,8.61158602363278,3.36092437726152,8.65662556330356,3.17920737004723
8.54655006685338,3.15322412964781,8.60776533117645,3.1857730052097,8.63837296333799,3.20204744299065,8.63641229200914,3.20780600184627,8.60250862669702,3.36044597777793,8.64809500959279,3.17606767984231
8.53849768429556,3.15053185757295,8.59932341356731,3.18300356711167,8.62973627820318,3.19923942188103,8.62773851982818,3.20511472170054,8.59343908093781,3.35997624126503,8.63957028070583,3.17293617699643
8.52992037391722,3.14762418569871,8.59072577016161,3.18017159380438,8.62112846828381,3.19644529785721,8.61909308101353,3.20243929493633,8.58440086830166,3.3595155537221,8.63107336113294,3.1698210721121
8.52135394937524,3.14472136269483,8.58213181343184,3.17734524552131,8.61252074546014,3.19365718693455,8.61044750377837,3.19977087799047,8.57536425782639,3.35906154288044,8.62257635021004,3.16671185032808
8.51342374265957,3.14210192974555,8.5737353539669,3.17461275382837,8.60389115962056,3.19086816586978,8.60178000775158,3.19710200128144,8.56630623988877,3.35861354588927,8.61405771871388,3.1636003703434
8.50540763022052,3.139451256987,8.56531205548084,3.1718737482364,8.595264268111,3.1880849938611,8.5931150111484,3.19443983347781,8.55725220085125,3.35817345424561,8.60554134703941,3.16049541993316
8.49702060209157,3.13666569990465,8.55678109839442,3.1690979411835,8.58666134654584,3.18531406182292,8.58447366871243,3.19179114989521,8.5482243519498,3.3577418664456,8.59704804299342,3.1574047711018
8.48863357396263,3.1338801428223,8.54825641733458,3.16632797128607,8.57806783902055,3.18255188551796,8.57584168132239,3.18915168342924,8.53920782790423,3.35731726820904,8.58856381677724,3.15432323008479
8.48024654583368,3.13109458573995,8.53973027907725,3.16356150266549,8.56947214569903,3.17979496112826,8.56720755799711,3.18651758203177,8.53019053330039,3.35689896951701,8.5800773460122,3.15124648022131
8.47181635945653,3.12829394739982,8.53118843700014,3.16079308031864,8.56087447577195,3.17704264677805,8.55857134984648,3.18388869039529,8.52117245577937,3.35648733827159,8.57158863100466,3.14817452970445
8.46322717095164,3.12543774721058,8.52259090636311,3.15800871141097,8.55227277406884,3.17429419351116,8.54993093852786,3.18126446483435,8.51215139662069,3.35608266654635,8.56309558613814,3.14510671998988
8.45464361733244,3.12258422782743,8.51398598950526,3.15522594632767,8.54365717559167,3.17154680557779,8.5412764682988,3.17864209517492,8.50311709575424,3.35568506696031,8.55458853562013,3.14203967433315
8.44643880030551,3.11991089299813,8.50549308255484,3.15250239122957,8.5350202236795,3.16879814034529,8.53260044123027,3.17601937650921,8.49406171247306,3.35529502526459,8.54606009410068,3.1389708334864
8.43823398327858,3.11723755816883,8.49699655719443,3.1497811256445,8.52637784415235,3.16605290938233,8.52391868493804,3.1734013381952,8.48500181925077,3.35491377504249,8.53752582316825,3.13590599473321
8.43002916625166,3.11456422333953,8.48850685772142,3.147065297898,8.5177457034563,3.16331583517724,8.51524674082302,3.17079311783133,8.47595378295363,3.35454166300785,8.52900107729186,3.13285081291478
8.42173563930997,3.11185825711569,8.47999428676086,3.14434443876452,8.50912361048631,3.16058752958894,8.50658456553577,3.16819487653012,8.46691764392805,3.35417789099584,8.52048590043298,3.12980517642494
8.41313480931319,3.10903925136001,8.47138359442772,3.14159116774322,8.50050798698498,3.15786712593483,8.49792874501793,3.16560521718555,8.45788976136416,3.35382165965157,8.51197692127345,3.12676760535239
8.40454783324568,3.10622614626763,8.46277141212991,3.1388418058535,8.49188320157203,3.15514963564644,8.48926372466449,3.16301888790231,8.44885374475834,3.35347225904162,8.503458756009,3.12373238914684
8.39654190399378,3.10366052054043,8.45433907925317,3.136174343552,8.48323766688286,3.15243125505778,8.4805779131467,3.16043208652535,8.43979738394099,3.35312992611557,8.49491991453819,3.12069544176126
8.38844723082519,3.1010629817648,8.4458781138304,3.13349989999389,8.47459355533301,3.14971835910843,8.47189337653891,3.15785152596099,8.43074371207849,3.35279601785775,8.48638205889618,3.11766468443767
8.38002222020172,3.0983466509008,8.43732063261317,3.13079326922855,8.46596983881889,3.14701657839243,8.46322895975208,3.15528326053523,8.42171252809818,3.35247071574151,8.47786377894999,3.1146469017564
8.37159946210095,3.09563306699492,8.428769095504,3.12809295305473,8.45735391220553,3.14432289608463,8.45457222728025,3.1527237491183,8.41269094359793,3.3521527080575,8.46935293613317,3.111637637672
8.36319006409374,3.0929357757629,8.42022075027004,3.1254015507149,8.44873609335819,3.1416344381909,8.44591357605698,3.1501698566919,8.40366887664297,3.35184139568678,8.46084008458707,3.10863331310797
8.35477620110822,3.09024095929779,8.41167016901567,3.12271425307332,8.4401171529694,3.13895089996109,8.43725369434507,3.14762153183188,8.39464696796934,3.35153697042332,8.45232585753608,3.10563407177381
8.34634611614085,3.0875551340575,8.40311354235385,3.12003320345923,8.43149725546035,3.1362722381601,8.4285927403195,3.14507875038679,8.38562535703415,3.35123965200027,8.44381037668878,3.10264000296199
8.33791603117347,3.08486930881721,8.39455504889597,3.11735511971514,8.42287455775722,3.13359802516411,8.41992889553502,3.1425410103729,8.37660215403082,3.35094958582123,8.43529184039055,3.09965054311727
8.3294859462061,3.08218348357692,8.38599374310445,3.11467972200654,8.41424764155362,3.13092784122135,8.4112607204562,3.1400079674844,8.36757587687643,3.35066694434459,8.42676883494609,3.09666525524743
8.32104966243472,3.0794994934945,8.37742757968129,3.11200756066735,8.40561653830457,3.12826159425378,8.4025881787564,3.13747975929419,8.35854652539568,3.35039193884491,8.41824133996438,3.09368420752476
8.31258839516851,3.07682289978361,8.36885016158924,3.10934045104275,8.39698104479961,3.12559922667232,8.39391101940308,3.13495649657103,8.3495138878036,3.35012471732057,8.40970913729446,3.09070738592911
8.30409122804235,3.07413438286434,8.36025713811664,3.10667183383853,8.38834009315379,3.12294055932562,8.38522818191406,3.13243798698301,8.34047689141034,3.34986538434169,8.4011712033913,3.08773446782208
8.29544498203563,3.07139635325733,8.3516093075669,3.10398877013537,8.37969147033253,3.12028497857439,8.37653747284404,3.12992355629374,8.33143324072764,3.34961405157372,8.39262536681063,3.08476470975664
8.28680221889461,3.06865974435126,8.34295279209131,3.10130684496429,8.37102807868966,3.11763039527081,8.36783180860247,3.12741107198804,8.3223755356399,3.34937085244373,8.38406463330933,3.08179570164061
8.27869061398386,3.06613980099227,8.33445975543273,3.09869667471741,8.36234432615717,3.11497511157998,8.35910557224128,3.12489892380511,8.31329792465408,3.34913618605415,8.37548346063383,3.07882558968352
8.27049279057024,3.063590999598,8.32593598063133,3.09607974631741,8.35365757566188,3.11232411967711,8.35037607686255,3.12239227212025,8.30421846575882,3.34891075667332,8.36689887534557,3.07586041048743
8.26198142702545,3.06093725376761,8.31731584846214,3.0934336574144,8.34498305918048,3.10968185923779,8.34165850016239,3.11989574795812,8.29515303870663,3.3486944033128,8.35832585146847,3.07290540828474
8.25347000148226,3.05828614093903,8.30869756224056,3.09079284286466,8.33631134261971,3.10704619382748,8.33294356995798,3.11740669355979,8.2860920218475,3.34848613967173,8.34975532071841,3.06995728974439
8.24495834457526,3.055644853868,8.30007623301545,3.08815835717406,8.32763517723554,3.10441510882709,8.32422413871615,3.11492275055086,8.27702790490288,3.34828554538729,8.3411802236799,3.0670134546891
8.23644707417446,3.05300734281683,8.29145228399087,3.08552795401534,8.31895488889907,3.10178825961459,8.31550048394944,3.11244372051861,8.26796090111387,3.34809271209225,8.33260077213016,3.0640739388284
8.22793752669272,3.05038666403578,8.28282634311154,3.08290596174229,8.31027075132095,3.09916561059555,8.30677287640401,3.10996957422429,8.25889126365619,3.34790775334281,8.32401719607404,3.06113884846496
8.21942797921097,3.04776598525473,8.27419812035073,3.08028689506466,8.30158319092061,3.09654734996962,8.29804174980941,3.10750048070566,8.24981945743856,3.34773076078802,8.31542991550199,3.05820838659155
8.21091843172922,3.04514530647367,8.26556784831411,3.07767085652306,8.29289255660655,3.09393363154775,8.28930743214572,3.10503667395199,8.24074586354791,3.34756181500612,8.30683926156846,3.05528275610156
8.20240871893767,3.04252867269027,8.25693548482306,3.07505915839158,8.28419886776575,3.09132440124223,8.28056990267618,3.10257824209065,8.23167048912143,3.34740091917929,8.29824523403604,3.05236196867006
8.19389837934243,3.03992737628736,8.24830091286257,3.07245557318636,8.27550217962264,3.08871967163586,8.27182919551703,3.10012527667329,8.22259339504593,3.34724806589883,8.289647887399,3.04944604141045
8.18534473902032,3.03731290442032,8.23965005212811,3.06985071803297,8.26680270868201,3.08611962483929,8.26308554129572,3.09767792119251,8.21351484472434,3.34710328313245,8.28104745730442,3.04653508964523
8.17663937974346,3.03465226779367,8.23094560788764,3.06723330395023,8.25809872195973,3.08352382202851,8.2543372279638,3.09523566998907,8.20443305553512,3.34696660022686,8.27244224751285,3.04362855536242
8.16793527131238,3.03199211333254,8.22223281671455,3.06461724806228,8.24938158941563,3.08092981542715,8.24557563697697,3.09279604021823,8.19533905906181,3.34683815497507,8.26382375451916,3.04072358573142
8.15975516862618,3.02953394820101,8.21368149896163,3.06206843191463,8.24064466412936,3.07833567377144,8.23679409021965,3.09035721448916,8.18622593071247,3.34671846338657,8.25518538333408,3.03781807757336
8.15157506593998,3.02707578306948,8.20513199495741,3.05952369808543,8.23191045946612,3.07574765559341,8.2280150371184,3.08792567262552,8.17711703517024,3.34660804966517,8.24654921885196,3.03491965865489
8.14339496325378,3.02461761793795,8.19659924651514,3.05698731342582,8.22320138814582,3.07317216116975,8.21926082760348,3.08550804764274,8.1680356937941,3.34650639535654,8.23793731079432,3.03203588779106
8.13510970917386,3.02212733362869,8.18804802401509,3.05444918482748,8.21451718143571,3.07061011042688,8.21053144735866,3.08310441066219,8.1589819287129,3.3464121189151,8.22934972384285,3.02916658464499
8.12645287557176,3.01952354793549,8.17938620131959,3.0518814361051,8.2058528641935,3.06806038018991,8.20182211831196,3.08071294560677,8.14995066301171,3.34632404287204,8.22078173844574,3.02630981307732
8.1178043853102,3.01692272658929,8.1707256708536,3.0493184822826,8.1971863136253,3.06551636012925,8.19311076241701,3.07832685774345,8.14091881033882,3.34624173785788,8.21221153083145,3.0234580279753
8.10990983480138,3.01458977625328,8.16230369898121,3.04684514526026,8.18850063107112,3.06297282976375,8.18438043389988,3.07594106811832,8.13186867793594,3.34616603024478,8.20362231307668,3.02060566640752
8.1019146482226,3.01222622412826,8.1538537736762,3.04436664250307,8.179823336403,3.06043685169048,8.17565845419404,3.07356331759389,8.12282865637341,3.34609792962361,8.19504094408155,3.01776194811715
8.09351468038562,3.00973958461851,8.14529047490412,3.04185652131159,8.17117837216337,3.05791498965813,8.16696859251426,3.07120079800648,8.11382357525585,3.34603702904293,8.18649090885463,3.01493491921156
8.08511685681813,3.0072562727796,8.13673870526583,3.03935474657246,8.16254962948968,3.05540398346889,8.15829496777998,3.0688495034311,8.10483706574292,3.34598226605061,8.17795669151602,3.01211933994101
8.07672790658088,3.00478673137506,8.12819222653719,3.03686249791735,8.15392438651535,3.05290038118849,8.14962493121308,3.0665057230077,8.09585594942033,3.3459333748997,8.16942584527746,3.00931087003755
8.06834086024118,3.00232196130547,8.11964862261774,3.03437630702418,8.14530250380602,3.05040347988354,8.14095821912646,3.06416917016477,8.08687989468275,3.34589072600665,8.16089806625374,3.0065093771315
8.0599618633897,2.99987736396222,8.11110974783347,3.03190117366461,8.13668369005536,3.04791307851581,8.13229451560316,3.06183973016737,8.07790856507439,3.3458547468565,8.15237300412647,3.00371485299183
8.05158286653822,2.99743276661898,8.10257265574762,3.02943040969189,8.12806755035232,3.04542923122834,8.1236334509233,3.05951737805348,8.06894159669353,3.34582578504928,8.14385027499956,3.00092730048844
8.04320386968674,2.99498816927573,8.09403713865619,3.02696402836188,8.11945377314092,3.04295195790495,8.11497470245481,3.05720218563691,8.05997869694685,3.34580412639329,8.13532955873258,2.99814675463127
8.03482528945993,2.99254968288566,8.08550333794046,3.02450406657313,8.11084236218072,3.04048125841687,8.10631822816605,3.05489432784797,8.0510198714566,3.3457899658451,8.12681083205261,2.99537330002773
8.02644822653516,2.99013345192686,8.07697154913998,3.02205596796477,8.10223321044239,3.03801722598372,8.09766387843765,3.05259407128318,8.04206504550527,3.34578351087982,8.11829397264292,2.99260706517132
8.01801729138871,2.98770113994884,8.06842303334476,3.01960701747929,8.09362590432279,3.03555995624451,8.08901124957852,3.05030149477763,8.03311385054546,3.34578492477863,8.10977859601421,2.98984803380525
8.00940208109274,2.98521382128778,8.05981256039009,3.01714397326723,8.08501780003876,3.03310904925696,8.08035773146339,3.04801610013828,8.02416363764296,3.34579459050972,8.10126209195949,2.9870956597187
8.00078721147012,2.98272666152409,8.05119486061169,3.01468372919018,8.07639868518248,3.03066226302323,8.07169314363549,3.04573556915807,8.01520397514556,3.34581334449508,8.09273436878858,2.98434723447879
7.99255668222057,2.98041876638144,8.04269269868398,3.01228474812925,8.06776070691569,3.02821773900316,8.06300959089341,3.0434582290434,8.00622680808419,3.34584228883193,8.08418760568623,2.98160074459262
7.98432615297103,2.97811087123879,8.0341862411997,3.00988972748012,8.05911628531403,3.02577915560078,8.05431942258444,3.04118805534976,7.99724509850464,3.3458823745673,8.07563392597633,2.97886080348779
7.97609562372149,2.97580297609614,8.02568371864707,3.00750126850769,8.05047776610986,3.02335041471346,8.04563495435567,3.03892911579279,7.98827179675023,3.3459338717783,8.06708546380094,2.97613195926828
7.96777380169538,2.97346708634485,8.01715454810744,3.00511059929276,8.04184492131347,3.02093235576672,8.03695606970274,3.03668189984195,7.97930691640098,3.34599663062004,8.058542138303,2.97341449578467
7.95913571540665,2.97103421527044,8.00852179686869,3.00269459485302,8.03321483759971,3.01852478464431,8.02827995711258,3.0344458734694,7.97034760451739,3.34607061837919,8.05000116374403,2.97070774548235
7.95050140544049,2.96860360590269,7.9998838747103,3.00028425460493,8.02457510934521,3.01612457895605,8.01959424442521,3.03221780552385,7.96138108032808,3.34615626661382,8.04145029075297,2.96800803017362
7.94215694961917,2.9663465953297,7.99132980534649,2.99793517164293,8.01591623321015,3.01372945979954,8.01088942836262,3.0299954398895,7.95239759261892,3.3462546550058,8.03288006390662,2.96531285977115
7.93381249379786,2.96408958475672,7.98277068798021,2.99559159840379,8.00724978507138,3.01134260522733,8.00217701951184,3.02778222274973,7.94340916268919,3.34636657233787,8.02430175513684,2.96262640918695
7.92546803797654,2.96183257418374,7.97421411048507,2.99325573637169,7.99858714673933,3.00896731746567,7.99346835122338,3.02558167930227,7.93442765183486,3.34649210160159,8.01572653417295,2.9599526701864
7.91708290214624,2.95956952028371,7.9656463772286,2.99092609705034,7.98992811476978,3.00660438543365,7.98476328931728,3.02339440253685,7.92545307998827,3.34663117930659,8.00715430557638,2.9572919974659
7.90855698981522,2.95728555295577,7.95703344667305,2.98859790581518,7.98127167510196,3.00425408224489,7.97606086655881,3.0212205325006,7.9164845472633,3.3467838015943,7.99858412508794,2.95464437982031
7.90002999911567,2.9550090505456,7.9484192050041,2.98628008444818,7.97261380794831,3.00191560139947,7.967357085929,3.01905919979535,7.90751797147084,3.34695015925935,7.99001202572693,2.95200880230114
7.89149933644664,2.9527579670432,7.93980071546801,2.98397824738665,7.9639514049787,2.99958838755837,7.95864887308228,3.01690973975005,7.89855022033885,3.34713068378679,7.98143491849347,2.94938461081119
7.88296774745936,2.9505140608967,7.93117894493084,2.98168643420428,7.95528454366658,2.99727262085807,7.9499363130601,3.01477232114957,7.88958143062237,3.34732580281518,7.97285283288811,2.94677212787804
7.87443269243737,2.94829701049313,7.92255306336347,2.97941147814212,7.94661324882652,2.99496871196661,7.94121943091547,3.01264739384253,7.88061175129768,3.34753604837563,7.96426575136862,2.94417186224523
7.86589691451178,2.94608748676427,7.91392401824265,2.97714724759434,7.93793757010808,2.99267712800938,7.93249825938027,3.01053554031728,7.87164137050848,3.34776193940077,7.95567368625125,2.94158435856845
7.8573581601042,2.94390895335271,7.90529112193313,2.9749018114769,7.92925760284759,2.990398240539,7.92377286689227,3.00843728254567,7.86267049388987,3.3480038741845,7.94707670600827,2.93901004498078
7.84878139530751,2.9417133575104,7.89664279389178,2.97265950120567,7.92057349318392,2.98813257305331,7.91504340326512,3.00635318211893,7.85369941602639,3.34826227653308,7.93847495070299,2.93644941703542
7.84007399336211,2.93945912013993,7.887947068928,2.97040642937094,7.91188360671095,2.98588008398644,7.90630824561454,3.00428319305403,7.84472656550095,3.34853757157033,7.92986680293522,2.93390233519189
7.83136791827168,2.93720621875515,7.87924263428975,2.96816166973979,7.90317999229878,2.98363939523211,7.89755945724579,3.00222593954308,7.83574393627984,3.34883076469025,7.92124438599403,2.93136708056528
7.82292371856247,2.93521699484169,7.8706122563021,2.96601198492243,7.89445652517192,2.9814094799628,7.88879090249763,3.00018049376029,7.82674538828623,3.34914307035513,7.91260159035039,2.92884250450505
7.81444998414655,2.93321861881227,7.86196331003767,2.96386771658592,7.88571997298323,2.97919226547275,7.88000930819318,2.99814899536927,7.81773799480555,3.34947510487878,7.90394500868382,2.92633113474121
7.80574914969349,2.93114986978424,7.85323422306616,2.96170984664774,7.8769767597525,2.97698983507949,7.87122108493707,2.99613365191568,7.80872852453736,3.34982713147125,7.89528095408163,2.92383541138208
7.79704831524043,2.9290811207562,7.84449912350674,2.95956197106907,7.8682245276399,2.97480239622551,7.86242392275704,2.99413455380131,7.79971477119198,3.35019956444696,7.88660715461141,2.92135515767666
7.78834748078736,2.92701237172816,7.83575665818144,2.95742408002098,7.85946124687848,2.97262993416739,7.85361582812439,2.9921515888395,7.79069479135848,3.35059281360535,7.87792162934459,2.91889013598572
7.77964151875169,2.92495707533904,7.82700508742149,2.95530087311861,7.85068687175639,2.9704727720084,7.84479676488648,2.99018508662261,7.78166865225644,3.35100732569708,7.8692242997439,2.91644075541496
7.77091673278744,2.92295116509013,7.81823991306377,2.9532045858888,7.84190150320193,2.96833129628813,7.83596686066417,2.988235366047,7.77263657694627,3.3514434844863,7.86051525202426,2.91400742298491
7.76218909564276,2.92095564964934,7.80946688495753,2.95112262394882,7.83310577961492,2.96620611109856,7.82712678158123,2.98630296667923,7.76359936349474,3.35190167499315,7.85179510432569,2.91159077455699
7.75345124461743,2.9189973718833,7.8006839340853,2.9490643525185,7.82430027881924,2.9640978428361,7.81827712141652,2.98438850740874,7.7545577579858,3.35238230910548,7.84306440640422,2.90919149276171
7.74471053228295,2.91705108921461,7.79189377444949,2.94702167556614,7.81548539553276,2.9620069687419,7.80941828420212,2.98249247865349,7.74551228875529,3.3528857057998,7.83432353404944,2.90681009142854
7.73595974431957,2.91514704530555,7.78309424474684,2.945005047765,7.80666149496048,2.95993404899473,7.80055064391735,2.98061546683475,7.73646347826223,3.35341224758217,7.82557283057004,2.9044471681959
7.72718210307503,2.91322152919171,7.77427997425342,2.94299356449062,7.79782890984261,2.95787958214008,7.79167455210123,2.9787579448314,7.72741179864192,3.35396223846609,7.81681262293434,2.90210320657065
7.71831248823769,2.91122246989315,7.76542849365122,2.94097011633001,7.78898649635799,2.95584393954844,7.78278889105044,2.97692024390786,7.71835626977324,3.35453627148108,7.80804176636059,2.89977851477248
7.70944349119235,2.90922440147109,7.75656659445986,2.93895919879584,7.78012814609361,2.95382659745822,7.77388757107101,2.97510185419736,7.70929090408192,3.35513559059318,7.79925418584579,2.89747233455156
7.70079037205353,2.90757257958984,7.74776291285558,2.93707561333073,7.7712491832566,2.95182713020117,7.7649659060122,2.97330248126447,7.70021114058041,3.35576148605562,7.79044519571204,2.89518420361198
7.6921372529147,2.90592075770858,7.73895241518721,2.93520588125487,7.76235999632346,2.94984844302802,7.75603427065168,2.97152519764951,7.69112781535543,3.3564142112034,7.7816249859242,2.89291776443124
7.68348413377588,2.90426893582732,7.73014201213303,2.93335192525404,7.7534709513116,2.9478934199674,7.74710304965501,2.96977290546519,7.68205169070803,3.35709332663942,7.77280381413785,2.89067629957404
7.67477319794713,2.90257586959836,7.7213123034519,2.93150077038834,7.74458185620429,2.94596322078333,7.73817215521649,2.96804640459784,7.67298286307165,3.35779905039458,7.76398158938296,2.88846044057777
7.66585360487202,2.90073395479241,7.71241141105225,2.92961689678647,7.73569031414236,2.9440583677835,7.72923928031276,2.96634589551398,7.66391915450822,3.35853197076338,7.75515598432993,2.88627030801609
7.65693942442144,2.89889916904725,7.70350373647837,2.92775127101657,7.72678589250684,2.94217732200123,7.72029401805442,2.96466978661904,7.65485014315287,3.35929360777323,7.7463166363661,2.8841039780614
7.64840813374127,2.89756869399904,7.69470987161822,2.92606912579005,7.7178607405567,2.94031934168556,7.71132852253979,2.96301741911642,7.64576815358773,3.3600860052273,7.73745566943251,2.88196068778979
7.63985013289109,2.89620487406462,7.68591133916491,2.92439528078797,7.70894194230182,2.93849048414965,7.70236986348515,2.96139504118863,7.63670094453557,3.36090783379961,7.7285997659724,2.87984818782459
7.6311940097822,2.89471855863313,7.67710055144902,2.92270373969513,7.70005382228243,2.93669633022613,7.69344243750386,2.95980799010917,7.62767334727321,3.3617564523529,7.71977308972562,2.87777274757853
7.62248639187765,2.89319896524289,7.66828551265312,2.92102382040851,7.69118507304086,2.93493624799132,7.68453516182992,2.95825459297656,7.61867414246906,3.36263218945734,7.71096470620271,2.87573191875265
7.61359761982769,2.89156230293142,7.65941479884032,2.91932663690011,7.68232338834664,2.93320880388446,7.67563584378693,2.95673286463947,7.60969105705335,3.36353645444961,7.70216246910707,2.87372340166931
7.60470884777772,2.88992564061996,7.65053826357185,2.91764943623108,7.67345297146891,2.93151133403664,7.66672864286894,2.95524039310687,7.60070826230757,3.36447192119098,7.69335058317968,2.87174442065074
7.59660509452239,2.88894768616348,7.64190931112846,2.91621086591255,7.66456141943149,2.92984245578708,7.6578010711195,2.95377638665039,7.59171362032221,3.36544211076076,7.684516536811,2.86979391379305
7.58838356991068,2.8879175294586,7.63324848915074,2.91477815717835,7.65568094877077,2.92820847103823,7.6488852655094,2.95234772446559,7.58273994421969,3.36644500782542,7.67569208256107,2.86788036407946
7.57974574922685,2.88669299400303,7.62447483671716,2.913308148676,7.64683938046231,2.92661572601248,7.64000911419116,2.95096060347385,7.57381560295106,3.36747762575631,7.66690486781952,2.86601086576283
7.57105740753705,2.88542855049733,7.61569715021296,2.91185155276004,7.63801702155092,2.92506305389139,7.63115311915943,2.94961295386251,7.56492113841048,3.3685421951591,7.65813560008426,2.86418199975778
7.56220448045985,2.88403409608307,7.60686529615088,2.91037699432287,7.62919570399639,2.92354844344277,7.62229917731159,2.94830245702386,7.5560385327695,3.36964174290058,7.64936626916815,2.86239076457147
7.55335155338264,2.8826396416688,7.59802577585941,2.90892696139083,7.6203628870978,2.92207062125184,7.61343467830027,2.94702838086044,7.54715556009108,3.37077990334025,7.64058422774,2.86063623866793
7.54520119844141,2.88198000533568,7.58940637050023,2.90774601331232,7.61150895652964,2.92062901730064,7.60454993785338,2.94579076393688,7.53826304126362,3.37196033434679,7.63177973321466,2.85891833744514
7.53694514899838,2.88126445093109,7.58075506410866,2.90657398326194,7.6026600216638,2.91922874942736,7.59567104469806,2.94459508224291,7.5293876076593,3.37318143086719,7.62297856469725,2.85724387302182
7.52828640997338,2.88033165852925,7.57198810768601,2.90536032635409,7.59383895654233,2.91787466026651,7.58682094232431,2.94344598028621,7.52055247283621,3.37444045429458,7.61420350535612,2.85561811753822
7.51962906283775,2.87942146898539,7.56322982286988,2.90418445087095,7.58503020288595,2.91656594181373,7.5779842085561,2.94234188732036,7.51174226944484,3.37573937737547,7.60543931357925,2.85403829873036
7.51097785003697,2.87861089475779,7.55447362618618,2.90307132619428,7.57622151426078,2.91530154191253,7.56914864268957,2.94128147314497,7.5029449406678,3.37708053687154,7.59667384258238,2.85250264883267
7.50229271943474,2.87783434964484,7.54570613974322,2.90199948647643,7.56741284989746,2.91408205489222,7.56031417150741,2.94026568015913,7.49416075327112,3.37846537196583,7.58790690657754,2.85101249798611
7.49348674855701,2.87717904138724,7.53689698736472,2.90099841326805,7.55860210676858,2.91290809920845,7.55147870600027,2.93929515674232,7.48538795295919,3.37989552619445,7.57913633784328,2.84956872151164
7.48468077767928,2.87652373312963,7.52808019741549,2.90002785523946,7.5497799072836,2.91177991629438,7.54263289496557,2.93837015534831,7.47661768563086,3.38137417809063,7.57035275544962,2.84817133796585
7.47587480680155,2.87586842487203,7.51925093574305,2.89908794401008,7.5409390002138,2.9106977035791,7.53376945828951,2.93749134224677,7.46784320721936,3.38290432539859,7.5615488574454,2.84682070770211
7.46705894253191,2.87524889537342,7.51040599899684,2.8981912771242,7.5320795272293,2.90966246799959,7.52488849051132,2.93666044779451,7.45906513477225,3.38448780838914,7.55272467558201,2.84551848317849
7.45819988230176,2.87478558104085,7.5015345492712,2.8973788788124,7.52320188275592,2.90867552769818,7.51599037019235,2.93587937331448,7.45028436156667,3.38612629685918,7.54388053904705,2.84426633641986
7.44932148229627,2.87427357085353,7.49264559728226,2.89658341678741,7.51430765477525,2.90773833975435,7.50707671574067,2.93514973166946,7.44150289946315,3.38782085755107,7.53501802937578,2.84306569703153
7.4403747050597,2.87358939280738,7.48372336042139,2.89576473972544,7.50539768810224,2.90685241318447,7.49814843328712,2.93447286799698,7.43272203555479,3.38957265691865,7.52613799818833,2.84191790867496
7.43142820686616,2.87290672087972,7.47478937030849,2.89498168696381,7.49646995202965,2.90601917000586,7.48920355999392,2.93384996564101,7.42394027124784,3.39138356310998,7.51723842222055,2.84082414765438
7.42265559210551,2.8731625746815,7.4659005094772,2.89454734734391,7.48752296816305,2.90523973367511,7.48024066115907,2.93328208732724,7.41515659432607,3.39325520972107,7.50831781492191,2.8397854914425
7.4138523968865,2.87335578363999,7.45699369858166,2.8941292417588,7.47856434942924,2.9045159708182,7.47126739623115,2.93277101118401,7.40637890794871,3.39518728222272,7.49938374237248,2.83880415053731
7.40492826590398,2.87330125262471,7.44804347628937,2.89366674551952,7.46960108148206,2.90384949196692,7.46229080277687,2.93231809142441,7.39761435149501,3.39717899418028,7.49044318968944,2.8378817167598
7.39600294920984,2.87327796239676,7.43908778660867,2.89325358819499,7.46063020530809,2.9032414010941,7.45330798038323,2.93192401569226,7.38886033020476,3.3992316765932,7.48149324026494,2.83701869929921
7.38707340910704,2.87336594932086,7.43012417607541,2.89291694487549,7.4516495595596,2.9026924426528,7.44431680005579,2.93158930723776,7.38011500580886,3.40134654175215,7.47253173837404,2.83621568168446
7.37814420308005,2.87350250747588,7.42115467992909,2.89263654103921,7.44265991835361,2.90220355782087,7.43531805880421,2.93131487458967,7.37137946607921,3.40352438541571,7.463559428252,2.83547385389768
7.36921630266459,2.87382888829837,7.41218016381528,2.89246025713942,7.43366209439063,2.90177594155995,7.42631259898909,2.93110183643867,7.36265487631994,3.40576608683831,7.45457709978379,2.83479454025536
7.36028840224912,2.87415526912085,7.40320086379689,2.89232547688747,7.42465709457078,2.90141058077078,7.41730144989037,2.93095116400469,7.35394253166805,3.40807228737781,7.44558574856026,2.83417881837266
7.35136050183366,2.87448164994334,7.3942173746169,2.89223298420699,7.41564581100852,2.90110865133882,7.40828553070254,2.9308640203307,7.34524366309271,3.41044380130996,7.4365862535996,2.83362792521206
7.34240819627077,2.87476533101918,7.38522183540244,2.89216949646604,7.40662865496827,2.90087157918947,7.39926528613123,2.93084179125247,7.33655910429591,3.41288178095775,7.42757900915422,2.83314330808547
7.33336733594164,2.87489407485915,7.37619243281153,2.89209836028343,7.39760498124647,2.90070050299557,7.39024009722266,2.93088560524926,7.32788861603493,3.4153874919981,7.41856336270826,2.83272608672568
7.3243264756125,2.87502281869912,7.36715562993417,2.89207202110138,7.388570207095,2.90059662230251,7.38120540868498,2.93099668267041,7.31922823568797,3.41796348644925,7.40953472309965,2.83237737196507
7.3157568320267,2.87629465350283,7.35826618887265,2.8924724532814,7.37952086729562,2.90056135317069,7.37215778765664,2.93117653940199,7.3105751933196,3.42061238291525,7.40048960587344,2.83209871611917
7.30709333377763,2.8774039394501,7.34934458860648,2.89286510423943,7.37047021602091,2.9005956866341,7.36311051715174,2.93142626664189,7.30194260090636,3.42333154004752,7.39144125453925,2.83189182142082
7.29805211266934,2.87784281020297,7.34030337727178,2.89308125452208,7.361429009573,2.90070047668163,7.35407437690959,2.93174652358867,7.29334092167689,3.42611820641099,7.38240043887194,2.83175748208352
7.2890130417509,2.87828511708193,7.33126112206571,2.89334640072271,7.35238516222311,2.9008770425431,7.34503728647741,2.93213811893093,7.28475878496597,3.42897640162238,7.37335507853913,2.83169578248011
7.28070924786269,2.87990243861465,7.32245590310386,2.89405193175844,7.34332923072445,2.90112667833034,7.33598981041181,2.93260222040377,7.27618763626483,3.43191027675225,7.36429571501798,2.83170786247669
7.27232124049017,2.88143081042318,7.3136371744267,2.89477599050871,7.33429514139496,2.90144858055147,7.32696589170518,2.93313820755789,7.26765993246192,3.43490971985107,7.35525631050615,2.83179479420125
7.26363067676782,2.88263960984865,7.30475176939848,2.89544120874424,7.32531231571381,2.90184200819204,7.31799489366759,2.93374412565128,7.2592031157311,3.43796392896434,7.34626630952805,2.83195549560137
7.25489282471574,2.88378792173585,7.29587170834479,2.8961352554149,7.31636115015932,2.90230892225442,7.30905708332705,2.93442008411285,7.25079822275635,3.4410782744186,7.33730602032572,2.83218914263456
7.24597664980894,2.88470813695398,7.28694139494329,2.89680312676443,7.30742376751047,2.90285062166966,7.30013448090582,2.93516668501108,7.24242840332315,3.44425889849638,7.32835750450388,2.83249624433564
7.23706047490215,2.88562835217211,7.27801217084328,2.89752134896374,7.29848801881385,2.90346784735955,7.29121494444352,2.93598549000559,7.23408271962272,3.4475113031289,7.3194086302568,2.83287863422983
7.22902348050845,2.88769707964772,7.26937082043,2.89867363698347,7.28954449039077,2.90416191565135,7.28228914139953,2.93687906231271,7.22575310461647,3.45084085945007,7.310450027324,2.83333892211857
7.22086185299173,2.88964962874042,7.26070019941326,2.89983729917865,7.28061937262403,2.90493113439777,7.2733833527496,2.93784671573871,7.21746449236552,3.45423914307321,7.30150801498346,2.83387728995907
7.21202792933108,2.89090182404214,7.25183250031962,2.90081669345034,7.27173478581389,2.90577412815444,7.26451969000407,2.93888690994858,7.20923733918657,3.45769753458243,7.29260473395071,2.83449219492149
7.20319657329545,2.89215869682301,7.2429763140383,2.90184921132255,7.26286618440973,2.90669446857232,7.25567353417665,2.94000254628161,7.2010487343687,3.46122540483052,7.28371545403217,2.83518488524222
7.19491316964823,2.89441378229169,7.23429983736084,2.9032679418652,7.25399317121715,2.90769502165195,7.24682449185312,2.94119666500991,7.19288024089106,3.46483195219421,7.27481972882445,2.83595789404518
7.18662976600102,2.89666886776036,7.22563134056761,2.90473888670856,7.24513212785091,2.90877389618266,7.23798905724553,2.94246833913732,7.18474764971159,3.46851203650016,7.2659341508471,2.83681145353332
7.1783463623538,2.89892395322904,7.21698172223097,2.90626098410271,7.23629940216955,2.90992949953955,7.22918357400173,2.94381590246562,7.17666616147891,3.4722593035077,7.25707514795966,2.83774447546285
7.1699743654657,2.90107680656769,7.20832203945838,2.90780092450704,7.22749587645472,2.91116298347671,7.22040874830149,2.94523927225783,7.16863642819967,3.47607334743759,7.24824344470099,2.83875668353722
7.16127240342687,2.90284889677073,7.19957021781746,2.90926659894983,7.21871912501275,2.91247545003938,7.21166201858044,2.94673882337039,7.16065619691933,3.47995533701313,7.23943650421232,2.83984834904518
7.15258230358951,2.9046359513297,7.19083045152068,2.91079164163787,7.20995452548626,2.91386948679196,7.20292874445234,2.94831726131045,7.15271237806328,3.48391226578549,7.2306396571711,2.84102181632665
7.14478586698076,2.90755037627371,7.18238938509688,2.91274855252225,7.20119114415494,2.91534764064652,7.19419808552195,2.94997779912006,7.14479571738903,3.48795061630825,7.22184204329356,2.84228030003235
7.13694229048858,2.91042715904355,7.17395059367814,2.91474618982625,7.19245474527292,2.9169057052176,7.18549593138301,2.95171697822974,7.13693007232347,3.49205961355039,7.21306971830438,2.84362139843201
7.12874489883499,2.91302141307212,7.1654279763684,2.91670038798029,7.18376951513511,2.91853987543437,7.17684633994094,2.95353034601634,7.12913704601113,3.49622764374934,7.20434685892653,2.845041067097
7.12057162002864,2.91566362473642,7.15694089526443,2.91872321684833,7.17512553288232,2.92025301290428,7.16823905379419,2.95541923308686,7.1214071778556,3.50045876741517,7.19566315031106,2.8465398912558
7.11248875510589,2.91848565905103,7.14850534495497,2.92086001532046,7.16651363987951,2.92204719345518,7.15966471059553,2.95738504682491,7.11373211269454,3.50475727409941,7.18700926527636,2.8481191501792
7.10440589018315,2.92130769336564,7.14009038879586,2.92305096962931,7.15793263810221,2.92392260776114,7.1511220813046,2.95942814621524,7.10611099171325,3.50912411338082,7.17838408507824,2.84977958291531
7.0963230252604,2.92412972768025,7.13169554890034,2.92529631330651,7.14938181072031,2.92587960611964,7.14261046945714,2.96154922029422,7.09854346212984,3.51356021386372,7.16978698746708,2.85152211100816
7.08818296030029,2.92691500075861,7.12330235975092,2.9275838750244,7.14086205947623,2.92791831215729,7.1341307818222,2.96374862502791,7.09103054167962,3.51806560062598,7.16121892695342,2.85334716514519
7.07983446554485,2.92956632048137,7.11485938610118,2.9298817893341,7.13237184637934,2.93003952376046,7.12568150981223,2.96602745358612,7.08357109509107,3.52264161567061,7.15267837868677,2.85525564422583
7.07150476649113,2.93223666238502,7.1064353641902,2.93224309405723,7.12390066303973,2.93224630989333,7.11725226530662,2.96838937849478,7.07615623719592,3.52729465065911,7.14415483550762,2.85725065397084
7.06423203308927,2.93597670586861,7.0983713176419,2.93501981457824,7.11544095991822,2.93454136893305,7.10883573386596,2.97083802534731,7.06878005618202,3.53203024212694,7.13564088642378,2.85933549063054
7.05685117237648,2.93965582436235,7.09029420169944,2.93783116522298,7.10701571636092,2.93691883565329,7.10045510933456,2.97336828412246,7.06146320045452,3.53683656080848,7.12715986485506,2.86150559435077
7.04903631917851,2.94309040715532,7.08210869170464,2.94061234902284,7.09864487796771,2.9393733199566,7.09213016433483,2.97597418499394,7.05422274553596,3.54170187078553,7.11873163593205,2.86375512448433
7.04125053900722,2.94658104657033,7.07396128437463,2.9434662366123,7.09031665705833,2.94190883163328,7.08384866244195,2.97865836259167,7.047047890902,3.54663234175285,7.11034386377092,2.8660860816163
7.03356781070702,2.95027038355661,7.06587039020066,2.94644256256481,7.08202167994748,2.94452865206891,7.07560096588833,2.98142343147759,7.03993052886933,3.55163366778505,7.10198697841658,2.86850115336652
7.02588508240682,2.95395972054289,7.05780177925091,2.94947503519279,7.07376012767296,2.94723269251774,7.06738727364687,2.9842695411902,7.03287117062729,3.55670619594605,7.09366135494032,2.8710009682527
7.01820235410662,2.95764905752916,7.04975573114621,2.95256372395211,7.065532419666,2.95002105716358,7.05920808887869,2.9871971840943,7.02587052627411,3.56185023473733,7.08536757908711,2.87358620296984
7.01046550786587,2.96130802362409,7.04171488889126,2.9556985422411,7.05733957940396,2.95289380154961,7.05106449268697,2.99020669118565,7.01892970651875,3.56706562666798,7.0771067393626,2.87625712395569
7.0025356358885,2.96485866402118,7.03363254454651,2.95885412907311,7.04918099887552,2.95585186159908,7.04295595344384,2.9932992866713,7.01204851041333,3.57235350863093,7.06887824191393,2.87901472893694
6.99460576391113,2.96840930441827,7.02556850135028,2.9620686651869,7.04104987006986,2.95889834557121,7.03487581754679,2.9964785513869,7.00522160562552,3.57771911123128,7.06067528637974,2.88186215597739
6.98778259615633,2.97295058646147,7.01788828794957,2.9656740060083,7.03294113384619,2.96203571578171,7.02681926541214,2.99974759752981,6.99844534374498,3.58316676851759,7.05249295645823,2.88480225326124
6.98087532846557,2.97746577573561,7.01020630442508,2.96932725852868,7.02487179240484,2.96525799992522,7.01880348081519,3.00310089198362,6.99173449188939,3.58868599434835,7.04434856750541,2.88782984553625
6.97347395167286,2.98181284956267,7.00239594913213,2.97297727141902,7.01685694786177,2.9685594823472,7.01084340252219,3.00653231629454,6.98510146267015,3.59426635657754,7.03625711951455,2.89093886284778
6.96608866645133,2.98619082349229,6.99462026804656,2.97669383279559,7.00888606884418,2.97194533744724,7.00292810851903,3.01004615293204,6.97853721568062,3.59991521385419,7.02820752226462,2.89413306246356
6.95876622516463,2.99068947451485,6.98688903405427,2.98050992780039,7.00095043849909,2.97542015444316,6.995048695328,3.01364662927471,6.97203480583934,3.60563948222536,7.02019089323035,2.89741669475968
6.9514531924127,2.99520306451376,6.97918518368577,2.98439031492013,6.9930511793223,2.97898394012332,6.98720641462204,3.01733410771466,6.96559576128314,3.6114392726629,7.01220863994055,2.90079049029789
6.94426989276294,2.99992264617792,6.97154968883654,2.9883988358495,6.98518958687334,2.98263693068529,6.97940276381967,3.02110929115842,6.95922173453322,3.61731470957181,7.00426228173741,2.90425522220478
6.93710076132735,3.00466404061256,6.96394534672555,2.99247429931349,6.97736763942465,2.98637942866395,6.97163985703534,3.024972765148,6.95291484291632,3.62326553061963,6.99635385946235,2.90781134511179
6.93002843626406,3.00955447395613,6.95640097377452,2.99665918543715,6.96958724252975,2.99021154117766,6.96391969065361,3.02892481438837,6.94667702388222,3.62929124849037,6.98848526339737,2.91145892761616
6.92297814664451,3.01447764534783,6.94889266759844,3.00091481905577,6.9618499280754,2.99413340590974,6.95624387524662,3.03296571970526,6.94050988723092,3.63539153401371,6.9806580022678,2.91519805066196
6.91601026120082,3.01952324458394,6.94144151576364,3.00527108348894,6.95415714304505,2.99814500294144,6.94861390462552,3.03709553817452,6.93441490906,3.64156592413452,6.9728735023063,2.91902863973118
6.9090688754185,3.02460528466212,6.93402980538151,3.00969944912313,6.94651027036301,3.00224653135363,6.94103115803067,3.04131444220397,6.9283935262954,3.64781413561731,6.96513311057051,2.92295082444229
6.9022261061759,3.02982293665255,6.9266825469845,3.01423312052812,6.9389107673888,3.0064382124659,6.93349706187063,3.0456225776537,6.92244725786441,3.65413588598793,6.95743825787213,2.92696478482477
6.89540761283275,3.03507222584487,6.91937595064425,3.01883744592823,6.93136011955,3.01072005596991,6.92601307019853,3.05001988765305,6.91657759125311,3.66053068703649,6.94979041278338,2.93107050425953
6.88869699487081,3.04046210200998,6.91213889849324,3.02354877147129,6.92385985030445,3.01509210620195,6.91858071565817,3.05450641949553,6.91078606914837,3.66699807705856,6.94219109851538,2.9352680374212
6.88200438523782,3.04587316635025,6.90494240826737,3.02832725970176,6.91641141978215,3.01955430637752,6.91120147955303,3.05908214043949,6.90507414792787,3.67353751920779,6.93464177825214,2.93955733937087
6.87546259578296,3.05146168215533,6.89783171548552,3.03322486252624,6.9090162753368,3.02410645271169,6.90387682350193,3.06374686029692,6.89944322331228,3.68014833501137,6.92714390058897,2.94393821007924
6.8689618709034,3.05709998753801,6.89077150188923,3.03819885859418,6.90167631738215,3.02874829412226,6.8966086474247,3.06850031072449,6.89389508408807,3.68682963919586,6.91969936138053,2.94841040310178
6.86260852609263,3.06291698687574,6.88379831237345,3.04329201622961,6.89439320551386,3.03347953090654,6.88939860396927,3.07334216918646,6.88843126928203,3.6935805685956,6.91230980163819,2.95297359571325
6.85625518128185,3.06873398621348,6.87686355693939,3.04844486425562,6.88716774476816,3.03830030327669,6.88224750059069,3.07827256974842,6.88305265814019,3.7004009550522,6.90497600838657,2.95762790616433
6.84990183647108,3.07455098555122,6.86996794900485,3.05365755040467,6.88000100527174,3.0432108328314,6.8751564355372,3.08329175812147,6.87776043238213,3.70729064314694,6.89769906316985,2.96237359092313
6.84351134567284,3.0803548884128,6.86310008596948,3.05892556777322,6.8728944561178,3.04821090745343,6.8681269113372,3.08839955379329,6.87255603239036,3.71424894810067,6.89048045566406,2.96721047967321
6.83698088563183,3.08610944263741,6.85622612298162,3.06423698037058,6.86584874165651,3.05330074923717,6.86115962195793,3.09359623161271,6.86744026261214,3.7212758593161,6.88332084480771,2.97213882158901
6.83045204671975,3.09186508350366,6.8493917656258,3.06961012882086,6.85886162507883,3.05848265147946,6.85425245105811,3.09888422736531,6.86241189183651,3.72837426732506,6.87621801211159,2.97716094032613
6.82510818431502,3.09841501333348,6.84299063421243,3.07531073432401,6.85193185916113,3.06375859481928,6.84740435141776,3.10426574807185,6.85747063533443,3.73554652066552,6.86917082863357,2.98227899062154
6.81958227392349,3.10487159060376,6.83657338182126,3.08103887252879,6.84506893577015,3.06912251349131,6.84062493687512,3.10973483203991,6.85262385900852,3.74278393043955,6.86218902125479,2.98748722513202
6.81336525037016,3.1109737713013,6.82997536248247,3.08670402982463,6.83828041853862,3.07456915908629,6.83392164571914,3.11528603029959,6.84787701911943,3.75007895789032,6.85528004906636,2.99278024107188
6.80715422746943,3.11707967162471,6.82342489430394,3.09242942831926,6.83156022772119,3.08010430666653,6.82728818353886,3.12092482475058,6.84322594126931,3.75743873357914,6.84843740873118,2.99816327893177
6.80212776250306,3.12391984413626,6.81731195529999,3.09846164574966,6.82490405169846,3.08573254655636,6.82072023384632,3.12665577583563,6.83866813119805,3.7648689509957,6.84165675065718,3.00364090976878
6.79702731374372,3.13075233256572,6.81122328421704,3.10454857796453,6.8183212694537,3.09144670066393,6.81422726018914,3.13247177723987,6.83421058096927,3.77235993392219,6.834947832142,3.00920642785821
6.79164353098076,3.13755539344547,6.80509465200445,3.11067857797281,6.8118202125163,3.09724017023648,6.80781743809881,3.13836602967438,6.82985906427676,3.77990263459676,6.82831899982971,3.01485325113921
6.7862597482178,3.14435845432522,6.79901866108298,3.11686341862261,6.80539811751557,3.1031159007713,6.80148768089138,3.1443411185617,6.82561159489786,3.78750043147425,6.82176708425576,3.02058386330792
6.78087596545483,3.15116151520497,6.79299425185332,3.12310477162604,6.79905339505256,3.10907639983658,6.79523621028388,3.15039934994414,6.82146739465932,3.79515606055504,6.81529034016616,3.02640063545728
6.77546329084926,3.15795388568171,6.78701282589807,3.12939869094882,6.79278759342247,3.11512109358238,6.78906462715198,3.15654020934607,6.81742795407402,3.80286848639299,6.80889046346896,3.03230319175169
6.76994836143794,3.16470842038946,6.78105042491022,3.13573616429999,6.78660145664636,3.12125003625525,6.78297381560978,3.1627638932437,6.81349421108955,3.81063752060789,6.8025683322346,3.03829175444701
6.76443343202661,3.1714629550972,6.77514009496277,3.14213174816075,6.78049342643085,3.12746614469252,6.7769624050695,3.16907348756771,6.80966581568265,3.81846640468073,6.7963224381846,3.04436932342922
6.75992642034159,3.17876043470383,6.76961729644525,3.14876788200982,6.77446273449708,3.13377160566281,6.77102989377553,3.17547140855776,6.80594306286109,3.82635748791927,6.79015213919655,3.05053823691914
6.75545116401613,3.18607502028056,6.76416135591418,3.15546526554992,6.76851645186321,3.1401603881846,6.76518349863434,3.18195172360609,6.80233105050301,3.83430281270795,6.78406475140717,3.05679271764692
6.75097590769066,3.19338960585728,6.75876642015951,3.16221394018171,6.76266167639394,3.14662610734392,6.75943014887562,3.18850785711574,6.79883447067166,3.84229392336452,6.77806732065509,3.06312633781367
6.74640814667387,3.2006806596405,6.75340278131326,3.16900538697209,6.75690009863296,3.15316775063789,6.75377104737278,3.19513835072196,6.79545433959208,3.85032907047993,6.7721611388505,3.06953772547724
6.74148648351619,3.20788168607501,6.74798366688404,3.17581771445212,6.75123225856797,3.15978572864067,6.748206230985,3.20184318945364,6.79219111159183,3.8584082651716,6.76634645034836,3.07602705837598
6.73658241861661,3.21508795398703,6.7426307821204,3.18268621686323,6.7456549638723,3.16648534830133,6.74273238559754,3.20862759336217,6.78904352665684,3.86653746124483,6.76061997071045,3.08259961881134
6.73299377512129,3.22268600793095,6.73777551041661,3.18974237643595,6.74016637806427,3.17327056068845,6.73734792387296,3.2154957265326,6.78601145718429,3.87472099569054,6.75498006111156,3.08925958135078
6.72932526897721,3.23027783589004,6.73296214673363,3.19684323803475,6.73478058561184,3.1801259391071,6.7320668481764,3.22243209540189,6.78310350989204,3.88293968269936,6.74944125915762,3.09599193952
6.72532840653206,3.23784406563291,6.7281159092913,3.20397245636576,6.72950966067092,3.18703665173218,6.72690032142175,3.22942120121113,6.78032589255977,3.89117530293556,6.74401540505701,3.10278168958891
6.72138179143773,3.24542745161566,6.72336066754254,3.21114745009967,6.72435010559494,3.19400744934168,6.7218437004521,3.23646702353815,6.77767602670984,3.89943310160542,6.73869809309199,3.10963291001751
6.71761186478228,3.25307116534088,6.71873683355452,3.21838515707668,6.71929931794064,3.20104215294458,6.71689374966356,3.24357304196626,6.77515225917496,3.90771730996466,6.73348629463198,3.11654917111161
6.71388966482068,3.2607314073875,6.71420176184885,3.22567062332575,6.71435781036294,3.20814023129487,6.71205090958618,3.25073880175795,6.77275490935425,3.91602717923225,6.72838065272378,3.12353011904956
6.71035919680977,3.26845804848768,6.70980378308206,3.23302001729693,6.7095260762182,3.21530100170156,6.70731585824466,3.25796386760235,6.7704843759931,3.9243618637445,6.7233819086686,3.13057531922653
6.70686963709504,3.27619925139806,6.70549304257009,3.24041542631474,6.70480474530762,3.22252351377308,6.70268945296796,3.26524754939154,6.76834110995982,3.93272021626763,6.71849088560255,3.13768401387167
6.7035635232853,3.28400575413021,6.70131743721929,3.2478731272878,6.70019439418629,3.22980681386659,6.69817247012623,3.27258912032164,6.76632549568818,3.94110109312045,6.71370827287047,3.14485537449355
6.70027706227062,3.2918183189197,6.69722263493255,3.25537282495375,6.69569542126352,3.23715007797078,6.69376549494826,3.27998796177449,6.76443781881886,3.94950353092747,6.70903456008881,3.15208867898723
6.69725699702902,3.29971305555517,6.69329118960959,3.2629392154067,6.69130828589987,3.24455229533247,6.68946913247713,3.28744323159424,6.76267837293498,3.95792636469944,6.70447028666073,3.15938300463409
6.69429583605063,3.30762708449219,6.68945458661798,3.27055006797175,6.68703396190165,3.25201155971153,6.68528435332478,3.29495309804875,6.76104759864882,3.96636739816378,6.70001647792697,3.16673651117733
6.69159308410563,3.31562574745607,6.68577984570948,3.27822599192641,6.6828732265114,3.25952611416158,6.68121180796654,3.3025158106491,6.75954578696782,3.97482463230062,6.69567394591579,3.17414749379115
6.68889033216062,3.32362441041996,6.68218094165253,3.28593827304753,6.67882624639848,3.26709520436131,6.6772515301689,3.31013062346699,6.75817296987084,3.98329720851475,6.6914428756635,3.1816152390336
6.68618758021562,3.33162307338384,6.67865805245574,3.29368629247571,6.6748932885758,3.27471790202164,6.67340372581741,3.31779665754782,6.75692923025373,3.99178406827679,6.68732358867112,3.18913887854718
6.68346150742578,3.33964412733391,6.67520385097687,3.30147635984593,6.67107502275242,3.28239247610194,6.66966902599873,3.3255122429745,6.75581477030232,4.00028325766336,6.68331683774383,3.1967167534616
6.68065079340451,3.34774644766417,6.67179785795559,3.30932789352238,6.66737139023113,3.29011861645149,6.66604736545121,3.33327714564177,6.75482956994959,4.00879439852805,6.67942261930448,3.20434860784309
6.67784188954825,3.35584917977564,6.66846726692441,3.31721724956675,6.66377995561249,3.29790128446231,6.66253651659339,3.34109649755125,6.75397320643758,4.01732287820042,6.67563852026875,3.21203944124881
6.67610253308722,3.36419521540461,6.66556702578274,3.32522783819546,6.6602992721305,3.30574414959088,6.65913546487859,3.34897422172514,6.75324597664308,4.02587254648361,6.67196329970401,3.21979304974596
6.67436317662619,3.37254125103358,6.66274079941324,3.33327878818716,6.65692961080677,3.31364755676395,6.65584497635272,3.35691091799255,6.75264881070756,4.03444353564622,6.66839756202669,3.22760995304565
6.67262382016516,3.38088728666255,6.65998882639905,3.34137034366623,6.65367132951599,3.32161187216807,6.65266582772117,3.36490715028061,6.75218268921461,4.04303594203674,6.6649419145418,3.23549063939179
6.67081511818296,3.38924300998747,6.65728879194537,3.34950472346638,6.65052562882657,3.32963558020584,6.64959945235059,3.3729615072127,6.75184867970089,4.05164778046692,6.66159773591116,3.24343367362243
6.66873740968131,3.39763631401441,6.65457502328135,3.3576899381034,6.64749383008137,3.33771675014789,6.64664722627405,3.38107208502545,6.75164771710998,4.06027661151758,6.65836643172169,3.2514371593942
6.66667758451914,3.40603519319026,6.65194436351018,3.36591299871968,6.6445777530057,3.34585190148439,6.64381085054815,3.38923536656663,6.75158057329132,4.06891835234258,6.65524986491135,3.25949763109848
6.66563589470563,3.41475147707541,6.64973125331012,3.37427578545624,6.64177893261236,3.35403793964665,6.64109161775007,3.39744818516794,6.75164775916277,4.07756936976523,6.652249552779,3.26761198526236
6.66459420489212,3.42346776096056,6.64759626362081,3.38267349470927,6.63909729298516,3.36227636158363,6.63848924302411,3.40571198773622,6.75184976717127,4.08623089271828,6.64936532672323,3.27578168704155
6.6635525150786,3.43218404484571,6.64553946114742,3.39110711402518,6.63653293418183,3.37056864861491,6.63600375500485,3.41402825550413,6.75218734854488,4.09490406970815,6.64659731865064,3.28400823501695
6.66245662204265,3.44088243329243,6.64354355515289,3.39956959556344,6.63408702170801,3.37891317669894,6.63363636432662,3.42239539947034,6.75266128781658,4.10358675468122,6.64394687604864,3.29229007000614
6.66115120475234,3.44951164636134,6.64155766016219,3.40804231437214,6.63176088786712,3.38730764837754,6.63138847064715,3.43081116012606,6.75327225581547,4.11227610284509,6.64141548888257,3.30062494447575
6.65986219919233,3.45814345985774,6.63965839106051,3.41654596101731,6.6295564869946,3.39574721159709,6.62926197433115,3.43927068871586,6.75402053281832,4.12096665473036,6.63900522383055,3.30900803656176
6.65960635348509,3.4669389768295,6.63818572875206,3.42513138416329,6.62747541638555,3.40422758783018,6.62725827945284,3.44776967940706,6.75490611933495,4.12965362039485,6.63671767598951,3.31743506218231
6.65935050777786,3.47573449380125,6.63679597514389,3.43374228807607,6.6255187088269,3.41274618521348,6.62537813933832,3.45630550268303,6.75592897108559,4.13833399942719,6.63455380371352,3.32590340692152
6.65909466207062,3.48453001077301,6.63548976783153,3.4423769343434,6.62368732071199,3.42130039612859,6.62362221807477,3.46487552294694,6.75708895475729,4.14700480934835,6.63251452198269,3.3344104532262
6.65886885497549,3.49333148374808,6.63427760412946,3.45103609155682,6.62198197870645,3.42988839546119,6.6219910034304,3.47347790998059,6.75838599630992,4.15566388592172,6.63060054378076,3.34295437570566
6.65875537667751,3.50215522907998,6.63318740067074,3.45972385295913,6.62040341266735,3.43850816489871,6.62048505543358,3.48211066252695,6.75981999115992,4.16430888185382,6.6288126352706,3.35153316810641
6.65861614295165,3.51097046838564,6.6321736604276,3.4684281581913,6.61895241916557,3.44715700309413,6.6191050591855,3.49077111255151,6.76139068327376,4.17293678487577,6.62715166722146,3.36014414769136
6.65838708010325,3.51975604059057,6.63121545673921,3.47714050366992,6.61762964505719,3.45583273520959,6.61785157819331,3.49945712685517,6.76309784181348,4.1815451336606,6.62561833527539,3.36878515181265
6.65817668353839,3.52854004361988,6.63034918134813,3.48587009948581,6.616435430253,3.46453512741878,6.61672492514088,3.50816852353197,6.7649416357626,4.1901333932651,6.62421299013149,3.37745595247855
6.65907881466922,3.53723052233723,6.62993976666971,3.49458583546499,6.61537024266996,3.47326349202887,6.61572559789456,3.51690467362274,6.76692225966976,4.19870054578459,6.62293615102557,3.3861558751938
6.6599672587483,3.54594278182986,6.62961260053144,3.5033214537046,6.61443527142301,3.48201078964197,6.61485471963434,3.52565858462415,6.76903836159127,4.20723936885469,6.62178917112099,3.39487790614211
6.66079513488488,3.55475142561087,6.6293525837953,3.51209754135368,6.61363130825051,3.49077059922509,6.614112841658,3.53442387057406,6.77128826502179,4.2157434005614,6.62077288595116,3.4036156281089
6.66162301102147,3.5635600693919,6.62917985258208,3.52088275821008,6.61295827336238,3.49954410261917,6.61349963838142,3.54320175867474,6.77367204594665,4.22421363823627,6.61988705582602,3.41237020649714
6.66245088715805,3.57236871317292,6.62909448230558,3.52967751248179,6.61241627987934,3.50833191213622,6.61301512417448,3.55199292463989,6.77618989533437,4.23265044968992,6.61913175589691,3.42114225728705
6.66336266829083,3.58116597861568,6.62912466560436,3.53847670769391,6.61200566426113,3.51713207223303,6.61265967712218,3.56079548564839,6.77884143437446,4.24105168552961,6.61850744095527,3.42992984249397
6.66458659882984,3.58992091354548,6.62934668877289,3.54726863565593,6.61172673374441,3.52594249671116,6.61243368696409,3.56960742698765,6.7816262254499,4.24941507720908,6.618014544056,3.43873088983874
6.66579447294802,3.59867710235714,6.62965134435221,3.55606612435632,6.6115797800543,3.53476063535591,6.61233749145371,3.57842626540146,6.78454362326687,4.25773793456233,6.61765344881944,3.4475428575404
6.66694283432877,3.6074379386517,6.63002429977153,3.56486903964789,6.61156503249291,3.54358459014599,6.61237132987771,3.58725016763284,6.78759312559394,4.26601820818011,6.6174244297864,3.45636385215045
6.66809578520193,3.61619745880973,6.63048707395856,3.57367575515521,6.61168271833687,3.55241490332795,6.6125354839328,3.59607973921336,6.79077511420464,4.27425612231723,6.61732772188392,3.46519441999351
6.67027674640132,3.62466217469928,6.63138102759189,3.58238841960404,6.61193316818718,3.56125154205642,6.61283040058319,3.60491500566743,6.79408993316287,4.28245129677658,6.61736371701501,3.47403453387827
6.67235965356248,3.63317129088378,6.63233083817351,3.59111428301569,6.61231643047903,3.57008577908165,6.61325611155177,3.61374729891287,6.79753454130427,4.29059533192842,6.61753268284954,3.48287546620179
6.6740570902199,3.64185495372,6.63324049973977,3.5998918395671,6.61283220449971,3.57891028249065,6.61381207769037,3.62256936130829,6.80110583933952,4.29868135156725,6.61783438211577,3.49170987964065
6.67575452687731,3.65053861655621,6.63423865900115,3.60866603515604,6.61348072506307,3.58772974445596,6.61449834348948,3.63138596652411,6.80480543802275,4.30671356532571,6.6182688322681,3.5005424750318
6.67841862538857,3.6588199029849,6.63564786198928,3.6173049529382,6.61426248028963,3.59654747791485,6.61531545743234,3.64020049370318,6.80863492205673,4.31469470663631,6.61883648665076,3.50937657561353
6.68099247965403,3.66716251817366,6.63711541492604,3.62595669212309,6.61517688256205,3.60535377909781,6.61626292172265,3.64900329913437,6.81259031566843,4.32261568722064,6.6195370816791,3.51820246019509
6.68322966541577,3.67573165213912,6.6385585902987,3.63467096216757,6.61622305274016,3.6141406171818,6.61733974862308,3.65778643293629,6.81666772752419,4.3304692028738,6.62036989058925,3.52701208134898
6.68548935396567,3.68429017422259,6.64009750465566,3.64337248297667,6.61740158000066,3.62291363735371,6.61854641701951,3.66655562678871,6.82086943762955,4.33826025168836,6.62133527604831,3.53581110631518
6.68862610434401,3.69243509082069,6.64201750596325,3.65192943155229,6.61871320677287,3.63167660191809,6.61988378593458,3.67531469963527,6.8251974439701,4.34599189277304,6.6224339349556,3.54460331089376
6.69175924216478,3.70057656215669,6.64402419210757,3.66047176027707,6.62015666707897,3.64041935933726,6.62135074063393,3.68405354560346,6.82964697258886,4.35365486086749,6.6236649442977,3.55337850325322
6.69487869956926,3.70870498660858,6.64611293511999,3.66898906722747,6.62173005289535,3.64913110753691,6.62294526488058,3.69276144960203,6.83421213123145,4.36123967636883,6.62502660115144,3.56212584514856
6.69799815697375,3.71683341106046,6.64828725910006,3.67748146466724,6.62343181016321,3.65780549147063,6.62466540446275,3.70143220702258,6.83888865918066,4.36874107628942,6.6265172641883,3.57083898684021
6.70111761437823,3.72496183551234,6.65054607124375,3.68594537707223,6.62526029967651,3.66643714785218,6.62650906334184,3.71006063606424,6.84367247414415,4.37615484592331,6.62813516052293,3.57951258339757
6.70426796602099,3.73309924171259,6.65289892772209,3.6943825999492,6.62721440857264,3.67502427906751,6.62847484692009,3.71864510221017,6.84856132152877,4.3834799080621,6.62987906716499,3.58814485735701
6.70752866042774,3.74126872738768,6.65537198928891,3.70280142941883,6.6292936537195,3.6835677804344,6.63056222438597,3.72718662030134,6.85355465129528,4.39071740305896,6.63174844191405,3.5967367206028
6.7107893548345,3.74943821306276,6.65792989483025,3.71119808446059,6.63150016482812,3.69207802015951,6.63277358048795,3.73569560235805,6.8586580746822,4.39787616979529,6.63374527525561,3.60529858535631
6.71467254678241,3.75693838241686,6.66078152563512,3.71935449775812,6.63383601506148,3.70056255542875,6.63511157134799,3.7441795480077,6.8638765801233,4.40496212322507,6.63587175279625,3.61383800151416
6.71856173747644,3.76443210185201,6.66371832586054,3.72748022816621,6.63629662005259,3.70900429132331,6.63757211394209,3.75262130208955,6.86920003891101,4.41196057079373,6.63812395608881,3.6223377110483
6.72245092817047,3.77192582128717,6.6667346091552,3.73556610620033,6.63887644964757,3.71738624865691,6.64014960280622,3.76100397950411,6.87461688575181,4.41885770786534,6.64049667577929,3.63078063298041
6.7263568847061,3.77947902435102,6.66983494075425,3.74363080282477,6.64157396877833,3.72570669206165,6.6428420241448,3.76932607390683,6.88012438064956,4.42565284494002,6.64298806126092,3.63916510590924
6.730324783468,3.78725199260619,6.67303408956825,3.75172881922316,6.64438874261838,3.73396723253164,6.64564858224603,3.77758940932611,6.88572211025628,4.43234798525798,6.64559736429242,3.6474928317883
6.73429501736168,3.7950210798573,6.67631474531309,3.75979442943134,6.6473246092888,3.74218110421836,6.64857317640419,3.78580730140391,6.89141828670154,4.43895408661178,6.6483281340389,3.65577714816227
6.73875745891493,3.80197211481162,6.67984250010338,3.76756274342175,6.6503850206976,3.75035805772682,6.65161977582653,3.7939894110726,6.8972200485828,4.44547852112703,6.65118391018088,3.6640277983971
6.74323882718379,3.80899153315399,6.68345502553678,3.77531693707611,6.65356312471328,3.75847963903717,6.65478203999919,3.80211717296733,6.90311468133353,4.45190609709696,6.65415858632942,3.67222607443091
6.74779141570107,3.81626827463588,6.68716512904608,3.78310937609702,6.65685198571859,3.76652992682759,6.65805299933265,3.81017475109352,6.9090897048013,4.45822454902606,6.65724557091762,3.68035591245962
6.75236150734037,3.82355748167601,6.69095654942932,3.79086408962195,6.6602540704738,3.77451739359492,6.66143485295724,3.81817080462653,6.91515003270804,4.46444115836746,6.66044690885089,3.68842593361683
6.75700255032379,3.83089721959353,6.69484889842509,3.79859873569116,6.66377207247574,3.78244949373998,6.66493030406626,3.82611286810786,6.92130072282661,4.47056190683986,6.66376504178792,3.69644369793173
6.76164448526347,3.83823545383781,6.69882013276714,3.80629905795346,6.66740795651897,3.79033086001128,6.66854161177038,3.83400552569223,6.9275454575031,4.47659008035248,6.66720195476558,3.7044138432417
6.76671851687032,3.84484525303495,6.70301508663323,3.81372490476208,6.67116337151468,3.79816473062565,6.67227086359713,3.84185188481003,6.93388731625916,4.48252754598278,6.67075946902777,3.71233954591509
6.77181198317112,3.85150246730836,6.70729157236477,3.82112507865958,6.67503136696159,3.80593638433519,6.67611141802512,3.84963713572724,6.94031465108112,4.48836272869155,6.67443114387613,3.720205853433
