gt_x,gt_y,transformer_pred_x,transformer_pred_y,mobilevit_pred_x,mobilevit_pred_y,lstm_pred_x,lstm_pred_y,baseline_pred_x,baseline_pred_y,gru_pred_x,gru_pred_y
11.5316959761622,20.0419251499854,11.5316959761622,20.0419251499854,11.5316959761622,20.0419251499854,11.5316959761622,20.0419251499854,11.5316959761622,20.0419251499854,11.5316959761622,20.0419251499854
11.5267618788095,20.0295778174317,11.5271171323699,20.0304668839281,11.5272947591501,20.0309114171763,11.5272947591501,20.0309114171763,11.5272947591501,20.0309114171763,11.5272947591501,20.0309114171763
11.5221353824007,20.0180003614634,11.5226094418224,20.0191867161705,11.5228464715332,20.019779893524,11.5228464715332,20.019779893524,11.5228464715332,20.019779893524,11.5228464715332,20.019779893524
11.5176585381721,20.0067974612685,11.5181281025797,20.0079725112898,11.5183628847835,20.0085600363004,11.5183628847835,20.0085600363004,11.5183628847835,20.0085600363004,11.5183628847835,20.0085600363004
11.5129187689993,19.9949365461484,11.5135472545564,19.9965092714446,11.513861497335,19.9972956340927,11.513861497335,19.9972956340927,11.513861497335,19.9972956340927,11.513861497335,19.9972956340927
11.5079157602359,19.9824168286463,11.5088647497186,19.9847916213074,11.5093392444599,19.985979017638,11.5093392444599,19.985979017638,11.5093392444599,19.985979017638,11.5093392444599,19.985979017638
11.5029127514725,19.9698971111442,11.5041566053118,19.9730098099709,11.5047785322314,19.9745661593843,11.5047785322314,19.9745661593843,11.5047785322314,19.9745661593843,11.5047785322314,19.9745661593843
11.4979097427092,19.957377393642,11.4994169532004,19.9611491528427,11.500170558446,19.963035032443,11.500170558446,19.963035032443,11.500170558446,19.963035032443,11.500170558446,19.963035032443
11.4929249434702,19.9449032787572,11.4946518632492,19.9492248508535,11.4955153231387,19.9513856369017,11.4955153231387,19.9513856369017,11.4955153231387,19.9513856369017,11.4955153231387,19.9513856369017
11.48794736407,19.9324472447146,11.4898613310526,19.9372368860229,11.4908183145439,19.9396317066771,11.4908183145439,19.9396317066771,11.4908183145439,19.9396317066771,11.4908183145439,19.9396317066771
11.4831324419266,19.9203983041679,11.4851022785699,19.9253277153625,11.4860871968916,19.9277924209598,11.4860871968916,19.9277924209598,11.4860871968916,19.9277924209598,11.4860871968916,19.9277924209598
11.4783855304092,19.9085195784893,11.4803493011041,19.9134333244825,11.4813311864516,19.9158901974791,11.4813313644983,19.915890126335,11.4813329651522,19.9158894868821,11.4813312580894,19.9158901688536
11.4733736590904,19.8959777204055,11.4754940400961,19.9012935860176,11.476554230599,19.9039515188237,11.4765594585735,19.9039494283194,11.4765645795208,19.9039473826402,11.476560755062,19.9039489102884
11.4680945965543,19.8827671452048,11.4705323310898,19.8888998335567,11.4717511983576,19.8919661777326,11.471765411761,19.8919604902955,11.4717777200286,19.8919555731027,11.4717705156844,19.8919584504771
11.4631224882381,19.8703248284597,11.4656457666824,19.876707479443,11.4669074059046,19.8798988049347,11.4669335928974,19.8798883182439,11.4669583231164,19.8798784366468,11.4669458084781,19.8798834344545
11.4582743166561,19.8581927059972,11.4607749307493,19.864568879565,11.4620252377959,19.8677569663489,11.4620663777202,19.8677404778555,11.4621095282402,19.8677232320853,11.4620894959858,19.8677312314172
11.453290620699,19.8457213810676,11.4558425024207,19.8522912554235,11.4571184432815,19.8555761926014,11.4571777879322,19.8555523864799,11.4572457056354,19.8555252358906,11.4572152327949,19.8555374034767
11.4481706888986,19.8329090729447,11.4508498609071,19.8398780143684,11.4521894469113,19.8433624850802,11.4522702602554,19.8433300369214,11.4523694241558,19.8432903866655,11.4523250728977,19.8433080947142
11.4430507570982,19.8200967648218,11.4458397951923,19.8274374096503,11.4472343142393,19.8311077320646,11.4473408802988,19.8310649024128,11.4474774243598,19.8310102950834,11.4474159058962,19.831034855915
11.4379308252978,19.8072844566989,11.4408109562275,19.8149667466684,11.4422510216923,19.8188078916531,11.4423887487016,19.8187524830159,11.4425680756115,19.8186807543933,11.4424864392765,19.8187133447412
11.4328617550883,19.7945994599289,11.4357852182726,19.802506471393,11.4372469498647,19.806459977125,11.4374146192347,19.8063924763778,11.4376414140089,19.8063017506571,11.4375368986461,19.8063434710315
11.4278130410525,19.7819654165789,11.4307536586142,19.7900356189482,11.432223967395,19.7940707201329,11.4324210980322,19.7939913156375,11.4327000531859,19.7938797139914,11.4325697918711,19.7939317067736
11.4228171082363,19.7694635088472,11.4257292324745,19.7775873709309,11.4271852945936,19.7816493019728,11.4274117268336,19.7815580516694,11.4277476657123,19.78142364274,11.427588564963,19.7814871404414
11.4178425650667,19.7570151492183,11.4207026083779,19.7651366532016,11.4221326300335,19.7691974051933,11.4223872227966,19.7690947651145,11.4227851345879,19.768935550916,11.4225939231624,19.7690118566431
11.4128401405091,19.7444969580897,11.4156575159535,19.7526416902898,11.4170662036757,19.7567140563899,11.4173472167694,19.7566007260306,11.4178122071479,19.7564146617279,11.4175855517166,19.7565051029137
11.4078085916106,19.7319058223714,11.410594222428,19.7401040369191,11.4119870378367,19.744203144193,11.4122931858292,19.7440796389822,11.4128304096526,19.7438646600014,11.4125649261695,19.743970583827
11.4027770427122,19.7193146866532,11.4055242406051,19.7275534875129,11.4068978395516,19.7316728879427,11.407228345307,19.7315395173174,11.4078430146264,19.7312935362754,11.4075351944926,19.7314163391209
11.3977454938138,19.706723550935,11.4004486849361,19.7149927635997,11.4018002804973,19.719127369932,11.4021543298066,19.7189844586887,11.4028517415079,19.7187053543921,11.4024979350932,19.7188464883576
11.3927132418997,19.6941306889298,11.395367438111,19.7024212424026,11.3966945362166,19.706566519139,11.3970711609104,19.7064144550578,11.3978566595708,19.7061000874871,11.3974531489763,19.7062610312606
11.3876806998902,19.6815371145819,11.3902807630738,19.6898392814363,11.3915807946656,19.6939903648635,11.3919789372822,19.6938295725581,11.3928578523054,19.6934778081789,11.3924009031964,19.6936600463153
11.382643029631,19.6689307612759,11.3851870913159,19.6772429399822,11.3864591221584,19.6813990293354,11.3868777598129,19.6812299198614,11.387855406228,19.6808386312716,11.3873412607714,19.6810436570465
11.3776033286671,19.6563193477073,11.3800857897678,19.6646310533752,11.3813270203182,19.6687869062091,11.3817653592562,19.6686097978493,11.3828470566539,19.6681768559776,11.3822719564688,19.6684061623209
11.3725965295266,19.6437901824242,11.3749862330533,19.6520274437673,11.3761810848166,19.6561460744388,11.3766385298898,19.6559612050154,11.3778295794969,19.6554844880736,11.3771898323647,19.6557395410421
11.3676222739094,19.6313423697446,11.3698907547348,19.6394376837497,11.3710249951475,19.6434853407523,11.3715007791278,19.643293018276,11.3728064934072,19.6427703996559,11.3720983878335,19.6430526726049
11.362587356594,19.618742877535,11.3647743920687,19.6267987757283,11.365867909806,19.6308267248249,11.3663607700053,19.6306274589659,11.3677867301209,19.6300567037745,11.3670062405631,19.6303677948919
11.3575281838348,19.6060827366063,11.3596479174819,19.6141379583286,11.3607077843055,19.6181655691897,11.3612163226149,19.617959924942,11.3627685478587,19.6173386220015,11.3619113853246,19.617680233767
11.3524577975751,19.5933944777424,11.3545094971375,19.6014515197281,11.3555353469187,19.6054800407209,11.3560587294416,19.605268353971,11.3577431752704,19.6045941184255,11.3568052251917,19.6049678826961
11.3473733737793,19.5806710196535,11.3493556871386,19.5887308857731,11.3503468438183,19.5927608188329,11.3508845719367,19.5925432895714,11.3527067906086,19.5918138993585,11.351684292134,19.5922213061173
11.3422889499835,19.5679475615647,11.3441892872982,19.5759832487888,11.3451394559556,19.5800010924009,11.3456911638067,19.579777866783,11.3476565649623,19.5789911567543,11.3465459217227,19.5794336301561
11.3371034809585,19.554971258672,11.3389754815914,19.5631218395599,11.3399114819078,19.5671971300038,11.3404767891819,19.5669683600406,11.3425909123765,19.5661221113511,11.3413885340763,19.5666010731866
11.3319206988475,19.5420017087736,11.3337502959242,19.5502368300982,11.3346650944625,19.5543543907605,11.3352433855922,19.5541203244178,11.3375119805826,19.5532122320205,11.3362141641193,19.553729149164
11.3267473211213,19.5290557088489,11.3285183157329,19.5373389665709,11.3294038130387,19.5414805954319,11.3299938583558,19.5412417316306,11.3324229404586,19.5402693822957,11.3310257697277,19.5408258064955
11.3215722317591,19.5161054278131,11.3232768583169,19.5244212082634,11.3241291715958,19.5285790984885,11.3247293784945,19.5283360849005,11.3273252225419,19.5272969600942,11.3258246156919,19.5278945087095
11.3163951133475,19.5031500717572,11.3180260563812,19.5114846638181,11.3188415278981,19.5156519598485,11.319450673241,19.5154052937361,11.3222196494501,19.5142968365296,11.3206114907317,19.5149371394765
11.3112179949358,19.4901947157013,11.3127668828424,19.4985324144508,11.3135413267957,19.5027012638256,11.3141586890405,19.5024512379069,11.3171070560471,19.501270937409,11.3153872609578,19.5019556109659
11.3060378334397,19.4772317057407,11.307498594592,19.4855626176444,11.3082289751682,19.4897280735962,11.3088540887636,19.4894748763042,11.3119879185222,19.4882202985149,11.310152424231,19.4889509491484
11.3008105519664,19.4641507958415,11.3022077942693,19.4725412549112,11.3029064154207,19.476736484446,11.3035387177027,19.4764803443235,11.3068639629581,19.4751491046027,11.3049086849132,19.4759273463873
11.2955498649968,19.4509863065168,11.2968979093393,19.4594766366423,11.2975719315105,19.463721801705,11.2982107477325,19.4634629935395,11.3017333974988,19.4620526935102,11.2996541922356,19.4628801630844
11.2902747137175,19.4377856231046,11.2915710666314,19.4463740664335,11.2922192430884,19.4506682880979,11.2928638682332,19.4504070994508,11.2965899673874,19.4489153186763,11.2943827513236,19.4497936279606
11.2849914303949,19.4245645908551,11.2862281945986,19.4332358945236,11.2868465767005,19.4375715463578,11.2874963434063,19.437308249671,11.2914318599073,19.435732598337,11.2890927163189,19.4366632921702
11.2796979733977,19.4113180985547,11.2808695728851,19.4200630420947,11.2814553726288,19.4244355138647,11.2821096381945,19.4241703716855,11.2862605838415,19.4225084410915,11.2837855810446,19.4234930702213
11.2743956502444,19.398049418324,11.2754963685819,19.4068585767225,11.2760467277506,19.4112631559218,11.2767047047673,19.4109964904106,11.2810773204547,19.4092457779404,11.2784623541484,19.4102859619607
11.2690872800044,19.384765602745,11.2701102473779,19.3936267792472,11.2706217310646,19.3980573674983,11.2712825036267,19.3977895539104,11.275883250754,19.3959474668871,11.273124078175,19.3970448801861
11.2637714833104,19.3714631993779,11.2647113817487,19.3803681162991,11.2651813309678,19.3848205747597,11.2658439141232,19.3845520171521,11.2706793897574,19.3826159078655,11.2677716906568,19.3837722548591
11.2584526007781,19.3581530770619,11.2593018545158,19.3670878201657,11.2597264813847,19.3715551917176,11.2603899116895,19.3712862857858,11.2654667513117,19.3692534914798,11.262406174771,19.3704704876642
11.2531316666253,19.3448378228002,11.2538825820982,19.3537884978837,11.2542580398347,19.3582638354254,11.2549215891726,19.3579948805206,11.2602464074347,19.3558627478531,11.2570285796441,19.3571421165813
11.2478083543434,19.331516616425,11.2484538792092,19.3404712813039,11.2487766416421,19.3449486137433,11.249439857351,19.3446797961865,11.2550192267052,19.3424456901946,11.2516397411565,19.3437891665572
11.2424834458027,19.3181914148443,11.2430166699665,19.3271380750239,11.2432832820484,19.3316114051137,11.2439455999699,19.331342957375,11.2497860472783,19.3290042629363,11.2462404608166,19.3304135953371
11.2371573527969,19.3048632497941,11.2375718513153,19.3137904051924,11.2377791005745,19.3182539828915,11.238439642321,19.3179862671977,11.244547691178,19.3155403716902,11.2408315075611,19.3170173284392
11.231830628616,19.2915335055773,11.232120129644,19.3004298773525,11.232264880158,19.3048780632401,11.2329227000698,19.3046114699463,11.2393049085795,19.3020557477078,11.2354135661987,19.3036021219661
11.226501798438,19.2781984951998,11.226661384888,19.2870562723871,11.226741178113,19.2914851609807,11.2273953708385,19.2912200642403,11.2340583466829,19.2885518703581,11.2299872206224,19.2901694793036
11.2211719692409,19.2648609867205,11.2211962288442,19.273671183275,11.2212083586459,19.2780762815523,11.2218580507925,19.2778130427408,11.2288084501178,19.2750297135465,11.2245528586056,19.2767203957567
11.2158462027932,19.2515336385174,11.2157265142934,19.2602793009835,11.2156666700435,19.2646521322166,11.2163110198591,19.2643911000432,11.2235555389485,19.2614899564512,11.2191107527206,19.2632555681867
11.2105265650542,19.2382216172191,11.210253328897,19.2468833654248,11.2101167108184,19.2512142395276,11.210754888936,19.2509557579751,11.2183002560133,19.2479341086875,11.2136615025998,19.24977652221
11.2052024016689,19.2248982793201,11.2047740032463,19.2334766615109,11.204559804035,19.2377658526063,11.2051909600865,19.2375102747356,11.2130439349805,19.2343654163044,11.2082063918937,19.2362865225447
11.1998763040768,19.2115701048427,11.1992897841994,19.2200623258284,11.1989965242607,19.2243084363213,11.1996197936367,19.2240561214995,11.2077872109297,19.2207853210483,11.2027459823027,19.2227870387764
11.1945518695901,19.1982460915651,11.1938016489485,19.2066428972036,11.1934265386277,19.2108413000228,11.1940410918584,19.2105925934884,11.2025298529789,19.2071930921135,11.1972799963726,19.2092773571425
11.1892282566863,19.1849241339429,11.1883094211106,19.1932179554977,11.1878500033227,19.1973648662751,11.1884550491606,19.1971200978198,11.1972720570717,19.1935891369989,11.1918086235342,19.1957578863013
11.1839076856503,19.1716097874961,11.1828140943171,19.179789979913,11.1822672986505,19.1838800761215,11.1828620564139,19.183639571529,11.1920142214039,19.179974390544,11.1863322442107,19.182229566877
11.1785887860919,19.1582996233185,11.1773155081774,19.1663585740289,11.1766788692201,19.1703880493841,11.1772625485937,19.1701521388172,11.1867568160732,19.1663499632836,11.1808512934308,19.1686935221248
11.1732698865334,19.1449894591408,11.1718134366377,19.1529231783716,11.1710852116898,19.156890037987,11.1716570029772,19.1566590600512,11.1815003654808,19.1527170969888,11.1753662584882,19.1551510072948
11.167950986975,19.1316792949632,11.1663080107541,19.1394840834749,11.1654865226436,19.1433864777308,11.1660455737188,19.1431607890395,11.1762450788878,19.1390762237963,11.1698773101666,19.1416024684455
11.1626344861771,19.1183751335401,11.1608000401458,19.1260432864142,11.1598828171301,19.1298773628513,11.1604282448983,19.129657333288,11.1709909836657,19.1254273343284,11.1643844533725,19.1280479037329
11.1573190674327,19.1050736798912,11.1552892245584,19.1126000759021,11.1542743031212,19.1163632739075,11.1548052437389,19.1161492657975,11.1657383256662,19.1117709946538,11.158887922636,19.1144878823748
11.1519259894931,19.0915779398609,11.1497495155458,19.0990893497794,11.1486612785722,19.1028450547386,11.1491768990632,19.1026374180224,11.1604874515091,19.0981080295776,11.1533880497148,19.1009232337639
11.1465022793948,19.0780055648455,11.1441940942181,19.0855444187452,11.1430400016298,19.0893138456951,11.1435395540768,19.0891128953266,11.1552348617397,19.0844294816519,11.1478812714532,19.0873450245366
11.1412939840968,19.0649721790882,11.1387014164689,19.0721620088403,11.137405132655,19.0757569237163,11.137887996502,19.0755629219362,11.1499754544593,19.0707225302417,11.1423625317561,19.0737404152421
11.1363729918499,19.052657654143,11.1333002857877,19.0590135108767,11.1317639327566,19.0621914392436,11.1322292919626,19.0620047300137,11.1447158989941,19.0570045645914,11.1368387504857,19.0601266962149
11.1311014187137,19.0394659447139,11.12779172241,19.0455991910175,11.1261368742581,19.0486658141693,11.1265830938528,19.0484870834767,11.1394755390285,19.0433244714475,11.1313291671865,19.0465527943123
11.1256951044654,19.0259371010701,11.1222454925531,19.0320943885453,11.1205206865969,19.0351730322829,11.1209459213861,19.0350030553892,11.1342520795234,19.0296748488271,11.1258307558403,19.0330115905419
11.1204621562662,19.0128420419639,11.1167505055478,19.0187240527041,11.1148946801886,19.0216650580742,11.115298562148,19.0215039943492,11.1290266389242,19.0160069270439,11.1203244473034,19.0194543828049
11.1155959046607,19.0006645057139,11.1113717698667,19.0056496899844,11.1092597024697,19.0081422821197,11.109642199663,19.0079901493431,11.1237991124953,19.0023214818248,11.1148110094498,19.0058815995072
11.110520540784,18.9879637305563,11.1059297286482,18.9924200985144,11.1036343225803,18.9946482824934,11.1039948191503,18.994505342405,11.1185865631622,18.9886627024407,11.109307953689,18.9923372537458
11.1052745448849,18.9748360014351,11.1004419810707,18.979079061953,11.0980256991636,18.981200592212,11.0983627734559,18.9810674448078,11.1133962627968,18.9750480848312,11.1038218755954,18.9788391065512
11.1000285489858,18.9617082723139,11.0949588127833,18.9657543005548,11.092423944682,18.9677773146752,11.0927367666645,18.9676543139025,11.108219845182,18.9614551184965,11.0983438786746,18.9653648502513
11.0947825530867,18.9485805431927,11.0894780075869,18.9524389441086,11.086825734837,18.9543681445665,11.0871132719966,18.9542557279997,11.1030533552139,18.9478737644446,11.0928703147461,18.9519043192664
11.0895646469055,18.9355231085243,11.0840094105006,18.9391562231145,11.0812317922981,18.9409727804096,11.0814925014721,18.9408715988635,11.0978966342393,18.9343040849047,11.0874013466623,18.9384574474323
11.0843582105906,18.9224943771691,11.0785472469673,18.9258927358846,11.0756417651556,18.9275919152424,11.0758743870105,18.9275025021859,11.092749744745,18.9207465967667,11.0819370815267,18.9250247350254
11.0791643691802,18.9094971632341,11.0730918872281,18.9126499352102,11.0700556462521,18.9142263211983,11.0702589610887,18.9141491947202,11.0876128633304,18.9072019934913,11.0764776579513,18.911606891578
11.0739756156521,18.8965126811884,11.0676406177899,18.8994212983295,11.0644731188588,18.9008756069001,11.0646459677871,18.9008112604512,11.0824857681422,18.893669843651,11.0710228135982,18.8982035018033
11.0687951154293,18.8835488526975,11.0621947682719,18.8862086519296,11.0588945946932,18.8875385515456,11.0590348161465,18.8874878992138,11.0773680719583,18.8801492607063,11.0655721327999,18.8848136901456
11.0636178125983,18.8705930255475,11.0567522126744,18.8730071701223,11.0533194127125,18.8742142424097,11.0534248180892,18.874178211394,11.0722593362763,18.8666392389522,11.0601251680044,18.8714364541612
11.0584489282741,18.8576582642936,11.0513142668097,18.8598205645671,11.0477469360775,18.8609017147038,11.0478154965208,18.8608811665602,11.0671591030011,18.8531387385797,11.0546814933775,18.8580707407
11.0532836442888,18.8447325122819,11.045879075705,18.8466444722188,11.0421767914131,18.8476004521873,11.0422068323899,18.8475961004037,11.0620671006908,18.8396472001727,11.0492408980396,18.8447159655808
11.0481226773895,18.8318175636966,11.0404467104482,18.8334792485503,11.0366087269776,18.8343100909771,11.0365988304429,18.8343225418448,11.056983136496,18.8261642349677,11.0438032257193,18.8313717247859
11.0429634129988,18.8189068756071,11.0350161365317,18.8203222714684,11.0310424982982,18.821029969399,11.030991240092,18.8210598324196,11.051906923877,18.8126891989274,11.0383682030929,18.8180373684126
11.0378073451293,18.8060041867303,11.0295876493399,18.8071742925044,11.0254778014452,18.8077593453915,11.0253837420061,18.8078072372839,11.0468381412806,18.7992213573927,11.0329355209302,18.8047121563267
11.0326525133305,18.7931045910891,11.0241604127225,18.7940332383391,11.0199143624185,18.7944975619641,11.019776065447,18.7945640987931,11.041776500562,18.785760059286,11.0275049071131,18.7913954304886
11.0273799123814,18.7799103338721,11.0186945806091,18.7807994456369,11.014351914723,18.7812440015193,11.0141679691907,18.7813297893963,11.0367217267752,18.7723046904396,11.0220761052438,18.7780865688132
11.0220596019131,18.766596706157,11.0132099626821,18.7675230450817,11.0087851430666,18.7679862145441,11.0085542740052,18.7680918028228,11.0316689254338,18.7588426303907,11.0166440593273,18.7647730140919
11.0169820466522,18.7538904801484,11.0077984969065,18.7544347826301,11.0032067220337,18.754706933871,11.0029277987501,18.7548328114351,11.0266112363018,18.7453564205058,11.0112018120176,18.7514373468557
11.0121408095771,18.741775549671,11.0024620305402,18.7415385352613,10.9976226410217,18.7414200280564,10.9972943087251,18.7415667789834,11.0215538365521,18.7318602531001,11.0057549985666,18.7380935823905
11.0070751255555,18.7290990144605,10.9970575778307,18.7284748222418,10.9920488039683,18.7281627261325,10.9916690884665,18.7283311977403,11.0165112425187,18.718391921384,11.0003184485186,18.7247793930658
11.001911425675,18.7161772267702,10.9916282108675,18.7153516321111,10.9864866034637,18.7149388347816,10.9860532786178,18.7151299835288,11.0114852776575,18.7049550670599,10.9948934908719,18.7114986095254
10.9967504575983,18.7032622754726,10.9862013201052,18.7022390563235,10.9809267513586,18.701727446749,10.9804384808581,18.7019418534379,11.0064680019494,18.6915282404189,10.9894718468459,18.6982299055483
10.9915905766256,18.6903500446742,10.9807746301225,18.6891311915343,10.975366656871,18.6885217649644,10.9748227225899,18.6887597465812,11.0014567447633,18.6781046796572,10.9840511815217,18.6849663815237
10.9863285474166,18.6771822421002,10.9753137371292,18.6759416159953,10.9698063319855,18.6753213029428,10.9692061999245,18.675583097403,10.9964512145164,18.6646840210533,10.9786314491583,18.6717075764673
10.9810260387192,18.6639131610795,10.9698359123161,18.6627143828776,10.9642408491146,18.6621149937766,10.9635841262491,18.6624007801193,10.9914469921216,18.6512549868511,10.9732080291316,18.6584422940883
10.9758602507586,18.6509861615427,10.964395771235,18.6495870476572,10.9586635314732,18.6488874907145,10.9579497461612,18.6491974824116,10.9864379554742,18.6378019997777,10.967774578966,18.6451550472466
10.9708313346674,18.6384016216305,10.9589959082675,18.6365646090162,10.9530781950676,18.635646102709,10.952305847553,18.6359809492968,10.9814268052308,18.6243328233993,10.9623340754621,18.631853496183
10.9658024185761,18.6258170817183,10.9535977520516,18.6235487135174,10.9474954187894,18.6224145294169,10.9466619267711,18.6227753413606,10.9764227176209,18.6108717302063,10.9568959278503,18.6185618268631
10.9607735024848,18.6132325418061,10.9482044163197,18.6105474403383,10.9419198732371,18.6092048896044,10.9410224892123,18.6095928516033,10.9714305054478,18.5974307812145,10.9514647594131,18.6052921734544
10.9556476319907,18.6004054086583,10.942783319653,18.5974800364015,10.9363511634841,18.5960173502731,10.9353876842351,18.5964334179226,10.9664504064859,18.5840098894313,10.9460407058748,18.592044480631
10.9504831258797,18.5874816038894,10.9373519012743,18.5843907515389,10.9307862889716,18.5828453253637,10.9297554744526,18.5832900438687,10.9614799939812,18.5706022398205,10.9406213688783,18.5788119126614
10.9453875378366,18.5747302614883,10.9319434037558,18.5713630768768,10.9252213367154,18.569679484571,10.924122660061,18.570153093712,10.9565156808448,18.5571983727488,10.9352032030671,18.5655849879759
10.9403198168144,18.5620486542462,10.9265467124676,18.5583687772534,10.9196601602942,18.556528838757,10.9184933575093,18.5570314657148,10.9515608464192,18.5438074883744,10.9297899781233,18.5523727525776
10.9351133767238,18.5490199582134,10.9211109414533,18.5452798404929,10.9141097238181,18.5434097816326,10.9128743240206,18.5439416426618,10.9466218480466,18.530446227207,10.924388272394,18.5391917594389
10.929850435053,18.5358498896548,10.9156588039308,18.5321535383017,10.9085629883697,18.5303053626251,10.9072581886548,18.5308668158862,10.9416923467315,18.5170973662652,10.9189911071528,18.5260250332316
10.92489081712,18.523438795951,10.9103017803933,18.5192696446698,10.90300726203,18.5171850690292,10.9016321578287,18.517776515036,10.9367605643083,18.50373002841,10.9135861848757,18.5128418995228
10.9202591355019,18.5118482625462,10.9050540979312,18.5066623453407,10.8974515791458,18.5040693867379,10.8960048160935,18.5046914181976,10.931834049247,18.4903652918385,10.9081819879834,18.4996630759704
10.9153584742173,18.4995846864183,10.8997342140233,18.4938745330942,10.8919220839263,18.4910194564321,10.8904014256174,18.4916730460435,10.9269363909499,18.477065331629,10.9028031378767,18.4865503352234
10.9103480607646,18.48704648768,10.8943963031654,18.4810426687941,10.8864204243658,18.4780407593512,10.8848237561781,18.4787268327183,10.9220703695018,18.4638351891088,10.8974516060422,18.4735090184624
10.9053493398193,18.4745375483323,10.889069828125,18.4682432993878,10.8809300722778,18.4650961749155,10.8792567526786,18.4658150278754,10.9172220759466,18.4506366936693,10.8921125747271,18.4605012908792
10.9003554448565,18.4620406855482,10.883749525853,18.4554626090715,10.8754465663512,18.4521735708331,10.87369649343,18.4529252625322,10.9123867313485,18.4374578478878,10.8867817292487,18.4475149665338
10.8952273661136,18.4492080825175,10.8783890138487,18.442583514112,10.8699698377163,18.4392712299092,10.8681426592368,18.4400559236364,10.9075634256604,18.4242972749482,10.8814586013667,18.4345484994973
10.8900445907387,18.4362386234476,10.8730101116635,18.4296618102179,10.8644928721259,18.426373403603,10.8625881620676,18.4271912962924,10.9027458294004,18.4111389375997,10.87613651693,18.4215859961607
10.8852357189481,18.4242047592552,10.8677493559746,18.4170405742202,10.8590061744878,18.4134584817027,10.8570232353413,18.41430988918,10.8979253289188,18.3979608560333,10.8708063923882,18.4086056713946
10.8808087211726,18.4131264338364,10.8626190870752,18.4047477637048,10.8535242700265,18.400558428639,10.8514609457174,18.401444292431,10.8931138323034,18.3847960489367,10.8654811741925,18.3956401518625
10.8760832330915,18.4013012180537,10.8574151998202,18.3922676614194,10.8480811831846,18.3877508831023,10.8459334620243,18.3886729439875,10.8883413843382,18.3717237822067,10.8601922389891,18.3827681830366
10.8712473021366,18.3891996491812,10.8522004937964,18.3797594558914,10.8426770896263,18.3750393592465,10.8404418477207,18.3759989849271,10.8836103280865,18.3587467188768,10.8549408220033,18.3699928284205
10.8664113711816,18.3770980803087,10.8469973079743,18.3672821925696,10.8372902763706,18.3623742487,10.8349660655483,18.3633720853945,10.8789022607491,18.3458139355665,10.849707237394,18.3572636346384
10.8615754402267,18.3649965114362,10.8418020069767,18.3548268230707,10.8319152903517,18.349741978888,10.8295019755479,18.3507781012841,10.8742116784679,18.3329118755306,10.8444867034639,18.3445667554631
10.8567574007052,18.3529397145285,10.8366207823797,18.3424081746198,10.8265524732169,18.3371424046655,10.8240503119628,18.3382167143238,10.8695380801035,18.3200407234245,10.8392794289067,18.3319021050575
10.8519465583152,18.3409009279006,10.8314492309139,18.3300157854047,10.8212005672133,18.3245732141567,10.8186098868476,18.3256855841878,10.8648802019545,18.3071981528458,10.8340842129289,18.3192673443212
10.8469775363218,18.3284663515178,10.8262311979145,18.3175094983805,10.8158580287109,18.3120310718119,10.8131787391622,18.3131815573539,10.8602365018398,18.294380816871,10.8288993566498,18.3066591994295
10.8419402068734,18.3158608593514,10.8209921018356,18.3049523049251,10.8105180493167,18.299498027712,10.8077487032645,18.3006872672784,10.8556000842785,18.2815708127126,10.8237173644434,18.2940600117131
10.8371065088202,18.303764890177,10.8158160477489,18.2925549950837,10.8051708172132,18.2869500475371,10.8023089032683,18.2881791389756,10.8509616236404,18.2687439120525,10.8185282770997,18.281445810582
10.8324737583474,18.2921717285986,10.8107047049245,18.2803216037445,10.799820178213,18.2743965413174,10.7968626664335,18.2756668106368,10.8463242380731,18.2559097969205,10.8133357617744,18.2688260783852
10.8278410078745,18.2805785670203,10.8056006568216,18.2681063581069,10.7944804812951,18.2618702536502,10.7914235601184,18.2631833668656,10.8417001703927,18.243102055356,10.8081529661263,18.2562340620588
10.8232082574016,18.268985405442,10.8005082952683,18.2559202538475,10.7891583142016,18.2493876780502,10.7859983634751,18.2507452240154,10.837095813584,18.2303372578818,10.8029864046214,18.2436862814424
10.8183244699303,18.2567641109494,10.7953435012571,18.2435541010139,10.7838530169205,18.2369490960461,10.7805876430933,18.238352136972,10.8325114898474,18.2176152895831,10.7978363165506,18.2311826381983
10.8133339221967,18.2442756859737,10.7901477890103,18.231113069808,10.7785547224171,18.2245317617251,10.7751825347939,18.2259809235895,10.8279387737349,18.2049128337718,10.792693723238,18.2187000162659
10.8086090594994,18.2324520498088,10.7850360707851,18.2188861277139,10.773249576428,18.2121031666665,10.7697699405096,18.2135987439667,10.8233652974647,18.1921967862765,10.7875455696506,18.2062055749524
10.8041627462351,18.2213253913472,10.7800155097425,18.2068903212361,10.7679418914962,18.1996727861806,10.7643542200892,18.2012150510326,10.8187942359841,18.1794770663385,10.7823958774581,18.193708913451
10.7994561889883,18.2095475486412,10.7749177820362,18.1947025601248,10.7626485785602,18.1872800658666,10.7589518106883,18.1888694991501,10.8142402413621,18.1667940141979,10.7772605069902,18.1812499147442
10.7946476720628,18.197514581741,10.7697965877721,18.1824570062607,10.7573710456267,18.1749282185206,10.753563345762,18.1765656407121,10.8097048012657,18.1541508235462,10.7721404407747,18.1688319677048
10.7898430642189,18.1854913964486,10.7646804563538,18.1702262254097,10.7520991524213,18.1625936398902,10.7481786536251,18.1642798856051,10.8051792346463,18.141523316479,10.7670260908306,18.1564312373792
10.7850401015362,18.1734723278063,10.7595667375179,18.1580036100606,10.7468300555087,18.1502692511878,10.7427951066494,18.1520050592877,10.8006607904187,18.1289043782937,10.7619148415739,18.1440405525637
10.7801301632848,18.1611856037598,10.7544191583677,18.1456981908417,10.7415636559091,18.1379544843826,10.7374126419544,18.1397405772352,10.796149110819,18.1162935419456,10.7568065511672,18.1316593646025
10.775176793047,18.1487902118554,10.749255732218,18.1333558269527,10.7362952018035,18.1256386345014,10.7320265912094,18.1274756995623,10.7916400624619,18.1036798489942,10.7516967095826,18.1192768654226
10.7703635869818,18.136745521989,10.7441331901724,18.1211197829173,10.7310179917677,18.1133069133814,10.7266304367531,18.1151955607753,10.7871279321984,18.0910481043788,10.7465791071593,18.1068780575372
10.765690034813,18.1250502574085,10.7390533957076,18.1089940719677,10.7257350761549,18.1009659792473,10.7212268870976,18.10290696835,10.7826150305772,18.0784052577202,10.74145642081,18.0944697563947
10.7610164826442,18.1133549928281,10.7339764077186,18.0968767742856,10.7204563702558,18.0886376650144,10.7158250145268,18.0906321225048,10.7781095031676,18.0657738567466,10.7363374680173,18.0820742576109
10.7563429304754,18.1016597282476,10.7289051866299,18.0847752992452,10.7151863147071,18.076333084744,10.7104291490077,18.0783821912227,10.7736155840635,18.0531650950231,10.7312265960479,18.0697027108673
10.7514797598021,18.0894900265574,10.7237763554376,18.0725315744259,10.7099246532553,18.0640523483601,10.7050395032836,18.0661570823752,10.7691334502866,18.040578910368,10.7261239357518,18.0573550622949
10.746543040565,18.0771363018568,10.7186239843899,18.0602319993396,10.7046644563024,18.051779848081,10.6996500219382,18.0539408052864,10.7646573572152,18.0279992233329,10.7210232904663,18.0450153964665
10.7418836181816,18.0654764309503,10.7135587722136,18.0481546890978,10.6993963492296,18.0394938181715,10.6942519455607,18.0417113222845,10.760179139452,18.0154037857171,10.7159159068927,18.0326616878695
10.7375836919282,18.0547160933435,10.7086143336263,18.0363823927115,10.6941296544754,18.0272155423955,10.6888547301039,18.0294898577661,10.7557064970532,18.0028145204631,10.7108106393124,18.0203154182872
10.7328689374935,18.0429177786784,10.7035507534776,18.0243112091211,10.6888916614697,18.0150079243424,10.6834852621321,18.0173394946868,10.7512629720001,17.990295830661,10.7057331819695,18.008040161215
10.7279874542855,18.0307022776951,10.6984479244944,18.0121420587011,10.6836781595988,18.0028619492041,10.678139123945,18.0052513136696,10.7468458134322,17.9778381413085,10.7006796615276,17.9958267569
10.723338498229,18.0190685899062,10.6934207933473,18.0001662425205,10.6784619409064,17.9907150688276,10.6727897119289,17.9931624993602,10.7424319566778,17.965377262171,10.6956245897105,17.9836119343777
10.7189239484511,18.0080214171321,10.6884725441882,17.9883900118218,10.6732468420567,17.9785743091667,10.6674409991844,17.9810800090071,10.7380236271324,17.9529208609341,10.6905714149846,17.9714028915674
10.7143324690726,17.9965315492735,10.6834808588233,17.9765040453746,10.6680550536986,17.9664902934252,10.662114777824,17.9690546412864,10.7336394293053,17.9405209854424,10.6855409695312,17.9592508250214
10.7096707781228,17.9848660052287,10.6784818120422,17.9645993840827,10.6628873290019,17.9544660735097,10.6568116912611,17.9570895037601,10.7292807974351,17.9281804193558,10.6805341147813,17.947158734688
10.7048930186245,17.972910048296,10.673450643319,17.9526168741252,10.6577294556663,17.9424702870398,10.6515181384202,17.9451529695605,10.7249362234847,17.9158667185487,10.6755379155545,17.9350947161343
10.7000681944823,17.9608363318213,10.6684044478882,17.9405989650058,10.6525725745912,17.9304802815981,10.6462248039767,17.9332225771369,10.720597222339,17.9035570994656,10.6705433854074,17.9230361788465
10.6954775123241,17.9493484929245,10.6634319848642,17.9287675228408,10.6474092211342,17.9184770377989,10.6409233354446,17.9212796917221,10.7162565102088,17.891232477815,10.6655427766184,17.9109642282019
10.6911241057569,17.9384543726178,10.6585395686625,17.9171377561922,10.6422473001153,17.9064794479794,10.635621266076,17.909343375268,10.7119206279404,17.8789122621092,10.6605436367104,17.8988979035641
10.6867706991897,17.927560252311,10.6536622812854,17.9055441929113,10.6371080723333,17.8945361632115,10.6303392004507,17.8974625715926,10.7076075091732,17.8666464266407,10.6555656877288,17.8868865032637
10.6824172926225,17.9166661320042,10.6488068266322,17.8940033429063,10.632001593637,17.8826719483574,10.6250876728089,17.8856618438097,10.7033267165955,17.854459936839,10.6506189451984,17.8749548035894
10.677809034149,17.9051343268415,10.6438881776659,17.8823026774812,10.6269277494243,17.870886852801,10.6198673084716,17.8739409151538,10.6990788840635,17.8423525716777,10.6457038174825,17.8631026353529
10.6730884861202,17.893321553214,10.6389440898101,17.8705388644587,10.621871891655,17.8591475200811,10.6146643053233,17.862266053753,10.6948519603899,17.8302899539374,10.6408069754795,17.8512960876403
10.6687189067988,17.8823869908791,10.6341152463204,17.8590661184869,10.6168134160812,17.8474056822908,10.6094584557445,17.8505888083591,10.6906279049514,17.8182227966302,10.6359087888188,17.8394864857308
10.6647421108176,17.8724352704833,10.6294207215433,17.8479304903893,10.6117600269061,17.8356781003423,10.6042576164283,17.8389258674385,10.6864122043939,17.806168718925,10.6310163600314,17.8276908483562
10.6604614916559,17.8617233072153,10.6246476863652,17.8365956654294,10.6067407837199,17.8240318445364,10.5990905706206,17.827344429096,10.6822293058989,17.7941966081404,10.6261570353306,17.8159769659976
10.6560530043003,17.8506913852041,10.6198563264524,17.8252124136952,10.6017579875285,17.8124729279408,10.5939591849013,17.8158507050977,10.6780820295541,17.7823122945435,10.6213328815368,17.8043509455726
10.6514894012668,17.8392713379655,10.6150253335223,17.8137301003708,10.5967932996501,17.8009594815734,10.5888451225481,17.8044028258516,10.6739553261355,17.7704726200598,10.6165267599427,17.7927704115517
10.6468626984968,17.82769340469,10.6101769429551,17.8022054339247,10.5918340651843,17.7894614485421,10.5837357271662,17.7929707285415,10.6698378996068,17.7586469882011,10.6117266120622,17.7812050602643
10.6425358825383,17.8168658518798,10.6054253413727,17.7909246266801,10.5868700707899,17.7779540140802,10.5786203577661,17.7815297808473,10.6657202171604,17.7468103087887,10.6069222835307,17.7696300563505
10.6385152774143,17.8068045035831,10.6007775859274,17.7799040807309,10.581908740184,17.7664538693048,10.5735060065585,17.7700968659538,10.661607846023,17.7349799861023,10.6021205127292,17.7580623803348
10.634230595045,17.7960823740138,10.5960574922473,17.7687003221469,10.5769709408484,17.7550092962134,10.5684131708784,17.7587204368014,10.6575182322507,17.7232056421835,10.597340816486,17.7465508808952
10.6298421285299,17.7851005529296,10.5913190604624,17.7574491665529,10.5720575264286,17.7436234733646,10.5633427323914,17.7474036679713,10.6534528027817,17.7114902298375,10.5925841767974,17.7350986766498
10.6254595171196,17.7741333833688,10.5865902073209,17.7462222016699,10.5671555524215,17.7322666108205,10.5582818888975,17.736116704733,10.6494008922522,17.699803070342,10.5878384738994,17.7236756306456
10.6210793306732,17.7631722819171,10.5818671771459,17.7350103173178,10.5622611003823,17.7209293350181,10.5532271115654,17.7248499967175,10.6453589485868,17.6881346439361,10.5831001645644,17.7122722141387
10.6165759674577,17.751902979718,10.5771079490396,17.7237078015455,10.5573739398305,17.7096102124592,10.5481781146326,17.7136021300871,10.6413262932055,17.6764836970073,10.5783688089776,17.7008870857655
10.6120225268146,17.7405083787245,10.5723331834987,17.7123675294193,10.5524885118408,17.6982971047667,10.5431294959513,17.7023608996511,10.6372983426319,17.664837692264,10.573639234128,17.689507941068
10.6076896592772,17.7296656843723,10.5676279983414,17.7012042259694,10.5475971678735,17.686973496768,10.5380737529527,17.6911097305276,10.6332688918901,17.6531795247136,10.5689043838802,17.678118009679
10.6035815489914,17.7193853660155,10.5629972321989,17.690228807191,10.5427050738027,17.6756505277788,10.5330154616057,17.6798600238746,10.6292418072514,17.6415208455242,10.5641687793595,17.6667287050053
10.5992999512874,17.7086709504711,10.5583177410967,17.6791306737932,10.5378266360014,17.6643605354543,10.5279683679002,17.6686444130043,10.6252287892443,17.6298950651829,10.5594456412742,17.655372867357
10.5949189723731,17.6977078649979,10.5536152851102,17.6679747008796,10.5329634414788,17.6531081188205,10.5229340585259,17.657467505105,10.6212316378704,17.6183066950663,10.5547367017121,17.6440550305819
10.5905369980889,17.6867422896079,10.5489170723305,17.6568304965356,10.5281071094513,17.6418745999995,10.517904701268,17.6463103786185,10.6172436933364,17.6067363794157,10.5500343808784,17.6327561773375
10.5861545394277,17.6757755025489,10.5442210984608,17.6456933981302,10.5232543779774,17.6306523459209,10.5128777627004,17.6351650711755,10.6132621519801,17.5951763051171,10.5453358022435,17.6214685137984
10.581815622164,17.6649176739285,10.5395417314433,17.6345993490479,10.518404786083,17.6194401866076,10.50785315294,17.6240302449638,10.6092864998841,17.5836253203789,10.5406405789559,17.6101908395572
10.577501025627,17.6541207057433,10.5348743929098,17.6235366396616,10.5135610765512,17.6082446066207,10.502833686629,17.6129123543713,10.6053189903495,17.5720900960046,10.5359513303316,17.5989296903879
10.5731864290899,17.643323737558,10.5302140291814,17.6124920986907,10.5087278292272,17.5970762792571,10.4978238615321,17.601822112341,10.6013634579588,17.5605815956983,10.5312723815455,17.5876958462529
10.5688718325529,17.6325267693728,10.5255618346333,17.6014682329287,10.5039068356735,17.5859389647066,10.4928252019612,17.5907633982775,10.5974213470278,17.5491037250051,10.5266052835032,17.5764931702286
10.5646280857094,17.621907097842,10.5209415136926,17.5905241032699,10.4990982276842,17.5748326059839,10.4878377032371,17.5797362149858,10.5934927194255,17.5376564633222,10.5219501006737,17.5653216355221
10.5604137109676,17.6113609280459,10.5163405797523,17.5796283617928,10.4943040141446,17.5637620786662,10.4828636266194,17.5687453269254,10.5895793486562,17.5262447768659,10.5173089535724,17.5541860703304
10.5560466081489,17.6004326064891,10.5117002989536,17.568633690826,10.4895271443559,17.5527342329944,10.4779062102942,17.5577974555105,10.5856837452706,17.5148756898577,10.512684789498,17.5430933262267
10.5516176229078,17.5893494445309,10.5070453928151,17.5576033736276,10.4847592777687,17.541730338176,10.4729573466799,17.5468737655709,10.5817991976689,17.5035298296921,10.5080698427416,17.5320244274827
10.5474878200955,17.5790149096411,10.5024877293372,17.5468190796426,10.4799876839581,17.5307211646434,10.4680042365753,17.5359450552328,10.5779150972315,17.492177130755,10.5034519731355,17.5209498940991
10.5437557749145,17.5696756609064,10.4980650733943,17.5363736530049,10.4752197226342,17.5197226490541,10.4630538695116,17.5250274242494,10.5740369220766,17.4808342670151,10.4988378463818,17.5098859601398
10.5395847876485,17.559238079523,10.4935152476162,17.5256072358073,10.4704804776,17.5087918139495,10.4581310596524,17.5141780213779,10.5701851396396,17.4695600765059,10.4942510036414,17.498890303122
10.5352134707958,17.5482992280789,10.4889156664453,17.5147146870951,10.46576676427,17.4979224166032,10.4532325502701,17.5033906445948,10.5663578468498,17.4583478188417,10.4896886424881,17.4879565136264
10.5310866148955,17.5379720698054,10.4843978761392,17.5040292167482,10.461053506761,17.4870577902196,10.4483334879329,17.4926085255536,10.5625348057888,17.4471389268425,10.4851273222752,17.4770272290789
10.527316437544,17.5285373969383,10.4800005019032,17.493646195252,10.4563425340828,17.4762005944088,10.4434358491354,17.4818342460577,10.5587167082119,17.4359365121323,10.4805685524113,17.4661052520704
10.5232896029247,17.518460511055,10.4755341035306,17.4830879075393,10.4516563538335,17.4654016057815,10.4385622531441,17.4711185331641,10.554921578605,17.4247931090627,10.4760335064164,17.4552419285215
10.5191549907006,17.5081139418648,10.4710505649946,17.4724843400377,10.4469983521416,17.4546695391241,10.4337161565112,17.4604700787258,10.5511527697141,17.4137174459203,10.4715255492423,17.4444459775854
10.514901560593,17.4974700775348,10.4665369774174,17.4618059290105,10.4423546858296,17.4439738547483,10.4288840591504,17.4498581921745,10.5473994781006,17.4026777854569,10.4670319843301,17.4336863690672
10.5106004253321,17.486706849774,10.4620105415745,17.4510964038782,10.4377155996957,17.4332911809303,10.4240560527802,17.4392595604444,10.5436532637623,17.3916502509097,10.4625433350292,17.4229396175807
10.5065306717131,17.4765225802589,10.4575588671234,17.440575196519,10.4330729648285,17.4226015046491,10.4192232655077,17.4286544953957,10.5399068081984,17.3806145221972,10.4580513314094,17.4121857745008
10.50272869089,17.4670083261645,10.4531976440837,17.430281045158,10.4284321206805,17.4119174046548,10.4143908010651,17.4180556881748,10.5361642700051,17.3695836185639,10.4535610152095,17.4014375426685
10.4985957098104,17.4566658561011,10.4487387881614,17.4197406676303,10.4238103273369,17.4012780733949,10.4095756436225,17.4075024610773,10.532439521611,17.3585980556394,10.4490884585387,17.3907346187599
10.4943295040718,17.445990036477,10.4442460233655,17.4091145975923,10.4192042830124,17.3906768781499,10.4047744892999,17.3969881897231,10.5287303286767,17.3476507786849,10.4446306751666,17.3800702316538
10.4901883589672,17.4356271346136,10.4397940391279,17.3985922506444,10.4145968792082,17.3800748086598,10.3999701696135,17.3864738871005,10.5250228789382,17.3367014926934,10.4401715091752,17.3694049662586
10.486210363568,17.4256724542576,10.435395153622,17.3882041710881,10.409987548649,17.3694700295034,10.3951622475246,17.3759576542033,10.5213163619107,17.3257484565534,10.4357104183304,17.3587369796803
10.4822323681689,17.4157177739016,10.4310014137219,17.3778287703339,10.4053859364984,17.3588842685501,10.3903604667345,17.3654611752419,10.5176183600033,17.3148142006922,10.4312564613579,17.3480882503368
10.4782543727697,17.4057630935456,10.4266163128774,17.3674743118453,10.4007972829312,17.3483299209952,10.385570207875,17.3549967873511,10.5139332818263,17.3039114399089,10.426814642892,17.3374712713604
10.4740973977889,17.3953605904047,10.4221799714057,17.3569916169591,10.3962212582141,17.3378071302363,10.3807915594717,17.3445644507478,10.5102612185187,17.2930401438209,10.4223849776229,17.3268860366832
10.4698670442901,17.3847744877048,10.4177232074303,17.3464585473654,10.3916512890004,17.3273005771957,10.3760179169981,17.3341488560483,10.5065968044478,17.2821845302994,10.4179611984249,17.3163170985617
10.465800536233,17.3745983377089,10.4133189541728,17.336058537749,10.3870781631427,17.316788637769,10.3712398058142,17.323728491173,10.5029323640385,17.2713223837755,10.4135343867337,17.3057427102167
10.4619030353632,17.3648450554636,10.4089706138717,17.3257997965694,10.3825044031259,17.3062771671223,10.3664598089327,17.3133091857422,10.4992698055106,17.2604597892016,10.4091069890657,17.2951687589336
10.4578477811227,17.3546970542572,10.4045764503044,17.3154261795121,10.3779407848953,17.2957907421395,10.3616887468168,17.3029155008056,10.4956177445092,17.2496221616607,10.404689145826,17.2846200916536
10.4537279130723,17.3443873810953,10.4001679870585,17.3050167701711,10.3733880240516,17.285331464709,10.3569273271941,17.2925495469738,10.4919769792603,17.2388115675942,10.4002815789816,17.2740988051268
10.4495454375319,17.3339210739825,10.395741583891,17.2945634265354,10.3688396570705,17.2748846028119,10.3521689916866,17.2821966339107,10.4883423621076,17.2280127656307,10.395878181069,17.2635900158284
10.4453377347745,17.3233916523976,10.3913065066131,17.2840898518572,10.3642908925324,17.264438951587,10.3474089002291,17.2718455751411,10.4847099143284,17.2172142374224,10.3914743899207,17.2530824227712
10.4412732690576,17.3132206108602,10.3869160994436,17.2737301055261,10.3597375146366,17.253984852859,10.3426427678779,17.2614867425386,10.4810761573194,17.2064060349596,10.387066183835,17.242566285192
10.4373417201796,17.3033821281555,10.3825690983072,17.263480613147,10.355182787371,17.2435298556427,10.3378739423599,17.2511276494105,10.4774436491778,17.1955959752069,10.3826566629464,17.2320492213057
10.4332736845926,17.293202143323,10.3781814829797,17.2531299429731,10.3506353821732,17.2330938427981,10.3331112323493,17.2407881208197,10.4738193604439,17.1848045995161,10.3782540221285,17.2215513161835
10.4291507885484,17.2828848926497,10.3737808278413,17.2427470346714,10.3460958474878,17.2226781056822,10.3283550561921,17.2304695093245,10.4702038181325,17.1740332110902,10.3738587284537,17.2110738953015
10.4249769886485,17.2724402954568,10.3693650783961,17.2323274508131,10.3415591232699,17.2122710284912,10.3236002708935,17.2201602349052,10.4665929866133,17.1632698000125,10.3694660037397,17.2006052233764
10.4207833048313,17.2619459545334,10.3649418913115,17.2218909594,10.3370211845516,17.2018634618333,10.3188429744634,17.2098510903128,10.4629836248475,17.1525049108261,10.3650721259218,17.190136022391
10.4166353651319,17.2515660576758,10.3605307644198,17.2114868913477,10.3324784640638,17.1914473081837,10.3140796594941,17.1995339493917,10.4593728335791,17.1417301833262,10.3606737322909,17.1796581075341
10.4125861888421,17.2414332502071,10.3561492435376,17.2011592652697,10.3279307708853,17.181022272801,10.3093102009459,17.1892084885723,10.4557604378564,17.130945310906,10.3562706496408,17.1691711757066
10.4085370125522,17.2313004427383,10.3517662061608,17.1908298480468,10.3233808029651,17.170594550701,10.3045372489836,17.1788809271062,10.4521485702566,17.1201567054024,10.3518653718993,17.1586815082052
10.4044878362624,17.2211676352695,10.3473829541833,17.1805014306521,10.3188305131438,17.1601683283434,10.2997624953739,17.1685555710313,10.4485387171465,17.1093687393925,10.3474595754712,17.1481934098103
10.4003307822136,17.2107649315932,10.3429635600669,17.1700840338897,10.3142799489936,17.149743585038,10.2949858102947,17.1582324810519,10.444930898371,17.0985814065085,10.3430532374712,17.1377068902496
10.3961282857524,17.2002485368756,10.3385275066843,17.1596268855514,10.3097271171503,17.1393160598893,10.2902052734146,17.1479073647979,10.441323618137,17.0877902486543,10.3386445918859,17.1272175908152
10.3919198544141,17.1897172518415,10.3340861280864,17.1491588586554,10.3051692649225,17.1288796620623,10.2854182807014,17.1375740634234,10.4377147290009,17.0769889368943,10.3342311288092,17.1167193166616
10.3877049351037,17.1791696888023,10.3296382978232,17.1386774210959,10.300604979183,17.1184312872427,10.2806235970232,17.1272293909245,10.4341031170584,17.066174247816,10.3298115700972,17.1062089055624
10.3834900157932,17.1686221257631,10.3251853613582,17.128186178947,10.2960330341407,17.107968205539,10.275820022138,17.116870605835,10.4304878059053,17.0553433528634,10.3253847461726,17.0956836031844
10.3792750964827,17.1580745627239,10.3207269184408,17.1176841701788,10.2914528294199,17.0974889739063,10.271006836447,17.1064963196234,10.4268682812087,17.044494776373,10.3209500129511,17.0851419850851
10.3750439056723,17.1474863380442,10.316257577601,17.1071578268485,10.2868644135653,17.0869935712506,10.2661839252932,17.0961065859906,10.4232445360006,17.0336285209175,10.3165073247173,17.0745840706028
10.370805922355,17.1368811392396,10.3117810480426,17.0966163231936,10.2822686108864,17.0764839151706,10.2613520596823,17.0857033486144,10.4196172374124,17.0227465643775,10.3120574498043,17.0640118009106
10.3666576544074,17.1265004115017,10.3073302572242,17.086141962066,10.2776665586326,17.0659627373481,10.2565124338763,17.0752893153048,10.4159873402615,17.0118517071324,10.3076015120979,17.0534279128314
10.3626243655469,17.1164073655563,10.3029175036738,17.0757646874043,10.2730640727373,17.0554433483283,10.2516711434788,17.0648776713878,10.4123595013942,17.0009577084671,10.3031451120471,17.042845809054
10.3585910766864,17.1063143196108,10.2985128425499,17.0654076082326,10.2684737254816,17.0449542525435,10.246841210886,17.0544967191454,10.4087437528488,16.9900940635554,10.2987002714841,17.032294230467
10.3545577878259,17.0962212736653,10.2941209369832,17.0550814183564,10.2639025115619,17.0345114907019,10.2420299604377,17.0441623521737,10.4051458803409,16.9792772902382,10.294273834773,17.0217892826031
10.3505260641358,17.0861321656782,10.2897422200569,17.0447874692861,10.2593502980174,17.02411512109,10.2372377715067,17.0338743944313,10.4015660829563,16.9685073227384,10.2898660523463,17.0113308600002
10.3464950341913,17.0760448031506,10.2853751582724,17.0345221228757,10.2548152203129,17.0137607827382,10.2324632531778,17.0236282621261,10.3980029600434,16.9577796292493,10.2854753728709,17.0009144697313
10.3424841447614,17.0660078410612,10.2810244751966,17.0242973860033,10.2502946404142,17.0034421584744,10.227703974066,17.0134175368014,10.3944543462337,16.9470877169157,10.281099327603,16.9905337242315
10.3384812210478,17.0559908127021,10.2766850629775,17.0141005315344,10.2457869839424,16.9931553909505,10.2229583141283,17.0032383784514,10.3909188598224,16.9364276564658,10.2767363513161,16.9801847633716
10.33449441694,17.0460141221859,10.2723589373699,17.0039365733016,10.2412911975849,16.9828977988594,10.2182248932934,16.9930882544285,10.387395505927,16.9257967455073,10.2723852684391,16.9698649587089
10.3305142270269,17.0360539830885,10.2680424135102,16.9937961429318,10.2368065067519,16.9726672228535,10.2135024039132,16.982965249374,10.3838834760019,16.9151928413638,10.2680450799407,16.9595722476434
10.3265451022814,17.026121533799,10.2637364804559,16.9836816580529,10.2323321695432,16.9624617201798,10.2087895847383,16.9728676598743,10.3803820366196,16.904613999247,10.2637148662217,16.9493047636562
10.3225804264849,17.0162002176936,10.2594383686515,16.9735863952349,10.2278673397348,16.9522794840056,10.2040852745599,16.9627938272139,10.376890488094,16.8940583501614,10.259393763913,16.9390607061806
10.3186240260697,17.0062996100026,10.2551488176229,16.9635123623307,10.2234112133995,16.9421187384947,10.1993884786301,16.9527420652167,10.3734081531429,16.8835240654424,10.2550809641077,16.9288383009307
10.3146710269981,16.996407513875,10.2508657578196,16.9534544681763,10.2189631232304,16.931977945327,10.194698454862,16.9427108704086,10.3699344476408,16.8730095724775,10.2507757937004,16.9186360119725
10.310723525764,16.9865291756941,10.2465894540839,16.9434135036892,10.2145224182438,16.9218556676868,10.1900145640088,16.9326988010982,10.366468826186,16.862513390632,10.2464776301234,16.9084523900594
10.3067782813053,16.9766564849329,10.2423184201953,16.9333858838442,10.2100884896403,16.9117505832998,10.1853362318638,16.9227045196497,10.3630107885419,16.8520341526358,10.2421859007201,16.8982860971235
10.302748643375,16.9665726392996,10.2380233853145,16.9232984884503,10.2056607562843,16.9016614130257,10.1806629020851,16.9127267359143,10.3595598551742,16.841570537659,10.237900051515,16.8881358421474
10.2986838398463,16.9564008083364,10.2337180841488,16.9131863602897,10.2012352063001,16.8915791362663,10.1759904483048,16.902756481505,10.3561128684551,16.8311131919214,10.233616249408,16.8779925272639
10.2947241010557,16.9464918566457,10.2294456456471,16.9031582797469,10.1968064179428,16.8814914912975,10.1713132484246,16.8927815855852,10.3526655324151,16.8206494152821,10.2293292951246,16.8678437948159
10.2908723695276,16.9368531466282,10.2252083990907,16.8932196823559,10.1923764138722,16.8714029502198,10.1666333112141,16.8828065274476,10.3492193162482,16.8101838913452,10.2250410495512,16.8576941865946
10.2870206379996,16.9272144366108,10.220975185056,16.8832914307697,10.1879524585842,16.8613299278491,10.1619580305819,16.8728476665147,10.3457798622322,16.7997336609103,10.2207583550248,16.8475602985123
10.2831689064715,16.9175757265933,10.2167484189744,16.8733790895151,10.1835381752258,16.851280770976,10.1572911179611,16.8629133130874,10.3423500943873,16.7893073411397,10.2164846726543,16.8374505462688
10.2792559934127,16.9077839347881,10.2125076515529,16.8634316557158,10.179133480623,16.8412555161797,10.1526327179705,16.8530033999797,10.3389300726072,16.7789049126109,10.2122200843557,16.8273648953271
10.275318262181,16.8979300456437,10.2082633946103,16.8534758108214,10.174735960825,16.8312486934103,10.1479806521001,16.8431123451598,10.3355179379821,16.7685206928707,10.207962417587,16.8172977727989
10.2713151037962,16.8879124626286,10.2039998617928,16.8434725580243,10.1703422407911,16.8212526057222,10.1433317011941,16.8332323755102,10.3321110261523,16.7581467111574,10.2037085223649,16.8072413857616
10.2672848071341,16.877826981662,10.1997273935162,16.8334483494063,10.1659486867073,16.8112590332784,10.1386822254126,16.8233552715503,10.3287064586124,16.7477744535659,10.1994549408439,16.7971874386799
10.2633250707592,16.8679180402143,10.1954760518959,16.8234790042422,10.1615515424643,16.8012594862562,10.134028246063,16.8134726456667,10.3253012534539,16.7373951281557,10.1951980280654,16.787127393365
10.2594600620903,16.8582461043727,10.1912547451434,16.8135864462634,10.15715208667,16.7912566172087,10.129370776056,16.803587273969,10.3218962714177,16.7270115498804,10.1909388316084,16.777064001988
10.2555950534214,16.848574168531,10.1870355380893,16.8036997363469,10.1527557804232,16.7812625202548,10.1247150813682,16.793711344164,10.3184956599953,16.7166363234012,10.18668236308,16.7670095523159
10.2517300447525,16.8389022326894,10.1828204460914,16.7938235266181,10.1483656467609,16.7712841735824,10.1200641041105,16.7838518773206,10.3151018388831,16.7062766586313,10.1824314876541,16.756971089585
10.2477589658739,16.8289649171807,10.1785740520852,16.7838693837592,10.1439815951909,16.7613216170484,10.1154178755393,16.7740088594436,10.3117148474018,16.6959325429335,10.1781862507346,16.7469485946681
10.2437440833694,16.8189180083026,10.1743145840947,16.7738835856684,10.1395998344573,16.7513663743513,10.1107727555633,16.7641737415138,10.3083317856852,16.6855951555602,10.1739431629237,16.7369334616129
10.2400193010258,16.8095970041234,10.1701497997801,16.7641366350205,10.1352150491573,16.7414064504691,10.1061235126578,16.7543344851256,10.3049485135906,16.6752520469463,10.1696972248726,16.7269135596207
10.2365874898871,16.8010090887276,10.1660891158394,16.7546499135717,10.1308399288156,16.7314703259937,10.1014834940426,16.7445192686305,10.3015747664009,16.6649328377955,10.1654605568632,16.7169176158547
10.2329636649013,16.791940707385,10.1619899265302,16.7450617752231,10.1265030573446,16.7216223091421,10.0968823086014,16.7347919368998,10.298232896015,16.654704260554,10.1612604084208,16.7070105152129
10.2292348223969,16.7826095463402,10.1578829802782,16.7354493886717,10.1222070592188,16.7118693098375,10.0923231222652,16.7251591587292,10.2949257885271,16.6445731384347,10.1570997846751,16.6971990012941
10.2255286663598,16.7733351569173,10.153799048561,16.7258929380032,10.1179342396616,16.7021718285462,10.0877881344282,16.7155814755186,10.2916400774359,16.6344983067741,10.1529622840271,16.6874430175532
10.2218321539134,16.7640849000437,10.1497289141552,16.7163699767943,10.1136772942761,16.6925125151696,10.0832700360851,16.7060415223591,10.2883696711898,16.6244619547521,10.1488409433889,16.6777250717689
10.2181356414669,16.75483464317,10.1456682127711,16.7068693128703,10.1094344984232,16.6828866477204,10.0787669784065,16.696534624214,10.2851127216882,16.614459409039,10.1447338840744,16.6680405116557
10.2144391290205,16.7455843862964,10.1416165117696,16.697390046757,10.1052052031442,16.6732928769873,10.074278203812,16.6870594842111,10.2818685432053,16.6044893197011,10.140640369561,16.6583880241854
10.2107060358827,16.7362425893608,10.1375616479174,16.6879016517363,10.1009894539347,16.663731182924,10.0698033647485,16.6776162670625,10.2786369907501,16.5945517343059,10.1365601716783,16.6487677061036
10.2069589775127,16.7268658456222,10.1335078812222,16.6784151998867,10.096782333077,16.6541898770189,10.0653366681265,16.6681936875021,10.2754140049498,16.584634640638,10.1324881649233,16.6391679589573
10.2031405727077,16.7173105937736,10.1294314158806,16.6688721313813,10.092576837467,16.6446529001851,10.060870296092,16.6587760635288,10.2721940040352,16.5747214315429,10.1284174003351,16.6295726999133
10.1992925554205,16.7076812517731,10.1253440774232,16.6593027290987,10.0883698384246,16.6351134677615,10.0564007073788,16.6493568072608,10.2689745319451,16.5648050505817,10.1243448543754,16.6199750970192
10.1955700379425,16.6983659137952,10.1212965927103,16.6498340773058,10.0841598700942,16.6255681590611,10.0519259790607,16.6399327127149,10.2657543371485,16.5548819917286,10.1202689646461,16.6103717708014
10.1919763952135,16.689373024034,10.117290895799,16.6404709469393,10.0799481460917,16.616019908392,10.0474472372465,16.6305067601543,10.2625343494325,16.544955290916,10.1161908754444,16.6007656842738
10.1882411807289,16.6800259024011,10.1132390853271,16.6309930870254,10.0757380376262,16.6064766793376,10.0429681178896,16.6210867960429,10.2593172383028,16.5350331726918,10.1121138869922,16.5911648301849
10.1844498422357,16.6705383508317,10.1091698482525,16.6214723344809,10.0715298512609,16.5969393263055,10.0384890654717,16.6116736124802,10.2561032969621,16.5251164939936,10.1080383420605,16.5815700467661
10.1806531321078,16.6610451585287,10.1050987543689,16.6119506773857,10.0673215654995,16.5874034368142,10.0340082228912,16.6022627194722,10.2528910266662,16.5152006391648,10.1039624185339,16.5719768353723
10.1768541620684,16.6515495931011,10.1010264686033,16.6024283993484,10.0631126218708,16.577867802472,10.0295253078139,16.5928527778578,10.2496800084273,16.5052843449656,10.0998856789653,16.5623839357446
10.1730442972509,16.6420502679411,10.0969501133377,16.5929050862438,10.0589030213811,16.5683324953952,10.025040577904,16.5834437388544,10.2464702558586,16.495367676887,10.0958081900633,16.5527913916824
10.1692301326529,16.6325494589488,10.0928716656357,16.5833816041699,10.0546924321271,16.5587976767805,10.0205538560651,16.5740357021293,10.2432614867631,16.485450740426,10.0917296382667,16.5431993510693
10.1653865314422,16.6229595094791,10.0887822999727,16.5738289252052,10.0504801842379,16.5492636330682,10.0160644596242,16.5646289842434,10.2400530607483,16.4755337336046,10.0876492911422,16.5336081160533
10.1615310367077,16.6133335438278,10.0846868146836,16.5642632803136,10.0462647036716,16.5397281485565,10.0115706589885,16.5552214608114,10.236843628265,16.4656142938818,10.0835655420141,16.5240154764616
10.157728821246,16.6039261403438,10.0806054231573,16.5547674743729,10.042043724113,16.5301881413874,10.0070700325954,16.545810150207,10.2336312705999,16.4556891156238,10.0794761235127,16.5144183382662
10.1539817691836,16.5947450280883,10.0765389011597,16.545346319481,10.0378174671477,16.5206469651773,10.0025628390757,16.5363984288988,10.2304159493891,16.4457615277537,10.0753811751431,16.5048200733575
10.1501386553544,16.5853133004332,10.0724386063785,16.5358463439273,10.0335885818905,16.5111128656743,9.99805189410825,16.5269944989038,10.2271995135406,16.4358399822953,10.0712831945821,16.4952289796152
10.1462582887123,16.5757843839702,10.0683236449911,16.5263195477259,10.0293563231305,16.5015871296038,9.99353650134288,16.5175996657455,10.2239811981788,16.4259256437833,10.0671814272761,16.4856463303539
10.1423610921706,16.5662647407127,10.0641988965605,16.5167987257246,10.0251177987555,16.4920657182305,9.9890138081451,16.508209904851,10.2207586353761,16.4160141629455,10.0630731451339,16.4760680016241
10.1384568593901,16.5567489743939,10.0600665352322,16.507281600832,10.0208713731533,16.482547914051,9.98448226106849,16.49882450087,10.2175303087265,16.4061046405635,10.0589567361431,16.4664932481643
10.1345269283761,16.5472450953092,10.055919549288,16.497771237252,10.016615859744,16.4730343082234,9.97994068331973,16.4894440871386,10.2142949980959,16.3961975292114,10.0548309400583,16.4569226736316
10.1305864262778,16.5377461060921,10.0517623084971,16.488265621486,10.0123502496068,16.463525379183,9.97538807238821,16.4800691794034,10.2110516945775,16.3862931794789,10.050694729276,16.4473567486004
10.1266472273201,16.5281826769989,10.0475980637108,16.4787419703897,10.0080734819061,16.4540216170851,9.97082336086487,16.4707003136936,10.207799342583,16.376391945087,10.0465470219188,16.4377959557642
10.12270857664,16.5185921357647,10.0434248635854,16.469211613091,10.0037830070581,16.4445213517542,9.96624383439232,16.4613359582398,10.2045356074824,16.3664918820078,10.0423851700051,16.4282386441952
10.1187482290294,16.509220401794,10.039233463549,16.4597546765739,9.99947608080878,16.4350218139639,9.96164659108208,16.4519734700079,10.2012580635818,16.3565899358392,10.0382064141563,16.4186820322692
10.1147615461325,16.5001142515641,10.0350220835795,16.450388851936,9.99515235230303,16.4255261521219,9.95703131401304,16.4426160430332,10.1979660958772,16.3466891696748,10.0340103116304,16.4091292868208
10.110687786662,16.4907752929395,10.0307720001148,16.4409534754048,9.99081410684126,16.4160425666375,9.9524004948853,16.433271831909,10.1946611818121,16.3367979457693,10.0297990265912,16.3995886450371
10.106568925032,16.4813157489391,10.0264967904783,16.431487291022,9.98646072320149,16.4065730620635,9.94775361546025,16.4239428460263,10.1913425907767,16.326918147212,10.025571951484,16.3900620873151
10.102450063402,16.4718562049386,10.0222093380904,16.4220280981812,9.9820889754346,16.3971140448025,9.94308743571191,16.414625552823,10.1880075406625,16.3170458310291,10.0213259420701,16.3805459646732
10.0983312017721,16.4623966609382,10.0179085090616,16.4125752881125,9.97769716270632,16.3876646016997,9.93840033626913,16.4053190447341,10.1846544344884,16.3071798960517,10.0170593343645,16.3710393326365
10.0941471033866,16.4529744329601,10.0135716769206,16.4031417461659,9.97328396368756,16.3782254027688,9.93369108560882,16.3960240051831,10.1812819569361,16.2973208293009,10.0127707939035,16.3615428478789
10.0899359779921,16.443567664679,10.0092108761757,16.3937205384496,9.96884832526747,16.3687969753349,9.92895862363284,16.3867410134393,10.1778890207367,16.2874690215472,10.0084592237179,16.3520570429787
10.085675002169,16.4341879076211,10.0048175419426,16.3843159863499,9.96438881182945,16.3593800257143,9.92420144991894,16.3774708732831,10.1744741623919,16.2776249907292,10.0041230862785,16.342582650525
10.0813936591671,16.4248191864246,10.0004004172339,16.374923327545,9.95990379626726,16.3499753981052,9.91941785040966,16.3682145478354,10.1710357218357,16.2677893661125,9.99976063785513,16.3331205456423
10.0771658502932,16.4153761168881,9.99598328617823,16.3655145706562,9.95539200412075,16.3405837975403,9.91460645966371,16.3589728516364,10.1675723376238,16.2579626983484,9.99537052018767,16.3236714559289
10.0729597264585,16.4059029311115,9.99155377922778,16.3561034929821,9.95085080561242,16.3312037739174,9.9097646231871,16.34974442021,10.1640816503499,16.2481432060288,9.99095014729181,16.3142338910672
10.0685930144248,16.3966075690687,9.98704900755518,16.3467578730952,9.94627700412037,16.3218330251084,9.90488910819642,16.3405270481927,10.1605608203121,16.2383281997031,9.98649634775805,16.3048055156481
10.0640260834212,16.3875339150034,9.98245533061364,16.3374937831311,9.94166995420986,16.312473717195,9.89997935473901,16.3313229255032,10.1570090008458,16.2285197272443,9.98200843018488,16.2953885018246
10.0594591524176,16.378460260938,9.97784014852657,16.3282413935215,9.93703064658106,16.3031319598132,9.8950364970119,16.3221381683619,10.1534265693887,16.2187239224734,9.97748724302865,16.285989008596
10.054892221414,16.3693866068727,9.97320356850986,16.3190031452459,9.93235924205779,16.2938114144325,9.89006083082403,16.3129764364077,10.1498133685507,16.2089443843392,9.97293295501502,16.2766106800082
10.0503123127061,16.3603496860354,9.96854013493101,16.3097919588179,9.92765404604347,16.2845130952091,9.88505077908896,16.3038387675844,10.1461677221892,16.1991818604586,9.96834391213695,16.2672544897912
10.0457273572034,16.3513270500871,9.96385355334295,16.3006065569856,9.92291665141272,16.2752463104349,9.88000819608823,16.2947344518704,10.1424902671004,16.1894457148142,9.9637214716156,16.2579298315366
10.0410871732286,16.3423921753228,9.95912960236445,16.2914795029089,9.91815081693237,16.266023166702,9.87493730595407,16.2856754435439,10.1387834800456,16.1797483291695,9.95906930419135,16.2486488349915
10.0364225952302,16.3334960640498,9.95437780222635,16.2823965705799,9.91335540572442,16.256846823845,9.86983741239529,16.2766647652913,10.1350460711026,16.1700926048945,9.9543864807853,16.2394145292878
10.0318220099107,16.3244080369445,9.94962598473585,16.27328040819,9.90852797214842,16.2477165938127,9.86470641821249,16.2677016121592,10.1312757201653,16.1604775297942,9.94967077045824,16.2302260968053
10.0272510896493,16.3152310435015,9.94485810845199,16.2641593281842,9.90366161785333,16.2386234705256,9.85953735819201,16.258777088993,10.1274665300686,16.1508933571097,9.944915409217,16.2210744393213
10.0224293988003,16.3066156034799,9.93997436563432,16.255241777026,9.89874684905133,16.2295548637991,9.85432024642346,16.2498789810407,10.1236104225958,16.1413264863833,9.94011082697758,16.2119469769225
10.0173578864859,16.2985595914996,9.93497713956032,16.2465337105491,9.89378676609753,16.2205207700738,9.84905807681113,16.2410174437407,10.1197092419866,16.1317871959379,9.93525966147386,16.2028539320198
10.0125139869321,16.2898344773771,9.93003405033204,16.2376439679122,9.88879408203201,16.2115487131798,9.8437640381802,16.2322198387222,10.1157725627225,16.1223041977064,9.93037413812003,16.1938230759892
10.0077607687363,16.2808427916852,9.9250963074086,16.2287038975965,9.88376407674475,16.2026344505522,9.83843331364685,16.2234820811533,10.1117962889511,16.112872640132,9.92544980257847,16.1848500079042
10.0027207005967,16.2724001993379,9.92002740768109,16.2199689050896,9.87868076122329,16.1937532579655,9.83304937888727,16.2147798443743,10.1077673052303,16.1034661015216,9.92047114204446,16.1759097272743
9.9973384525436,16.2646126139631,9.91480868825649,16.2114765971477,9.87354380611294,16.18490858874,9.82761181784764,16.2061167380346,10.1036845926596,16.0940880452423,9.91543740424614,16.1670059098182
9.99224707389851,16.2561066324789,9.90965843298449,16.2027837307608,9.86836411252748,16.1761222799018,9.82213196066629,16.1975144352086,10.0995563341492,16.0847614204342,9.91035897434303,16.1581606852107
9.98727670561109,16.2473017767654,9.90451772497789,16.194028910486,9.86313823466129,16.1673924773463,9.81660661804979,16.1889710259885,10.0953796707247,16.075483773385,9.90523279360319,16.1493719695393
9.9819179952959,16.2390354454516,9.89920759893821,16.1854786349374,9.85785240075936,16.1587002296803,9.81102177069136,16.1804678095671,10.0911433258073,16.0662345252389,9.90004558419626,16.1406205086272
9.97614553458963,16.2313428730024,9.89371962638471,16.1771465500821,9.85250667228225,16.150048388622,9.80537728539663,16.172007847841,10.0868466938706,16.0570166013594,9.89479698022959,16.1319094051925
9.97044011928696,16.223343445197,9.88821999060303,16.1687503767605,9.84710992626106,16.1414538425422,9.79968205177883,16.1636081214185,10.0824963024584,16.0478478945533,9.88949523555188,16.1232559322881
9.96476603373666,16.2152006264681,9.88269654251263,16.1603464636471,9.84166179690061,16.1329193822366,9.79393587391932,16.1552714214573,10.0780916739978,16.0387309666519,9.88414020366841,16.1146627512844
9.95909194818636,16.2070578077393,9.87713402096033,16.1519769388095,9.83615505734731,16.1244365043446,9.78813167894261,16.1469892286009,10.0736268166523,16.0296563621579,9.87872512935797,16.1061210671384
9.95341786263607,16.1989149890105,9.87153030856642,16.1436407120773,9.8305865315316,16.1160035736107,9.7822665485764,16.1387598272672,10.0690988168912,16.0206219823404,9.87324692889192,16.0976291815894
9.94787251452256,16.1905912233913,9.86592792062054,16.1352782316221,9.82495562366953,16.1076217357375,9.77633967182477,16.130584592625,10.0645066609603,16.0116289609687,9.86770466659002,16.0891884672795
9.94238136980087,16.1821912722007,9.86029953273336,16.1269228233484,9.8192586141996,16.0992885989223,9.77034715214015,16.1224613670397,10.0598470213182,16.0026743618998,9.86209460240592,16.0807965505776
9.93633218199261,16.1743620278819,9.85443773125266,16.1187875399408,9.81349050588269,16.0910002959703,9.76428382472475,16.1143865233859,10.0551155037897,15.9937536118608,9.85641173988409,16.0724495683123
9.92972050977429,16.1671080325462,9.84834205936434,16.1108772801923,9.80765283415936,16.0827619040154,9.75815137493998,16.1063651411615,10.0503130707104,15.9848718243341,9.85065752314433,16.0641526711294
9.92369553552681,16.1592020477522,9.84239992209636,16.1027908528449,9.80175211538114,16.0745852553913,9.7519564616644,16.0984090671089,10.0454446133607,15.9760415249135,9.84483819968279,16.0559178949167
9.91790798171663,16.1510322208624,9.83649315288573,16.0946573822475,9.79578573847028,16.0664699629401,9.7456965805667,16.0905179636593,10.0405077001524,15.9672618601714,9.83895141486777,16.0477446832132
9.91165914255058,16.1434600707922,9.83038325515701,16.0867583841513,9.78974531146023,16.0584075408308,9.73936340890529,16.082683402699,10.0354951442785,15.9585232279933,9.8329891260035,16.0396243063603
9.90475113190538,16.1367419940373,9.82400371743223,16.0791812312638,9.78363001019566,16.050400849877,9.73295641147911,16.0749081603512,10.0304057876491,15.949828260559,9.8269504050402,16.0315597010561
9.89803729410669,16.1295580780782,9.81764289208395,16.0714930554209,9.77744569107258,16.0424605440922,9.72648181989934,16.0672027127428,10.0252441009975,15.9411881650802,9.82084094924288,16.0235616507416
9.89141853451914,16.1221460604097,9.81126788269465,16.0637754897055,9.7711925567824,16.0345902043534,9.71994014538374,16.0595705157729,10.020009992239,15.9326063213645,9.81466117415545,16.0156335793542
9.88485946294148,16.1151639709197,9.80486323928277,16.0562458643079,9.76486512745342,16.026786811002,9.71332605596927,16.0520085629215,10.0146985145086,15.9240788648839,9.80840585405097,16.0077722639363
9.87832483811544,16.1083579695152,9.79842412579086,16.0488297826125,9.75847376962857,16.0190656891612,9.7066505174844,16.0445317746227,10.009317893082,15.9156222644801,9.80208524618488,15.9999931191549
9.8717902132894,16.1015519681107,9.79195407473282,16.0414837395612,9.75203600545453,16.0114496252864,9.69993211739481,16.0371620842126,10.0038825537939,15.9072612643408,9.79571699290759,15.9923188382959
9.86525558846336,16.0947459667062,9.78545681034729,16.0342125458141,9.74555742128926,16.003945835368,9.69317761975894,16.0299056610157,9.99839731255065,15.8990034774443,9.78930755582218,15.9847559002311
9.85877582337065,16.0876044497831,9.77895093806504,16.0269050564916,9.73903849541224,15.9965553598459,9.68638855948731,16.0227625395929,9.9928626661832,15.8908497535944,9.78285825795452,15.9773045862498
9.85232323355718,16.0802967321266,9.77241815942446,16.0196079246851,9.7324656223581,15.9892635209643,9.67955131027478,16.0157179957704,9.98726682745227,15.8827837655359,9.77635581188917,15.9699498755398
9.84563253131338,16.074128126346,9.76575616153788,16.0127414369251,9.72581797665013,15.9820480922147,9.67264389990347,16.0087508379954,9.98159152165746,15.8747809841672,9.76977886262196,15.9626699480788
9.83870184133886,16.0691076037365,9.75897143715149,16.0063178375728,9.71910623505781,15.9749229544909,9.66567655556367,16.0018754343246,9.97584518622302,15.8668566739853,9.7631369314913,15.9554796898331
9.8319626359275,16.0627624308963,9.75223248561723,15.9995399129787,9.7123674104621,15.9679286540199,9.65868710735613,15.9951315771372,9.97005919044419,15.8590557606505,9.75646644929253,15.9484201811217
9.8253000820444,16.0558869987865,9.74549650444541,15.9926676260166,9.70559471564591,15.9610579396316,9.65166895897512,15.9885117807218,9.96422789954591,15.8513699192691,9.74976167358138,15.9414831721162
9.81830219945361,16.0500384165225,9.73860130298209,15.9861957486016,9.69875085474633,15.9542744146412,9.64458377661258,15.981980713872,9.95831881992137,15.8437582557651,9.74298586140651,15.934631675004
9.81095555228895,16.0452578276651,9.73154192271072,15.9801385534118,9.69183510792161,15.9475789162851,9.63743006653257,15.9755400862262,9.95233042631799,15.836221917501,9.73613714650054,15.9278676261783
9.8036262289683,16.0398538641717,9.72445412722987,15.9739467802672,9.68486807636066,15.940993238315,9.63022838488262,15.96921185863,9.94627984069785,15.8287854467823,9.72923510289468,15.9212138695582
9.7963056641212,16.0341347390865,9.71733476481174,15.9677246116493,9.67784931515701,15.9345195479307,9.62297857385976,15.9629980098904,9.94016659873802,15.8214506019464,9.72227967581133,15.9146721794009
9.78887587401653,16.0285459079344,9.71013336983814,15.9616121049017,9.67076211774894,15.9281452033854,9.61566411459696,15.9568857827041,9.9339762723491,15.8142021197134,9.71525497455002,15.9082290274026
9.78139802800449,16.0230144022886,9.70286606226448,15.9555832161529,9.66360007939448,15.921867623085,9.60827848117737,15.9508728610507,9.92770285100616,15.8070364381357,9.70815446888254,15.9018819314458
9.77380537247109,16.0176346316858,9.69551045348952,15.9496704075581,9.65636299399874,15.9156882954943,9.600820652059,15.9449618307396,9.92134528827096,15.7999554148646,9.70097710806468,15.8956333327078
9.7661563204434,16.0123293960554,9.68808571398911,15.9438494226587,9.64905041076197,15.9096094359604,9.59328979391569,15.939155577003,9.91490268252452,15.7929611859562,9.69372212414478,15.889485844184
9.75839390250314,16.0071814198359,9.68057244047703,15.9381496279294,9.64166170946397,15.9036337319761,9.58568533463044,15.9334569680536,9.90837407954151,15.786056166907,9.68638889183827,15.8834421988505
9.7505779775651,16.0021076676822,9.67299003423653,15.9325454338377,9.63419606257225,15.8977643169155,9.57800728276774,15.9278682798123,9.90175889726218,15.7792425569918,9.67897727174983,15.8775047074332
9.74259839405755,15.9972829065884,9.66530162090567,15.9270968181406,9.62665323432973,15.8920037739167,9.57025556995233,15.9223920528297,9.89505645429109,15.7725227823113,9.67148706416436,15.8716759079116
9.73455005086412,15.9925627568641,9.65753848098801,15.9217576048428,9.61903269604995,15.8863550288322,9.56242971499989,15.9170313701338,9.88826566339719,15.765899634741,9.66391769462936,15.8659587784268
9.72650170767068,15.9878426071397,9.6497233305298,15.916494757886,9.61133414195936,15.8808208332591,9.55452968684249,15.9117887933972,9.88138580998155,15.7593756273294,9.65626896099507,15.8603559283022
9.71845336447725,15.9831224574153,9.64185595345305,15.9113107434812,9.60355724794095,15.8754048865142,9.54655573634625,15.9066673997195,9.87441628108956,15.7529539276524,9.64854082301081,15.8548706349633
9.71052821714246,15.9780945947608,9.63397765404626,15.906105166469,9.59570237249816,15.8701104523231,9.53850856505373,15.9016700868602,9.86735700120652,15.7466375466349,9.64073377382905,15.8495059276368
9.70265290597185,15.9729422536355,9.62606299709262,15.900940050551,9.587768042653,15.8649389490087,9.53038683941368,15.8967981663713,9.86020624059472,15.7404275016032,9.63284639208647,15.8442630995956
9.6944310763722,15.9685727895096,9.61797843215034,15.8961182797453,9.57975211003941,15.8598910248632,9.52218842945537,15.8920523484228,9.85296164537197,15.7343240145751,9.62487646577786,15.8391428468206
9.68576903222134,15.9651978867635,9.60969412785213,15.891712495465,9.57165667566752,15.8549697998158,9.5139155017519,15.8874357283551,9.84562472583277,15.7283303408009,9.61682598664689,15.8341484199868
9.67710698807047,15.9618229840174,9.6013605658361,15.8873944213937,9.56348735471891,15.8501801400818,9.50557384011679,15.8829529472658,9.83820027393594,15.7224518920973,9.60870058274938,15.8292846296304
9.6684449439196,15.9584480812713,9.59298045832317,15.8831662637164,9.55524821552495,15.8455253549389,9.49716766451597,15.8786070697765,9.83069172866501,15.716692361969,9.60050443617724,15.8245545534416
9.65976145520858,15.9549431209685,9.58454788750147,15.8789858039049,9.54694110364791,15.8410071453731,9.48869899461267,15.8743994629166,9.82310056317497,15.7110535206056,9.59223954470266,15.8199595676601
9.65106967860652,15.9513878960367,9.57606757320503,15.8748801220786,9.53856652050428,15.8366262350995,9.48016845221746,15.8703305731297,9.81542701381809,15.7055360340473,9.58390645849583,15.8155002300497
9.64255420169925,15.9474423875308,9.56760104604701,15.8707360955558,9.53012446822089,15.8323829495683,9.47157606085048,15.8664006202736,9.80767083014483,15.7001401714025,9.5755050977498,15.8111769377313
9.63411057354465,15.9433378237978,9.55911339316859,15.8666310424321,9.52161480298056,15.8282776517492,9.46292167650001,15.8626099073854,9.79983166203826,15.6948661486415,9.56703521074367,15.8069901863905
9.62528680275866,15.9403814140678,9.55045379527507,15.8630009594109,9.51303729153328,15.8243107320824,9.45420502429072,15.8589588625304,9.79190907999757,15.6897141734786,9.55849643950328,15.8029405518422
9.61608631850436,15.9385628011565,9.54162598467499,15.8598438611125,9.5043958177603,15.8204843910905,9.44542995663486,15.8554497113524,9.78390643310364,15.6846868882225,9.54989253819051,15.7990304576547
9.60700881537293,15.9361206273051,9.53280126936258,15.856574822792,9.49569749635741,15.8168019205354,9.43660360454963,15.8520856522737,9.77583009210648,15.6797885108672,9.54123058687531,15.7952632326772
9.5979804269929,15.9334294230348,9.52395681870193,15.8533194636929,9.48694501455645,15.813264484022,9.42772870658185,15.8488676434446,9.76768240644939,15.6750204281083,9.53251338082425,15.7916397380345
9.58889538023547,15.93095545753,9.51505698664756,15.8502330856493,9.4781377898536,15.809871899709,9.41880473486531,15.8457952560847,9.7594626896493,15.670382207435,9.52374041138524,15.7881595307836
9.57978741302375,15.9285693733134,9.50611399497746,15.8472729744846,9.46927728595432,15.8066247750702,9.40983318851225,15.8428688754184,9.75117211652542,15.6658745755682,9.51491309011096,15.7848232533836
9.57082894124825,15.9257777723293,9.49718684569106,15.8442752565388,9.46036579791246,15.8035239986436,9.40081637186482,15.8400892259594,9.74281264148542,15.6614986630207,9.5060336315424,15.781631913681
9.56192995971114,15.9228247999363,9.48824619001639,15.8413216121638,9.45140430516901,15.8005700182775,9.39175524898789,15.8374566598342,9.73438500343467,15.6572549301026,9.4971029558365,15.7785860339016
9.55277210601884,15.9210309798143,9.4791862052887,15.8388524247682,9.44239325492363,15.7977631472451,9.38265022764318,15.8349714761731,9.72588942873854,15.6531436332148,9.488121442453,15.7756860392707
9.54334965170368,15.9204219623322,9.47000758752645,15.8368771296413,9.43333655543784,15.7951047132958,9.37350518125603,15.8326349823863,9.7173293822825,15.6491666140661,9.47909291683202,15.7729334401808
9.53400192228584,15.9191877085533,9.46082786779419,15.8347936503518,9.42424084054836,15.7925966212511,9.36432673828781,15.8304489495104,9.70871093317249,15.645326706516,9.47002398754052,15.770330158298
9.52468430402686,15.9177015094371,9.45163408231477,15.8327268864577,9.41510897145873,15.790239574968,9.35511777512568,15.828413833364,9.70003664126937,15.6416249015197,9.4609175708097,15.7678766150285
9.51548816418817,15.9158245457915,9.44245670535432,15.8306305490092,9.40594097593739,15.788033550618,9.34587833339323,15.8265293170376,9.69130637997293,15.6380610239955,9.45177372267849,15.7655725476107
9.50634160350677,15.9137880988729,9.43327214223526,15.8285818002237,9.39673741159951,15.7859786508991,9.33660894892489,15.824795327143,9.6825204837923,15.6346352047242,9.44259294197597,15.7634181393234
9.49700323987774,15.9129051087233,9.4240004371141,15.8270184074808,9.38749903573228,15.7840750568595,9.32731032285035,15.8232120356166,9.67367945765933,15.6313477260782,9.43337589060865,15.7614138381923
9.48747491158818,15.9131645203265,9.41464479416394,15.82593726335,9.37822973545182,15.7823236348618,9.31798629674673,15.8217802730936,9.66478680630649,15.6282000033108,9.42412637705763,15.7595607581151
9.47813606575569,15.912240246757,9.40533590326442,15.8245637915129,9.36893582201879,15.7807255638909,9.30864315684243,15.8205010567485,9.65584839388326,15.6251941022677,9.41485068839809,15.7578600942388
9.46887464972961,15.910832273983,9.39603757099203,15.8231314783817,9.35961903162324,15.7792810805811,9.29928260928288,15.8193744402688,9.64686572432947,15.6223304048336,9.40555057817837,15.7563118483902
9.45953339843611,15.9103371084523,9.38669653023926,15.8221056807236,9.35027809614083,15.7779899668593,9.28990333697967,15.818400119279,9.63783738501834,15.6196084313561,9.39622475729302,15.7549157412512
9.45011174624139,15.910761217415,9.37731532504633,15.8214889028587,9.3409171144488,15.7768527455806,9.28050939010743,15.8175785277522,9.62876711936294,15.6170293750527,9.3868772602087,15.7536725402481
9.44069009404668,15.9111853263777,9.36792603222898,15.8209752609308,9.33154400132013,15.7758702282074,9.27110864698713,15.8169102322354,9.61966240839065,15.6145952780492,9.37751597077179,15.7525831137063
9.43126844185197,15.9116094353403,9.35853215568349,15.8205649707448,9.32216401259925,15.775042738447,9.26170632905278,15.81639511558,9.61052821701958,15.6123071618581,9.36814615719414,15.7516474207933
9.4218816825809,15.9119965107165,9.34914703640592,15.820245629953,9.31277971331843,15.7743701895712,9.25230494741219,15.8160325990559,9.60136691121996,15.6101652302466,9.35877038197709,15.7508649669215
9.41251101683603,15.9123665052369,9.33976497707158,15.8200236668946,9.30339195718936,15.7738522477235,9.24290527249498,15.8158220275778,9.59217917797798,15.6081692876696,9.34938945735087,15.7502352987122
9.40316023021914,15.9129442227214,9.33038727241655,15.8199737776555,9.29400079351525,15.7734885551225,9.23350725474788,15.8157629523115,9.58296490348205,15.6063190517453,9.34000336928955,15.7497582469674
9.39381741853833,15.9136052727025,9.32101100176398,15.8200543645937,9.28460779337681,15.7732789105393,9.22411236830399,15.8158552082511,9.57372545734685,15.6046146346699,9.33061362815435,15.7494339571806
9.38449938075947,15.9144838335509,9.31164328560972,15.8203100716878,9.27521523803485,15.7732231907563,9.21472280543585,15.8160987440621,9.56446291128802,15.6030562890555,9.3212224709638,15.7492625886644
9.3751912501387,15.9154493776511,9.30228072046685,15.820697306537,9.26582545563093,15.7733212709799,9.20534081235904,15.8164935088401,9.55517938901978,15.601644252364,9.31183219435608,15.7492441888303
9.36591376049902,15.9166293473249,9.29293178039351,15.8212584359516,9.25644079034075,15.773572980265,9.195968657459,15.8170394142372,9.54587703569682,15.6003787394925,9.302445117794,15.7493787019914
9.35664819136,15.9178927366576,9.2835917895167,15.8219496628198,9.24706358859505,15.7739781259009,9.1866086150279,15.8177363082419,9.53655800445073,15.5992599400465,9.29306356601934,15.7496660029924
9.34741923242377,15.9193715496163,9.27427054161848,15.8228148469607,9.23769619621583,15.7745364956329,9.17726295772108,15.8185839557202,9.52722445295162,15.5982880176436,9.28368986396443,15.7501059194955
9.33820468633629,15.9209351713961,9.26496221455628,15.8238102887599,9.22834097866627,15.7752478474418,9.16793397409852,15.8195820445767,9.51787856369314,15.5974631111254,9.27432635693867,15.7506982479299
9.32896476559009,15.9221978044186,9.25565512534311,15.824807206863,9.21900030521962,15.7761119080852,9.158623953499,15.8207302160225,9.50852252840538,15.5967853317168,9.2649753947641,15.7514427528943
9.3197149534005,15.923343107262,9.2463550886147,15.8258667196558,9.2096751562218,15.7771285258527,9.14933380158423,15.8220282887929,9.49915714911236,15.5962546847395,9.25563794144682,15.7523393470414
9.31069819936403,15.92544038065,9.23714338409472,15.8273452302851,9.20036597646006,15.7782976551026,9.14006390366424,15.823476281746,9.48978268163189,15.5958712131016,9.24631443957261,15.7533881577206
9.30191301981608,15.9284835642711,9.22802221627488,15.8292403743321,9.19107681450428,15.7796187793626,9.13081825501883,15.8250737423173,9.48040301378933,15.5956351404128,9.2370089529126,15.7545889146366
9.29287108224368,15.9306199817153,9.21883328404259,15.830933885595,9.18181438494204,15.7810908375348,9.12160349657096,15.8268195325124,9.47102475632935,15.5955465759055,9.22772818950712,15.7559405755665
9.28372664067928,15.9323943962458,9.20962904356669,15.8326071260747,9.1725802450104,15.7827134909892,9.11242108486982,15.8287131163792,9.46164931559639,15.5956053600269,9.21847364436674,15.7574424872665
9.27478573896046,15.9350784625534,9.20051034678571,15.8346841702675,9.16337265069834,15.7844870241246,9.10326918627784,15.8307546758224,9.45227473580108,15.5958114339434,9.20924353094946,15.7590948247327
9.26604758385388,15.9386686355527,9.19147902098803,15.8371633821181,9.15419473955511,15.7864107554008,9.09415087764736,15.8329435665678,9.44290403986484,15.5961647788836,9.20004102241792,15.7608972208332
9.25712375794428,15.9414038428792,9.18240971106936,15.839456765831,9.1450526876319,15.7884832273069,9.08507227113899,15.8352783378702,9.4335433823406,15.5966651226476,9.19087232194495,15.7628484216955
9.24812597764174,15.9437985094945,9.17334073618219,15.8417354984009,9.13594811545241,15.7907039928541,9.07603489390462,15.8377584279716,9.42419425018826,15.5973122410179,9.18173899471358,15.7649477949048
9.23942068430297,15.9470025369006,9.16439338339446,15.8443830942055,9.12687973294021,15.7930733728579,9.06703737877074,15.8403841172916,9.41485512942667,15.5981061845866,9.17263971220628,15.7671955895667
9.23100888605197,15.9510187147466,9.15556998852094,15.8473999225113,9.11785053975543,15.7955905263936,9.05808268854172,15.8431546613524,9.40552894515734,15.5990467580632,9.16357752669448,15.7695912492337
9.22249180492834,15.9548431512551,9.14674139917625,15.8504502004953,9.1088661963002,15.7982537251154,9.04917644508815,15.8460684016118,9.39622140258032,15.6001333609945,9.15455813838554,15.7721332345378
9.21391936717517,15.9585667721806,9.13792700245281,15.8535633342209,9.09993082009163,15.801061615241,9.0403226631653,15.8491238460326,9.38693660888548,15.6013653516562,9.14558560036719,15.7748200088966
9.20534692942201,15.962290393106,9.12914692601024,15.8567722940974,9.09104692430435,15.8040132445931,9.03152370621462,15.8523197929613,9.37767701630866,15.6027421833462,9.13666232091786,15.7776503452831
9.19677449166885,15.9660140140314,9.12040273314831,15.8600763888045,9.08221685388804,15.8071075761911,9.02278177367028,15.8556550061458,9.36844493728066,15.6042632844002,9.12779057947687,15.7806230940784
9.18837379052896,15.969999147105,9.11175316417245,15.8635620552487,9.0734428509942,15.8103435093205,9.01409899015706,15.8591282842028,9.35924260486062,15.6059280570663,9.11897259393244,15.7837371783638
9.18004162025859,15.9740886356481,9.10316591330238,15.8671759214605,9.06472805982427,15.8137195643667,9.0054783834324,15.8627380587816,9.35007320774751,15.6077356768806,9.11021149350207,15.786991168539
9.17164138772944,15.9780214056004,9.09459776454849,15.8708298324124,9.05607595295802,15.8172340458184,8.99692329510752,15.8664825209396,9.34094029372795,15.609685142092,9.10151071321427,15.7903833589055
9.16321307669364,15.9818895226293,9.08606159212479,15.8745544543543,9.04748584984037,15.8208869202168,8.98843295748161,15.8703616355216,9.33184302695239,15.6117763379595,9.09286952226301,15.793913682104
9.15522255591434,15.9863786841603,9.0777111425064,15.8785788983934,9.03895543580243,15.82467900551,8.98000508437059,15.8743764617139,9.32277882440938,15.6140097449509,9.08428566042235,15.7975831766782
9.14769655469644,15.9915268080949,9.06955869396349,15.8829141872847,9.03048976359701,15.8286078768796,8.9716447958022,15.8785248603425,9.31375295568642,15.6163840511495,9.07576434826109,15.8013898648949
9.13991017819112,15.9964594292675,9.061369700155,15.887265268825,9.02209946113694,15.8326681886037,8.96336263191742,15.8828014323405,9.30477668939961,15.6188960125776,9.06731622487603,15.8053284582909
9.13202110302409,16.001307050648,9.05319839734527,15.8916744969283,9.01378704450586,15.8368582200684,8.95516082718878,15.8872040489621,9.29585261402092,15.6215443162911,9.05894350791231,15.809396657471
9.12433235476537,16.0062773132973,9.04514356787109,15.8962119166905,9.00554917442395,15.8411792183871,8.94703579551574,15.891733661558,9.28697703247051,15.6243295599248,9.05064261789882,15.81359531856
9.11673099639957,16.0113010765343,9.03717162875668,15.9008519645896,8.99739194493523,15.8456274086173,8.93899343289928,15.8963863159403,9.27815649226612,15.6272492961729,9.04241968712303,15.8179208472806
9.10901386079376,16.0162510535472,9.02922139703218,15.9055480134433,8.98932516515139,15.8501964933914,8.93104322660943,15.9011553506123,9.26940166185478,15.6302992824388,9.03428447802737,15.8223669517242
9.10124725792353,16.021169504479,9.02131265106873,15.9103148723615,8.98134534764133,15.8548875563028,8.92318135452519,15.9060415071861,9.26070873627747,15.6334799433198,9.026233195355,15.8269342710761
9.09405981944537,16.0264993341503,9.01364897752212,15.9153033581512,8.97344355656049,15.8597053701516,8.91539889228489,15.9110497917273,9.2520678962658,15.6367943839152,9.01825686067714,15.8316276406199
9.08745637152273,16.0322439705706,9.00623745941834,15.9205109287391,8.96562800336615,15.8646444078234,8.90770420600516,15.9161750983437,9.24348815015436,15.6402389334532,9.01036408214364,15.8364423069507
9.08062817445916,16.0379875491534,8.99882221119808,15.9257894797289,8.95791922956754,15.8696904450166,8.90011749925379,15.9214028670363,9.23499221620881,15.6438035920941,9.00257547795493,15.8413642303172
9.07370312523343,16.0437306718774,8.99144719400112,15.9311372758139,8.95031922838496,15.8748405777822,8.89263991459838,15.9267291803203,9.22658237302563,15.6474857685039,8.99489230829203,15.8463894456767
9.0667780760077,16.0494737946014,8.98413733041062,15.9365585782633,8.94281695761208,15.8801009700943,8.88525985637594,15.9321596991409,9.21824642464497,15.6512894192005,8.98730292718584,15.8515233611856
9.05985302678196,16.0552169173254,8.9768910925113,15.9420537337542,8.93541012537597,15.8854721419686,8.87797503948316,15.9376952292795,9.20998193847124,15.6552148388419,8.97980522020886,15.8567669325986
9.05290465221927,16.0610089008791,8.96970158810104,15.947637628089,8.92810005604193,15.8909519916939,8.8707871676562,15.9433344105392,9.20179059780995,15.6592605532228,8.9724009873618,15.8621188670739
9.04594690014842,16.0668205280002,8.96257161057998,15.9533013957503,8.92088396579576,15.8965418296253,8.86369392258036,15.9490793318471,9.19366933659163,15.663427490079,8.9650877285221,15.8675809629797
9.03950211310087,16.0729109067187,8.9556724590499,15.9591333825427,8.91375763202441,15.9022446204547,8.85669164215333,15.9549337767469,9.18561332736655,15.6677178480628,8.9578614723473,15.8731565954962
9.03366098020721,16.0793293186403,8.94903747396836,15.9651473761258,8.90672572084893,15.9080564048685,8.84978545026659,15.9608944081293,9.17762780167597,15.6721287427905,8.95072724057208,15.8788423100362
9.0273175731894,16.0856071844398,8.94230562625138,15.9711804165355,8.89979965278237,15.9139670325834,8.84298673777926,15.9669510942993,9.1697258004428,15.6766524929336,8.94369655002708,15.8846280968719
9.02077992429705,16.0918306975642,8.93557925172131,15.9772608704461,8.89297891543344,15.919975956887,8.83629457466673,15.9731028893336,9.16190679164663,15.6812885182479,8.93676844584743,15.8905129079772
9.01469320424441,16.0982903551589,8.92906787477378,15.9834900572707,8.88625521003847,15.9260899083266,8.82970044747065,15.9793563765981,9.15416122493561,15.6860419183752,8.92993432113388,15.8965031797443
9.00919857053515,16.1050600792288,8.92281988976286,15.9898912144703,8.87963054937672,15.9323067820911,8.82320637434414,15.9857095382136,9.14649140132523,15.6909111538461,8.92319646176737,15.9025971849497
9.00327477681683,16.1117189123485,8.91650054852022,15.9963182711899,8.87311343437192,15.9386179506106,8.81682078066983,15.9921537472026,9.13890726870026,15.6958895640737,8.9165636746184,15.9087866736769
8.99717379066401,16.118331960593,8.91019399534564,16.0027922410524,8.86670409768646,15.9450223812821,8.8105436606621,15.9986878189334,9.13140914785454,15.7009762636675,8.91003601979599,15.9150704664403
8.99153124634385,16.1252000391688,8.90410837827223,16.0094168193342,8.86039694423642,15.9515252094169,8.80436938555826,16.0053169429581,9.12399044689273,15.7061752861171,8.90360772082551,15.9214535637087
8.98632757099597,16.1323122597306,8.89823849552214,16.0161868515046,8.85419395778522,15.9581241473916,8.79830009129218,16.0120390475705,9.11665348668037,15.7114849036317,8.89728100145023,15.9279339684226
8.9809605518193,16.1394557405737,8.892387716837,16.0230266378592,8.84810129934585,15.9648120865019,8.79234196650758,16.0188471137756,9.10940564650213,15.716899497721,8.89106226647335,15.9345048398784
8.97552917748639,16.1466115375252,8.88658990671304,16.0299284333847,8.84212027132636,15.9715868813144,8.78649609479979,16.0257388715265,9.10224853474806,15.7224173136169,8.88495269228189,15.9411639422294
8.97010754172402,16.1537611855555,8.88086854815619,16.0368870929592,8.83624905137227,15.978450046661,8.78076042727893,16.0327157175485,9.0951799695856,15.7280395595087,8.87895027237476,15.9479126619289
8.96468985208566,16.1609083420082,8.875221184564,16.0439042046937,8.83048685080317,15.9854021360365,8.77513415184808,16.0397782614853,9.08819900575213,15.7337667443355,8.87305427391905,15.9547516460855
8.95967697584614,16.1682654356855,8.86978117863611,16.0510507107682,8.8248332800311,15.9924433483095,8.76961710756118,16.0469269505319,9.08130520291247,15.7395991550854,8.86726452890206,15.9616813203481
8.95507884573986,16.1758376177281,8.86455340664366,16.0583262763958,8.81929068709556,15.9995706057296,8.76421181956375,16.054158893317,9.07450142051524,15.745534361895,8.86158362086409,15.9686988283564
8.95037776507277,16.1834399411863,8.85936811482541,16.0656654382816,8.81386328970173,16.0067781868292,8.75892238002901,16.0614683185464,9.06779283559416,15.7515676658102,8.85601584060782,15.9757985248847
8.94563357592735,16.1910548857567,8.85424608308301,16.0730609002398,8.80855233666084,16.0140639074813,8.75374971970289,16.0688528654367,9.06118102618477,15.7576972599206,8.85056229022112,15.9829781304312
8.94107546227828,16.1987366079285,8.8492631912098,16.0805310907607,8.80335705567556,16.0214283321768,8.74869283320807,16.0763129991212,9.05466507330338,15.7639236596556,8.84522206650327,15.9902381377491
8.93659533585846,16.2064463176657,8.844384571986,16.0880611566443,8.79827919004977,16.0288685761336,8.74375328242909,16.0838457799856,9.04824720694299,15.7702444935269,8.8399969600796,15.9975757267476
8.93237842528797,16.2142748198109,8.83967372435529,16.0956784084692,8.79332137388895,16.0363802027983,8.73893344644683,16.0914466784416,9.04193083699442,15.7766560414608,8.83488965816012,16.0049865258501
8.92827010701186,16.2221523309355,8.83507977358795,16.1033580927182,8.78848460687599,16.0439609736096,8.73423402414424,16.0991133485957,9.03571733620482,15.7831564113862,8.82990111059947,16.012468289978
8.92416178873574,16.2300298420601,8.83056676551566,16.1110830202163,8.78376925390562,16.0516096092944,8.72965513856805,16.1068444538437,9.02960726428587,15.7897445220881,8.82503163321431,16.0200197382808
8.92005347045963,16.2379073531846,8.82613515521206,16.1188519928255,8.77917599758828,16.059324312646,8.72519732647648,16.1146382053638,9.02360160481889,15.7964188539473,8.82028193290507,16.0276391213512
8.9162108818771,16.245899570742,8.82187403853512,16.1267018968588,8.77470561686413,16.0671030599172,8.72086128750955,16.1224926295313,9.01770149179393,15.8031776910677,8.8156528506355,16.0353244847302
8.91247484301294,16.2539377821737,8.81773069485774,16.1346087767424,8.77035862078014,16.0749442740268,8.71664747301574,16.1304062115951,9.01190770092641,15.8100196937753,8.81114494602921,16.0430743111624
8.90878270868236,16.2620209748286,8.81368451554281,16.1425713709783,8.76613541897303,16.0828465690531,8.71255624860814,16.138377634494,9.00622087309568,15.8169436875224,8.80675868124032,16.0508872735575
8.90510780707318,16.2701218228103,8.80972635868245,16.150580673014,8.76203563448709,16.0908100981159,8.70858727507565,16.1464071598263,9.00064058432953,15.8239498566077,8.80249373580335,16.0587635841396
8.90170046185398,16.278304687344,8.80593927205116,16.1586586742118,8.75805867714975,16.0988356676457,8.70474013329127,16.1544957602016,8.99516608877817,15.8310389929724,8.79834963976295,16.0667041397843
8.89874864106658,16.2866271880242,8.80238599342785,16.1668243683347,8.75420466960849,16.1069229584899,8.70101516494377,16.1626432910016,8.98979755903472,15.8382109198907,8.79432668896001,16.0747087331009
8.89579682027918,16.2949496887044,8.79891462139356,16.1750314142175,8.75047352195075,16.115072276974,8.697412521003,16.1708502277771,8.98453484498844,15.845466035015,8.79042495865752,16.0827777699237
8.89284499949178,16.3032721893846,8.79552540791233,16.1832794995813,8.74686561212261,16.1232831546797,8.69393278138172,16.1791162387977,8.97937840828338,15.8528040651684,8.78664498924072,16.0909108724826
8.88993074824063,16.3116726755971,8.79223155842947,16.1915933801154,8.74338196352389,16.1315537323746,8.69057708126056,16.1874395518198,8.97432962416136,15.8602235019297,8.78298795018867,16.0991062570579
8.88703293898582,16.3201072915318,8.78902711324787,16.1999561551651,8.7400242003789,16.1398805869817,8.68734699741496,16.1958167613394,8.96939076461777,15.8677214181332,8.77945555995954,16.1073605468671
8.88444541771406,16.3286914576384,8.78601120276074,16.2084035277703,8.73679409528408,16.1482595628363,8.68424407193275,16.2042436628309,8.96456438865567,15.875294192418,8.77604960447818,16.1156695951012
8.88217758288841,16.3374297037146,8.78318723460408,16.2169363650062,8.73369206046192,16.156689695652,8.68126845178096,16.2127192421056,8.95985109214335,15.8829410607519,8.77277042204299,16.1240324129208
8.87990974806277,16.3461679497908,8.78044837425765,16.2255042982007,8.73071768735509,16.1651724724057,8.67841959930738,16.2212449934751,8.9552501805773,15.8906634962222,8.76961757124975,16.132450484476
8.87764191323713,16.3549061958671,8.77779484145238,16.234107217343,8.72787130556,16.173707728081,8.67569786913295,16.2298208120147,8.95076202194383,15.898461503073,8.76659150198371,16.1409237001325
8.87549742452266,16.363618669399,8.77526839419917,16.2427352545737,8.72515387903742,16.1822935471611,8.67310431362806,16.2384448578184,8.94638795875529,15.9063334956674,8.76369335856237,16.1494502152995
8.87340022711564,16.372321261652,8.77284481289408,16.2513907529758,8.7225671057833,16.1909254986377,8.67064061321013,16.2471127388983,8.9421305443049,15.9142755611645,8.76092498645293,16.1580256510334
8.87159040380276,16.3811139276353,8.77060532628433,16.2601033954085,8.72011278752511,16.1995981292951,8.6683083634801,16.2558189902057,8.93799262948309,15.9222827992376,8.75828822644667,16.1666445661218
8.87009406149843,16.3900048502269,8.76855898825152,16.2688748426161,8.71779145162806,16.2083098388107,8.66610781489219,16.2645619913463,8.93397504104798,15.9303538255786,8.7557835057562,16.1753053315207
8.86856326795916,16.3988543403621,8.76658975337917,16.2776591316656,8.71560299608917,16.2170615273174,8.66403869460457,16.2733426593504,8.9300774911901,15.9384895796597,8.75341064817058,16.1840088328989
8.86701831102343,16.4076867970207,8.7647049538068,16.2864626911074,8.71354827519849,16.2258506381508,8.66210176056255,16.2821584765954,8.92630132746962,15.946687807196,8.75117059706398,16.1927525459672
8.86572372140302,16.4165630215268,8.76299363952923,16.2953024686893,8.71162859859233,16.2346721922706,8.66029818691243,16.2910044981559,8.92264883354255,15.9549439723756,8.74906478535504,16.2015315283916
8.8647878106543,16.4255019483156,8.76149226672821,16.304183332802,8.70984449476516,16.2435240250452,8.65862834819283,16.2998785957769,8.91912096083757,15.9632561372028,8.74709375186914,16.2103436221799
8.86381620031309,16.4344295619858,8.76006946606602,16.3130804772145,8.70819609894249,16.2524059348288,8.65709228756474,16.3087806207116,8.915717875279,15.9716242038177,8.74525761479912,16.2191886281635
8.86282964168619,16.4433524385786,8.75873253622188,16.321994568981,8.70668398348973,16.2613156341822,8.65569053603487,16.3177083487742,8.91244059281528,15.9800461190016,8.74355701576361,16.2280642801751
8.86211230797213,16.4523316272078,8.75757672296881,16.3309433121786,8.70530893046715,16.270249154664,8.6544238086228,16.3266578717043,8.90929067690738,15.9885182255157,8.74199283036116,16.236966632844
8.8616918531141,16.4613729120701,8.75661150869967,16.3399271708675,8.70407133649246,16.2792043002662,8.65329239812947,16.3356270512598,8.90626894968611,15.9970385210625,8.74056547244834,16.2458934979708
8.86134186378806,16.470435802515,8.75576157799375,16.3489318963125,8.70297143509659,16.2881799432112,8.65229644962109,16.3446148227259,8.90337585424445,16.0056060147521,8.73927517372882,16.2548437537533
8.86102077912536,16.4795075554787,8.75501331356775,16.3579518166984,8.70200958078895,16.2971739473082,8.65143626973791,16.3536191196987,8.90061217094485,16.0142187569418,8.73812234756423,16.2638152789993
8.86082631145175,16.4885208126552,8.7543995404152,16.3669625573477,8.70118615489692,16.306183429694,8.65071220576093,16.3626371313651,8.89797886544299,16.0228740735271,8.73710745805621,16.2728052068269
8.86068862298316,16.4975078384048,8.75389716997145,16.3759732028519,8.70050144346559,16.3152058850754,8.65012448800845,16.371666423624,8.89547672324126,16.0315696364909,8.73623083812345,16.2818110420656
8.86084659819341,16.506512546618,8.75358598290247,16.384996819011,8.699955675257,16.3242389552075,8.64967327000675,16.3807047100359,8.89310643853033,16.0403032479625,8.7354927474851,16.2908304345706
8.86131130378479,16.5155355991501,8.75346978006454,16.3940321621056,8.69954901820442,16.3332804435833,8.64935865571612,16.3897498689542,8.89086862146609,16.0490728578053,8.73489339230289,16.299861196187
8.86177600937618,16.5245586516822,8.75344640140263,16.403071705796,8.69928159741586,16.3423282328529,8.64918073040863,16.3987998605084,8.88876382968644,16.0578764852458,8.73443294744101,16.3089012180385
8.86224071496756,16.5335817042143,8.75351591276205,16.4121140291093,8.69915351165929,16.3513801915568,8.64913957015868,16.4078526318063,8.88679259476468,16.0667121286984,8.73411156297533,16.317948376397
8.86287813336963,16.5425648499541,8.75373593169862,16.421144399187,8.69916483086311,16.3604341738035,8.64923522497191,16.4169061158209,8.88495542112116,16.075577765486,8.73392936251729,16.3270005322529
8.86358632943739,16.5515316419008,8.7540725036568,16.4301692238123,8.6993155907665,16.369488014768,8.64946771848592,16.4259582267088,8.88325278590195,16.0844713473331,8.7338864379725,16.3360555265789
8.86457907374599,16.5606902352792,8.75459688428844,16.4392564396326,8.69960578955967,16.3785395418093,8.64983704768781,16.4350068704226,8.88168513561999,16.0933908108658,8.7339828452083,16.3451111912571
8.86585576346531,16.5700402237483,8.75530911928766,16.448410195086,8.70003579719883,16.3875951807548,8.65034379252265,16.4440585394926,8.88025152903396,16.1023425858539,8.73421890302286,16.354173960149
8.86721668810777,16.5792211567289,8.7561435608934,16.4575203132902,8.70060699728621,16.3966698915709,8.65098999005642,16.4531282183559,8.87895028383852,16.1113416639665,8.73459598411234,16.363258807742
8.86861184353507,16.5883333901507,8.75708425250478,16.4666191125986,8.70132045698963,16.4057619738226,8.65177741945486,16.4622141932272,8.87778284467053,16.1203866664657,8.73511561921283,16.3723640240372
8.87021302171106,16.5974205910294,8.75818841640745,16.4757121352943,8.70217611375565,16.4148579074267,8.65270642353731,16.4713029284553,8.87675199179633,16.1294644139277,8.73577826576435,16.3814760521419
8.87190024045528,16.6064973376536,8.75941610148818,16.4848001522817,8.70317403200463,16.4239515595958,8.65377705157559,16.48038830716,8.87585907520846,16.1385689760023,8.73658401845901,16.3905887418216
8.87371411607757,16.6154597615268,8.76078097138891,16.4938464410998,8.70431439904458,16.4330397808863,8.65498917692064,16.4894672363567,8.87510493702307,16.1476973646229,8.73753289728631,16.3996989466591
8.87558037199782,16.6243749060114,8.76225807342157,16.5028694312475,8.70559692413344,16.4421166938655,8.65634208066001,16.4985339265636,8.87449051696652,16.1568438233818,8.73862453689853,16.4088007894831
8.87771301330988,16.6333093078746,8.76391825411902,16.5118866521563,8.70702087452359,16.4511753242971,8.65783457486063,16.507581516357,8.87401655653553,16.166001431231,8.73985820159322,16.4178872899883
8.8801065194931,16.6422625680301,8.76575990004519,16.520898681977,8.70858659032123,16.4602167389505,8.65946668450586,16.5166111820762,8.8736831821329,16.1751713552439,8.74123412367239,16.426959526941
8.88261889747663,16.651204450017,8.76773677776767,16.5299000787075,8.71029571791319,16.4692478930527,8.66124007559254,16.5256299372895,8.87349056821862,16.1843607927361,8.74275387089318,16.4360244720555
8.88517800898488,16.6601418587654,8.76982508890397,16.5388919266205,8.71214862886352,16.478266960548,8.66315538176392,16.5346359608151,8.87343947409543,16.1935680858706,8.74441806110283,16.4450802618289
8.88785674877579,16.6689447719471,8.77204845489206,16.5478255891508,8.7141443079502,16.4872659977526,8.66521185913872,16.5436212992302,8.87353059033731,16.2027853036426,8.74622601705459,16.4541188845615
8.89058247191327,16.6776948627387,8.77438203286894,16.556724052264,8.71628181334678,16.4962386470266,8.66740857833242,16.552579635521,8.87376426055728,16.2120060824896,8.74817686789787,16.4631339577893
8.89355572043968,16.6864151389365,8.77689197444755,16.565591179806,8.71856010145149,16.5051792002408,8.66974426690269,16.5615053650355,8.87414056461592,16.2212246769442,8.75026949494554,16.4721197799833
8.89679764455492,16.6951030529853,8.77958538826478,16.5744258455678,8.72097926011971,16.514087241859,8.67221879659299,16.5703981844392,8.87465963952385,16.2304407550349,8.75250384706678,16.4810759624699
8.90007337154274,16.7037162853352,8.78238484014561,16.5832162917806,8.72354057444704,16.5229662950033,8.67483343719077,16.5792616809483,8.87532200292825,16.2396580860229,8.75488112211612,16.4900060508884
8.90336252172899,16.7122998614106,8.78528321303547,16.5919752472088,8.72624355868871,16.5318129401079,8.67758779485405,16.5880924661501,8.87612787966967,16.2488732808714,8.75740097650566,16.498906589483
8.90691173021766,16.7208697239124,8.788361333322,16.600702699821,8.72908613487417,16.5406191877753,8.68047981770342,16.5968825993224,8.87707688884108,16.2580781501774,8.76006153168243,16.507769528245
8.91072432612403,16.7294256972874,8.79161996084204,16.6093971475935,8.73206777820104,16.5493828727466,8.68350894354963,16.6056299856643,8.87816896198435,16.2672705245962,8.76286227182165,16.5165926924098
8.91463545646657,16.737910897197,8.79500455660222,16.6180403706851,8.73518910667004,16.5581051074292,8.68667581019292,16.6143357897589,8.87940446746066,16.276451678962,8.76580376718658,16.5253772057308
8.91861323066836,16.7463482294062,8.79850428757927,16.6266387187764,8.73844981603472,16.5667839634615,8.68998018380226,16.6229981152342,8.88078348312805,16.2856197258303,8.76888575441051,16.5341211248946
8.92284181935517,16.7546451854992,8.80217965887364,16.6351583720279,8.74184857863288,16.5754149652923,8.69342079254878,16.6316125212645,8.88230562284439,16.2947700739376,8.77210700538565,16.5428199364201
8.92719912751558,16.7628700997412,8.80598925304311,16.643619853983,8.74538431580687,16.5839947311039,8.69699655947214,16.6401756812919,8.88397052127924,16.3038992541827,8.77546648947329,16.5514702361496
8.93155643567599,16.7710950139832,8.80988958994152,16.6520454382367,8.74905616707428,16.5925206503635,8.70070658553149,16.6486850583309,8.88577785952825,16.3130045998327,8.77896335460478,16.5600694061796
8.93591374383641,16.7793199282251,8.81388012458088,16.6604335762445,8.75286331495312,16.6009904002542,8.70455003809188,16.6571383955771,8.88772731760728,16.3220837325765,8.78259680559076,16.5686151110724
8.94047297356639,16.7873708695171,8.818027627097,16.6687248287765,8.75680495386231,16.6094018084062,8.70852613799303,16.6655335688311,8.88981856468958,16.3311344226072,8.78636607786516,16.5771051576512
8.94511275517687,16.7953524083757,8.82229094787694,16.676952301615,8.76088004422698,16.6177522482347,8.71263386838496,16.6738680008956,8.89205111314462,16.3401539533159,8.79027016803247,16.5855369004589
8.95000349778656,16.8031897001616,8.82672609578262,16.6850891907653,8.76508739478065,16.6260389360671,8.71687205156229,16.6821389619805,8.89442435806476,16.3491394250598,8.79430791967497,16.5939075369691
8.9551518659137,16.8108789142507,8.83133464452023,16.6931327737192,8.76942603382349,16.6342597034535,8.72123973823011,16.6903443332907,8.8969377941556,16.3580885839133,8.79847839333279,16.6022148803854
8.96030023404084,16.8185681283398,8.83603015598606,16.7011311828165,8.77389511695867,16.6424127100548,8.72573613463494,16.6984823084738,8.89959097960075,16.3669995225677,8.80278078045007,16.610457069767
8.96544860216797,16.8262573424289,8.84081201238702,16.709083104997,8.77849371749654,16.6504959862811,8.73036037201648,16.7065509459112,8.90238341144198,16.3758701936736,8.80721419090386,16.6186321143055
8.9707702469547,16.8338184930285,8.84573728883189,16.7169444560307,8.78322080977048,16.6585074375318,8.73511148075261,16.7145481778252,8.90531451304481,16.3846984095694,8.8117776350414,16.62673789805
8.97616446097473,16.841326009923,8.8507716336158,16.7247385412473,8.78807521993634,16.6664448069095,8.73998834063996,16.7224717734948,8.90838360388759,16.3934817922945,8.81646998052238,16.6347721388096
8.98175537121873,16.8486916687029,8.85595557661091,16.7324344140194,8.793055679307,16.6743057866777,8.74498973217814,16.7303194522051,8.91158992621061,16.4022178941494,8.82128999906921,16.642732503102
8.98754395019106,16.8559147679941,8.86128857350012,16.7400303339308,8.79816088515465,16.6820881168991,8.75011439291818,16.7380889851848,8.91493268014399,16.4109043080564,8.82623642301266,16.6506167076017
8.99348456511413,16.862964651385,8.86675447841402,16.7475145391987,8.80338943506396,16.6897894831055,8.75536095498419,16.7457780919005,8.91841098025793,16.4195385540522,8.83130788388452,16.6584224145026
8.99948872813551,16.8699421338667,8.87232105601405,16.7549165844158,8.80873721995332,16.6974038096904,8.76072529138804,16.7533807669239,8.92202208547033,16.4281139077889,8.83650035893837,16.666143487963
9.00549289115689,16.8769196163484,8.87796348107502,16.7622556979664,8.81419877603409,16.7049237387754,8.76620182349352,16.760889796446,8.92576219550721,16.4366221100184,8.8418084458924,16.6737725207428
9.01149705417827,16.88389709883,8.88367979598576,16.7695297208912,8.81977116688951,16.7123460319218,8.77178745322089,16.7683021318368,8.92962910023348,16.4450594688015,8.84722915365045,16.6813063048383
9.01769451050552,16.8906953290341,8.88953322012963,16.776677871316,8.82545257494169,16.719669142457,8.77748025157846,16.77561639135,8.93362132013664,16.4534241879009,8.85276059723953,16.6887433390044
9.02397302097608,16.8974183929528,8.89548719598315,16.7837364430732,8.83124428348669,16.7268954681334,8.78328152721529,16.7828350388436,8.93773958317718,16.4617189802539,8.85840398837835,16.6960860773972
9.03021217815114,16.9037793688994,8.90150347721529,16.7906123682933,8.83714912674737,16.7340288679902,8.78919430383106,16.7899618642337,8.94198583800989,16.4699483111712,8.86416215159906,16.7033383959074
9.03641166793922,16.9097753669316,8.90757652844317,16.7972982757258,8.84315895869515,16.7410597301229,8.79521060774942,16.796987189104,8.94635417371435,16.4781011478275,8.87002720159899,16.7104904788816
9.04285985126257,16.9158541517009,8.91379027538352,16.8039300131354,8.84925548744399,16.7479679438526,8.80131202228248,16.8038910880326,8.95083097376612,16.4861540566818,8.87598115392131,16.7175219461157
9.04942684143257,16.9219724856736,8.92009884467629,16.8104918513044,8.85543484629815,16.7547515341198,8.80749435661494,16.8106719666603,8.95541282150301,16.4941044179364,8.88201991758491,16.7244309913592
9.05609681782854,16.9279406851209,8.92650238552145,16.8169278796771,8.86170516936791,16.7614214769552,8.81376558937933,16.8173410541871,8.96010526928329,16.5019648264916,8.88815122421434,16.7312289445689
9.06281618626982,16.9338368802666,8.93298428611794,16.8232662723274,8.868068336042,16.7679809683578,8.82012771977683,16.8239015506919,8.96490944984083,16.5097389288034,8.89437692185622,16.7379190496843
9.06965283662273,16.9394997658606,8.93956630115995,16.8294530465686,8.87452303342856,16.7744296869226,8.82657971894751,16.8303529688446,8.96982421663393,16.5174262011967,8.90069588238817,16.7445008296317
9.07653896231916,16.9450642298818,8.94622367145996,16.8355326564437,8.88106602603036,16.7807668697247,8.83311860804201,16.8366943856787,8.97484664402121,16.5250252709552,8.9071050156405,16.7509733599722
9.0834250880156,16.9506286939029,8.95293633450195,16.8415382284152,8.88769195774513,16.7869929956714,8.83973923845553,16.8429261485369,8.97997148665039,16.5325355042018,8.91359900818292,16.7573369812881
9.09031121371203,16.9561931579241,8.95970155847288,16.8474702901434,8.8943967308533,16.793108856253,8.84643765716794,16.8490489681356,8.98519463492545,16.5399568555062,8.92017378161253,16.763592385946
9.09743534245121,16.9616006526397,8.96659531486363,16.8532783078326,8.90117530106984,16.7991171354291,8.85320898111732,16.8550654126681,8.99051068830769,16.5472908864085,8.92682426308542,16.769742144398
9.10465922400568,16.9669423577337,8.97357188851291,16.8589967851718,8.90802822076653,16.8050239988909,8.86005392266799,16.8609815194532,8.99591893811546,16.554543773995,8.93355094110813,16.7757923796913
9.11180885770215,16.9722266007789,8.98057414855074,16.8646349245455,8.91495679397504,16.8108390864288,8.86697404301731,16.8668066635828,9.0014187306114,16.5617251841825,8.94035502464979,16.7817526495625
9.11812728640173,16.9768675560135,8.98734569698798,16.8700019083548,8.92195490228111,16.8165690845255,8.87396356712295,16.8725471296639,9.00700290599352,16.5688401953106,8.94723040951499,16.7876293391925
9.12507194907305,16.9818376421388,8.99435883425603,16.8754168305667,8.92900227684752,16.8222064247807,8.88100246067714,16.8781950559174,9.012653500923,16.5758769467184,8.95415713239097,16.7934142854871
9.1323115951202,16.9869627631959,9.00149284278031,16.880824689834,8.93608346661037,16.8277556531531,8.88807541414218,16.8837547783266,9.01835472161598,16.5828363480286,8.9611196523462,16.7991116971678
9.13955831545846,16.9920407866092,9.00865468627699,16.8861685247069,8.94320287168626,16.8332323937557,8.89518688753625,16.8892418141774,9.0241076239727,16.5897345166795,8.96812207931966,16.8047372311641
9.14680792612958,16.9970995674064,9.01583727750097,16.8914700920092,8.95035195318666,16.8386553543106,8.90232869640691,16.894674348902,9.0299003992891,16.5965873716767,8.97515559061375,16.8103092672691
9.1540575368007,17.0021583482036,9.02303262350755,16.8967459032107,8.95752016686097,16.8440396807142,8.90949076313692,16.9000668490881,9.03572021267489,16.6034067580315,8.98220966458993,16.8158422861955
9.16130714747181,17.0072171290008,9.03023570083882,16.9020028213824,8.96469997752232,16.8493956675732,8.91666585015037,16.9054291622751,9.04155783667274,16.6102007570326,8.98927678831598,16.8213461065602
9.16860697958438,17.0121777110486,9.03745756936767,16.9072156589877,8.97188286425932,16.8547346329572,8.92384569689137,16.91077221515,9.04740289380053,16.6169781990589,8.99634838049894,16.8268316327197
9.17592740397155,17.0170980287081,9.04468637397935,16.9124070131442,8.97906585898325,16.8600615053623,8.93102752447786,16.9161006610156,9.05325135532224,16.6237432918634,9.00342148160412,16.8323035815115
9.18326892878132,17.0219719235164,9.05192089952912,16.9175776004003,8.98624688490302,16.8653804388422,8.93820944468851,16.9214183869122,9.05910022253761,16.6304996917125,9.01049400657769,16.8377659598508
9.19061915378605,17.0268266771035,9.05915830859024,16.9227353678618,8.99342788599233,16.8706897132409,8.94539352027328,16.926723500415,9.06495134504458,16.6372465084948,9.01756800401335,16.8432169901723
9.19818932444314,17.0313964087979,9.06647007122483,16.9277907377169,9.00061044461568,16.8759879021764,8.95258128658309,16.9320146222101,9.07080623183398,16.6439829953432,9.02464501261765,16.8486553634207
9.20584906744097,17.0358500660083,9.07381579976255,16.9327982242273,9.00779916592334,16.8812723033368,8.95977701433164,16.9372894787798,9.07666937227988,16.6507080376311,9.03172942848056,16.8540787997432
9.21308550229994,17.0407222029685,9.08102780580509,16.9379346810284,9.01499895755767,16.8865409200584,8.96698494242977,16.94254695862,9.08254518788926,16.6574214654189,9.03882559452784,16.8594861788835
9.21988041747482,17.0460308234969,9.08809907321381,16.9432055377754,9.02220840108331,16.8917928949146,8.97420333002082,16.9477866338412,9.08843237844329,16.6641222342717,9.04593177861121,16.8648770474232
9.22701939375537,17.0510837668845,9.09528664656296,16.9483810486908,9.02942027296676,16.897029689594,8.98142470927357,16.9530103103497,9.09432375479519,16.6708100440221,9.05304044380177,16.8702531048806
9.23434929235174,17.0559948329397,9.10253750269387,16.953501264804,9.03663160786493,16.9022544807362,8.98864595182415,16.9582213994412,9.10021581493544,16.6774872755441,9.06014843755064,16.8756176382583
9.24168160126754,17.0608847093446,9.10978785222759,16.9586112710481,9.04384097770762,16.9074745518999,8.99586579110599,16.9634269807946,9.10610601461296,16.6841603336318,9.06725436999593,16.8809776644304
9.24901522584868,17.0657630194448,9.11703664657768,16.9637167238682,9.05104735694218,16.9126935760799,9.00308346702512,16.968630370977,9.11199286363536,16.6908322991331,9.07435742561624,16.8863364624223
9.25634885042983,17.0706413295451,9.1242824047453,16.9688232853108,9.05824918190304,16.9179142631937,9.01029782327507,16.9738337276442,9.11787463319704,16.6975051278834,9.08145635796751,16.8916962213889
9.26368247501097,17.0755196396453,9.13152581707192,16.9739301316308,9.06544748810239,16.9231353776236,9.01751017173959,16.9790354271411,9.12375259557175,16.7041778489438,9.0885524718359,16.8970554019229
9.2713123939985,17.0799314851267,9.13886687984907,16.9788800763736,9.07264412277435,16.9283543719971,9.02472263434175,16.9842325259553,9.12962910852244,16.7108483847854,9.09564792295386,16.9024111489581
9.2790713868059,17.0841401260624,9.14625151210083,16.9837597266267,9.0798415747483,16.9335695269089,9.03193764149747,16.9894233666786,9.13550677416271,16.7175157832505,9.10274516613769,16.9077618774002
9.28649924842798,17.0889736199246,9.15352784413272,16.9888446256669,9.08704214198509,16.938780128538,9.03915711858255,16.9946077363111,9.14138759697977,16.7241802007691,9.10984614182136,16.9131074065797
9.2936174048443,17.0943915353476,9.16070511354193,16.9941239795533,9.09424896789075,16.9439902016562,9.04638389420411,16.999790102146,9.14727364040648,16.7308463611565,9.11695358903521,16.9184522541578
9.30073556126061,17.0998094507706,9.16789075250594,16.9994070185901,9.10146834812861,16.9492058024998,9.05362404977324,17.0049768246673,9.15316966438914,16.7375216023038,9.12407351048054,16.9238028299951
9.30785371767693,17.1052273661936,9.17508587539656,17.0046969596587,9.10870195425638,16.9544317563912,9.06087907572046,17.0101730011648,9.15907624758579,16.7442109914111,9.13120733178172,16.9291641959899
9.31522840382161,17.1104048709294,9.18237494654256,17.0099151126361,9.11594821790304,16.9596702334894,9.06814745930688,17.0153807433997,9.16499156974157,16.7509161344325,9.13835352570335,16.9345383835173
9.3227093639551,17.1154827794007,9.18970702184903,17.0151082142621,9.123205850796,16.9649209316928,9.07542806020276,17.020599547614,9.17091452689152,16.7576363759037,9.14551096898327,16.9399248547672
9.33046573975656,17.1199421247936,9.19713726447757,17.0201029942257,9.13047302683808,16.9701834289418,9.08271937053549,17.0258285550298,9.1768437294819,16.7643706376721,9.15267815420198,16.94532274148
9.33833251522834,17.1241535207491,9.20460842327396,17.0250200107053,9.13774637729677,16.9754532556834,9.09001819469513,17.0310630432252,9.18277691296243,16.7711137849023,9.15985198489437,16.9507272631034
9.34582138615633,17.12907211371,9.2119548092079,17.0301739677499,9.14502152073369,16.9807248947699,9.09732015392915,17.0362974755756,9.1887109058868,16.7778595701538,9.16702819417851,16.9561328075715
9.35293137537728,17.1346997323045,9.21917588142619,17.035563898145,9.15229813445065,16.9859959810652,9.10462476560064,17.0415296936757,9.1946457017703,16.784605802861,9.17420635497599,16.9615372007367
9.36004136459823,17.1403273508989,9.2263982216841,17.0409537280112,9.15957665022703,16.9912669165674,9.11193227598408,17.0467603575887,9.20058153826428,16.7913530540118,9.18138671575959,16.9669410856348
9.36715135381918,17.1459549694934,9.23362157142905,17.0463441475611,9.16685668023398,16.996538736595,9.11924218468018,17.0519906690671,9.20651782358037,16.7981022346992,9.18856877056882,16.9723456218798
9.37438577630756,17.1511649855502,9.24088711708521,17.0515963582345,9.17413778747403,17.0018120445767,9.1265539368908,17.0572214031763,9.21245391094209,16.8048539134938,9.19575195714527,16.977751556611
9.38166723943992,17.1562171315075,9.24816569849239,17.0567943509482,9.18141492801862,17.0070829606686,9.13386253529756,17.062448612784,9.21838572768205,16.8116032009464,9.20293135323061,16.9831548521613
9.38934546921619,17.1606715672326,9.2555692002963,17.0617880264959,9.18868106583635,17.0123462561276,9.14116104618702,17.0676669244527,9.22430758830875,16.8183434238353,9.21010009801012,16.9885500478168
9.39718477680176,17.1648833468364,9.26302118118334,17.066696650614,9.19593938337413,17.0176033025028,9.14845277030614,17.0728775356875,9.23022232094101,16.825076599012,9.21726143708353,16.9939384550719
9.40447611329886,17.1697628806525,9.2702895900016,17.0718270050592,9.20319632835297,17.0228590672625,9.15574429936259,17.0780852144078,9.2361352812692,16.8318088507743,9.22442184025543,16.9993250068492
9.41125279294238,17.1752695721584,9.27738407183679,17.0771645788392,9.210449711284,17.0281120821796,9.16303347484927,17.083288449016,9.24204471669278,16.8385382120099,9.23157917291196,17.0047081582411
9.4180294725859,17.1807762636643,9.28447099188222,17.0824964973182,9.21769175153038,17.0333566141452,9.17031246529408,17.0884815752973,9.24794423210072,16.8452574366988,9.23872570494239,17.010082108595
9.42480615222942,17.1862829551702,9.29154793452697,17.0878207759346,9.22491882567574,17.0385896863168,9.1775775383156,17.093661764391,9.25383078036283,16.8519629713242,9.24585774846487,17.0154439739652
9.43228298785946,17.1908665161232,9.29884834977103,17.0928296151571,9.23213103072682,17.0438111646741,9.18482872956378,17.0988289651242,9.25970439670648,16.8586547849037,9.25297533970518,17.0207937060026
9.44004183336264,17.1950782571744,9.30623649944724,17.0977094941527,9.23933383248954,17.0490251126419,9.1920715456213,17.1039871840223,9.26556955094461,16.86533801559,9.26008389332324,17.0261354353202
9.44712021578091,17.2001207264582,9.31339667236893,17.1028650602188,9.24653490066294,17.0542372270991,9.19931372836845,17.1091420175802,9.27143253266431,16.8720198540576,9.26719102065532,17.031474935394
9.45350820904586,17.2060060419946,9.32032477731041,17.1082998436886,9.25373306144268,17.0594467445356,9.20655413396263,17.1142926600027,9.27729240918779,16.8786992580477,9.27429558845313,17.0368113861751
9.46028247531313,17.2114725483926,9.32737518708778,17.1135900433403,9.26092154297511,17.0646487908142,9.2137859959963,17.1194342282219,9.28314366359801,16.8853699682088,9.28139092458048,17.0421397778149
9.46740130709127,17.2165654662048,9.3345331645467,17.1187500935229,9.26809909327442,17.0698424071819,9.22100804244204,17.1245657898175,9.28898524372085,16.8920308105686,9.28847576836814,17.0474591638489
9.47452385423901,17.2216384597636,9.34168776479322,17.1238998394079,9.27526972007033,17.0750305292301,9.2282242957516,17.1296902592735,9.29482041914273,16.8986855252003,9.29555408160797,17.0527725413727
9.48164862972978,17.2266995034827,9.34883995107123,17.1290430000668,9.28243561174195,17.0802147483588,9.23543692904026,17.1348092486725,9.30065097040105,16.9053361494904,9.3026280132723,17.058081554674
9.48876217839942,17.2317654840115,9.35598555132649,17.134185433484,9.28959723779002,17.0853954082203,9.24264639958461,17.1399231179242,9.3064772783952,16.9119831231935,9.30969801802102,17.0633865671251
9.49586959696897,17.2368341601507,9.36312650549426,17.1393265687623,9.2967549597569,17.0905727730681,9.24985306229874,17.1450321396552,9.31229963631575,16.9186267847418,9.31676444721091,17.0686878564991
9.50297401593052,17.2418951777096,9.37026404706967,17.1444630957579,9.30390906263924,17.095747054782,9.25705719612279,17.1501365333656,9.31811827662535,16.9252674025032,9.3238275788029,17.073985643907
9.51007715505577,17.2469529275984,9.37739900292856,17.149596682968,9.31105992686495,17.1009185606528,9.26425918808884,17.1552365964894,9.32393351991687,16.9319053447752,9.33088779833718,17.0792802290913
9.51718029418103,17.2520106774873,9.38453206759278,17.1547286382041,9.31820795429866,17.1060876185625,9.27145945203688,17.1603326395568,9.32974570644374,16.9385410017618,9.33794551542522,17.0845719287589
9.52428343330628,17.2570684273762,9.39166332610539,17.1598590200271,9.32535327250494,17.1112543163526,9.27865810640374,17.1654247622606,9.33555493737768,16.9451744906085,9.34500085032901,17.0898608405297
9.53138008533963,17.2621276665627,9.39879062287797,17.1649883154871,9.33249589164714,17.1164186399493,9.28585514023509,17.170512979085,9.34136121206107,16.9518058117983,9.35205379876553,17.0951469699997
9.53847416614545,17.2671874960481,9.4059154096744,17.1701163339594,9.33963603143888,17.121580752915,9.29305076287401,17.1755974673931,9.3471647105507,16.9584351716315,9.3591045751124,17.1004304877126
9.54593669221615,17.2717109016073,9.41316155820583,17.1750642298663,9.34677399120067,17.1267408939958,9.30024527399737,17.1806784648572,9.35296568449995,16.9650628580133,9.3661534808387,17.1057116290283
9.55354303032424,17.2760249294784,9.42045479202545,17.1799414632056,9.35391067287606,17.1318997300692,9.30743957912459,17.1857566327063,9.35876487291406,16.9716897146365,9.37320141022571,17.1109910708855
9.5605156215399,17.281115071492,9.42753668313931,17.1850770850728,9.36104721393901,17.1370580918632,9.31463481843393,17.1908327972055,9.36456320401765,16.9783168008103,9.38024948683401,17.1162696626357
9.56684775539232,17.2869895455839,9.4344045502132,17.1904735184956,9.36818294762364,17.1422155049515,9.32183031870339,17.1959064921957,9.37036013871297,16.9849435008276,9.38729705353092,17.121546916527
9.57381558357807,17.2924279127601,9.44148245752096,17.1957229989985,9.3753158944924,17.1473705421177,9.32902409013188,17.2009763040119,9.37615406903011,16.9915679789729,9.39434215768753,17.1268213687867
9.58112328360598,17.2976331168373,9.44867759598331,17.2008973704786,9.38245475217197,17.1525294972993,9.3362248819065,17.2060484539854,9.38195206690761,16.9981983129122,9.40139338718789,17.1320994621989
9.58847449332593,17.302882826975,9.45590108794599,17.2060963718415,9.38961438525602,17.1577031442748,9.34344762320947,17.2111336262535,9.38776621981982,17.004848320043,9.40846541591573,17.1373922288288
9.59585044344442,17.3081578440645,9.46314906600965,17.2113153626875,9.39679837729226,17.162894121999,9.35069588998417,17.2162344712886,9.39359945306784,17.0115213539245,9.41556177876892,17.1427023724771
9.6032263935629,17.313432861154,9.47041161781367,17.2165447385447,9.40400422993905,17.1681006772401,9.3579671778858,17.2213492442158,9.39944974937434,17.0182151243845,9.42268001839538,17.1480280831776
9.61060234368138,17.3187078782436,9.47768814219111,17.2217840721205,9.41123104144598,17.1733221690589,9.36526057413324,17.2264773191518,9.40531637144871,17.0249288064449,9.42981924391435,17.153368704898
9.61801319259549,17.3240044139056,9.48499026940058,17.2270405399531,9.41847880780312,17.1785586029768,9.37257603827853,17.2316187529677,9.41119931197559,17.0316624063811,9.43697944600447,17.1587242500031
9.62543838840434,17.3293097958529,9.49231003309531,17.2323091211472,9.42574585544079,17.1838087837943,9.37991183407602,17.2367724390274,9.41709721212725,17.038414380447,9.44415896574323,17.164093502866
9.63287594492433,17.3346314670839,9.49964519806008,17.2375911706471,9.43302982462795,17.1890710224287,9.38726554375693,17.2419367702033,9.42300815928861,17.0451825460936,9.45135547153987,17.1694747357065
9.64031861212282,17.3399598733071,9.50699235887933,17.2428827911146,9.44032923225759,17.1943442500184,9.39463563862362,17.247110741851,9.42893094983659,17.0519655272288,9.45856749599631,17.1748668581268
9.6477453291138,17.3452758967743,9.51434374407346,17.2481770684696,9.44764295155329,17.1996276543172,9.402020956505,17.252293591522,9.43486467001353,17.0587622776129,9.46579392566647,17.1802690396439
9.65516593254326,17.3505871740499,9.52170064566513,17.253475148975,9.45496800222607,17.2049191364376,9.4094185125144,17.2574832269116,9.44080692202776,17.0655700519473,9.4730318453775,17.1856790921987
9.66280350303335,17.3553927759953,9.52913498473728,17.2586083324147,9.46230072558924,17.2102161106244,9.41682467269605,17.2626770269482,9.44675475943643,17.072385475457,9.48027767969046,17.191094316346
9.67052774018186,17.3599963878737,9.53660122246003,17.2636763164274,9.46963796359912,17.2155162807043,9.42423628975916,17.2678726786878,9.45270561482956,17.07920560629,9.4875283185036,17.1965123511642
9.67786420950604,17.3653281702586,9.5439392139362,17.2689876801014,9.47697671615128,17.2208174350228,9.43165035927202,17.2730679745782,9.45865703727394,17.0860276365611,9.49478079269402,17.2019309436242
9.68475834724239,17.3714905858115,9.55113187082178,17.2745773539012,9.48431863261147,17.2261207379461,9.43906856469179,17.2782640295774,9.46461035532815,17.0928530862422,9.50203673027692,17.2073512876167
9.69203780654396,17.3770519487999,9.55845864767183,17.2799706799192,9.49166906823576,17.2314300454789,9.44649631334641,17.283464625723,9.4705699088574,17.0996869264567,9.50930142069034,17.2127773288571
9.69947211934379,17.3823717600541,9.56584291626193,17.2852876251226,9.499028314721,17.2367455576569,9.45393391022883,17.2886699433079,9.47653592899202,17.1065294247065,9.5165751495519,17.2182092757451
9.70710622556496,17.3872449390193,9.57329726515043,17.2904580918827,9.50639278494316,17.2420646683144,9.46137777408413,17.2938773659663,9.48250549831473,17.1133772420187,9.52385437541147,17.2236444602613
9.71482592003106,17.3919267879924,9.58078214672998,17.2955660942029,9.51376026007944,17.2473857473082,9.46882570393053,17.2990852362167,9.48847680475326,17.1202283055098,9.53113690673215,17.2290812156453
9.72216542702435,17.3972979377668,9.58814116768871,17.3009043363181,9.52112903802089,17.2527075355937,9.47627599710075,17.3042922939832,9.49444845511172,17.1270810210958,9.53842105740599,17.2345182615221
9.72912516391262,17.4033576316315,9.59537510206982,17.3064730033916,9.52850007114842,17.2580306892716,9.48372960952177,17.3094991890583,9.50042120871431,17.1339362606137,9.54570775742621,17.2399562848083
9.73641976949627,17.408891721089,9.60272410434304,17.3118687676617,9.53587627176643,17.263357290948,9.49118946354388,17.3147079892027,9.50639741846256,17.140796722553,9.55299987378067,17.2453974299128
9.74384949621707,17.4142137266277,9.61012163192906,17.3171961574736,9.54325769978506,17.2686873728965,9.49865560797368,17.319918741598,9.51237712813192,17.1476624581612,9.5602974579334,17.250841740586
9.75127320100811,17.4195327165772,9.6175193337535,17.3225239155173,9.5506424001262,17.2740195149873,9.50612607555653,17.3251300420593,9.51835874867826,17.1545316469084,9.56759857623749,17.2562877675703
9.75869451830241,17.4248505109449,9.62491795276683,17.327852315221,9.55802966999904,17.2793532173591,9.51360017687846,17.3303413707378,9.52434171221874,17.1614036396644,9.57490254237154,17.2617349885019
9.76611089510682,17.4301654512865,9.63231650630646,17.333180719439,9.56541931190628,17.2846883535153,9.52107773071279,17.3355525773138,9.5303258639485,17.1682782606284,9.58220917248525,17.2671832581084
9.77352530656766,17.435479256287,9.63971587609256,17.3385096148893,9.57281116085501,17.2900247941904,9.52855857213163,17.3407635313171,9.53631106541131,17.175155352558,9.58951830100379,17.2726324479801
9.78113702263632,17.4404200790181,9.64718238417647,17.3437149652762,9.58020506494654,17.2953624084052,9.53604254116644,17.3459741119669,9.5422971845086,17.1820347654235,9.59682976923651,17.2780824365584
9.78882876785329,17.4452096156052,9.65467664520538,17.3488704489511,9.58760058388143,17.300700865624,9.54352918960947,17.3511839988066,9.54828385893238,17.188916084711,9.60414313720084,17.283532892944
9.79627390604152,17.4503701822731,9.66208940826219,17.3541498966632,9.59499715937252,17.3060397538583,9.55101795292025,17.3563927875958,9.55427063220513,17.1957987878395,9.61145785004394,17.2889834004981
9.80344419668049,17.4559442680078,9.66941130620853,17.3595675080493,9.60239486097255,17.31137912807,9.55850890772557,17.3616005224238,9.56025756175602,17.202682942144,9.61877398067992,17.2944340094964
9.81061448731946,17.4615183537426,9.67673428145965,17.3649856865333,9.60979417852974,17.3167193529287,9.56600255880115,17.3668075460853,9.56624504805752,17.2095690084843,9.62609201963561,17.2998850834912
9.81778477795842,17.4670924394773,9.68405850916503,17.3704045560611,9.61719537476834,17.322060614353,9.5734991751667,17.3720140345788,9.5722333020756,17.2164572298207,9.63341222604153,17.3053368132662
9.82512890925412,17.4724888522457,9.69144193920623,17.3757648881491,9.62459845418229,17.3274029061008,9.58099876265116,17.3772199786325,9.5782223235093,17.2233476063122,9.64073460098778,17.310789197247
9.83254807022715,17.4778085813109,9.69885146300069,17.3811002191479,9.63200315938746,17.3327460380664,9.58850106345314,17.3824251876634,9.58421190193822,17.2302398968329,9.6480588893957,17.3162420421646
9.8399642630707,17.4831197314217,9.70626083454233,17.386433070718,9.63940912027815,17.3380897403661,9.59600570626838,17.3876293924247,9.59020173623538,17.2371337561349,9.65538472552173,17.3216950721514
9.84737933679879,17.4884276468891,9.71367055987865,17.3917651424502,9.64681617141858,17.3434338902307,9.60351252412316,17.3928324713274,9.59619169072594,17.2440290291224,9.66271194491075,17.3271481630545
9.85496613848982,17.493425771314,9.72113820511366,17.3969942110714,9.65422423842558,17.3487784309501,9.61102144118089,17.3980343687602,9.60218170362715,17.2509256455193,9.67004047294654,17.3326012584241
9.8626204448299,17.4983021197902,9.72862899683695,17.4021829222085,9.66163327284048,17.3541233234176,9.61853240627894,17.403235048499,9.60817173370321,17.2578235586919,9.6773702602153,17.3380543204121
9.87004782954248,17.5034557136425,9.73604476649296,17.4074642615885,9.6690432349682,17.3594685355615,9.62604537781292,17.4084344802302,9.61416174721269,17.2647227303635,9.68470126585169,17.3435073184826
9.87719627246603,17.5089501093924,9.74336762204278,17.4128590158845,9.67645329683116,17.3648134691305,9.63355951924355,17.4136320768124,9.62015107345595,17.2716223899799,9.69203267146921,17.34895964123
9.88434471538958,17.5144445051422,9.75068933075989,17.4182527080736,9.68386163844504,17.3701568095393,9.64107299400529,17.4188265459091,9.62613823875821,17.2785208437078,9.69936267864143,17.3544099446204
9.89149315831314,17.519938900892,9.75800922478767,17.4236448532453,9.69126725802493,17.3754978294219,9.64858479364873,17.4240171683058,9.63212242991409,17.2854171580102,9.70669029728967,17.3598574853219
9.89881474618052,17.5252804144036,9.76538502129951,17.4289844876055,9.698670158859,17.3808365242064,9.65609492078386,17.4292039392835,9.63810364602186,17.2923113335689,9.71401552877437,17.3653022613923
9.90620234420372,17.5305636427575,9.77278121283814,17.4343032876655,9.70607064715535,17.3861731101195,9.66360368410733,17.4343870705364,9.64408213246264,17.2992036536507,9.72133867427809,17.3707444958749
9.91374603271586,17.5355882009296,9.78022810688699,17.4395346592739,9.71346914397256,17.3915078884461,9.67111151235972,17.4395668514083,9.65005822873673,17.3060945090599,9.72866014961588,17.3761844971457
9.92135145934409,17.5405104478729,9.78769498508258,17.4447312508668,9.72086674795183,17.3968416523637,9.6786195236045,17.4447440465284,9.656032823743,17.3129849224491,9.73598104262146,17.3816230730405
9.92863077653691,17.5457626888557,9.79505347867882,17.4500378250833,9.72826482974978,17.4021753931971,9.68612911178302,17.4499196132564,9.66200702745612,17.3198761701998,9.74330271096379,17.3870612324949
9.93554878171603,17.551380545788,9.8022912689679,17.455465835599,9.73566251259383,17.4075084805045,9.69363939486829,17.4550929274425,9.66798013293515,17.3267674358764,9.75062428859271,17.3924983303157
9.9429361721874,17.5565213316132,9.80968347867285,17.4607331036099,9.74305713191558,17.4128389896083,9.70114768279083,17.4602620990097,9.67394998553587,17.3336562370888,9.75794314129711,17.3979324003659
9.9505186535233,17.5614638321144,9.8171389947735,17.4659327792289,9.7504491653986,17.4181672527861,9.70865446062298,17.4654274483768,9.67991696611886,17.3405430135647,9.76525973874439,17.4033637859443
9.95779042933107,17.5666404360995,9.82449098899204,17.4712102631804,9.75784126882252,17.4234951767209,9.71616240521275,17.4705908517624,9.68588321767063,17.34743023426,9.7725767024139,17.4087944405221
9.96462929606885,17.5721432187724,9.83169716423458,17.4765951201357,9.76523109831744,17.4288210708173,9.72366912987299,17.4757506785778,9.69184684723217,17.3543157153864,9.77989170931754,17.4142226448191
9.97178633712234,17.5774876788695,9.83900290048497,17.4819222553386,9.77261118216629,17.4341395435731,9.73116706930104,17.4809016682307,9.69780181527481,17.3611924984775,9.7871973676471,17.419642898175
9.97913028751367,17.5827391334462,9.84636355248704,17.4872127873481,9.77998018497372,17.439449614299,9.7386548767887,17.4860428541365,9.70374703204636,17.3680593355245,9.79449235432124,17.4250542032777
9.98646221089501,17.5879806457998,9.85371599232684,17.4924966960291,9.78734288304276,17.4447547211438,9.74613738274574,17.491177597177,9.70968635177391,17.3749206737805,9.80178139169876,17.4304600719034
9.99378782310227,17.5932169409713,9.86106345213378,17.4977765183247,9.79470126664953,17.4500563070014,9.75361659473295,17.4963073154891,9.71562138632511,17.3817783692233,9.80906644731287,17.4358619777347
10.0011008863936,17.5984413244072,9.86840407833718,17.5030501971946,9.80205567430897,17.4553546335883,9.7610928740385,17.5014322373799,9.7215524182875,17.3886327427544,9.81634786455908,17.4412601755385
10.0084080195998,17.6036600788624,9.87574035214378,17.5083200245416,9.80940651841577,17.4606499973812,9.76856665704819,17.5065526235281,9.7274797827164,17.3954841760138,9.82362605528652,17.4466549625145
10.015715152806,17.6088788333175,9.88307454091965,17.5135880790552,9.81675423497647,17.4659427019241,9.77603839289109,17.5116687571784,9.73340382978025,17.4023330683637,9.83090144911553,17.4520466509947
10.0230222860122,17.6140975877726,9.89040673605787,17.5188544282859,9.82409896108071,17.4712328485425,9.78350822587798,17.5167807282209,9.73932467326366,17.4091795466727,9.83817418399346,17.4574353410198
10.0303194234019,17.6193092913628,9.89773360201302,17.5241167269419,9.83144069131858,17.4765204447314,9.79097615603284,17.5218885355337,9.74524231480334,17.4160236094245,9.84544425969924,17.462821032765
10.0376121441769,17.6245178795544,9.90505715441735,17.5293763897802,9.83877965953757,17.4818056448931,9.79844240998435,17.5269923426617,9.75115693908192,17.4228654669875,9.85271190011174,17.4682038942813
10.0449037048473,17.6297186886769,9.91237870618739,17.5346320070083,9.84611620685743,17.487088666174,9.80590730878203,17.5320923942665,9.75706881171945,17.4297054232994,9.85997742631343,17.4735841702448
10.0521947940334,17.6349163362676,9.91969865803721,17.5398852433169,9.85345059003911,17.4923696968415,9.81337110086342,17.537188890056,9.76297814234302,17.4365437179075,9.86724108993382,17.4789620557378
10.0594789589868,17.6401162005652,9.92701499988695,17.5451380082124,9.86078302033703,17.497648912036,9.82083400183288,17.5422819987593,9.76888511110467,17.4433805568842,9.87450310774234,17.4843377179754
10.0667594886101,17.6453172286683,9.93432891266872,17.5503900192833,9.86811362469803,17.5029264145908,9.82829614021463,17.5473718203953,9.77478982569824,17.4502160626506,9.88176360919861,17.4897112561131
10.0740399346827,17.6505135105603,9.9416416481373,17.5556393584666,9.8754425048646,17.5082022824197,9.83575761754619,17.5524584324184,9.7806923706743,17.4570503313495,9.88902269596677,17.4950827480042
10.0813203434597,17.6557076738224,9.9489533145425,17.5608869704516,9.8827698000839,17.5134766187662,9.84321857214719,17.5575419386462,9.78659286015427,17.4638834933572,9.89628050614941,17.5004522983093
10.0887149336554,17.6607623369811,9.95630208476258,17.5660871358268,9.89009566031617,17.5187495352497,9.85067915382776,17.5626224501729,9.79249141700056,17.4707156894547,9.90353718854813,17.5058200200745
10.0961598831978,17.6657554740687,9.96366717564305,17.5712662007386,9.89742082186567,17.5240215640736,9.85814010796808,17.5677004855176,9.79838863602603,17.477547606273,9.9107934718004,17.5111864558572
10.1033741704877,17.6709384551074,9.97095557553836,17.5765084343359,9.90474627806369,17.5292934239501,9.86560243957037,17.5727767461615,9.80428531980954,17.4843801706104,9.91805033952403,17.5165523375097
10.110353562489,17.6763147640494,9.97816545358739,17.5818146990227,9.91207139913659,17.5345646665094,9.8730655063148,17.5778508009128,9.81018096365504,17.4912127967892,9.92530716867335,17.5219172072704
10.117654136336,17.6814262423711,9.98548091446835,17.5870313730632,9.91939430353453,17.5398339384093,9.88052739666868,17.5829213381155,9.81607405245874,17.498043730805,9.93256209702297,17.5272796852255
10.1250833357662,17.6864316624162,9.99283803159177,17.5922115648581,9.92671537950456,17.5451015160791,9.88798850466374,17.5879886248995,9.82196489752334,17.5048733334501,9.93981550856784,17.5326400535735
10.1323207464656,17.6916161908416,10.0001312471752,17.5974512281188,9.93403649752996,17.5503687467574,9.8954507242467,17.5930539745475,9.8278550059282,17.5117033489069,9.94706925413748,17.5379996863381
10.1393660230568,17.6969801501898,10.0073603270401,17.6027503878914,9.94135747903173,17.5556355067422,9.90291386684762,17.5981172771659,9.83374423632384,17.5185336121693,9.95432315595177,17.5433584585254
10.1465774772178,17.7022387980197,10.0146437583762,17.6080134479048,9.9486768989554,17.5609007728473,9.91037648547612,17.603177539845,9.83963144248744,17.525362795046,9.96157580368005,17.5487153266501
10.1538793498822,17.7074401450367,10.0219561875553,17.6132563399256,9.95599460639183,17.5661644373701,9.9178384310513,17.6082346511318,9.8455165031288,17.5321907572296,9.96882705003023,17.5540701779742
10.1611759345765,17.7126389432846,10.0292662912796,17.618497730779,9.9633114696311,17.5714271245262,9.92530058479297,17.6132892159302,9.8514001171021,17.5390183080627,9.97607775455649,17.5594236485903
10.1684696023959,17.7178363356166,10.0365750904094,17.6237381703849,9.97062783441614,17.576689087769,9.9327632961745,17.618341481726,9.85728256483869,17.5458457716813,9.98332826038449,17.5647759953723
10.1757632702153,17.7230337279486,10.0438835988533,17.6289781613745,9.97794376317237,17.5819503780875,9.94022663126796,17.623391493475,9.86316389921579,17.5526732086328,9.99057863172074,17.5701272667043
10.1830569380347,17.7282311202806,10.0511918328954,17.6342177137557,9.98525928032574,17.5872110104932,9.94769061486846,17.628439264601,9.86904413924747,17.5595006401922,9.99782889188152,17.5754774790487
10.1904247698857,17.7333132876031,10.0585245160221,17.6394184162014,9.99257438909033,17.5924709805006,9.95515524659768,17.6334847946885,9.87492328518415,17.5663280660447,10.0050790408378,17.5808266323301
10.1978234965334,17.7383474551987,10.0658674467869,17.6446028392411,9.9998894219137,17.5977305312623,9.96262086444026,17.6385283182237,9.88080160619863,17.5731557978403,10.0123294092733,17.5861749719764
10.2050392167118,17.7435116082578,10.0731496376909,17.6498305423446,10.0072048481804,17.602990009388,9.97008794812821,17.6435701663784,9.88667948351191,17.5799842771665,10.0195804655985,17.5915228457396
10.2120683054553,17.7488083215134,10.0803696806263,17.6551022397756,10.0145203682118,17.6082491989067,9.97755619036165,17.6486101332102,9.89255667622648,17.5868132239022,10.0268319119149,17.5968700350987
10.2193532080203,17.7539259308074,10.0876744681686,17.6603136151188,10.0218350982428,17.6135074572745,9.9850246874178,17.6536476036281,9.89843247104189,17.5936418102695,10.0340828694948,17.6022158905647
10.2267421635467,17.7589706890823,10.0950135332926,17.6655001713956,10.0291492181655,17.6187649125523,9.99249362107482,17.6586827020651,9.90430701207778,17.6004702034817,10.0413335161465,17.607560542974
10.2340357195074,17.7641838745113,10.1023209790096,17.6707427590144,10.0364636087607,17.624022201266,9.99996388549106,17.663716045283,9.91018100863131,17.6072992267565,10.0485847249963,17.6129046392131
10.2412326367948,17.7695676747291,10.1095978848291,17.6760431840843,10.0437805088462,17.6292809387619,10.0074377589505,17.6687491916573,9.91605626255546,17.6141309716462,10.0558387151873,17.6182498214571
10.2485698182267,17.7747298597948,10.1169258808886,17.6812726243357,10.0511039122195,17.6345440066062,10.0149193073458,17.6737849193812,9.92193598762926,17.6209691697392,10.0630994456313,17.6235990189222
10.2559674938456,17.7797964649923,10.1242778627935,17.6864727292594,10.0584330472674,17.6398108613929,10.0224077411581,17.678822710458,9.92781956882124,17.6278131051752,10.0703661524992,17.6289516772516
10.2633179233205,17.785036244164,10.1316152641966,17.6917311797946,10.0657639346346,17.6450786476099,10.0298990138931,17.6838598042659,9.93370381067789,17.6346590659544,10.0776348961449,17.6343048862922
10.2706202793921,17.7904522295107,10.1389391747385,17.6970499645731,10.0730986224117,17.6503488321043,10.0373952167359,17.6888976046125,9.93959035565648,17.6415089621294,10.084907707157,17.6396601369283
10.2779948125755,17.795787744184,10.1462940393755,17.7023466632651,10.0804436527755,17.6556261228056,10.0449029979438,17.6939406681185,9.94548445967291,17.64836890426,10.0921910657362,17.6450222219703
10.2854165100174,17.8010706751563,10.153672077588,17.7076309835402,10.0877998613733,17.6609111377322,10.0524231832993,17.6989896284003,9.95138679941848,17.6552396810164,10.0994857962006,17.6503917745735
10.2928381456646,17.80634832606,10.1610548343386,17.7129167532365,10.0951631786756,17.6662009668247,10.0599516233015,17.7040416898267,9.95729411141806,17.6621175003264,10.1067878682934,17.6557658304604
10.3002597547795,17.8116237099046,10.1684410275504,17.7182040453951,10.1025316639359,17.6714942131404,10.0674863460953,17.7090954986883,9.96320483493536,17.6690005504564,10.1140953619605,17.6611429642596
10.3076810598073,17.8168982560335,10.1758302455993,17.7234931044312,10.1099048384953,17.67679052863,10.0750268553618,17.7141507317048,9.96911858320756,17.6758883833683,10.1214078017938,17.6665228234151
10.3151022383447,17.8221724536999,10.1832222926321,17.7287839163731,10.1172823197758,17.6820896477097,10.0825727505735,17.7192071492627,9.97503505185103,17.6827806465566,10.1287248111111,17.671905134045
10.3225227221959,17.8274472437278,10.1906167532461,17.7340766436338,10.1246637687712,17.6873913435868,10.0901236859213,17.7242645343398,9.98095397420798,17.6896770315934,10.1360460605198,17.6772896558937
10.3299429048242,17.8327222906095,10.1980135795346,17.7393710391032,10.1320489168898,17.6926954133501,10.0976793820709,17.7293226984811,9.98687512991126,17.6965772840471,10.1433712802719,17.6826761876509
10.3373624555899,17.8379937689104,10.2054124988618,17.7446656986347,10.1394375204977,17.6980016634969,10.1052395842676,17.7343814628203,9.99279831545126,17.7034811689646,10.1507002218553,17.6880645426097
10.3447817626136,17.8432638706251,10.2128134534275,17.7499612278673,10.1468292988345,17.7033099064884,10.1128040194737,17.7394406278355,9.99872330995015,17.7103884311447,10.1580326159217,17.6934545173677
10.3521998416654,17.8485355717601,10.2202159245002,17.7552584987221,10.1542239659176,17.7086199622031,10.1203724208417,17.7444999848793,10.0046498925951,17.7172988154405,10.1653681941573,17.6988459072546
10.3596173208905,17.8538080541633,10.2276199987733,17.7605571448197,10.1616213377147,17.7139316901479,10.127944611655,17.7495593810439,10.010577911635,17.72421214702,10.1727067744522,17.7042385691687
10.3670339797076,17.8590784795009,10.2350254998499,17.7658561293439,10.1690212599211,17.7192449542654,10.1355204334358,17.7546186842161,10.0165072328994,17.7311282711937,10.1800481953335,17.709632377071
10.3744502787607,17.8643480027769,10.242432464571,17.7711557452497,10.1764235574762,17.7245596164861,10.1430997083628,17.7596777587556,10.0224377105667,17.7380470195092,10.1873922791431,17.7150271964945
10.3818651029257,17.8696158951165,10.2498404018482,17.7764556600686,10.1838280513095,17.7298755425446,10.1506822563624,17.7647364705107,10.028369198147,17.7449682227189,10.1947388477874,17.7204228918104
10.3892792864024,17.8748830789806,10.2572494563924,17.7817560820893,10.1912345413874,17.7351925836436,10.1582678757577,17.7697946717434,10.0343015326222,17.7518916921524,10.2020877017299,17.7258193135001
10.396693469879,17.8801502628447,10.2646597025061,17.7870571445642,10.1986428188196,17.7405105854239,10.1658563554442,17.7748522100275,10.0402345442058,17.7588172311925,10.2094386334565,17.7312163052731
10.4041076533557,17.8854174467088,10.2720710988071,17.792358815219,10.2060528215328,17.7458294994741,10.1734476342301,17.7799090344539,10.0461681810924,17.7657447805559,10.2167915810119,17.736613818509
10.4115445996472,17.8906162608026,10.2794912337639,17.7976383029173,10.2134645508223,17.7511493239746,10.1810417157404,17.7849651386648,10.05210244266,17.7726743406735,10.2241465452698,17.7420118519047
10.4189916036802,17.8957848657386,10.2869156502121,17.8029081664739,10.220877673478,17.7564698168415,10.1886382615347,17.7900202869169,10.0580370603293,17.7796055992155,10.2315031955391,17.7474101598499
10.4263227755113,17.901000399078,10.2943020649164,17.8081938851965,10.228291709619,17.7617906282557,10.196236782661,17.7950741411589,10.0639716470544,17.7865381057181,10.2388610549233,17.7528083883823
10.4335226135833,17.9062691411412,10.301645400061,17.8134976139558,10.2357067932999,17.7671118503631,10.2038374177867,17.8001267856541,10.069906308084,17.7934719840825,10.2462202557084,17.7582066320333
10.4408970821892,17.9114739407043,10.3090480418963,17.8187805883594,10.2431235217499,17.772433912187,10.2114407792186,17.8051786266943,10.0758415215765,17.800407792886,10.2535813911325,17.7636053252296
10.4483442065131,17.9166521367398,10.3164759309478,17.8240552054619,10.2505417931651,17.777756739823,10.2190467628453,17.8102295927308,10.0817772054682,17.8073454366912,10.260944359746,17.769004393485
10.4557740417708,17.9219071158995,10.3238986897523,17.82935564275,10.2579610137431,17.7830799061752,10.2266547650565,17.815279269587,10.0877128834573,17.8142843602971,10.2683085730716,17.7744034022915
10.4631878290215,17.9272333664688,10.3313172333266,17.8346804210251,10.2653819354792,17.7884039483033,10.2342655570561,17.8203281654202,10.0936491563652,17.8212252657105,10.2756747771897,17.7798028967944
10.4706016162722,17.932559617038,10.3387381004979,17.8400066368693,10.2728063426107,17.7937301467849,10.2418809619852,17.82537750392,10.099587452663,17.828169821031,10.2830447414806,17.7852041779268
10.478015403523,17.9378858676072,10.3461618623501,17.8453347033637,10.2802350917636,17.799059121242,10.2495018540965,17.8304278787743,10.1055284600987,17.8351188291178,10.290419316002,17.790607874196
10.4854730014261,17.9431972345512,10.3536031205455,17.8506596619201,10.2876681801052,17.8043908756046,10.2571282326822,17.8354792901162,10.1114721784932,17.8420722900204,10.2977984998665,17.7960139866967
10.492948257521,17.9485026025451,10.3610528877541,17.8559842803894,10.2951052028707,17.8097251193116,10.2647596844797,17.8405314586607,10.1174182834508,17.8490298254585,10.3051818914643,17.8014222204243
10.5004148512133,17.9537374251994,10.3685020124514,17.8612867706772,10.3025455930704,17.8150614434161,10.2723956262855,17.8455839980233,10.1233663198608,17.8559909046952,10.3125689274765,17.8068321612954
10.5078778854199,17.9589432599234,10.3759515256239,17.8665805036933,10.3099883457259,17.8203991255782,10.2800350251702,17.8506362255158,10.1293154823115,17.8629545879224,10.3199586099303,17.8122430772239
10.515290319021,17.9642147778427,10.3833849546959,17.8718964677062,10.3174322725334,17.825737312638,10.2876766610845,17.8556873331123,10.1352648189106,17.8699197642611,10.3273497598952,17.8176541020433
10.5226513417599,17.9695530307285,10.3908024451149,17.8772353083036,10.3248779967924,17.8310764470912,10.2953211673237,17.8607377480271,10.141214825613,17.8768870152753,10.3347429937698,17.8230656877007
10.5300775829418,17.9748551459887,10.3982441738757,17.8825636664931,10.3323274693427,17.8364179267453,10.3029705333354,17.8657888118549,10.1471670616438,17.8838581652813,10.3421402453536,17.8284792553949
10.537530768754,17.9801423311936,10.405696215381,17.8878877797009,10.3397789386945,17.8417605039546,10.3106229644022,17.870839339105,10.1531201292784,17.8908315799738,10.3495397788225,17.833893535696
10.5449677341675,17.985419334634,10.4131416075858,17.8932073879854,10.3472285442949,17.8471014146611,10.3182745218174,17.8758866770073,10.1590709418387,17.8978036514487,10.3569377688205,17.8393057159192
10.5523959913999,17.990690871831,10.4205822203606,17.8985236011865,10.354675334841,17.8524399658642,10.3259242429279,17.8809301465786,10.1650187328024,17.9047734865283,10.3643332724023,17.8447150915907
10.5598242486323,17.995962409028,10.4280211364178,17.903838361727,10.3621195803105,17.8577763380765,10.3335724009511,17.885969922154,10.1709637118004,17.9117413329468,10.371726553665,17.850121851357
10.5672525058647,18.001233946225,10.435458419038,17.9091517110713,10.3695613756247,17.8631105934944,10.3412190916037,17.8910060635763,10.1769059516765,17.9187072775071,10.379117704356,17.8555260617363
10.5746945454834,18.0064635815943,10.4428986636659,17.914449680099,10.3770007227571,17.8684427293513,10.3488643213519,17.8960385600393,10.182845451895,17.9256713205646,10.3865067255587,17.8609277211312
10.5821422982429,18.011675847617,10.4503399475072,17.9197409922991,10.3844387721393,17.8737735646402,10.3565092762513,17.9010681771297,10.1887831296466,17.9326345357995,10.3938947590665,17.8663276604251
10.5895385669495,18.016907676318,10.4577642879694,17.925038733097,10.3918771484793,17.8791042614865,10.3641556278207,17.9060960075883,10.1947202828799,17.9395984415231,10.401283417707,17.8717270580708
10.5968821456844,18.0221595259167,10.4651709731451,17.9303428375435,10.3993153868754,17.8844344933569,10.3718029091236,17.9111217265322,10.200656543819,17.9465626046669,10.408672243728,17.8771255775216
10.6042257244193,18.0274113755154,10.4725762996765,17.9356457283615,10.4067515873051,17.8897629047845,10.3794491869408,17.916144024882,10.2065903973355,17.9535252498264,10.4160593571402,17.8825218355407
10.6115693031542,18.0326632251141,10.4799796337576,17.940946938912,10.4141847990593,17.8950887958109,10.3870934871068,17.9211622344411,10.212521076693,17.9604854793172,10.42344380863,17.8879151303037
10.6189766199918,18.0378856279692,10.4874022286696,17.9462366434889,10.4216150330085,17.9004121512487,10.394735808037,17.9261763565435,10.218448581554,17.967443293326,10.4308255989244,17.8933054606931
10.6264096194929,18.0430961655385,10.4948322912709,17.9515213400706,10.4290436271599,17.9057339273366,10.4023775133366,17.9311873097373,10.2243739795074,17.974399942727,10.4382060531683,17.8986938005999
10.6337535732398,18.0483113775822,10.5022328272729,17.9568074403428,10.4364724542894,17.9110554717231,10.4100205189621,17.9361963787312,10.2302987687778,17.9813571820703,10.4455870306262,17.9040815161587
10.6410072456688,18.0535313289615,10.5096031337021,17.9620947622052,10.4439010777187,17.916376478827,10.4176643764076,17.9412032745767,10.236222604751,17.9883146047265,10.4529680991043,17.9094682954169
10.6483693984468,18.058776752556,10.5170081587158,17.9673892829295,10.4513275388503,17.9216955481162,10.4253070821174,17.9462066606775,10.2421439255839,17.9952703780577,10.4603473162176,17.9148527153333
10.6557837986006,18.0640344443301,10.5244290439379,17.9726865201888,10.4587516666065,17.9270125581182,10.4329484674828,17.9512064104713,10.2480625949409,18.0022243424914,10.4677245150413,17.9202346486121
10.6631932124024,18.0692886500081,10.5318475154023,17.977981800484,10.4661746669023,17.932328375722,10.4405897696092,17.9562033447316,10.2539795763908,18.0091776280968,10.4751008943118,17.9256149719339
10.6705999752093,18.0745410023026,10.5392646408002,17.9832758735122,10.4735969735956,17.937643309117,10.4482314264024,17.9611977651282,10.2598952156915,18.016130639337,10.4824768818356,17.9309940017433
10.6780029479866,18.0797905322516,10.5466800827881,17.9885684437967,10.4810186501888,17.9429573995692,10.455873498455,17.9661897162026,10.2658095625584,18.0230834331586,10.4898525375882,17.9363717840936
10.6854037855635,18.0850384721672,10.5540944313267,17.9938599487057,10.4884397542083,17.948270686975,10.4635160427701,17.9711792376543,10.2717226628933,18.0300360623271,10.4972279175198,17.941748360959
10.6928015584115,18.0902846314758,10.5615074129694,17.9991503521888,10.4958603402483,17.9535832125453,10.4711591147029,17.9761663687476,10.2776345614525,18.0369885784571,10.5046030764446,17.9471237731242
10.7001975069361,18.0955297308527,10.5689194667845,18.0044399176192,10.5032804467087,17.9588950110024,10.478802755351,17.9811511395925,10.2835452919156,18.0439410203393,10.5119780552392,17.9524980517281
10.7075916164229,18.1007720156153,10.576330608808,18.0097280798056,10.5107001050006,17.9642061119007,10.4864469992467,17.9861335744575,10.2894548822078,18.0508934202486,10.5193528879453,17.957871222531
10.7149848256574,18.1060129225578,10.5837411922414,18.0150153443735,10.5181193755334,17.9695165552813,10.4940919056363,17.9911137140571,10.295363379554,18.057845833013,10.5267276329243,17.9632433283223
10.7223756086097,18.111253603912,10.5911507563781,18.0203021247376,10.5255383302623,17.9748263851504,10.5017375417727,17.9960916082482,10.3012708387166,18.0647983224054,10.5341023574436,17.968614419531
10.7297647532803,18.1164941329438,10.5985595774579,18.0255884567546,10.5329569895467,17.98013561866,10.5093839266353,18.0010672754969,10.3071772770812,18.0717509083906,10.5414770819372,17.9739845130759
10.7371530813096,18.1217326921302,10.6059679260694,18.0308737370567,10.5403753484493,17.98544425952,10.5170310559092,18.0060407180126,10.3130826936135,18.0787035893246,10.5488518043547,17.9793536085169
10.7445410482526,18.1269703803292,10.6133759770234,18.0361583491671,10.5477934414088,17.9907523335861,10.524678964422,18.011011960194,10.318987116288,18.0856563978454,10.5562265590665,17.9847217316886
10.751836891755,18.1321421021398,10.6207531767838,18.0414206195865,10.5552113192982,17.9960598783098,10.5323277035402,18.0159810379031,10.3248905861305,18.0926093818951,10.5636013969774,17.9900889198876
10.7590943307871,18.1372863238464,10.6281132044484,18.0466703413105,10.562622641279,18.0013623500426,10.5399707498912,18.0209436725317,10.3307880489279,18.099556599506,10.5709700156824,17.9954505761953
10.7663117938347,18.1424031302535,10.6354495360026,18.0519032342598,10.5700184070865,18.0066532862629,10.5475988494147,18.0258937690586,10.3366723210355,18.1064896147035,10.5783234687227,18.0008001636886
10.7735037037942,18.1475024125003,10.6427657945105,18.0571217272344,10.5773968398686,18.0119313846014,10.5552101671341,18.030830107273,10.3425419672369,18.1134067561552,10.5856599806973,18.0061363781182
10.7806956137538,18.1526016947471,10.650071441346,18.0623323280519,10.5847593551421,18.0171976447043,10.562806141391,18.0357536529173,10.348398103846,18.1203093491925,10.5929809482448,18.0114602452083
10.7878875237133,18.1577009769939,10.6573668437219,18.0675352976665,10.5921065037262,18.0224524580028,10.570387332986,18.0406647820256,10.3542411652092,18.1271979113811,10.6002869134094,18.0167721684129
10.7950546704428,18.162781802886,10.6646437464145,18.0727244850921,10.5994382844004,18.0276958261951,10.5779537549926,18.0455634732663,10.3600711502942,18.1340724434934,10.6075778773588,18.0220721460113
10.8022119616495,18.1678552833299,10.6719079893166,18.0779042191472,10.6067560031501,18.0329286870559,10.5855067768496,18.0504505686527,10.3658891012378,18.1409341697562,10.6148551456338,18.0273611163214
10.8094581364348,18.1729696077574,10.6791937037703,18.0830914353847,10.6140614874381,18.0381523491984,10.5930483016538,18.0553272632802,10.3716964771774,18.1477847997679,10.6221205413964,18.0326403938548
10.8167409120297,18.1781007510718,10.6864866535071,18.0882804121319,10.6213595242458,18.043370242662,10.6005832809907,18.0601967437285,10.3774970968134,18.1546288165184,10.6293788310196,18.0379134371118
10.8238882551768,18.1831587795004,10.6937335086501,18.0934440508956,10.6286561353868,18.0485866865932,10.6081179332266,18.0650630397648,10.3832957656414,18.1614718612541,10.6366360082959,18.0431846039094
10.8308769887802,18.1881311806005,10.7009252611013,18.0985772525226,10.6359493972619,18.0538002884836,10.6156502687859,18.0699248536727,10.3890909581296,18.1683121139889,10.6438901520248,18.0484524983857
10.8378657223836,18.1931035817007,10.7081094496765,18.103704726745,10.643231313323,18.0590052992671,10.623172039143,18.074776802711,10.3948763071891,18.1751420609166,10.651133300609,18.0537113230989
10.8448544559871,18.1980759828009,10.71528320187,18.1088244017961,10.6504975748115,18.0641986112937,10.6306787876632,18.0796159940154,10.4006483738565,18.1819576527627,10.6583611601819,18.0589579498075
10.8519295845772,18.2030959389918,10.7224753179717,18.1139521266189,10.6577481846689,18.0693802204325,10.6381704861281,18.0844424700263,10.4064071552846,18.1887588918436,10.6655737236155,18.0641923882003
10.8590404701177,18.2081355771697,10.7296708688029,18.1190800052502,10.6649860681455,18.0745522192904,10.6456501184062,18.0892582389565,10.4121549773379,18.1955485215132,10.6727738878809,18.069416769882
10.8662185869448,18.2132052652931,10.736883099527,18.1242134711478,10.6722153558181,18.0797175740752,10.6531219291133,18.094066100754,10.4178951317698,18.2023304178117,10.6799657574329,18.0746340970382
10.8734236852801,18.2182870131715,10.7441011817859,18.1293483956072,10.6794399300388,18.0848790868251,10.6605899284186,18.0988686701615,10.4236307203439,18.2091082279482,10.6871532011277,18.0798471901384
10.8805204457192,18.2233109503895,10.7512825079639,18.1344632929623,10.6866635390862,18.0900394642487,10.6680579996656,18.1036684550186,10.4293647392834,18.215885472936,10.6943399590735,18.0850587669682
10.887504630071,18.2282748153873,10.7584249442854,18.1395569162768,10.6938851013926,18.0951979667216,10.6755250494265,18.1084647325102,10.4350963488276,18.2226611472155,10.7015249722601,18.0902680563072
10.8944888144228,18.2332386803851,10.7655630954688,18.1446472178899,10.7011002359918,18.1003514866423,10.6829865815839,18.1132545626451,10.4408220810032,18.2294311491291,10.7087038990527,18.0954718957515
10.9014729987746,18.238202545383,10.7726954855278,18.1497331247657,10.7083067289044,18.1054984144571,10.690440302481,18.1180364504332,10.4465401675697,18.2361933892941,10.7158745281363,18.1006686721154
10.9085479969071,18.2432203365218,10.7798523986696,18.1548325941469,10.7155045995508,18.1106387229595,10.6978861933067,18.1228104239515,10.4522506088131,18.2429478673751,10.7230368554452,18.1058583908805
10.915661125613,18.2482607699807,10.7870174024136,18.1599359958825,10.7226955408139,18.1157736088334,10.7053259675565,18.1275776504302,10.4579547451818,18.2496961647511,10.730192549795,18.1110422820407
10.9228083253514,18.2533115866955,10.7941907369651,18.1650403890863,10.729881942772,18.1209047902817,10.712762075228,18.1323397611867,10.4636544802975,18.2564405265274,10.7373439852734,18.116222085778
10.929969301107,18.2583666016957,10.8013670095106,18.1701447102172,10.7370658637124,18.1260337644779,10.7201966423594,18.137098154608,10.469351460855,18.2631828932418,10.7444932170236,18.1213993033479
10.9370022378283,18.2633517107601,10.8085002153862,18.1752251814736,10.7442492041651,18.1311619168303,10.7276316430516,18.1418541078579,10.4750472086476,18.2699250578566,10.7516421468742,18.126575318089
10.9439029185267,18.2682646115242,10.8155882341705,18.1802805405049,10.7514308919924,18.1362885049953,10.7350659831458,18.1466069105706,10.4807408842194,18.2766660225312,10.7587897188077,18.131749365027
10.9509529005722,18.2732677460713,10.8227227288295,18.1853633807344,10.7586076429581,18.141411198066,10.7424962851891,18.1513543678128,10.4864298882445,18.2834027110294,10.7659326750643,18.136919076299
10.9580787478626,18.2783167315648,10.8298790956732,18.1904588078349,10.7657792695785,18.1465298459699,10.7499223505539,18.1560963439772,10.4921140661426,18.2901349399598,10.7730708234253,18.1420843084066
10.9652045951531,18.2833657170582,10.8370335308912,18.1955525845611,10.7729479987602,18.1516460183126,10.7573464556103,18.160834335285,10.4977951776009,18.2968647891496,10.7802063665693,18.1472466646089
10.9723304424436,18.2884147025517,10.8441865331812,18.2006450655826,10.78011457855,18.156760247098,10.7647693528959,18.1655688677689,10.5034738164302,18.3035929585143,10.7873400413597,18.1524066923161
10.9794640785622,18.29345857682,10.8513406957073,18.205734551506,10.7872790042799,18.161872538849,10.7721910327899,18.1702999554384,10.509149983732,18.3103194470297,10.7944718441914,18.157564396394
10.9866010386336,18.2985002698268,10.8584950070879,18.210822368349,10.794441991315,18.1669834176101,10.7796122382692,18.1750280813048,10.5148242526741,18.317044931172,10.8016024919863,18.1627202985459
10.9936517569239,18.3034971227588,10.8656202945071,18.2158947921765,10.8016045632987,18.1720936268853,10.7870340304594,18.1797539332856,10.5204974405903,18.3237703765197,10.8087330082681,18.1678751422694
11.0006168964538,18.3084494803435,10.8727164669025,18.2209517231768,10.8087662521268,18.1772028445935,10.794455928208,18.1844772082373,10.5261691818144,18.3304953481886,10.8158629316531,18.1730285959641
11.0076928986944,18.3134687801133,10.87984797916,18.22602958009,10.8159255193928,18.1823099800783,10.8018763452373,18.1891968853193,10.5318382602089,18.3372184048448,10.8229907349404,18.1781795532483
11.0148283909789,18.3185240017318,10.8869976414098,18.2311179686281,10.8230822666252,18.1874149520762,10.809295174551,18.1939128944012,10.5375045938558,18.3439394488895,10.8301163156116,18.1833279384462
11.0219736433412,18.3235861285062,10.8941495581869,18.2362076938161,10.8302375156098,18.192518476471,10.8167134584979,18.1986259202407,10.5431689877973,18.3506594333058,10.8372406824664,18.1884744854633
11.0291243603412,18.3286521214562,10.9013033324208,18.2412984847884,10.8373928184606,18.1976216664545,10.8241327946054,18.2033370091403,10.5488326744341,18.3573798172662,10.8443653794873,18.1936203186568
11.0362750773411,18.3337181144062,10.908458385594,18.2463899504691,10.8445500397204,18.2027258685005,10.8315551121219,18.208047412241,10.5544971373934,18.3641023580114,10.8514922672315,18.1987667898527
11.0434257943411,18.3387841073562,10.9156151621154,18.2514824155045,10.8517098460026,18.2078315695787,10.8389811025119,18.2127575795656,10.5601629094402,18.3708276860043,10.8586220125732,18.2039143854915
11.050565571882,18.3438346379545,10.9227700136638,18.2565707283389,10.8588722345547,18.2129387735311,10.8464107651747,18.2174675110619,10.5658299908467,18.3775558009196,10.8657546146732,18.2090631066205
11.0577008602755,18.3488788233783,10.9299244515677,18.2616574755528,10.8660362472138,18.21804680164,10.8538431095935,18.2221765751921,10.5714976247113,18.3842858049999,10.8728891217563,18.2142122655056
11.0648551358613,18.3539480635367,10.9370854013896,18.2667524841983,10.8732005341538,18.2231546945291,10.8612767383566,18.226883882335,10.5771647434987,18.3910164321455,10.8800241917447,18.2193608918647
11.0720288902192,18.3590430070984,10.9442545851969,18.2718570782693,10.8803674326858,18.2282641138547,10.8687140621114,18.2315909850297,10.5828331952604,18.3977498751754,10.8871621479909,18.2245106667179
11.0791886681157,18.3641125672171,10.9514245335666,18.2769568568929,10.8875424662921,18.2333790017308,10.8761607817733,18.236301563711,10.5885073521961,18.4044913237071,10.894308484547,18.2296655730278
11.0863422871242,18.3691709418308,10.9585971694975,18.2820560769957,10.8947246106841,18.2384986445782,10.8836158234483,18.2410149801553,10.5941864094885,18.4112398234829,10.9014621818192,18.2348248904527
11.0934955767201,18.3742386717379,10.9657707685493,18.2871589792958,10.9019083644639,18.2436191330747,10.8910735015445,18.2457275970742,10.5998660182559,18.417990213476,10.9086177701238,18.239984665334
11.1006484870252,18.3793171734774,10.9729454618978,18.2922661383069,10.9090939493341,18.2487406207216,10.8985340563395,18.2504395380538,10.6055463516188,18.4247427003165,10.9157754735862,18.2451450477606
11.107842117635,18.3844164682382,10.9801376735863,18.2973828399083,10.9162854515619,18.2538660257433,10.9060017095564,18.2551535211214,10.6112306435332,18.4315011251596,10.922939360782,18.2503089804843
11.115054352307,18.3895252627968,10.9873394959489,18.3025049434551,10.9234820677698,18.2589947837843,10.913475611995,18.2598690514442,10.6169182610374,18.4382647374351,10.9301086292407,18.2554758977136
11.1222561484541,18.3946267073909,10.9945383449932,18.3076247656398,10.9306794432627,18.2641237947642,10.9209512561147,18.2645832547292,10.6226057607664,18.4450294484009,10.9372789454755,18.2606426696952
11.1294524758812,18.3997243013551,11.0017350028925,18.3127428398374,10.9378762663982,18.2692521090786,10.9284272887436,18.2692952402008,10.6282920992691,18.4517940197387,10.9444490020068,18.2658083410252
11.1366488033084,18.4048218953193,11.0089313443603,18.3178604767927,10.9450726148863,18.2743797675294,10.9359037827326,18.2740050544627,10.6339773322011,18.4585585181871,10.9516188712471,18.2709729598715
11.1438451307356,18.4099194892834,11.0161273824175,18.3229776925733,10.9522685082584,18.2795067942182,10.9433807604447,18.2787127171931,10.6396614784391,18.4653229668443,10.9587885770249,18.2761365442032
11.1510324099915,18.4150105570724,11.023320094475,18.3280923209479,10.9594639367167,18.2846332028856,10.9508582278277,18.283418218023,10.6453445374852,18.4720873660344,10.9659581206819,18.2812990920504
11.1582159633254,18.4200989374652,11.0305112901399,18.3332056571133,10.9666589535472,18.2897590169374,10.9583362445151,18.2881215682447,10.6510265455683,18.478851759653,10.9731275518527,18.2864606318953
11.1653951173042,18.4251841326591,11.0377007966175,18.3383175550173,10.9738536362742,18.2948842661964,10.9658148882579,18.2928227943907,10.6567075542411,18.4856162093695,10.9802969386696,18.2916212066868
11.1725724964494,18.430268042847,11.0448895172598,18.3434286704415,10.981048027665,18.3000089842388,10.973294212356,18.2975219127691,10.6623875983315,18.4923807567771,10.987466327004,18.2967808455703
11.1797378349069,18.4353398066341,11.0520740489726,18.3485354061989,10.9882421560054,18.3051332059813,10.9807742623723,18.3022189312701,10.6680667056129,18.4991454350054,10.9946357542507,18.3019395706066
11.1868979472932,18.4404062984669,11.0592567244919,18.353640088946,10.9954361130912,18.3102569841855,10.9882551349793,18.3069138931096,10.6737449438679,18.5059103246539,11.0018053080313,18.3070974403436
11.1940464970681,18.4454686293229,11.0664355104507,18.3587431314977,11.002630017142,18.3153803825851,10.9957369458992,18.3116068635988,10.6794223988876,18.5126755276186,11.0089750972023,18.3122545315681
11.2011833819189,18.4505267623834,11.0736103658244,18.3638445146657,11.0098238577772,18.3205033908069,11.0032196826956,18.3162978343259,10.6850990614293,18.5194410326784,11.0161451099054,18.3174108358806
11.2083202667697,18.4555848954439,11.0807851187812,18.3689455956328,11.0170175447869,18.3256259457273,11.0107032513243,18.3209867470234,10.6907748607323,18.5262067554022,11.0233152567504,18.3225662889088
11.2154571516205,18.4606430285044,11.0879597394588,18.3740463527819,11.024211033378,18.3307480149207,11.0181876047143,18.3256735716699,10.696449761275,18.5329726533297,11.0304854929189,18.3277208581654
11.222623343349,18.465719666546,11.0951439968707,18.3791529543544,11.0314043236316,18.3358695982586,11.0256727415907,18.3303583092827,10.7021237630817,18.5397387263456,11.0376558181002,18.3328745439682
11.229801217677,18.4708036812275,11.1023320520965,18.3842617166124,11.0385974693063,18.3409907343048,11.0331587170629,18.3350409955127,10.707796908729,18.5465050250062,11.0448262856212,18.3380273853815
11.2369643457393,18.4758748307403,11.1095151454,18.389365928585,11.0457905452304,18.3461114775074,11.0406456082295,18.3397216805969,10.7134692577152,18.5532716201009,11.0519969703329,18.343179436717
11.2441215481341,18.4809408104893,11.1166962374166,18.3944681702857,11.0529835820578,18.3512318501839,11.0481334466873,18.3444003845175,10.7191408344515,18.5600385405579,11.0591679030676,18.3483307199415
11.2512780002007,18.486008869694,11.1238770618105,18.3995708647065,11.0601765926154,18.3563518622128,11.0556222453992,18.349077116059,10.7248116493625,18.5668057986661,11.0663390967103,18.3534812447496
11.2584336963866,18.4910790237427,11.1310576269754,18.4046740246115,11.0673695922698,18.3614715250459,11.0631120199825,18.3537518853841,10.7304817148016,18.573573408988,11.0735105669636,18.3586310220221
11.2655893925725,18.4961491777914,11.1382382003492,18.4097769634925,11.0745626042375,18.366590856343,11.0706027949916,18.3584247072147,10.7361510495147,18.5803413937699,11.0806823373175,18.3637800689329
11.2727450887584,18.5012193318402,11.1454187899097,18.4148796869573,11.0817556404854,18.3717098645159,11.0780945822743,18.3630955891924,10.7418196629236,18.5871097641172,11.0878544197198,18.3689283938209
11.2799008789298,18.5062864870081,11.1525994270041,18.4199811953431,11.0889487010413,18.3768285495106,11.0855873812114,18.3677645312913,10.7474875550008,18.5938785199584,11.0950268138845,18.37407599697
11.2870567059598,18.5113524660951,11.1597800816247,18.4250820878381,11.0961417694571,18.3819468987096,11.0930811734432,18.3724315228002,10.7531547124747,18.6006476453024,11.1021995029327,18.3792228662684
11.2941949851828,18.5164076414447,11.1669548767153,18.4301791438474,11.1033348224815,18.3870648950488,11.1005759340188,18.3770965482292,10.7588211168236,18.6074171179623,11.1093724633722,18.3843689848906
11.301313344567,18.5214505526575,11.1741230395163,18.4352718890899,11.1105278869909,18.3921825573061,11.1080716902445,18.3817596247482,10.7644867891089,18.6141869629807,11.1165457216066,18.3895143721762
11.3084317039512,18.5264934638702,11.1812912570624,18.4403644458804,11.117721033618,18.3972999368855,11.1155685153804,18.3864207989608,10.7701517854245,18.6209572472363,11.1237193484655,18.3946590791502
11.3155500633354,18.531536375083,11.1884595546304,18.4454568320934,11.1249143002779,18.4024170605986,11.1230664483188,18.3910800952582,10.775816135569,18.6277280062615,11.1308933816935,18.3998031327638
11.3226944026546,18.5365958141331,11.1956365920445,18.4505545572147,11.1321076867395,18.4075339287555,11.1305654884675,18.3957375135742,10.7814798395036,18.6344992399942,11.1380678211412,18.4049465331111
11.3298492829957,18.5416619591389,11.2028171899213,18.4556543231115,11.1393011433841,18.4126505050978,11.1380655834927,18.4003930206976,10.7871428577845,18.6412709012315,11.1452426169223,18.4100892442115
11.3369751348163,18.5467089084415,11.209988111473,18.4607474625397,11.1464945998013,18.4177667395888,11.1455666595262,18.4050465708407,10.7928051349364,18.6480429236804,11.1524176989622,18.4152312154594
11.3440711512809,18.5517361285044,11.2171479421191,18.4658329818627,11.1536863375382,18.4228814085418,11.1530669287363,18.4096970430694,10.7984653167121,18.6548136896962,11.1595913537033,18.4203712162211
11.3512010126072,18.5567861768274,11.2243156143095,18.4709234302863,11.1608729151607,18.4279920570158,11.1605628113364,18.4143421878244,10.8041206892209,18.6615799580575,11.1667601489587,18.4255067785406
11.3583446630178,18.5618455258472,11.2314843957532,18.476014259006,11.1680542621209,18.4330986255854,11.1680542349211,18.4189819463734,10.8097711927578,18.668341658768,11.173924012644,18.4306378450785
11.3654883134283,18.5669048748671,11.2386512591226,18.4811034815172,11.1752327319697,18.4382027848423,11.1755436435907,18.4236178528511,10.815418679295,18.6751010054007,11.1810852891444,18.4357660991648
11.3726319638388,18.5719642238869,11.2458166574407,18.4861914218764,11.1824090042416,18.4433050208711,11.1830317416901,18.4282503557457,10.8210636854325,18.6818586382646,11.1882446553083,18.4408920305286
11.3797671112231,18.5770173953733,11.2529777547557,18.4912760231605,11.189583076522,18.4484053370541,11.1905185355888,18.4328794437085,10.8267062117816,18.688614556755,11.1954021120304,18.4460156378048
11.3868990099348,18.5820682066667,11.2601368138912,18.4963589226834,11.1967557158694,18.4535042806918,11.1980048341946,18.4375055991982,10.8323468634562,18.6953694831139,11.2025584274177,18.4511374667268
11.3939619329451,18.5870703217182,11.2672726327237,18.5014251791725,11.203927982613,18.4586026078996,11.2054917477442,18.4421295018853,10.8379864765774,18.7021244157119,11.2097146608859,18.4562582745838
11.4009558436595,18.5920237146924,11.2743831131145,18.5064732992144,11.211096747842,18.4636980914754,11.2129760183309,18.4467491167572,10.8436225886799,18.7088764071328,11.2168676914039,18.4613758230387
11.4079710602664,18.596992080318,11.2814937990249,18.5115212626741,11.2182551684042,18.4687858538521,11.2204505206716,18.451359987142,10.8492498093404,18.7156190103827,11.2240106921087,18.46648521164
11.4150038537811,18.6019727980622,11.288601720661,18.516566947472,11.2254006541009,18.4738640221769,11.2279125475453,18.455960412591,10.8548660862681,18.7223497750382,11.2311410687968,18.4715845731355
11.4220255723436,18.6069456840587,11.2956983331121,18.5216043246729,11.2325347134964,18.47893364498,11.2353636480756,18.4605513797781,10.8604725956353,18.7290701121978,11.2382603125428,18.476674980517
11.4290426906625,18.6119153169534,11.302786869982,18.5266356856357,11.2396589596417,18.4839958699769,11.2428054910203,18.4651339531429,10.86607060637,18.7357815413207,11.2453700274623,18.481757593902
11.4360477829993,18.6168763868046,11.3098657345352,18.5316598961908,11.2467747103032,18.4890516508839,11.2502394595381,18.4697089875836,10.8716611621813,18.7424853099457,11.2524715349225,18.4868333618093
11.4430449456335,18.6218318103486,11.3169367131114,18.5366782339327,11.2538825968503,18.4941014457247,11.2576662280155,18.4742768743033,10.8772447650017,18.7491820150046,11.259565471706,18.4919027345529
11.4500344016874,18.6267817481421,11.3240001524374,18.5416909470248,11.2609830278124,18.4991455464661,11.2650862379128,18.4788378528452,10.8828217391173,18.7558720398064,11.2666522504557,18.4969659982324
11.4570191080829,18.6317283050012,11.331057348049,18.5466989592622,11.2680764680321,18.5041842863927,11.2724999864737,18.4833922053212,10.8883924536611,18.7625558211966,11.2737323396165,18.5020234809733
11.4639992154767,18.636671602996,11.3381086763353,18.5517025451597,11.2751634067646,18.5092180162416,11.2799079913715,18.4879402378874,10.8939572969859,18.7692338190672,11.2808062305872,18.5070755303915
11.4709771544228,18.6416133644231,11.3451553255543,18.5567025369698,11.2822444111201,18.5142471232432,11.287310836816,18.4924823100181,10.8995167115002,18.7759065583977,11.2878744817234,18.5121225459247
11.4779513186145,18.6465524375073,11.3521971325437,18.5616988009204,11.2893200395083,18.519271982627,11.2947090880322,18.4970187852859,10.9050711304573,18.782574553521,11.2949376377835,18.5171649218908
11.4849237152098,18.6514902517266,11.3592350758473,18.5666920315064,11.2963907561661,18.5242929213963,11.3021032181506,18.5015499771792,10.9106209199603,18.7892382384365,11.3019961573573,18.5222029931098
11.491893269695,18.6564260276847,11.3662690751707,18.5716821732948,11.3034569779085,18.5293102460998,11.3094936571763,18.5060761729217,10.9161664133709,18.7958980086822,11.3090504575822,18.5272370655397
11.498861299977,18.661360710538,11.3732997984809,18.5766697117175,11.3105190477328,18.5343242123072,11.3168807602467,18.5105976102552,10.9217078863741,18.8025541910931,11.3161008831746,18.532267392199
11.5058265718559,18.6662933866546,11.3803270513171,18.5816545013291,11.3175772910477,18.5393350586663,11.3242648628657,18.5151145127823,10.9272455989343,18.8092070941833,11.3231477598201,18.5372942112201
11.5127901787095,18.671224851466,11.3873514243739,18.5866369727905,11.3246320472061,18.5443430334527,11.3316463157897,18.5196271116616,10.9327798216802,18.8158570396353,11.3301914271653,18.5423177703413
11.519753785563,18.6761563162774,11.3943737148271,18.5916177050878,11.3316836794591,18.549348399493,11.3390254933053,18.5241356530912,10.9383108428971,18.8225043707485,11.3372322477321,18.5473383332955
11.5267173924166,18.6810877810889,11.4013940126994,18.5965967657628,11.3387323228408,18.5543512580997,11.3464025322818,18.5286402356136,10.9438387717678,18.8291492161313,11.3442703565843,18.5523560012344
11.5337050905729,18.6860376893483,11.4084203473977,18.601580304068,11.3457779758101,18.5593516114278,11.3537774266838,18.5331408679834,10.9493636093255,18.8357915748336,11.3513057519609,18.5573707765098
11.5407024446078,18.6909949898062,11.4154485121485,18.6065650696676,11.3528215459188,18.5643501095983,11.3611511215158,18.5376381436434,10.9548860708097,18.8424323039345,11.3583393406142,18.5623833102497
11.5476055916048,18.69588338758,11.4224447343567,18.6115262368788,11.3598643057326,18.5693476615282,11.3685249412967,18.5421328931276,10.9604071576494,18.8490726044696,11.3653723926803,18.5673945146681
11.5544139597679,18.70070246446,11.4294084529381,18.6164634078791,11.3669056995232,18.5743438795887,11.3758983023277,18.5466247711902,10.9659264372729,18.8557119548791,11.3724043543146,18.5724039993718
11.5613489213539,18.7056144288197,11.4364122307744,18.6214297826743,11.3739438854846,18.5793374596016,11.3832692802385,18.5511125977923,10.9714424666616,18.8623486199117,11.3794333878195,18.577410454301
11.5683370506339,18.7105654047882,11.4434318369587,18.6264075753641,11.3809792301211,18.584328660652,11.3906382564868,18.5555966084001,10.9769555332785,18.8689829441845,11.3864598588568,18.5824141396269
11.5752554990729,18.7154647454492,11.450427541941,18.6313674367329,11.388013563375,18.5893187823748,11.398007136077,18.5600779890714,10.9824670730117,18.8756166527179,11.3934855926251,18.5874163615486
11.5820887226932,18.7203009323127,11.4573941771526,18.6363055411117,11.3950469043823,18.5943078455112,11.405375933226,18.5645567685123,10.987977104118,18.8822497661581,11.4005106085345,18.5924171403056
11.5890263229358,18.7252147491641,11.4643941724609,18.6412682730191,11.4020780972235,18.5992950349466,11.4127434410922,18.5690322080524,10.9934847226883,18.8888811965407,11.4075337541627,18.5974156557572
11.596007760003,18.7301611696011,11.4714074636675,18.6462407054904,11.4091073154998,18.6042804734351,11.4201098423241,18.5735044154926,10.9989900649499,18.8955111070289,11.4145552034186,18.6024120301272
11.5987318209035,18.7320913008449,11.4770010776431,18.6502070842581,11.4161357060129,18.6092649759647,11.4274763331391,18.5779741304438,11.0044940306147,18.9021405791521,11.4215761011244,18.6074070810855
11.5959162135891,18.7300966575993,11.4805850588068,18.6527493469578,11.4229194814157,18.6140756916371,11.4345877468915,18.5822857877167,11.0098040720324,18.9085410521142,11.4283531000003,18.6122273383642
11.5957324033598,18.7299668711924,11.4845085000939,18.6555321178951,11.428896548461,18.6183147412465,11.4408552855198,18.5860822112439,11.0144742940002,18.9141876350478,11.4343250244609,18.6164736297217
11.5967370639672,18.7306792196066,11.488255143272,18.6581886886475,11.4340141829244,18.621943423168,11.4462232781536,18.5893290820561,11.0184653766986,18.9190279629172,11.4394383133762,18.6201084325301
11.5977417245747,18.7313915680207,11.491684765681,18.6606194788924,11.4386562862341,18.6252334343282,11.4510946084828,18.5922690544023,11.0220784242424,18.9234233222902,11.4440762509125,18.6234043135932
11.5987463851821,18.7321039164348,11.4948773321588,18.6628803509451,11.4429428056471,18.6282685682002,11.4555942477927,18.5949782115368,11.0254075308348,18.9274857520553,11.4483581028314,18.6264460286428
11.6015712355741,18.7341074170124,11.4984391900473,18.6654022284195,11.4468731672839,18.6310496341231,11.4597213533702,18.5974579433401,11.0284537110245,18.9312144055006,11.4522837737112,18.6292337119834
11.6051539554832,18.7366485125566,11.5020976261353,18.667991736616,11.4505694614614,18.6336633486457,11.463603468133,18.5997867368519,11.0313125504966,18.9347245523814,11.4559752286425,18.6318542567249
11.6049722041495,18.736520145525,11.5044604160758,18.6696618243237,11.454204522039,18.6362326637231,11.4674215116085,18.6020753148797,11.034118413291,18.9381802982269,11.4596052340462,18.6344307089637
11.6009846874335,18.7336930334094,11.5054591691694,18.6703646066325,11.4576964100374,18.6387003932441,11.4710890656065,18.6042735001433,11.0368086053387,18.9415038261009,11.4630921198394,18.6369055015303
11.5992133260092,18.7324375520735,11.5069231012653,18.6713985956331,11.4607779888933,18.6408791174129,11.4743264446883,18.6062131763869,11.0391786065479,18.9444408418511,11.4661698200466,18.6390897013112
11.5988461013971,18.7321778423972,11.5085597841506,18.6725574628732,11.4634166255273,18.6427472731112,11.4771002688018,18.6078739920863,11.0412050873228,18.9469599259443,11.4688065512273,18.6409605454205
11.5984059447579,18.7318664443349,11.509987894321,18.6735707380066,11.4657788691026,18.6444228848424,11.4795857463888,18.6093606899529,11.0430170264428,18.9492192944419,11.4711687743639,18.6426361859652
11.5979308675998,18.7315302974025,11.5112744110343,18.6744847263647,11.4679461827516,18.6459619408458,11.4818675845358,18.6107241988474,11.0446769339894,18.9512955046363,11.4733370462859,18.6441738916285
11.5974557904417,18.7311941504701,11.5124472333442,18.6753182682718,11.4699429547954,18.6473803271727,11.4839705367146,18.6119797905412,11.046203494777,18.9532108454752,11.47533501468,18.6455905922545
11.5969807132835,18.7308580035377,11.5135115327407,18.6760749236448,11.4717769424693,18.6486833836983,11.4859025170486,18.6131325780697,11.0476030558796,18.9549722925556,11.4771703000946,18.6468918203451
11.5978873584596,18.7315033785912,11.5149279201509,18.6770818146697,11.4734482009966,18.6498710327089,11.4876634188433,18.6141827400128,11.0488760939823,18.9565794606321,11.4788428633605,18.6480776311895
11.5993617606432,18.7325520662149,11.5164595856983,18.67817060163,11.4750084982258,18.6509798693376,11.4893075988063,18.615162902429,11.0500624686603,18.9580816461188,11.4804043965469,18.6491847265876
11.5992326019495,18.7324616399981,11.5174313044169,18.6788617684245,11.4765306556506,18.6520618326377,11.4909117543207,18.6161190890708,11.0512184129959,18.9595484114379,11.4819278697884,18.6502648363464
11.5975107649283,18.7312398305256,11.5178364176847,18.6791506491128,11.4779992440629,18.6531060584064,11.4924595894489,18.6170417839265,11.0523329511023,18.9609643790188,11.4833979075189,18.6513070208079
11.5957889279071,18.7300180210531,11.5181571627928,18.6793797945633,11.4793412802357,18.6540606813184,11.4938742389509,18.617885070817,11.0533510098947,18.9622589531915,11.4847414762247,18.6522594855715
11.5940670908859,18.7287962115806,11.5183693758416,18.679531861304,11.4805205183195,18.6548996861657,11.4951174424667,18.6186260003754,11.0542450928057,18.9633969985949,11.4859221753604,18.6530964330867
11.5931694631314,18.7281598022745,11.5187478517573,18.6798019005062,11.4815370460703,18.655622949622,11.4961892290027,18.6192645239196,11.0550152180814,18.9643785003805,11.4869399875949,18.6538178878327
11.5926427083596,18.727786807995,11.5191607272536,18.6800962536241,11.4824197367006,18.6562509764387,11.4971200130597,18.6198187815047,11.055683365565,18.9652312250556,11.4878237900086,18.6544443491044
11.5929397649771,18.7280004242177,11.5197868736862,18.6805424992253,11.4832104280408,18.6568135367291,11.4979538771718,18.6203151055101,11.0562814146441,18.965995426714,11.4886154691559,18.6550055184224
11.5935958797548,18.7284697146038,11.5204939976308,18.6810464283617,11.4839430565688,18.6573347852407,11.4987265715336,18.620774875011,11.0568352198922,18.9667037658405,11.4893490113471,18.6555254803677
11.5933716225924,18.7283118516069,11.5208890161765,18.681328038175,11.4846477129686,18.6578361314591,11.4994697973536,18.6212170334137,11.0573676346037,18.9673852518987,11.4900545535638,18.6560255792111
11.5922566125704,18.7275194401379,11.520964301215,18.6813818956955,11.4853181455373,18.6583131234743,11.5001769418399,18.6216376851548,11.0578739910051,18.9680337921107,11.4907258417624,18.6565013663128
11.5911416025484,18.726727028669,11.5209961243402,18.6814048452611,11.4859233852361,18.6587437535572,11.5008153513209,18.6220174096547,11.0583309528341,18.9686194056762,11.4913318807388,18.6569308708185
11.5900265925264,18.7259346172,11.5209741118322,18.6813894941965,11.4864478714851,18.6591169326947,11.5013686060292,18.6223464350668,11.0587268068016,18.9691269961908,11.4918570763392,18.6573030509836
11.5899311251786,18.7258695252741,11.5212381185771,18.6815782720545,11.4868916152764,18.6594326454447,11.5018367063661,18.6226247607168,11.0590615936456,18.9695565318259,11.4923014205358,18.6576179181425
11.5902390053763,18.7260921727043,11.5215973643702,18.681835053998,11.4872765438672,18.6597064946448,11.5022427806979,18.6228661463863,11.0593518941106,18.9699292100308,11.4926868656401,18.6578910398663
11.5897990872562,18.7257800099683,11.5216885354799,18.6819001736168,11.4876332595917,18.6599602554411,11.5026191090258,18.6230897926236,11.0596208122876,18.9702746426059,11.4930440562313,18.6581441318088
11.5886002658219,18.7249250949983,11.5215067153811,18.6817701211522,11.4879599401607,18.6601926342292,11.5029637673198,18.6232945626305,11.0598669929955,18.9705910523946,11.4933711703062,18.6583758999632
11.5883531187515,18.724751528464,11.5216079952946,18.6818429029929,11.4882354335662,18.6603885902574,11.5032544387389,18.6234672053471,11.0600745223885,18.9708579361381,11.4936470296268,18.6585713405339
11.5885063563967,18.7248646161782,11.5218113796988,18.6819889265099,11.4884638913499,18.6605510816758,11.5034954986444,18.6236103365524,11.060246555913,18.9710792975766,11.4938757914177,18.658733403679
11.588324397514,18.7247366874766,11.521885697054,18.682042279678,11.488666346824,18.6606950757787,11.5037091369235,18.6237371482488,11.0603989534139,18.9712755054316,11.4940785188599,18.6588770146286
11.5877966713648,18.7243601416795,11.5218300134727,18.6820022707624,11.4888466845267,18.6608233353039,11.5038994483926,18.6238500806958,11.0605346516596,18.97145031441,11.4942591011784,18.6590049295186
11.5872689452157,18.7239835958824,11.5217564090319,18.6819495124065,11.48900014094,18.6609324706685,11.504061402188,18.6239461554933,11.0606500791664,18.9715990957571,11.4944127667516,18.6591137701827
11.5867412190666,18.7236070500853,11.5216632707139,18.681882857955,11.4891242965376,18.6610207618899,11.504192441219,18.624023864724,11.060743431545,18.9717194921258,11.4945370916598,18.6592018228341
11.5865811689225,18.7234959927877,11.5216731564126,18.6818908046642,11.4892191501576,18.6610882106024,11.5042925604393,18.6240832168915,11.0608147245342,18.9718114912983,11.4946320743245,18.6592690897014
11.5865791565374,18.7234990501098,11.5217229965211,18.6819277389481,11.4892949165129,18.6611420833673,11.5043725384339,18.6241306124163,11.0608716495543,18.9718849920295,11.4947079436618,18.6593228173391
11.5863519024645,18.7233374439551,11.5216947689337,18.6819076602071,11.4893662021683,18.6611927683331,11.5044477923441,18.6241751933475,11.060925187823,18.9719541604052,11.4947793268252,18.6593733648852
11.5858977535106,18.7230099657529,11.5215930977515,18.6818338453288,11.4894407698719,18.6612457851168,11.5045265169082,18.6242218148531,11.0609811697187,18.9720265285552,11.494853997486,18.6594262365617
11.5856486244119,18.7228318237306,11.5215664667098,18.6818145712343,11.4895253878588,18.6613059449861,11.5046158584647,18.6242747062499,11.0610446724104,18.9721086675942,11.4949387332868,18.6594862303752
11.5854816247889,18.722713504705,11.5215761687076,18.6818216042924,11.489623440667,18.6613756540861,11.5047193925325,18.6243359794792,11.0611182292602,18.9722038679181,11.4950369239848,18.6595557451121
11.5853637338908,18.7226331114424,11.5216111855605,18.6818476378389,11.4897349113953,18.6614549010372,11.5048371039023,18.6244056202426,11.0612018203783,18.9723121191421,11.4951485534037,18.6596347683705
11.5852659923604,18.7225682791652,11.5216633725289,18.6818862891862,11.4898620626132,18.6615452941967,11.5049713839782,18.62448503823,11.0612971342853,18.9724356246668,11.4952758875508,18.6597249036603
11.5851304839711,18.7224722622387,11.5217155560416,18.6819234916628,11.4900080920769,18.6616491063749,11.5051256117393,18.6245762268824,11.0614065581686,18.9725774978016,11.4954221287165,18.6598284173988
11.5849417259861,18.7223322763403,11.5217600858706,18.6819532140427,11.4901692658128,18.6617636828939,11.5052958455208,18.6246768509923,11.0615272846378,18.9727341179519,11.4955835374099,18.6599426626855
11.5847891391526,18.7222254583511,11.5218192750138,18.6819958412639,11.4903343429444,18.6618810327203,11.5054702140268,18.6247798901364,11.0616508889643,18.9728945654873,11.4957488560793,18.6600596719958
11.5846512858423,18.7221321505805,11.5218868917531,18.6820454708148,11.4905046947085,18.662002130932,11.505650166286,18.6248861995191,11.0617783957626,18.9730601750184,11.4959194577337,18.6601804179105
11.5845510823029,18.7220606480856,11.521978031365,18.682110169201,11.490691505896,18.6621349297587,11.505847518258,18.6250027591488,11.0619181710093,18.9732418253102,11.4961065440638,18.6603128288361
11.5844907824554,18.7220122562492,11.5220911004952,18.6821887058329,11.4908912595151,18.6622769306248,11.5060585564897,18.6251273730287,11.062067575732,18.973436103418,11.4963065938345,18.6604544121811
11.5843523782833,18.7219155915414,11.522177488327,18.6822506937494,11.4910900433488,18.6624182448534,11.5062685854798,18.625251359105,11.0622162021416,18.9736294810645,11.4965056749636,18.6605953072762
11.5841817895703,18.7217990349747,11.5222542626822,18.6823068447107,11.4912904992381,18.6625607495787,11.5064803970092,18.6253763632501,11.0623660252458,18.9738245277197,11.4967064328204,18.6607373862796
11.58404501651,18.7217048472897,11.5223526484123,18.682377803704,11.4915064643634,18.6627142819112,11.506708612456,18.6255110139919,11.0625273820608,18.9740347111888,11.496922725726,18.6608904564969
11.5841446987498,18.721767073579,11.5225411526515,18.682508936168,11.4917393796024,18.6628798674625,11.5069547564853,18.6256562076565,11.0627013404169,18.9742614413671,11.49715599789,18.6610555388427
11.5841264571813,18.721751755372,11.5226878137442,18.6826124208655,11.4919684920256,18.6630427536122,11.5071969008583,18.6257990029744,11.0628723982073,18.9744845190051,11.4973854654729,18.661217924275
11.5840594298129,18.7217043565332,11.522809824035,18.6826992488636,11.4921850211461,18.6631966950288,11.5074257651672,18.625933924981,11.0630340040038,18.974695389549,11.4976023328062,18.6613713888621
11.5840006291492,18.7216626796159,11.5229350229609,18.6827883009899,11.4924022198668,18.6633511116769,11.5076553545045,18.626069233967,11.063196051322,18.9749069562103,11.4978198720701,18.6615253253884
11.5839461023653,18.7216239753112,11.5230644154715,18.6828803124429,11.4926235720246,18.6635084810088,11.5078893508499,18.6262071020008,11.063361137951,18.9751226140162,11.4980415729756,18.661682203025
11.5838951262196,18.7215878336791,11.5231973609106,18.6829748636858,11.4928484782561,18.6636683786892,11.5081271223378,18.6263471548505,11.0635288153189,18.9753417814899,11.4982668365251,18.6618415969221
11.5838458605212,18.721552926562,11.5233330574567,18.6830713775747,11.4930766559244,18.6638306030811,11.5083683711198,18.6264892140876,11.0636988706018,18.9755641842831,11.4984953797719,18.6620033058769
11.5838056807018,18.721524361259,11.5234738866354,18.6831715009261,11.4933079896022,18.6639950707596,11.5086129754668,18.6266332057581,11.063871215568,18.9757897105572,11.4987270867325,18.6621672472448
11.5837709286679,18.7214995844727,11.5236183297158,18.6832741700902,11.4935420302397,18.664161462899,11.5088604614673,18.6267788493079,11.0640455142896,18.9760179238779,11.4989615079405,18.6623331027883
11.583736176634,18.7214748076864,11.5237641392211,18.6833778115501,11.4937781205147,18.6643293134819,11.5091101352909,18.6269257350389,11.0642212764791,18.9762481847927,11.4991979856858,18.6625004070384
11.5837014246001,18.7214500309001,11.5239111515974,18.6834823086569,11.4940160150961,18.6644984475353,11.5093617376861,18.6270737093427,11.0643983183117,18.9764802545006,11.4994362740585,18.662668985837
11.5835404045731,18.7213387614317,11.5240172783714,18.6835588293101,11.4942557152705,18.6646688632493,11.5096152688753,18.6272227718305,11.0645766388324,18.9767141337025,11.4996763730618,18.6628388391789
11.5833254381663,18.7211905390748,11.5241106139107,18.6836267212025,11.4945032017829,18.6648448122664,11.5098770546503,18.6273766413807,11.0647606843153,18.9769556598723,11.4999242732609,18.6630142048591
11.5833195130572,18.7211857733055,11.5242845105699,18.6837501673986,11.4947670093263,18.6650323644451,11.5101561246903,18.6275406235517,11.0649567953203,18.9772131685389,11.5001885250416,18.6632011306092
11.5835318969356,18.7213308241645,11.5245372663868,18.6839278825734,11.4950399511124,18.6652264117779,11.510444879195,18.6277102479073,11.0651596230892,18.9774796502121,11.5004619305998,18.6633945239564
11.5835761312668,18.7213605792255,11.5247267856995,18.6840620570902,11.4953021129159,18.6654127960226,11.5107222521889,18.6278731347396,11.0653543705175,18.9777356606358,11.500724541599,18.6635802747597
11.5835532516516,18.7213443159881,11.5248852183527,18.6841746949533,11.4955512017032,18.6655898844359,11.5109858153384,18.6280278602912,11.0655393403468,18.9779789540643,11.5009740591048,18.6637567585958
11.5833836855159,18.7212269913895,11.5249933893428,18.6842526731212,11.4957982412563,18.6657655139871,11.51124723,18.6281812768963,11.065722722281,18.9782202947907,11.5012215251029,18.6639317867645
11.5831537943513,18.7210681051702,11.5250863062186,18.6843202474349,11.4960525621522,18.6659463185672,11.5115163686796,18.6283391812516,11.0659114405814,18.9784687999565,11.5014762867491,18.6641119697767
11.5829239031868,18.7209092189509,11.5251898970085,18.6843954099592,11.4963228939194,18.6661385054634,11.5118024711329,18.628506992019,11.0661119663076,18.97873300537,11.5017470902009,18.6643034914672
11.583292017876,18.7211624321106,11.5255051925152,18.6846167336096,11.4966117798348,18.6663438843591,11.5121082323988,18.6286862839909,11.0663261767388,18.9790154048284,11.5020364849508,18.6645081527523
11.5835117468734,18.7213134963988,11.5257665831243,18.6848008505073,11.4968940012498,18.6665445275615,11.5124069647588,18.6288613999492,11.0665353706396,18.9792913478182,11.5023192087064,18.6647080874911
11.5834905284298,18.7212985622222,11.5259305756493,18.684917490115,11.497150599259,18.6667269540614,11.5126785993421,18.6290205747567,11.0667255040651,18.9795422885416,11.5025762668481,18.6648898650419
11.5834751762307,18.7212876999521,11.526090387766,18.6850311239932,11.4973979935337,18.6669028360137,11.5129405129826,18.6291740010688,11.0669087523511,18.9797842770826,11.5028241065841,18.6650651187254
11.5834622709895,18.7212785361765,11.5262515335474,18.6851456908673,11.4976461648264,18.6670792682127,11.5132032684579,18.629327873976,11.0670925094615,18.9800270746028,11.5030727259931,18.6652409188985
11.5834493657483,18.7212693724008,11.526413027006,18.6852605026041,11.4978948576349,18.6672560677058,11.5134665942692,18.6294820352254,11.0672765850154,18.9802704310578,11.5033218689749,18.6654170834476
11.5834364605071,18.7212602086252,11.5265748176368,18.6853755238198,11.4981439962016,18.6674331814171,11.5137304113332,18.6296364368088,11.067460922832,18.9805142729359,11.5035714605017,18.6655935582671
11.5834261912334,18.7212528908816,11.526737783514,18.6854913706763,11.4983935796543,18.6676106105737,11.5139947203719,18.629791077481,11.0676455226367,18.9807586004161,11.5038215009123,18.6657703428776
11.5834170145873,18.7212463383315,11.5269013589386,18.6856076471296,11.4986435311143,18.6677883015287,11.5142594410337,18.6299459089349,11.0678303276896,18.9810033388485,11.5040719138221,18.6659473829366
11.5832573130357,18.7211358451859,11.5270149324988,18.6856894002914,11.4988937422304,18.6679661778442,11.514524459229,18.630100863581,11.0680152579175,18.9812483825119,11.5043225910315,18.6661246017925
11.5830343468974,18.7209816665198,11.527111716195,18.6857596475911,11.4991504008438,18.6681486381267,11.5147963290978,18.6302597729041,11.0682048844801,18.9814997928644,11.5045797319209,18.6663063817737
11.5830509293098,18.7209929252586,11.5272985375454,18.6858922817559,11.4994223416632,18.6683419600046,11.5150844081085,18.6304281048419,11.0684057271199,18.9817662274562,11.5048521867982,18.6664989784961
11.5833103635587,18.7211719027228,11.527571662553,18.6860846253395,11.4997023120501,18.6685409866478,11.5153810143502,18.6306013669545,11.0686124229463,18.9820405846279,11.5051326890703,18.6666972548125
11.5833945912645,18.7212299017258,11.5277784908806,18.6862310299528,11.4999704406887,18.6687315940663,11.5156650983958,18.6307672597208,11.0688103044119,18.982303390793,11.5054013302929,18.6668871391151
11.5833927952015,18.7212285021299,11.5279468816849,18.6863506932277,11.5002239249266,18.6689117887766,11.5159336887972,18.6309240512663,11.0689973104535,18.9825518925694,11.5056553009609,18.6670666475892
11.5833906455317,18.7212268722914,11.5281125485198,18.6864684253723,11.5004735000138,18.6690892019127,11.5161981572254,18.6310783872489,11.0691813654446,18.9827966105811,11.5059053560772,18.6672433835047
11.5833883495388,18.7212251471781,11.5282779438079,18.6865859658292,11.5007227409424,18.6692663751548,11.5164622905562,18.6312324813167,11.0693651066317,18.9830410498872,11.5061550777367,18.6674198785216
11.5833860535459,18.7212234220647,11.5284431538072,18.6867033735409,11.5009717039378,18.669443349279,11.5167261489176,18.6313863682194,11.0695485756919,18.9832852660162,11.5064045230766,18.6675961721292
11.5833837575531,18.7212216969513,11.528608189454,18.6868206565126,11.5012204054044,18.6696201362932,11.5169897504715,18.6315400571542,11.0697317848963,18.9835292751457,11.5066537091172,18.6677722754654
11.5833810588451,18.7212197062919,11.5287729164686,18.6869377262868,11.5014688452804,18.6697967362842,11.5172530956748,18.6316935473255,11.0699147343452,18.9837730771719,11.506902636095,18.6679481881954
11.5833781962669,18.7212176075783,11.5289374333314,18.6870546492636,11.5017170518637,18.6699731701062,11.517516215165,18.6318468559536,11.0700974452509,18.9840167000905,11.5071513328032,18.668123930475
11.5833771216074,18.7212167490302,11.5291024173262,18.6871718942043,11.5019650651856,18.6701494667913,11.5177791518301,18.6320000076403,11.0702799473817,18.9842601833574,11.5073998396649,18.6682995307846
11.5833768350871,18.7212164371643,11.5292674937064,18.687289199522,11.5022128230161,18.6703255807008,11.5180418390092,18.6321529635085,11.0704621945564,18.9845034651261,11.5076480936702,18.6684749445825
11.5832245661057,18.721111014551,11.529381668073,18.6873712941275,11.5024602190567,18.6705014339158,11.5183041626047,18.6323056575994,11.070644107919,18.9847464397805,11.5078959870818,18.6686500959761
11.5830060939204,18.7209598059425,11.529477582588,18.6874408311962,11.5027133269218,18.670681343823,11.518572562566,18.6324618389902,11.0708301517652,18.9849950737551,11.508149605768,18.6688292850608
11.583041168925,18.7209839552833,11.5296676645295,18.6875756804308,11.5029809123318,18.6708715430046,11.5188563356633,18.6326269162737,11.0710267638018,18.9852579832213,11.5084177343981,18.6690187176821
11.5833145596984,18.7211729282395,11.5299418157301,18.68776876233,11.503255443746,18.6710666793753,11.519147497201,18.6327962403995,11.0712284050024,18.9855277730039,11.5086928271492,18.6692130619099
11.5832328888767,18.721116321809,11.5300890640269,18.6878739076185,11.503517151602,18.6712527005232,11.5194250815626,18.6329576150925,11.071420557415,18.9857850128136,11.5089550736478,18.6693983229239
11.5830169999138,18.7209668830101,11.5301861511538,18.6879442533794,11.5037707267738,18.6714329385641,11.5196940616921,18.633113934666,11.0716066703824,18.986034307985,11.509209172596,18.669577821792
11.5830438734337,18.7209853810077,11.5303718454474,18.6880760400818,11.5040358314542,18.6716213696189,11.5199752922317,18.6332773241932,11.0718011733344,18.9862949904655,11.5094748268156,18.6697654772998
11.5833161947897,18.7211736734594,11.5306441431369,18.6882678270116,11.5043081173105,18.6718149037877,11.5202641610708,18.6334451033809,11.0720008709736,18.9865627887384,11.5097476798594,18.6699582109983
11.5833942474668,18.721227587845,11.5308434109045,18.6884089404561,11.5045679926234,18.6719996167616,11.520539885652,18.6336051971544,11.0721913972266,18.9868184326467,11.510008099781,18.6701421553525
11.5833929962008,18.7212266467047,11.531006603201,18.6885249147986,11.5048134067011,18.6721740488456,11.5208002883121,18.6337563430313,11.0723712555334,18.9870598981949,11.5102540300459,18.670315858911
11.5833925386627,18.7212262546984,11.531167739944,18.6886394215973,11.5050553405847,18.6723460050468,11.5210570181343,18.6339053085894,11.0725484980191,18.9872979864988,11.5104964743475,18.6704870947127
11.5833924216374,18.7212260982731,11.5313287765368,18.688753854222,11.5052969539865,18.6725177321964,11.521313427375,18.6340540417436,11.0727254404301,18.9875358070888,11.5107385996925,18.670658099295
11.583246506399,18.7211250364702,11.5314409777079,18.6888344840231,11.5055382133624,18.6726892077995,11.5215694814358,18.6342025216644,11.0729020586607,18.98777332755,11.5109803735395,18.6708288487483
11.5830345794556,18.7209782886752,11.5315348025808,18.6889024628937,11.5057849141434,18.6728645500029,11.5218313313536,18.6343543135751,11.0730825932764,18.9880162543213,11.5112276037287,18.6710034437
11.5830510430862,18.7209896006512,11.5317140078693,18.6890297011519,11.5060454902609,18.6730497514022,11.5221079290416,18.6345146045302,11.0732732097143,18.9882728957928,11.5114887420156,18.6711878515807
11.5833314301539,18.721183563239,11.5319861217705,18.6892213292907,11.5063134675788,18.6732402123165,11.5223924049665,18.6346794094178,11.0734691670168,18.9885368805241,11.5117573014769,18.6713774907605
11.5832622960925,18.7211356335828,11.5321335827248,18.6893265378928,11.5065692260409,18.6734219900478,11.5226639336592,18.6348366598663,11.0736561211923,18.9887888798709,11.5120136200625,18.6715584778242
11.5830536639105,18.7209911617989,11.5322286864518,18.6893954010584,11.5068161977224,18.6735975206882,11.5229261558126,18.634988467506,11.0738365858838,18.9890322695017,11.5122611350138,18.6717332415678
11.583076302383,18.7210067600688,11.5324080331958,18.6895227019312,11.5070738986022,18.6737806728624,11.5231997890964,18.6351468319223,11.0740248194518,18.9892862824664,11.5125194039306,18.6719155918598
11.5833426978991,18.7211910706346,11.5326733359877,18.6897095811725,11.507338655032,18.6739688364414,11.5234809331082,18.6353094958219,11.0742181337534,18.9895473017767,11.5127847457731,18.6721029290056
11.5834209043327,18.7212451379794,11.5328679590886,18.6898473955606,11.5075914864665,18.6741485243512,11.5237494352457,18.635464795794,11.0744026730572,18.9897966142805,11.5130381392203,18.6722818235
11.5834209230486,18.7212450926197,11.5330270900796,18.6899604693462,11.5078301735951,18.6743181577095,11.5240029369905,18.6356113696218,11.0745768243711,18.9900320252859,11.5132773587575,18.6724507052177
11.5834211454903,18.7212451871506,11.5331839548159,18.6900719294023,11.5080653594787,18.6744853005281,11.5242527395004,18.6357557573904,11.0747483574313,18.9902640285853,11.5135130707611,18.6726171052569
11.583421452452,18.7212453397182,11.5333405981267,18.6901832305819,11.508300170964,18.6746521760138,11.524502163279,18.6358998810874,11.0749195537588,18.990495708707,11.5137484096692,18.6727832361081
11.5834211108099,18.7212450426119,11.5334967783665,18.690294206434,11.5085346121448,18.674818788345,11.5247512136059,18.6360437430727,11.0750904167972,18.9907270702385,11.5139833805977,18.6729491005072
11.5834204870169,18.7212445498918,11.5336526441862,18.6904049598529,11.5087687227709,18.6749851648335,11.5249999327595,18.6361873665521,11.0752609753057,18.9909581518613,11.5142180232876,18.6731147257749
11.5834195581852,18.7212438447564,11.5338082249141,18.6905155100851,11.5090025582785,18.6751513427495,11.525248378743,18.6363307846041,11.0754312690605,18.991189007187,11.5144523923842,18.6732801502922
11.5834184713818,18.7212430296165,11.5339635934273,18.6906259087444,11.50923615445,18.6753173483084,11.5254965898754,18.6364740195534,11.0756013245212,18.9914196717861,11.5146865240445,18.6734453997479
11.5834218813669,18.7212453260806,11.5341203205889,18.6907372446936,11.5094695401999,18.6754832040001,11.5257445978058,18.6366170897639,11.0757711635193,18.9916501750039,11.514920448109,18.6736104953285
11.5834283501494,18.7212497391143,11.5342777957113,18.6908490923163,11.5097025184922,18.6756487689173,11.5259921926714,18.6367598742485,11.0759406425255,18.9918803216809,11.5151539666486,18.6737752973859
11.5834348189319,18.7212541521481,11.5344347672864,18.6909605798684,11.5099347414636,18.6758137937285,11.5262390034774,18.6369021596055,11.0761095080777,18.9921097669294,11.5153867298701,18.6739395593094
11.5834412877144,18.7212585651819,11.5345911411172,18.691071640495,11.5101660678186,18.6759781781516,11.5264848797515,18.6370438599191,11.076277657921,18.9923383708473,11.5156185960271,18.6741031814543
11.5833067366273,18.721165284215,11.5346999101842,18.6911497100871,11.5103964969627,18.6761419230231,11.5267298211822,18.6371849757188,11.0764450925364,18.9925661330543,11.5158495650093,18.6742661639768
11.5831036580074,18.7210245295916,11.5347889151646,18.6912141416489,11.5106315437432,18.6763089476776,11.5269796901026,18.637328884533,11.0766158179913,18.9927985056931,11.5160851648755,18.6744324075549
11.5829005793875,18.7208837749683,11.5348864618134,18.6912846422229,11.5108794030264,18.6764850758502,11.5272431989895,18.6374806027719,11.0767957814584,18.9930435944688,11.5163336103943,18.6746077078163
11.5833267281069,18.7211788857652,11.5352040789702,18.6915077702855,11.5111427544018,18.6766722125456,11.5275231987428,18.637641767991,11.0769869207055,18.9933040553639,11.5165975884937,18.6747939594009
11.5834728296381,18.7212800376321,11.5354222813938,18.6916619354732,11.5113970072717,18.6768528843938,11.5277935468158,18.6377973274911,11.0771713876473,18.9935555683577,11.5168524503501,18.6749737711711
11.5834672344811,18.7212761242751,11.5355747608832,18.6917703068954,11.5116285240843,18.6770173982056,11.528039740483,18.6379389378967,11.0773392967057,18.9937846346731,11.5170845237288,18.6751374989199
11.5834672721176,18.7212761056882,11.5357252166875,18.6918772024273,11.5118541889724,18.6771777507969,11.5282797298152,18.6380769332433,11.0775029003244,18.9940079538421,11.5173107318774,18.6752970842223
11.5834709303164,18.7212785905232,11.5358767786188,18.6919848591471,11.51207970277,18.677337993459,11.5285195752819,18.6382148039645,11.077666332666,18.9942311668645,11.517536789439,18.6754565588675
11.5834745885153,18.7212810753582,11.5360279864705,18.6920922631667,11.5123046854481,18.6774978570709,11.5287588731253,18.6383523180439,11.0778293185631,18.9944538980415,11.5177623163246,18.6756156538196
11.5834782467141,18.7212835601932,11.5361787411493,18.6921993442363,11.5125289883669,18.6776572362578,11.5289974659451,18.6384893836885,11.0779917506596,18.994676000132,11.5179871640757,18.6757742634454
11.5834790267657,18.7212840530304,11.536328083137,18.6923054385476,11.5127526113227,18.6778161313062,11.529235354158,18.6386260001622,11.0781536292842,18.99489747287,11.5182113329395,18.6759323873945
11.5834786625227,18.7212837538885,11.536476688301,18.6924110159713,11.5129757011901,18.6779746470127,11.5294726944285,18.6387622569571,11.0783150612097,18.9951184616742,11.5184349704465,18.6760901295372
11.583479234114,18.7212841001489,11.5366253868556,18.6925166532868,11.5131984632264,18.6781329298557,11.5297097055423,18.6388982794374,11.0784761953909,18.9953391699859,11.5186582826838,18.6762476351812
11.58348019609,18.7212847156399,11.5367740127358,18.692622236099,11.5134209210587,18.6782909963286,11.5299464125215,18.6390340818785,11.0786370489639,18.9955596209443,11.5188812932193,18.6764049209023
11.5834826250316,18.7212863455347,11.5369228926731,18.6927279880072,11.5136430264939,18.6784488092434,11.5301827624512,18.6391696342712,11.078797586232,18.9957797652741,11.5191039522655,18.6765619517577
11.5834856817464,18.7212884095335,11.5370716937799,18.6928336772755,11.5138646997967,18.6786063111465,11.5304186697425,18.6393048883011,11.0789577494955,18.995999523395,11.519326179333,18.6767186713582
11.5833501960068,18.7211944899136,11.5371739630147,18.6929071211869,11.5140858465187,18.6787634368235,11.5306540345453,18.6394397873765,11.0791174714257,18.9962188023407,11.5195478804869,18.6768750137688
11.5831609206377,18.7210633042924,11.537261602584,18.6929704869531,11.5143119435571,18.6789240782835,11.5308946862122,18.639577672563,11.0792807064353,18.9964430340982,11.5197745467419,18.6770348510557
11.5831877343801,18.721081822521,11.5374296670778,18.6930897181077,11.5145506334267,18.679093665901,11.5311487600976,18.6397232035722,11.0794529670167,18.9966798021407,11.5200138404148,18.6772035856164
11.5834169249432,18.7212405448948,11.5376692992181,18.6932586029821,11.5147954863555,18.6792676320258,11.5314094139492,18.6398724575134,11.0796296081027,18.9969227323695,11.5202593161353,18.6773766718376
11.5834982923203,18.7212968605901,11.5378527056036,18.6933884130868,11.5150299122453,18.6794341893351,11.5316589881868,18.6400153194574,11.0797986632925,18.9971553633604,11.5204943412999,18.6775423824502
11.5835036025243,18.721300486564,11.538002346551,18.693494681124,11.5152517185644,18.679591778404,11.5318951464176,18.640150455122,11.0799585575831,18.9973755137037,11.520716716244,18.6776991681066
11.5835046365649,18.7213011530803,11.5381480355259,18.6935981659644,11.5154697350064,18.6797466724065,11.532127286996,18.6402832484683,11.0801156601937,18.9975919440405,11.5209352926535,18.6778532709104
11.5835039631634,18.7213006379059,11.5382927617427,18.69370097583,11.5156871610324,18.6799011447921,11.5323588155316,18.6404156506281,11.0802722775886,18.99780783009,11.5211532783818,18.6780069524545
11.5835055678639,18.7213016984451,11.5384380400802,18.6938041626654,11.5159042761884,18.6800553947756,11.5325900300405,18.6405478319402,11.0804286114134,18.9980234496243,11.5213709542928,18.6781604100908
11.5835082451653,18.7213035008791,11.538583455991,18.6939074396856,11.5161210614039,18.6802094090888,11.5328209107509,18.6406797801721,11.0805846481346,18.9982387837368,11.5215883016955,18.6783136300142
11.583511315454,18.7213055757717,11.5387286860356,18.6940105816379,11.5163373713264,18.680363084571,11.5330513032232,18.6408114063287,11.0807402833626,18.9984536879298,11.5218051750785,18.6784665092872
11.5835145666565,18.7213077760918,11.538873616163,18.6941135090827,11.5165531409162,18.6805163755781,11.5332811385962,18.6409426707567,11.0808954707607,18.9986680976316,11.5220215095422,18.6786190020692
11.5835171495984,18.721309513458,11.5390179453929,18.6942160134661,11.5167683432902,18.6806692634701,11.5335103884994,18.6410735571623,11.0810501914394,18.9988819861092,11.5222372783656,18.6787710894918
11.5835194459036,18.7213110522496,11.5391618177529,18.6943181941605,11.5169830036776,18.680821765116,11.5337390792041,18.6412040807062,11.0812044634611,18.9990953777146,11.5224525063289,18.6789227890558
11.5835217422089,18.7213125910412,11.5393053608917,18.6944201390305,11.5171971702331,18.6809739130251,11.533967260924,18.641334270577,11.0813583211136,18.9993083193088,11.522667240814,18.6790741343586
11.5835240385141,18.7213141298328,11.5394485842512,18.6945218548555,11.5174108571197,18.6811257173669,11.5341949485164,18.641464135907,11.0815117748634,18.9995208248154,11.5228814959482,18.6792251356207
11.583527899758,18.7213167536908,11.5395920091686,18.6946237037594,11.5176240638739,18.6812771787937,11.5344221417793,18.6415936770399,11.0816648249694,18.9997328940232,11.5230952716495,18.6793757929583
11.5835324736787,18.7213198716907,11.5397353011792,18.6947254532041,11.5178367149294,18.6814282439608,11.5346487602518,18.6417228483372,11.081817417574,18.9999444517059,11.5233084922801,18.6795260531287
11.5835344066523,18.7213211616288,11.5398772692352,18.6948262771567,11.5180487005266,18.6815788349207,11.5348746868903,18.6418515832769,11.0819694742492,19.000155388422,11.5235210477806,18.6796758386082
11.5835353419505,18.7213217609768,11.5400185195045,18.694926596253,11.5182601082815,18.6817290138911,11.5351000149503,18.6419799352434,11.0821210581553,19.0003657910868,11.5237330259724,18.6798252113237
11.5835362109029,18.7213223134075,11.5401594744392,18.6950267046194,11.5184711062073,18.6818789002254,11.5353249234015,18.642108006421,11.0822722900051,19.000575826716,11.5239445953162,18.6799742899966
11.5835370529028,18.7213228467784,11.5403001828123,18.6951266368756,11.518681747767,18.6820285319242,11.5355494691691,18.6422358293854,11.082423208319,19.0007855483756,11.5241558094205,18.6801231124214
11.5834158183589,18.7212387460259,11.5403999683651,18.6951981929379,11.5188920433682,18.6821779163939,11.5357736632917,18.6423634105556,11.0825738207291,19.0009949662868,11.5243666787237,18.6802716859606
11.5832383921909,18.7211156883314,11.5404840097396,18.6952588838071,11.5191068185139,18.6823304815449,11.5360026503081,18.642493677339,11.08272758191,19.0012088868043,11.5245820420304,18.680423419723
11.5831957448013,18.7210860687163,11.5406206585359,18.6953561763345,11.5193331154032,18.6824912301436,11.5362439392433,18.6426308999458,11.0828895287767,19.0014343277199,11.5248089613319,18.6805832884964
11.5833064801274,18.7211627847316,11.5408140368313,18.6954928931479,11.5195678151832,18.6826579473561,11.5364942064407,18.6427731846801,11.0830574240802,19.0016681861873,11.5250443098654,18.6807490886275
11.5834172154534,18.7212395007469,11.5410054079437,18.6956281840112,11.5197995041888,18.6828225256434,11.5367412826583,18.6429136095734,11.0832231020519,19.0018990901016,11.525276642422,18.6809127571678
11.5835279507794,18.7213162167622,11.5411907220799,18.6957591713905,11.5200221077301,18.6829806487046,11.5369786889078,18.6430484928999,11.0833822221932,19.0021209820116,11.525499866374,18.6810700031737
11.5835617841624,18.7213396239305,11.5413443454771,18.6958680853628,11.5202356261345,18.683132316079,11.5372064233099,18.6431778379562,11.0835347896207,19.0023338582234,11.5257139810847,18.6812208275488
11.5835638840769,18.7213410332852,11.5414833661681,18.6959668062261,11.5204431072137,18.6832796926965,11.5374277346583,18.6433034944431,11.0836829860814,19.002540754513,11.5259220425267,18.6813673836881
11.5834405378774,18.721255459136,11.541579416833,18.6960357110744,11.5206488563108,18.6834258370436,11.5376472143808,18.6434280717786,11.0838298886478,19.0027459629366,11.5261283683042,18.6815127127446
11.5832682550256,18.7211359526367,11.5416621654291,18.6960954422682,11.5208591206308,18.6835751870839,11.5378715268715,18.6435553526701,11.0839799567468,19.0029557153728,11.5263392238158,18.6816612269596
11.5832372494121,18.7211144041046,11.5417996405792,18.69619324812,11.5210808361628,18.6837326701277,11.5381080729582,18.6436895340215,11.084138136022,19.0031769347279,11.526561565547,18.6818178246632
11.5833403532722,18.7211858435979,11.5419870098919,18.6963257375064,11.5213103382018,18.6838956844606,11.5383529453892,18.6438283949274,11.0843018071093,19.0034059688604,11.5267917196287,18.6819799170977
11.5834434571323,18.7212572830913,11.5421722789894,18.6964567358692,11.521536689918,18.6840564622582,11.5385944768043,18.6439653152515,11.084463169809,19.0036319039811,11.527018718496,18.6821397798947
11.5835465609924,18.7213287225846,11.5423518978629,18.6965837203234,11.5217545662981,18.6842112191928,11.5388269838462,18.6440970737474,11.0846184309892,19.0038494213177,11.5272372205163,18.6822936522214
11.5834620013729,18.7212700219953,11.5424633126132,18.6966633100051,11.5219639682333,18.68435995401,11.539050464614,18.6442236737581,11.0847675954189,19.004058517442,11.5274472250004,18.6824415350566
11.5832923408466,18.7211523059862,11.5425456691738,18.6967227347384,11.5221723333374,18.6845079491145,11.5392728547215,18.6443496150447,11.0849159633097,19.0042666172656,11.5276561904131,18.6825886813235
11.583279967836,18.7211436722901,11.5426869702851,18.6968231461313,11.5223904715096,18.6846628830519,11.5395056915623,18.6444814323149,11.0850712290602,19.0044845193854,11.5278749583781,18.682742724709
11.583505669159,18.7213001483218,11.5429122469362,18.6969818728602,11.5226155358248,18.6848227351294,11.5397459382711,18.6446174034573,11.0852313620403,19.0047093839255,11.528100674959,18.6829016544349
11.583590257915,18.7213587654354,11.543084681671,18.6971038571732,11.522831893549,18.6849764030421,11.5399769094221,18.644748081763,11.0853852410537,19.0049255915605,11.5283176626126,18.6830544315614
11.5835915569249,18.7213596226723,11.543220986025,18.6972006447569,11.5230357005751,18.6851211557992,11.5401945001421,18.6448711465555,11.0855301380406,19.0051292960714,11.5285220652113,18.683198342097
11.5835933875335,18.7213608478344,11.5433550042822,18.6972958047947,11.5232358126565,18.6852632832748,11.5404081630854,18.6449919489196,11.085672353241,19.0053293458183,11.5287227639867,18.683339639889
11.5835955351584,18.7213622924069,11.5434888444057,18.6973908354576,11.5234354990294,18.685405106983,11.5406213875416,18.6451124642422,11.0858142106755,19.0055290082333,11.5289230375581,18.6834806331807
11.5835997440966,18.7213651657903,11.5436230689458,18.69748612607,11.5236347313704,18.6855466062099,11.5408341429014,18.6452326753638,11.085955690122,19.0057282546214,11.5291228574409,18.6836213014832
11.58360515092,18.7213688694945,11.5437573207521,18.6975814277477,11.5238334056681,18.6856877068743,11.5410463181398,18.6453525191884,11.0860967178785,19.0059269806789,11.5293221193668,18.683761571077
11.5836073388196,18.7213703432214,11.5438900290087,18.6976756505473,11.5240313741033,18.6858283042102,11.5412577555424,18.6454719065286,11.0862371894222,19.0061250383918,11.5295206752221,18.6839013376129
11.5836081333951,18.7213708516936,11.5440218652028,18.6977692613071,11.5242287311066,18.6859684661139,11.5414685563346,18.6455908946456,11.0863771723835,19.0063225223571,11.5297186200856,18.6840406680726
11.5836090185564,18.7213714217734,11.5441534661529,18.6978627038395,11.5244256899511,18.6861083448726,11.541678948688,18.6457096124252,11.0865168185698,19.0065196461664,11.529916168244,18.6841797133123
11.5836099438378,18.721372019139,11.5442848589762,18.6979559975065,11.5246223165454,18.6862479866903,11.5418890026515,18.6458280995015,11.0866561746886,19.0067164753486,11.530113385514,18.6843185196638
11.5836112836877,18.7213729030763,11.5444161699937,18.6980492288149,11.5248186131467,18.6863873916842,11.5420987197295,18.6459463570814,11.0867952420034,19.0069130113249,11.5303102733907,18.6844570883183
11.5836128185133,18.7213739217911,11.544547315348,18.6981423395459,11.5250145637654,18.6865265484233,11.542308082584,18.6460643758858,11.0869340093393,19.0071092379019,11.5305068156969,18.6845954081105
11.5836158813091,18.7213759996942,11.5446787229098,18.6982356267496,11.5252101437101,18.6866654402773,11.54251706512,18.6461821415917,11.0870724597077,19.0073051306208,11.5307029880196,18.6847334620191
11.5836196962605,18.7213785989913,11.5448100817282,18.6983288741815,11.525405274462,18.6868040117766,11.5427255834912,18.6462996071595,11.0872105378424,19.0075006107975,11.5308987117122,18.6848711947563
11.5836213391336,18.7213796931151,11.5449403467995,18.6984213564324,11.5255998506324,18.686942188091,11.5429335249968,18.6464167092952,11.0873481694409,19.0076955726477,11.5310938810489,18.6850085319689
11.5836220521998,18.7213801429159,11.5450699751356,18.6985133909227,11.5257939366035,18.6870800149261,11.543140958335,18.6465334869082,11.0874854003154,19.0078900804567,11.5312885605819,18.6851455191219
11.5836243762153,18.7213817092017,11.5451999080404,18.6986056316149,11.5259876739529,18.6872175928215,11.5433480347275,18.6466500253375,11.0876223307803,19.0080842759397,11.5314828923101,18.6852822561588
11.5836274651853,18.7213838056471,11.5453298435514,18.6986978689033,11.5261810327344,18.6873549005314,11.5435547221087,18.646766306686,11.0877589398651,19.0082781289344,11.5316768461972,18.6854187219613
11.5836305541554,18.7213859020924,11.5454594555076,18.6987898755543,11.5263739061837,18.6874918622853,11.5437609063174,18.6468822668585,11.0878951523859,19.00847153224,11.5318703151584,18.6855548412125
11.5836336431254,18.7213879985378,11.5455887209997,18.6988816352949,11.5265662599368,18.6876284536735,11.5439665505272,18.6469978853372,11.0880309443374,19.0086644511857,11.532063264706,18.6856905896774
11.5835225412159,18.7213108342847,11.545679576401,18.6989467278924,11.5267580939935,18.6877646746962,11.544171654656,18.6471131622589,11.0881663159943,19.0088568855559,11.5322556948282,18.6858259673728
11.5833640431904,18.7212007720516,11.5457572795188,18.6990027328743,11.526953897683,18.6879037132856,11.5443810186761,18.6472307952528,11.0883044342228,19.0090533395431,11.5324521089118,18.6859641423413
11.5832973008246,18.7211543938319,11.5458724493528,18.6990848517062,11.5271600236169,18.6880500806433,11.5446014359076,18.6473545997279,11.0884497758622,19.0092601900009,11.5326588797978,18.6861095971616
11.5835508259485,18.7213303007464,11.5461000995688,18.6992451302349,11.5273747363789,18.6882025449791,11.5448310522412,18.6474835310399,11.0886011121164,19.0094756993558,11.5328742672321,18.6862611068874
11.583648974721,18.7213983763113,11.5462709094957,18.6993658801306,11.527581876883,18.6883496320402,11.5450525881728,18.6476078838566,11.088747054004,19.0096836482856,11.5330820613122,18.686407269168
11.5836504570765,18.7213993652823,11.5464001241519,18.6994576110406,11.5277749576896,18.6884867339197,11.5452591038131,18.6477237648885,11.0888830368162,19.0098775188559,11.5332757528993,18.6865435067998
11.5836515671599,18.7214000957447,11.5465264086829,18.6995472618583,11.5279638294444,18.6886208449151,11.5454611326233,18.6478370903432,11.0890160028456,19.0100671984116,11.5334652230283,18.6866767710825
11.5836524593191,18.721400674879,11.5466523513554,18.6996366698203,11.5281522973736,18.688754667291,11.5456627437289,18.6479501458639,11.0891486320149,19.0102565079257,11.5336542890899,18.6868097470691
11.5836560447589,18.7214031216714,11.5467789513488,18.6997265287191,11.5283404046437,18.6888882322429,11.545863983542,18.6480629575613,11.0892809549398,19.010445490954,11.5338429948924,18.6869424650465
11.5836612417149,18.7214066859713,11.5469057788892,18.6998165394883,11.5285280474763,18.6890214662468,11.5460647414417,18.6481754626638,11.0894128988457,19.0106340431698,11.5340312366517,18.6870748514976
11.5836636491628,18.7214083165842,11.5470312393257,18.6999055945523,11.5287150344071,18.6891542335364,11.5462648128946,18.6482875460222,11.0895443294508,19.0108219720435,11.5342188225202,18.6872067711984
11.5836648529453,18.7214091128161,11.5471559000511,18.699994088121,11.528901423604,18.6892865757734,11.5464642604032,18.6483992424489,11.0896752880915,19.0110093359537,11.5344058110631,18.6873382652486
11.5836666399577,18.7214103127962,11.5472804806285,18.7000825211411,11.5290874009639,18.6894186253136,11.5466632830745,18.6485106634332,11.0898059057632,19.0111963217373,11.5345923889613,18.6874694648956
11.5836686669569,18.7214116789102,11.5474048893298,18.700170830212,11.5292730005162,18.6895504058629,11.5468619170557,18.6486218292936,11.0899362064115,19.0113829632334,11.5347785901348,18.6876003939984
11.5836690396651,18.721411896888,11.5475284742572,18.7002585616776,11.5294581915533,18.6896818940724,11.5470601285576,18.6487327214483,11.0900661681679,19.0115692286658,11.5349643829831,18.6877310304673
11.5836687952769,18.7214116865792,11.5476516281726,18.7003459887073,11.5296430446205,18.6898131397713,11.5472579927192,18.6488433824779,11.090195840653,19.011755188706,11.535149838052,18.6878614241302
11.583669983693,18.7214124690325,11.5477751069265,18.7004336371321,11.5298276685432,18.6899442211819,11.5474556263395,18.6489538780939,11.0903253006689,19.0119409531624,11.5353350649017,18.6879916521732
11.5836717940294,18.7214136824023,11.5478986179642,18.7005213040885,11.5300120299316,18.6900751149316,11.5476529937759,18.6490641885209,11.0904545250423,19.0121264884868,11.5355200301728,18.6881216911817
11.5836744770951,18.7214155013845,11.548022184728,18.7006090051078,11.5301960385444,18.6902057569695,11.5478499983812,18.6491742598484,11.0905834506872,19.0123117037393,11.5357046433272,18.6882514775248
11.5836775445136,18.7214175870805,11.5481455986792,18.7006965947266,11.530379625762,18.6903360985497,11.548046566615,18.6492840511207,11.0907120297245,19.0124965296714,11.5358888354925,18.6883809628146
11.583676376987,18.721416734358,11.5482672803777,18.7007829763891,11.530562732073,18.6904660974046,11.5482426346669,18.6493935268825,11.0908402207107,19.0126809061733,11.5360725469343,18.6885101050987
11.5836735308736,18.7214147169474,11.5483882003728,18.7008688254203,11.5307455351224,18.6905958796568,11.5484383926762,18.6495027934815,11.0909681482165,19.0128650119612,11.5362559558689,18.6886390296914
11.583675761946,18.7214162220133,11.5485107928908,18.7009558336594,11.5309283083632,18.6907256394824,11.5486341334333,18.6496120144772,11.0910960036905,19.0130491223836,11.536439336676,18.6887679294565
11.5836812306342,18.7214199732893,11.5486343408673,18.701043501961,11.5311108959838,18.6908552662968,11.5488296900708,18.6497210967936,11.0912236781952,19.0132330804524,11.5366225330384,18.6888966945256
11.5836866993225,18.7214237245652,11.548757510252,18.7011309006576,11.5312929157167,18.6909844887038,11.549024653127,18.6498298121113,11.0913509046422,19.0134165008568,11.5368051614035,18.6890250553213
11.5836921680107,18.7214274758412,11.5488802018132,18.7012179592985,11.5314742187145,18.6911132010271,11.5492188630776,18.6499380716804,11.0914775793492,19.0135992333329,11.5369870723953,18.6891529069159
11.5836947075857,18.7214291976643,11.5490014391856,18.7013040013916,11.5316548049855,18.6912414032553,11.5494123197965,18.6500458757179,11.0916037027035,19.0137812775915,11.5371682659928,18.6892802493394
11.5836960842626,18.7214301137668,11.5491218962074,18.7013894952791,11.5318348021798,18.6913691860353,11.5496051599163,18.6501533006544,11.0917293642133,19.013962762064,11.5373488702688,18.6894071726402
11.5835932574162,18.7213586533418,11.5492073449039,18.7014506684285,11.5320143886477,18.6914966759719,11.549797574409,18.6502604530991,11.0918546886449,19.0141438663716,11.5375290641596,18.6895338025938
11.5834496347007,18.7212588573744,11.549281713009,18.7015041831697,11.5321977521631,18.6916268460673,11.5499940503025,18.650369831597,11.0919825973483,19.014328814462,11.5377130497135,18.689663091992
11.5834627791053,18.7212679412591,11.5494146926475,18.701598502619,11.5323906494186,18.691763783299,11.5502007567418,18.6504848690019,11.0921171020836,19.0145234156767,11.5379066035667,18.6897990995745
11.5836516228681,18.7213990540494,11.5496095293485,18.7017358340753,11.5325884825887,18.6919042240882,11.5504127681734,18.6506028212438,11.0922549930278,19.0147230344784,11.5381051127006,18.6899385832733
11.5837089628581,18.7214388384787,11.5497550317572,18.7018388181671,11.5327780662067,18.6920388080113,11.5506159547806,18.6507158255941,11.0923870812847,19.0149143652729,11.538295346386,18.6900722467518
11.5837101461716,18.721439622527,11.5498751423863,18.7019240640395,11.5329576404936,18.6921662847958,11.5508084288624,18.6508228348598,11.0925121457744,19.0150956278684,11.5384755378043,18.6901988497054
11.5836108366526,18.7213705956581,11.5499600371943,18.7019848186453,11.5331346374652,18.6922919301389,11.5509981544375,18.65092828099,11.0926353657465,19.015274321793,11.5386531440513,18.6903236323213
11.5834701461026,18.7212728219856,11.5500335699569,18.7020377160679,11.533315281884,18.692420163109,11.5511918033613,18.6510358737172,11.0927610741061,19.0154567320695,11.5388344115419,18.6904509830084
11.5834379997726,18.721250448844,11.5501494811989,18.7021201454057,11.533505221912,18.6925549936865,11.5513954313681,18.6511489760326,11.0928931975287,19.01564856507,11.5390250086434,18.6905848831345
11.5835257109488,18.7213113350375,11.5503097633685,18.7022334640757,11.5337017895783,18.6926945285948,11.5516061800336,18.6512659967061,11.0930298758905,19.0158471295771,11.5392222589166,18.690723451413
11.583613422125,18.7213722212309,11.5504684104987,18.7023456219348,11.5338959046856,18.6928323222867,11.5518143153719,18.6513815279026,11.0931647947676,19.0160432537036,11.5394170507679,18.690860286756
11.5837011333011,18.7214331074244,11.5506222460849,18.7024543638363,11.5340828024768,18.6929649920423,11.5520147280708,18.651492734011,11.0932946453338,19.0162321210615,11.5396046022952,18.6909920307236
11.5836287083358,18.7213827255183,11.5507178914778,18.702522600323,11.5342624830488,18.6930925377253,11.552207416768,18.6515996174763,11.093419431694,19.0164137288078,11.5397849130517,18.6911186839522
11.5834888539063,18.7212854913008,11.5507904602852,18.7025747923375,11.5344412634746,18.6932194428559,11.552399154282,18.6517059381166,11.0935435427895,19.016594460069,11.5399643217719,18.6912446992842
11.5833745810473,18.7212060336142,11.5508769408594,18.7026367304689,11.5346281207654,18.6933520788963,11.5525995676408,18.651817034705,11.0936732078052,19.0167833911412,11.5401518369001,18.6913764036617
11.5836637705187,18.7214069402835,11.551104395937,18.7027967270044,11.5348247086461,18.6934916203648,11.5528104319531,18.6519338887081,11.0938095692746,19.016982197997,11.5403491187877,18.6915149622163
11.5836514378438,18.7213983406563,11.5512265840139,18.7028835094436,11.535014157099,18.6936260938372,11.5530136540112,18.6520464703507,11.0939409257482,19.0171738208244,11.5405392385447,18.6916484849077
11.5835164509141,18.7213045173101,11.5513005137371,18.7029366495364,11.5351925451486,18.6937527156495,11.5532050270006,18.6521524503417,11.0940645638408,19.0173542896628,11.5407182606577,18.6917742086631
11.5834790417453,18.7212784915673,11.5514107960252,18.7030151045378,11.5353766731651,18.693883411023,11.5534025728766,18.6522618122821,11.0941921286638,19.0175406002182,11.5409030450325,18.6919039743824
11.5835615226217,18.7213357661347,11.5515654926472,18.7031244851084,11.5355674776599,18.6940188445952,11.5536072964144,18.6523751122414,11.0943242652241,19.0177337026189,11.5410945317494,18.6920384416461
11.5836440034981,18.7213930407021,11.5517188137589,18.703232888741,11.5357562188893,18.6941528127605,11.5538098212268,18.6524871587555,11.0944549199805,19.0179247524961,11.5412839499523,18.692171450914
11.5837264843745,18.7214503152695,11.5518675474904,18.703338035011,11.5359380790483,18.6942818948817,11.554004977148,18.6525950915023,11.0945807603049,19.0181088707304,11.5414664639134,18.692299606934
11.5836530209469,18.7213992203249,11.5519597124322,18.7034038007118,11.5361130581749,18.6944060909053,11.5541927630075,18.6526989125891,11.0947017900987,19.0182860546351,11.5416420732636,18.6924229102315
11.5835198386056,18.7213066252464,11.5520315492349,18.7034554326011,11.5362874045495,18.6945298362784,11.5543798835619,18.6528023315129,11.0948223332149,19.0184626302076,11.5418170488812,18.6925457642463
11.5834824392807,18.7212805958634,11.5521406525167,18.7035330420489,11.5364697591347,18.6946592651417,11.5545756134263,18.6529104742222,11.0949483618456,19.0186473511043,11.5420000636996,18.6926742578323
11.5835669283977,18.7213392744926,11.5522947745464,18.7036420028909,11.5366586976208,18.6947933670901,11.5547784252641,18.6530224940534,11.0950788875943,19.0188387776255,11.5421896889925,18.6928073868388
11.5836514175148,18.7213979531218,11.5524475034755,18.7037499740537,11.5368455464559,18.6949259845196,11.5549790090651,18.6531332460671,11.0952079170471,19.0190281219417,11.5423772191487,18.6929390390713
11.5837359066318,18.721456631751,11.5525956012933,18.703854656962,11.537025448624,18.6950536695675,11.5551721502753,18.6532398515757,11.0953320988248,19.0192104599455,11.5425577788535,18.6930657925902
11.5836668543888,18.7214085948136,11.5526878872356,18.7039204801983,11.537198403659,18.6951764228907,11.5553578475813,18.653342312949,11.0954514368901,19.0193857889182,11.5427313676674,18.6931876480217
11.5835363875534,18.7213178730059,11.5527591543973,18.7039716859114,11.5373705378192,18.6952985923641,11.555542677328,18.6534442615345,11.0955701602037,19.0195603177815,11.5429041340243,18.6933089218245
11.5835532365842,18.7213295465047,11.5528846974611,18.704060692035,11.5375504278996,18.6954262648001,11.5557358485425,18.6535507771381,11.095694181764,19.019742744053,11.5430846862517,18.6934356561335
11.5837200627297,18.7214454650724,11.5530631153293,18.7041864913097,11.5377346416291,18.6955570044283,11.5559336765848,18.6536598258162,11.0958211319051,19.0199295894709,11.5432695799042,18.6935654324248
11.5836750124752,18.7214141061075,11.5531658757671,18.7042596260381,11.537911307413,18.6956823860034,11.5561234132778,18.6537643787977,11.0959428307967,19.0201088120096,11.5434468996517,18.6936898874197
11.5835461814276,18.7213245102249,11.5532373257822,18.7043109462951,11.5380828979595,18.6958041643302,11.5563077135005,18.6538659007383,11.0960609853816,19.0202829176401,11.5436191269897,18.6938107634742
11.5835657202144,18.7213380551954,11.5533627203519,18.7043998315311,11.5382612204207,18.695930719699,11.5564992586211,18.6539713788321,11.0961837252132,19.020463887514,11.543798113194,18.6939363783627
11.5837302763597,18.7214524105102,11.5535392205334,18.7045242832329,11.5384436926203,18.6960602195943,11.5566952755301,18.6540792848002,11.0963092698411,19.020649103261,11.5439812667681,18.6940649127736
11.5837749701416,18.7214834457229,11.5536707184487,18.7046173782292,11.5386185926022,18.6961843444823,11.5568831724504,18.654182685665,11.09642955552,19.0208266654951,11.5441568217338,18.6941881095493
11.5837747705573,18.7214832741435,11.5537815353448,18.7046960125871,11.5387849177385,18.6963023818089,11.557061870819,18.654280990062,11.0965438970643,19.0209955526547,11.5443237708634,18.6943052626523
11.5836832964309,18.7214196334007,11.5538606011485,18.7047525479543,11.5389492535073,18.6964190052311,11.5572384446287,18.65437809288,11.0966568244842,19.0211624498246,11.544488724095,18.6944210110817
11.5835564901827,18.7213314239208,11.5539301829446,18.7048025204127,11.5391170293256,18.6965380686586,11.5574187275891,18.6544772033192,11.0967720682952,19.0213328719154,11.5446571317289,18.6945391791562
11.5835727964738,18.7213427229285,11.5540531236947,18.7048896751818,11.5392932873051,18.6966631513085,11.5576081389449,18.6545812988662,11.0968930885539,19.0215119435256,11.5448340557632,18.694663317912
11.5837367983241,18.7214567170723,11.5542280920639,18.7050130455602,11.5394737389338,18.6967912098041,11.5578020714734,18.6546878443637,11.0970169372269,19.0216953100297,11.5450151918604,18.6947904063966
11.5836941933675,18.7214270472196,11.5543292716648,18.7050850356884,11.5396468108134,18.6969140299228,11.5579880872001,18.6547900050531,11.0971356721884,19.0218712096204,11.5451889221031,18.6949122934748
11.5835690913497,18.721340013054,11.5543995981758,18.7051355230501,11.5398148515889,18.6970332780482,11.5581687093444,18.6548891688501,11.0972509081891,19.0220420267206,11.5453576034882,18.695030633696
11.5835847841977,18.7213508882471,11.5545211763405,18.7052217119906,11.5399893724119,18.6971571238624,11.5583563105606,18.6549921304305,11.0973705386297,19.022219463642,11.5455327913821,18.6951535340833
11.5837465938949,18.721463373729,11.5546942264187,18.7053437335434,11.5401680426806,18.6972839134506,11.5585483859687,18.6550975140259,11.097492962828,19.0224011528829,11.545712146491,18.6952793530386
11.5837033341346,18.7214332462047,11.5547940576345,18.7054147659899,11.5403394193845,18.6974055258825,11.5587326341863,18.6551985692214,11.0976103411366,19.0225754569015,11.5458841816275,18.6954000322415
11.5835799155208,18.7213473732018,11.5548638772443,18.7054648792176,11.5405058581061,18.6975236322255,11.5589115867488,18.6552966861756,11.0977242902636,19.0227447688998,11.5460512608999,18.6955172306761
11.5835951152139,18.7213579080108,11.5549841986778,18.7055501757753,11.5406787404098,18.6976463096575,11.5590974806604,18.6553985758064,11.0978426017736,19.0229206678192,11.5462248100026,18.6956389629734
11.5837519939494,18.7214669793465,11.5551544867036,18.7056702620094,11.5408557330807,18.6977719033408,11.5592878080352,18.6555028622833,11.0979636761381,19.0231007821637,11.5464024873708,18.695763586132
11.5837984171752,18.7214992327961,11.5552832394725,18.7057613953375,11.5410256506212,18.6978924766082,11.5594705415551,18.6556029539617,11.0980798631493,19.0232737285768,11.5465730645362,18.6958832243952
11.5837985434749,18.7214992883771,11.5553910127663,18.7058378589934,11.541187247412,18.6980071443015,11.5596443402448,18.6556981181259,11.0981903151416,19.0234382355982,11.5467352901666,18.6959970007
11.5837138768888,18.7214403558034,11.5554691448069,18.705893681392,11.5413467787659,18.6981203441863,11.5598159299309,18.6557920406811,11.0982993100545,19.0236006688945,11.5468954431966,18.6961093193261
11.5835926168662,18.7213559661496,11.55553718742,18.7059425130788,11.5415094726969,18.6982357865434,11.5599909336022,18.6558878006312,11.098410419362,19.0237663522515,11.5470587723479,18.696223861202
11.5836074782254,18.7213662675246,11.555655938493,18.706026693509,11.5416801686268,18.6983569065012,11.5601745581105,18.6559882455646,11.0985269450336,19.02394021689,11.5472301368762,18.6963440333414
11.5837542816434,18.7214683526379,11.5558213660747,18.7061433811906,11.5418549082903,18.698480895467,11.5603625466623,18.6560910439984,11.0986461816308,19.0241182333149,11.5474055633958,18.6964670485837
11.5838057888848,18.7215041482315,11.5559506121853,18.7062348380265,11.5420230238356,18.698600182924,11.5605434226109,18.6561899187942,11.0987608505806,19.0242895323691,11.5475743415738,18.6965853966325
11.5838079045209,18.7215055862475,11.5560579997018,18.706311013386,11.5421830472923,18.6987137269552,11.5607156054281,18.6562840082791,11.0988699548402,19.0244526152138,11.5477349970535,18.6966980446264
11.5838100201569,18.7215070242635,11.556163821345,18.7063860769775,11.5423407219391,18.6988256033345,11.5608852737285,18.6563766920765,11.0989774131741,19.0246133333675,11.547893295785,18.6968090362031
11.583812135793,18.7215084622795,11.5562693842852,18.7064609561778,11.5424980085313,18.698937203127,11.561054536688,18.6564691238694,11.0990845624176,19.0247736849357,11.5480512061981,18.6969197515463
11.5838132680932,18.7215092166592,11.5563743609209,18.7065354228586,11.5426549073348,18.6990485259583,11.5612233942348,18.6565613037814,11.099191402711,19.0249336698068,11.5482087283907,18.6970301905165
11.5838140128751,18.7215097016279,11.5564789824528,18.7066096383438,11.5428114672416,18.6991596067018,11.5613918991324,18.6566532604859,11.0992979675791,19.0250933377901,11.5483659116083,18.6971403874861
11.5837302305302,18.7214513630877,11.5565552476821,18.7066641171564,11.5429677562581,18.6992704941908,11.5615601249177,18.6567450339955,11.099404303654,19.0252527584007,11.5485228244505,18.6972503904491
11.583612494565,18.7213693957887,11.5566222672083,18.7067121895009,11.54312715353,18.699383586357,11.5617317092156,18.6568386083351,11.0995127092541,19.0254153792917,11.548682859831,18.697362577816
11.5836239339677,18.7213773196031,11.5567375570484,18.7067939232362,11.5432943685887,18.6995022250527,11.561911722503,18.6569367471771,11.0996263841547,19.0255860076391,11.5488507465782,18.6974802640771
11.5837646540855,18.7214752078403,11.5568986369659,18.7069075580212,11.5434656284061,18.6996237331117,11.5620961038748,18.6570372342071,11.0997427600421,19.0257607954713,11.5490226966251,18.6976007933883
11.5838203217627,18.7215139105233,11.5570272296558,18.7069985286295,11.5436306836024,18.6997408376826,11.5622738185707,18.6571340545833,11.0998548728713,19.0259292811143,11.5491884186814,18.6977169523243
11.5838244197055,18.7215167273073,11.5571333121973,18.7070737613279,11.5437877584432,18.6998522783382,11.5624429533765,18.6572261683324,11.0999615204987,19.0260896488445,11.5493461291202,18.6978274916513
11.58382487416,18.7215170106349,11.557236448471,18.707146919777,11.5439422356265,18.699961874348,11.5626093030574,18.6573167347125,11.1000663605348,19.0262473924731,11.5495012322755,18.6979361999618
11.5838236722273,18.7215161422134,11.5573387682244,18.7072195058195,11.544096316223,18.7000711876226,11.5627752373479,18.657407045473,11.1001708875773,19.0264047593045,11.5496559382831,18.6980446263121
11.5838249771113,18.7215170174468,11.5574418233642,18.7072926012451,11.5442502464906,18.7001803931442,11.5629410215791,18.6574972450399,11.1002752688388,19.0265620009194,11.5498104946627,18.6981529438948
11.5838277807403,18.7215189351552,11.5575452532092,18.7073659549188,11.5444039894437,18.7002894648006,11.5631066161416,18.6575873114752,11.1003794793434,19.0267190795386,11.5499648644738,18.6982611265334
11.5838305843693,18.7215208528637,11.5576484367943,18.7074391332773,11.5445573630068,18.7003982734841,11.5632718250757,18.6576771379053,11.1004833958427,19.0268758090528,11.5501188650032,18.6983690460238
11.5838333879983,18.7215227705721,11.5577513286345,18.70751210421,11.5447102989526,18.700506771029,11.5634365750385,18.6577666843765,11.1005869724089,19.0270321196913,11.5502724278757,18.6984766544108
11.5838350854374,18.7215239189571,11.557853559937,18.7075846113644,11.5448627971868,18.700614957568,11.5636008660184,18.6578559509022,11.1006902092807,19.0271880112785,11.5504255530856,18.6985839517024
11.5838363227976,18.7215247473703,11.5579553817751,18.7076568295568,11.5450149112639,18.70072287065,11.5637647554209,18.6579449688187,11.1007931427899,19.0273435381843,11.5505782941864,18.6986909754466
