gt_x,gt_y,transformer_pred_x,transformer_pred_y,mobilevit_pred_x,mobilevit_pred_y,lstm_pred_x,lstm_pred_y,baseline_pred_x,baseline_pred_y,gru_pred_x,gru_pred_y
0.801496405223354,18.4462888982733,0.801496405223354,18.4462888982733,0.801496405223354,18.4462888982733,0.801496405223354,18.4462888982733,0.801496405223354,18.4462888982733,0.801496405223354,18.4462888982733
0.801495899002828,18.4462889306285,0.801476898680705,18.4462908567164,0.801476898680705,18.4462908567164,0.801476898680705,18.4462908567164,0.801476898680705,18.4462908567164,0.801476898680705,18.4462908567164
0.801495392782303,18.4462889629837,0.801457470361412,18.4462928073059,0.801457470361412,18.4462928073059,0.801457470361412,18.4462928073059,0.801457470361412,18.4462928073059,0.801457470361412,18.4462928073059
0.801494886561778,18.4462889953389,0.801438120265475,18.4462947500419,0.801438120265475,18.4462947500419,0.801438120265475,18.4462947500419,0.801438120265475,18.4462947500419,0.801438120265475,18.4462947500419
0.801494381972802,18.4462890274416,0.801418848392893,18.4462966849243,0.801418848392893,18.4462966849243,0.801418848392893,18.4462966849243,0.801418848392893,18.4462966849243,0.801418848392893,18.4462966849243
0.801494728181218,18.4462889278539,0.801399654675538,18.44629861196,0.801399654675538,18.44629861196,0.801399654675538,18.44629861196,0.801399654675538,18.44629861196,0.801399654675538,18.44629861196
0.801495074389634,18.4462888282662,0.801380503518435,18.4463005347227,0.801380503518435,18.4463005347227,0.801380503518435,18.4463005347227,0.801380503518435,18.4463005347227,0.801380503518435,18.4463005347227
0.801515124773638,18.4462858168395,0.801361359394736,18.4463024567792,0.801361359394736,18.4463024567792,0.801361359394736,18.4463024567792,0.801361359394736,18.4463024567792,0.801361359394736,18.4463024567792
0.801535951108676,18.4462826907445,0.801341427424157,18.446304457935,0.801341427424157,18.446304457935,0.801341427424157,18.446304457935,0.801341427424157,18.446304457935,0.801341427424157,18.446304457935
0.801519238815752,18.4462851221127,0.801319881424006,18.4463066211382,0.801319881424006,18.4463066211382,0.801319881424006,18.4463066211382,0.801319881424006,18.4463066211382,0.801319881424006,18.4463066211382
0.801493404518546,18.4462889039618,0.801298205896203,18.4463087973459,0.801298205896203,18.4463087973459,0.801298205896203,18.4463087973459,0.801298205896203,18.4463087973459,0.801298205896203,18.4463087973459
0.801493308923916,18.4462888725681,0.801278284990285,18.4463107973908,0.801278285125397,18.4463107987361,0.801278284857738,18.4463107960702,0.801278285600207,18.4463108034565,0.801278284999781,18.4463107974854
0.801493254405134,18.4462888350891,0.801259447003755,18.4463126887114,0.801259447451677,18.4463126931698,0.801259446558316,18.4463126842717,0.801259448823198,18.4463127067857,0.801259446985599,18.4463126885305
0.801493265121065,18.4462887893413,0.801240650228709,18.4463145758944,0.8012406511818,18.4463145853776,0.801240649353805,18.4463145671722,0.801240653934399,18.4463146126626,0.801240650191123,18.44631457552
0.801493275836997,18.4462887435935,0.801221888417781,18.4463164595669,0.801221890064497,18.4463164759461,0.801221887122822,18.4463164466562,0.801221894723216,18.4463165220518,0.801221888422241,18.4463164596113
0.801492891497196,18.4462887591235,0.801203156983814,18.4463183401897,0.801203159523782,18.4463183654447,0.801203155387368,18.4463183242737,0.801203166628229,18.4463184356397,0.801203157103953,18.4463183413859
0.801492498588992,18.4462887759853,0.801184473683159,18.4463202159799,0.801184477329467,18.4463202522218,0.801184471960029,18.4463201988016,0.801184487418105,18.4463203517351,0.801184473969719,18.4463202188329
0.801492223533374,18.4462887754136,0.801165856657063,18.4463220851162,0.801165861636421,18.4463221345882,0.801165854983977,18.4463220684363,0.801165875237814,18.446322268523,0.801165857126034,18.4463220897852
0.80149225586394,18.4462887281939,0.801147300923708,18.4463239480987,0.801147307467702,18.4463240130896,0.801147299441524,18.4463239333193,0.801147325110095,18.4463241865183,0.801147301560239,18.4463239544359
0.801512381552743,18.4462856316637,0.80112878876053,18.4463258067069,0.801128797186334,18.4463258903465,0.801128787556526,18.4463257946961,0.801128819319555,18.4463261075405,0.801128789527981,18.4463258143476
0.801532507241546,18.4462825351335,0.801109500129055,18.4463277432719,0.801109510704817,18.4463278482073,0.801109499245517,18.4463277344503,0.801109538149666,18.4463281170369,0.801109500981093,18.4463277517549
0.801516565197915,18.4462849182661,0.801088627346654,18.4463298388845,0.801088640454676,18.4463299688903,0.801088626841668,18.44632983383,0.801088674346124,18.4463303002316,0.801088628235231,18.4463298477314
0.801491992704039,18.4462886125972,0.801067617297473,18.4463319482786,0.80106763315763,18.4463321055187,0.801067617207352,18.4463319473522,0.801067674256554,18.4463325065743,0.801067618168889,18.4463319569546
0.801490893126268,18.446288738427,0.801048263082644,18.4463338914281,0.801048281663922,18.4463340755829,0.801048263410907,18.4463338946644,0.801048330059357,18.4463345470391,0.801048263888633,18.4463338994524
0.801490824642944,18.4462887075032,0.801029970349862,18.4463357280056,0.801029991683553,18.4463359393714,0.801029971108284,18.4463357355213,0.80103004757922,18.4463364830168,0.801029971044725,18.4463357349226
0.801490374183914,18.4462887372396,0.801011757213463,18.4463375565917,0.801011781469983,18.4463377968391,0.801011758429382,18.4463375686584,0.80101184542811,18.4463384178964,0.80101175774594,18.4463375618906
0.801489896179338,18.4462887713503,0.800993599377225,18.4463393796256,0.800993626727021,18.4463396504242,0.800993601073038,18.4463393964659,0.800993699322836,18.4463403542159,0.800993599695532,18.4463393827901
0.801489418174762,18.446288805461,0.800975515088681,18.4463411952754,0.800975545695985,18.4463414982318,0.800975517284756,18.4463412170916,0.800975627499462,18.4463422900042,0.80097551514243,18.4463411958029
0.801488940170187,18.4462888395717,0.800957505575211,18.4463430034179,0.800957539602831,18.4463433401232,0.80095750829286,18.4463430304215,0.800957631183562,18.446344225093,0.800957505315412,18.4463430008196
0.801488792040479,18.4462888217752,0.800939570836813,18.446344804053,0.800939608446203,18.4463451760834,0.800939574098573,18.4463448364679,0.800939710373441,18.4463461594385,0.800939570215693,18.4463447978522
0.801488648623097,18.4462888032371,0.800921695978857,18.4463465986761,0.800921737332611,18.4463470076178,0.800921699809009,18.4463466367433,0.800921850184347,18.4463480946038,0.800921694949126,18.4463465884008
0.801488304371318,18.4462888172763,0.800903865893938,18.446348388804,0.800903911157362,18.4463488362682,0.800903870318702,18.4463484327839,0.800904035520454,18.4463500321891,0.800903864408533,18.4463483739843
0.801487956343273,18.4462888319298,0.800886089127976,18.4463501735788,0.800886138465383,18.4463506611651,0.800886094174069,18.4463502237364,0.800886274919514,18.4463519712309,0.800886087140405,18.4463501537503
0.801487678945815,18.4462888360063,0.800868374603694,18.4463519521045,0.800868428177042,18.446352481388,0.800868380297088,18.4463520086977,0.800868577294512,18.4463539107138,0.800868372067864,18.4463519268068
0.80148768708874,18.4462887952489,0.800850719055176,18.4463537247092,0.800850777025471,18.4463542972539,0.800850725421027,18.4463537879874,0.800850939380493,18.4463558509482,0.80085071592507,18.4463536934822
0.801506828657925,18.4462857502691,0.800833107574909,18.4463554928894,0.800833170105577,18.4463561102818,0.800833114638372,18.4463555631022,0.800833346283342,18.4463577935318,0.800833103804182,18.44635545527
0.801525970227109,18.4462827052892,0.800814759599125,18.4463573350132,0.800814827063186,18.4463580008985,0.800814767416934,18.4463574127241,0.800815018291834,18.4463598248769,0.80081475511147,18.4463572902391
0.801510492680348,18.4462851030552,0.800794906041622,18.4463593282964,0.800794979041468,18.4463600485696,0.800794914704716,18.4463594144086,0.800795187273499,18.4463620311487,0.800794900725746,18.4463592752556
0.801485915825712,18.4462889313956,0.800774936877529,18.4463613331864,0.800775015641435,18.4463621100636,0.800774946422744,18.4463614280654,0.800775241710716,18.4463642586189,0.800774930677377,18.4463612713184
0.801485893731669,18.4462888952823,0.800756607423814,18.4463631734506,0.800756691657623,18.446364004018,0.800756617812864,18.4463632767151,0.800756934768516,18.4463663107673,0.80075660036507,18.4463631030107
0.801485883655672,18.4462888572775,0.800739297349714,18.4463649113698,0.800739386922799,18.44636579432,0.800739308568305,18.446365022877,0.800739646742893,18.446368255812,0.800739289433538,18.4463648323684
0.801504265704453,18.4462858954068,0.800722020500195,18.4463666459533,0.800722115578073,18.4463675828839,0.80072203257421,18.4463667659597,0.800722392683589,18.4463702040796,0.800722011679342,18.4463665579174
0.801523033338469,18.446282872238,0.800704037022568,18.4463684514818,0.800704138011483,18.4463694463484,0.800704050010115,18.4463685805641,0.800704433752184,18.4463722393151,0.800704027208788,18.4463683535285
0.801517965486259,18.4462836427123,0.8006845920459,18.4463704037437,0.80068469962005,18.4463714631238,0.800684606044277,18.446370542868,0.800685016224543,18.4463744479492,0.800684581104903,18.4463702945304
0.801506621529388,18.446285412088,0.800664628920615,18.4463724080274,0.80066474345227,18.4463735355358,0.800664643983696,18.4463725577283,0.800665082227184,18.4463767237509,0.800664616770289,18.4463722867321
0.801495277572517,18.4462871814637,0.800645358972194,18.4463743427167,0.800645480408846,18.4463755378077,0.800645375095196,18.4463745029456,0.800645841311374,18.4463789285397,0.800645345605545,18.4463742092679
0.801483933615646,18.4462889508394,0.800627034675025,18.4463761824632,0.800627162859979,18.446377443572,0.800627051839918,18.4463763530402,0.800627545485456,18.4463810326518,0.80062702010407,18.4463760369795
0.801483731299819,18.44628894549,0.800609656029107,18.446377927267,0.800609790789337,18.4463792526701,0.800609674213586,18.4463781079696,0.800610194652225,18.4463830352153,0.800609640268693,18.4463777698951
0.801483588941659,18.4462889305901,0.800592774024636,18.4463796222083,0.800592915344053,18.4463810117174,0.800592793226394,18.4463798130129,0.800593340449679,18.4463849873315,0.800592757061126,18.4463794528102
0.801501757087658,18.4462859555606,0.800575937235503,18.4463813126101,0.800576085267896,18.4463827676966,0.800575957474512,18.4463815137142,0.800576532172943,18.4463869409843,0.800575919023913,18.4463811307343
0.80152004653705,18.4462829609209,0.800558406780866,18.4463830726553,0.800558561979816,18.4463845977168,0.800558428120602,18.4463832846887,0.800559032232536,18.4463889822303,0.800558387220236,18.4463828772906
0.801505674557171,18.4462852541017,0.800539441317254,18.4463849767745,0.800539604459409,18.4463865793575,0.800539463870202,18.4463852008532,0.800540100693209,18.4463911983753,0.800539420245771,18.4463847663008
0.801482624349916,18.4462889522702,0.800520348728397,18.446386893657,0.800520520055304,18.4463885760817,0.800520372529904,18.4463871301312,0.800521043187264,18.4463934373158,0.800520326086636,18.446386667478
0.801481996193655,18.4462890171735,0.800502790581434,18.4463886564825,0.800502969608112,18.4463904139833,0.800502815562744,18.4463889046685,0.800503518155815,18.4463955035567,0.800502766450878,18.4463884154113
0.801481799106632,18.4462890122264,0.800486215784393,18.4463903205805,0.80048640224801,18.4463921505598,0.80048624191142,18.4463905801388,0.800486975413581,18.4463974607992,0.800486190204453,18.4463900650092
0.801481614493062,18.446289006206,0.800469707140101,18.4463919780367,0.800469901181756,18.446393881834,0.800469734435847,18.4463922491948,0.800470499484165,18.4463994168788,0.800469680070596,18.4463917075613
0.801481429960825,18.4462890001786,0.800453245843304,18.4463936307393,0.800453447609675,18.4463956097471,0.800453274327363,18.4463939136907,0.800454071598589,18.4464013739924,0.800453217241874,18.4463933449338
0.801499240400456,18.446286036863,0.800436830379661,18.4463952788403,0.800437040015523,18.4463973344319,0.800436860069996,18.4463955737626,0.800437690246902,18.4464033323081,0.80043680020469,18.4463949772859
0.801517066422797,18.4462830709865,0.800419736606025,18.4463969950431,0.800419954610026,18.4463991320326,0.800419767574574,18.4463973026493,0.800420632830108,18.4464053785196,0.800419704745662,18.4463966766181
0.801512194038704,18.4462838397604,0.800401239761998,18.4463988521132,0.800401467008469,18.4464010789627,0.800401272138308,18.446399173688,0.800402176246333,18.446407600335,0.800401206028876,18.4463985149395
0.801501349879449,18.4462855910919,0.800382252175374,18.4464007584535,0.800382489099317,18.4464030793485,0.800382286025681,18.446401094653,0.800383230944939,18.4464098890321,0.800382216471422,18.4464004015468
0.801490505720195,18.4462873424235,0.800363926992368,18.446402598289,0.800364173438963,18.446405011682,0.800363962298847,18.4464029489349,0.800364947495591,18.4464121055173,0.800363889340353,18.4464022218746
0.80147966156094,18.4462890937551,0.80034650440434,18.4464043475045,0.800346760082789,18.4464068505282,0.800346541129735,18.446404712226,0.800347565455582,18.4464142199944,0.80034646485524,18.4464039520905
0.801479440205818,18.4462890951347,0.800329984411289,18.4464060061002,0.80033024901475,18.4464085957336,0.800330022512287,18.4464063844663,0.800331084726719,18.4464162316321,0.800329943018504,18.4464055922188
0.801479283563596,18.4462890858537,0.800313939908366,18.4464076169569,0.800314213345843,18.4464102922761,0.80031397937005,18.4464080088187,0.800315079147703,18.4464181918295,0.800313896679622,18.446407184683
0.801496733657671,18.446286141587,0.800297941188848,18.4464092232171,0.800298223599711,18.4464119855323,0.800297982028081,18.4464096287409,0.800299120031095,18.4464201528739,0.800297896083622,18.4464087721418
0.801514191650123,18.4462831960036,0.800281280177931,18.4464108959708,0.800281572104236,18.4464137504936,0.800281322471486,18.4464113159172,0.800282501094494,18.4464222018581,0.800281233071751,18.4464104248442
0.801503715138456,18.4462849168889,0.800263251086211,18.4464127060789,0.800263553493004,18.446415662113,0.800263294975138,18.4464131418457,0.800264518448783,18.4464244265137,0.800263201766089,18.4464122127636
0.801478893684068,18.446289034102,0.80024497099838,18.4464145413869,0.800245284215098,18.4464176020746,0.800245016530796,18.4464149934501,0.800246286396242,18.4464266897474,0.800244919386412,18.446414025099
0.801477656958216,18.4462892067645,0.800228131124097,18.4464162320984,0.800228454467734,18.4464193907822,0.800228178200701,18.446416699472,0.80022949163773,18.4464287816264,0.800228077358091,18.4464156942165
0.801477431311885,18.4462892103238,0.800212363860227,18.4464178151205,0.800212696848372,18.446421067088,0.800212412413051,18.4464182971293,0.800213767415172,18.4464307466694,0.800212308035822,18.4464172566007
0.801477205665555,18.446289213883,0.800196687436737,18.4464193890224,0.800197030178673,18.446422735285,0.800196737483787,18.4464198858436,0.800198134576009,18.4464327067102,0.800196629522346,18.4464188095449
0.801476980335886,18.4462892173899,0.800181061495223,18.4464209578559,0.800181414122299,18.4464243996377,0.800181113053639,18.4464214696584,0.800182552870833,18.4464346667487,0.800181001453473,18.4464203570429
0.80147692013453,18.4462891935721,0.80016548601855,18.4464225216228,0.800165848659247,18.4464260601197,0.80016553910367,18.4464230485577,0.800167022283029,18.4464366267698,0.800165423812779,18.4464218991035
0.801476859933174,18.4462891697543,0.800149952054632,18.4464240812218,0.800150324842001,18.4464277176728,0.800150006682824,18.4464246234503,0.800151533886942,18.4464385878845,0.800149887648006,18.4464234366237
0.801493583281547,18.4462862884474,0.80013445066852,18.44642563755,0.800134833740605,18.4464293732411,0.800134506858058,18.4464261952522,0.800136078774598,18.446440551206,0.800134384023738,18.4464249704957
0.80151042180484,18.4462833875313,0.800118307463382,18.4464272583164,0.80011870141213,18.4464310989102,0.800118365302203,18.4464278323626,0.800119984600871,18.446442602432,0.800118238444694,18.4464265674407
0.801497526792661,18.446285558251,0.800100843414429,18.4464290116946,0.800101249309867,18.4464329674572,0.800100903063715,18.4464296036807,0.800102574519061,18.4464448287276,0.800100771782077,18.446428294588
0.801475444966857,18.4462892959614,0.800083248999462,18.4464307781615,0.800083667111337,18.4464348516381,0.800083310502063,18.4464313885106,0.800085035414852,18.4464470789869,0.800083174689306,18.4464300341768
0.801491882646211,18.446286439214,0.8000670885778,18.4464324006564,0.800067518076413,18.4464365838013,0.80006715181338,18.4464330281746,0.800068926654958,18.446449152528,0.800067011767017,18.4464316315688
0.801508463563229,18.4462835579447,0.800051181259706,18.4464339977399,0.800051622133651,18.446438290391,0.80005124623048,18.4464346424476,0.800053071026959,18.4464512000888,0.800051101945239,18.4464332035153
0.801495779588652,18.446285709513,0.800033971137557,18.4464357256241,0.800034424500952,18.4464401384487,0.800034038012002,18.4464363891888,0.80003591774027,18.4464534223948,0.800033889067372,18.4464349037281
0.801474532465573,18.4462893337311,0.800016632626679,18.4464374663983,0.800017098752218,18.446442001963,0.800016701443337,18.4464381492006,0.800018637418211,18.4464556684411,0.800016547733475,18.4464366161513
0.80147420595095,18.446289357903,0.800000691237014,18.4464390669026,0.800001169258981,18.4464437168285,0.800000761864391,18.4464397676385,0.800002750380409,18.4464577400463,0.800000603705951,18.4464381901604
0.80147410050209,18.4462893440336,0.799985648294852,18.4464405772034,0.799986137699817,18.4464453365033,0.799985720655728,18.4464412951068,0.799987759522476,18.4464597009889,0.799985558233793,18.4464396750459
0.801473995053231,18.4462893301641,0.799970650877694,18.4464420829335,0.799971151789731,18.4464469527469,0.799970724988779,18.4464428181686,0.799972814823593,18.4464616620396,0.79997055825241,18.4464411550131
0.801473889604371,18.4462893162947,0.799955690067042,18.4464435849883,0.799956202614075,18.4464485664914,0.799955765943619,18.4464443377054,0.799957907397047,18.4464636243489,0.799955594841865,18.446442630943
0.801300575384614,18.4463067019256,0.799940765862895,18.4464450833679,0.799941290171041,18.4464501777187,0.799940843520301,18.4464458537176,0.7999430372446,18.4464655879112,0.799940668003117,18.4464441028451
0.801124691959132,18.4463243456432,0.799920762269443,18.4464470917146,0.799921302554966,18.4464523392948,0.7999208423378,18.4464478859346,0.799923107204426,18.4464682281207,0.799920660825802,18.4464460751694
0.800894119574499,18.4463474766878,0.799890487405311,18.4464501312896,0.799891052196509,18.446455613776,0.799890571153354,18.4464509619396,0.799892945472243,18.4464722376501,0.79989038046954,18.4464490595352
0.80066356032877,18.4463706059169,0.799844269004604,18.4464547715844,0.799844871686155,18.4464606171113,0.799844358431482,18.4464556584529,0.7998469028742,18.4464783819211,0.799844153613735,18.4464536148291
0.800586159945398,18.4463771409718,0.799776510242756,18.4464615745163,0.799777169169724,18.4464679587023,0.799776608152469,18.4464625453523,0.799779406986944,18.4464874281851,0.799776382418797,18.4464602927648
0.800508759562025,18.4463836760267,0.799698470837207,18.4464694096176,0.799699195298541,18.4464764211513,0.799698578862637,18.4464704805624,0.799701676697771,18.4464978943103,0.799698328721084,18.4464679841824
0.800282232345666,18.446406029909,0.799621410949635,18.446477146376,0.799622200835923,18.4464847839516,0.799621529507069,18.4464783215132,0.799624928146389,18.44650827427,0.799621254760663,18.4464755794656
0.799816408411991,18.446453767509,0.799539552702589,18.4464853648862,0.79954041301514,18.4464936760206,0.799539683072013,18.4464866568349,0.799543406682058,18.446519345285,0.799539381532572,18.4464836473676
0.799350584478317,18.4465015051091,0.799437846734251,18.4464955760937,0.799438795814124,18.4465047357318,0.799437992316993,18.4464970184515,0.799442126789939,18.446533156737,0.799437656823008,18.4464936701526
0.798885204123428,18.4465491948159,0.799307021560333,18.4465087108489,0.799308086334441,18.4465189758107,0.799307187087996,18.4465103503678,0.799311860667235,18.4465510028907,0.799306807411289,18.4465065612106
0.798711323171653,18.4465654113306,0.799147099813321,18.4465247668795,0.799148307696381,18.4465363984427,0.799147290173111,18.4465266518369,0.799152637487881,18.4465729286847,0.799146856066527,18.4465223196558
0.798537442219878,18.4465816278452,0.798972977012617,18.4465422486859,0.79897434234367,18.4465553831559,0.798973195334848,18.4465444099497,0.798979292669389,18.4465969273759,0.798972701287773,18.4465394799681
0.798061789701908,18.4466303367357,0.798799526045229,18.4465596630407,0.79880104968308,18.4465743080503,0.798799773740574,18.446562114426,0.798806633095903,18.4466209517286,0.798799218742961,18.4465565768826
0.797515457583005,18.44668665522,0.798616632062496,18.4465780254676,0.798618324591856,18.4465942812492,0.798616912479107,18.4465807998935,0.798624589475524,18.4466463979056,0.79861629152846,18.4465746052446
0.797160636237677,18.4467222467694,0.79841182040956,18.4465985884131,0.798413704515958,18.4466166703637,0.798412138890124,18.446601738498,0.798420747764747,18.4466750196605,0.798411442497439,18.4465947924285
0.796805808011995,18.4467578390271,0.7981907230963,18.4466207864274,0.798192816390637,18.4466408614749,0.79819108373948,18.4466243525234,0.798200717347233,18.446706058171,0.798190304647232,18.4466165829076
0.796446535099152,18.4467938889364,0.797961332836869,18.4466438170477,0.797963645362691,18.4466659800048,0.797961738330935,18.4466478255754,0.79797245458138,18.4467384064371,0.79796087223183,18.4466391897064
0.796087808648348,18.4468298779726,0.79772423064602,18.4466676219404,0.797726772070418,18.4466919639466,0.797724683753339,18.4466721000283,0.79773653833816,18.4467719869077,0.797723726366403,18.4466625555005
0.795840364365094,18.4468534707543,0.797480015128168,18.4466921410062,0.797482794668434,18.4467187488503,0.797480518529748,18.4466971149706,0.79749356467312,18.4468067173244,0.797479465666731,18.4466866202951
0.79559292008184,18.446877063536,0.797232469624261,18.4467169944002,0.797235492751381,18.4467459192297,0.797233025187893,18.4467224825372,0.797247297585464,18.4468420583662,0.797231874066496,18.4467110101945
0.794459994030378,18.4469917775306,0.79698535898751,18.4467418041338,0.796988627570098,18.4467730627731,0.796985967730592,18.4467478163579,0.797001481429578,18.4468774646818,0.796984717010629,18.4467353531486
0.793102021146655,18.4471296461531,0.796693383028842,18.4467711183141,0.796696945125623,18.4468051662495,0.796694055153304,18.4467777551092,0.79671105891679,18.4469194652255,0.796692685756358,18.4467641112455
0.792651564395526,18.4471736175736,0.796299807018496,18.446810633068,0.796303769686968,18.4468484856,0.796300564136845,18.4468181074531,0.796319623676722,18.4469764033018,0.796299035293294,18.4468028772696
0.792201107644398,18.447217588994,0.795849621634308,18.4468558313631,0.795854048521414,18.4468980904311,0.795850477002743,18.4468642738665,0.79587195571813,18.4470420018144,0.795848766190923,18.4468472337963
0.790933499231809,18.4473458322028,0.795399252094883,18.4469010481472,0.795404148185845,18.4469477590093,0.795400211274634,18.4469105129593,0.795424174166754,18.4471080999374,0.795398316346758,18.4468916434518
0.789469053205647,18.4474943747341,0.794915986551796,18.4469495676669,0.794921391579533,18.4470011049369,0.794917066957992,18.4469602251129,0.794943754762503,18.4471794926887,0.794914967978655,18.4469393308084
0.788491296200436,18.447592516849,0.794359242702382,18.4470054643567,0.794365242369513,18.4470626371235,0.794360472407145,18.4470175893854,0.794390372270808,18.4472622934839,0.794358130700514,18.4469942889694
0.787513516742532,18.4476906612203,0.793747427418736,18.4470668901797,0.793754089408048,18.4471303359471,0.793748829108063,18.4470807047379,0.793782349628027,18.4473539424822,0.793746214322698,18.4470546993956
0.7865095177694,18.4477914405515,0.793106819849612,18.4471312067278,0.793114183722325,18.4472012964246,0.793108410442177,18.4471468757918,0.793145817989393,18.4474505972752,0.793105503329504,18.4471179773474
0.785505518796267,18.4478922198827,0.792439549328955,18.4471982002175,0.792447651080457,18.4472752715064,0.792441347577621,18.4472159062932,0.792482897309252,18.4475519592367,0.792438127714105,18.4471839156774
0.784797302864854,18.4479620742836,0.791747743368807,18.4472676570479,0.791756617385237,18.4473520319771,0.791749767889424,18.4472875810633,0.791795702842249,18.4476577113162,0.791746214545994,18.4472522962711
0.784091807976516,18.4480316441919,0.79104308951073,18.4473384037983,0.791052754609335,18.447430258284,0.791045354420841,18.4473606825521,0.791095841744287,18.4477660469333,0.791041452280684,18.4473219548081
0.782821303398703,18.4481601845599,0.790337382814835,18.4474092562529,0.790347843728911,18.4475086334178,0.790339897673703,18.4474339818622,0.790395019477201,18.4478750889477,0.790335637029598,18.4473917175653
0.781412294327219,18.4483031807396,0.789614169244133,18.4474818663853,0.789625453005139,18.4475890183815,0.789616947634447,18.4475091705643,0.789676889226535,18.4479873344076,0.789612311408603,18.4474632028518
0.780370745633398,18.4484077440864,0.788852827401564,18.4475583045693,0.788864986209217,18.4476737205038,0.788855886895434,18.4475883586237,0.788920982678759,18.4481060335578,0.788850850506481,18.4475384457369
0.779331442979031,18.4485120725189,0.788062632819695,18.447637639548,0.78807570544608,18.4477616829561,0.788065985716586,18.4476705635124,0.78813652382859,18.4482298310879,0.788060532120289,18.4476165377629
0.778516539628833,18.448592622958,0.787257002382708,18.4477185242757,0.787271010317025,18.4478513963299,0.78726065805097,18.4477544091513,0.787336839014456,18.4483566653822,0.787254776687171,18.4476961676704
0.777701682558712,18.4486731684931,0.786443064453122,18.4478002430698,0.786458021950411,18.4479420761528,0.786447032763905,18.4478391841876,0.786529002003624,18.448485398744,0.786440714279674,18.4477766369889
0.776395839101741,18.448804599721,0.785627867336244,18.4478820882854,0.785643782431913,18.4480329551118,0.785632156884248,18.4479241681827,0.785720000744908,18.4486148666631,0.785625393598278,18.4478572419836
0.7749687592507,18.4489485958552,0.784789716742104,18.4479662380139,0.78480662487913,18.448126468892,0.784794343172925,18.4480116083359,0.784888304322559,18.4487485029468,0.784787115996978,18.4479401169402
0.773541679399659,18.4490925919893,0.783901559725577,18.448055408352,0.78391952991521,18.4482256493346,0.783906546472965,18.4481042973576,0.784007086724737,18.4488907343797,0.783898824390471,18.448027936397
0.772114599548617,18.4492365881235,0.782958039086368,18.4481501371587,0.782977147955462,18.4483311054173,0.782963410951839,18.4482027866069,0.783071066164203,18.4490426233315,0.782955162210511,18.4481212446686
0.770409701456773,18.4494077736843,0.781959154827538,18.4482504244338,0.781979480510623,18.4484428505272,0.781964939443402,18.4483071031776,0.782080278172053,18.4492043838171,0.781956131863429,18.4482200660514
0.768705507294028,18.4495788567802,0.780896817104128,18.448357082392,0.780918447768549,18.4485617911799,0.780903050431567,18.4484181395913,0.781026734898354,18.4493775424988,0.780893644553796,18.4483252234358
0.767533683119814,18.4496952368066,0.779763199898611,18.4484708967599,0.779786235878057,18.4486888262696,0.779769926623326,18.4485367655336,0.779902716211072,18.4495636168647,0.779759874728638,18.4484375072839
0.766361858945601,18.449811616833,0.778592922502789,18.4485883917851,0.778617424547408,18.4488201058852,0.778600178105457,18.4486594140927,0.77874257506009,18.4497570768707,0.778589447949207,18.4485535047757
0.763990569733498,18.4500506700398,0.77742034037957,18.4487061182032,0.777446323243126,18.4489517496482,0.777428151448028,18.4487825475955,0.777580360069242,18.4499521785372,0.77741672435035,18.4486698134423
0.7612971955661,18.4503226639111,0.776197805089018,18.4488288598842,0.776225347482683,18.4490891405114,0.776206221330902,18.4489111743646,0.776368836890533,18.4501567992701,0.77619404639897,18.4487911257834
0.759334331724085,18.4505197176865,0.774864873853885,18.4489626852401,0.774894136508579,18.4492391146622,0.774873966158078,18.4490515704399,0.775048158259284,18.4503813496129,0.774860961508856,18.4489234117585
0.75737122334585,18.450716795978,0.773448274222096,18.449104910844,0.773479385963439,18.4493986876368,0.773458095551769,18.4492008790646,0.773644882703705,18.4506217666553,0.773444200815287,18.4490640239072
0.755373177488666,18.4509173769474,0.771987551661659,18.4492515663589,0.77202058726356,18.4495633830886,0.771998141371324,18.4493549959994,0.772198223813189,18.4508715591554,0.771983320158612,18.4492090961153
0.753375131631482,18.4511179579167,0.770486098816902,18.4494023111656,0.770521121500299,18.4497327556559,0.770497505647691,18.4495136688286,0.770711549853508,18.451130180847,0.7704817159567,18.4493583256786
0.751808560314173,18.4512739802479,0.768947284751069,18.4495568070125,0.768984354314587,18.4499064344193,0.76895956128217,18.4496765946537,0.769188196056176,18.4513970345599,0.768942755837781,18.4495113598195
0.750246720963725,18.451429513906,0.767387895998785,18.4497133685434,0.767427049344594,18.4500825196945,0.767401085887141,18.4498420009317,0.767644768232304,18.45166912893,0.767383225102705,18.449666500659
0.747934250314688,18.4516624888364,0.7658249031905,18.449870291919,0.76586615190376,18.4502590717938,0.765839039178515,18.4500080778555,0.766098032561752,18.4519433190647,0.765820093234693,18.4498220327386
0.745413199769953,18.451916982577,0.764237261878924,18.4500296899869,0.76428065388982,18.4504385396909,0.764252383763693,18.4501770076425,0.764527138210792,18.4522231468983,0.764232310843514,18.4499800193093
0.743262856469749,18.4521331586882,0.762597844689749,18.4501942863165,0.762643466863453,18.4506240102076,0.762613997300767,18.4503515655697,0.762905257897857,18.4525134655549,0.7625927468057,18.4501431463695
0.741193191583866,18.4523409955893,0.760914491986726,18.4503632937406,0.760962412583409,18.4508145261904,0.76093170840221,18.4505308527527,0.761240183237182,18.4528130756458,0.760909244222153,18.4503106542302
0.738563612504962,18.4526050178327,0.759203933076436,18.4505350326488,0.759254193465729,18.4510081585332,0.759222240262627,18.4507131292402,0.759548480871151,18.4531190971204,0.759198538409198,18.4504809236041
0.735875146862939,18.4528749491275,0.757438393844391,18.4507122915425,0.757491076058482,18.4512080747745,0.757457843243761,18.4509014179948,0.757802705307161,18.4534366143254,0.757432855643799,18.450656747002
0.733186681220916,18.4531448804222,0.755583874572057,18.4508984839695,0.755639118024772,18.4514182194692,0.755604541348316,18.4510993610059,0.755969303160777,18.4537720929699,0.755578194071189,18.4508415165948
0.730498215578893,18.453414811717,0.753637139773887,18.4510939347702,0.753695097143413,18.4516390365943,0.753659104046432,18.4513073299804,0.754045168839134,18.4541266130712,0.753631319507465,18.451035570255
0.727624155779728,18.4537033511668,0.751598189460452,18.4512986439437,0.751659019130491,18.4518705761193,0.751621539604515,18.4515254019213,0.752030392628774,18.454500646557,0.751592235577088,18.4512389441747
0.724748060765371,18.4539920946726,0.74947739647988,18.4515115700632,0.749541246427331,18.4521116967874,0.749502224344599,18.45175256536,0.74993529869382,18.4548926692636,0.749471319456821,18.4514506402058
0.721782349723006,18.4542898435793,0.747285247427436,18.451731660282,0.74735225234953,18.4523612205335,0.747311646232642,18.4519877774089,0.747770298010455,18.4553009941509,0.747279060322464,18.451669631211
0.718823938455808,18.4545868437854,0.745026903854475,18.4519583963839,0.745097187415362,18.4526185279297,0.745054968526774,18.452230533841,0.745540521795129,18.455724813668,0.745020619349566,18.4518953950819
0.716468168123091,18.4548220844544,0.742707776371185,18.4521912351476,0.742781452863724,18.4528829890043,0.742737600435824,18.4524802763177,0.743251334299474,18.4561632047985,0.74270140548196,18.4521273718263
0.714112397790374,18.4550573251233,0.740355613186779,18.4524273906724,0.74043275681569,18.4531514437527,0.740387271555968,18.4527340384789,0.740930120281513,18.456610872712,0.740349166992889,18.4523627760924
0.710588996584599,18.4554120327019,0.737997799699551,18.4526641134836,0.738078431429809,18.4534206539072,0.738031349498448,18.4529888980261,0.738603852137855,18.4570623133545,0.737991288337244,18.4525988489099
0.706717354066869,18.4558023708161,0.735597303355458,18.4529051216235,0.735681498724764,18.4536948458637,0.735632824748206,18.4532487953981,0.736235947392333,18.4575243682621,0.735590730314415,18.4528392419226
0.703622127922231,18.4561131210881,0.733106046792061,18.4531552420255,0.733193956044353,18.4539795402494,0.733143639286572,18.4535187495011,0.733779028118272,18.4580065167464,0.733099410849267,18.4530887350141
0.700529392172768,18.4564236160194,0.730544888642946,18.4534123804973,0.730636635741663,18.4542723953807,0.73058462511441,18.4537964142723,0.731253755245604,18.4585051630911,0.730538192131641,18.4533452694931
0.697430062978996,18.4567347622372,0.727945842422313,18.4536733229048,0.728041501065766,18.4545697305636,0.727987780156189,18.4540784221799,0.728691732771993,18.4590142534973,0.727939099172311,18.4536057459523
0.694330733785223,18.4570459084549,0.725311995335087,18.4539377592947,0.725411619460484,18.4548710606574,0.725356207527162,18.4543646084504,0.726095997225112,18.4595331311841,0.725305225333211,18.4538699157517
0.691627964727594,18.4573160269393,0.722646324516159,18.4542053907649,0.722749967863101,18.4551760824482,0.722692890751235,18.4546547313033,0.723469463829211,18.4600610988336,0.722639545606215,18.4541374584806
0.688938133765138,18.4575848068607,0.719961083492542,18.4544749870698,0.720068781391708,18.4554833943877,0.720010072576812,18.4549474567131,0.720824175099092,18.460595560298,0.719954309433122,18.4544071030935
0.685532553343247,18.4579277293754,0.717268925570385,18.4547452778265,0.717380689942288,18.4557915108113,0.717320392004685,18.4552413781156,0.718172544100606,18.4611337279474,0.717262166108253,18.4546775392031
0.681946355857748,18.4582893614131,0.714553377021162,18.4550179169856,0.71466925866738,18.4561024392206,0.714607381051556,18.4555382073637,0.715498304601794,18.4616786858698,0.714546637616577,18.4549503780661
0.678837723951247,18.4586014492575,0.711793311490722,18.4552950256183,0.711913398115409,18.4564186409675,0.711849915550917,18.4558400930032,0.712780667941553,18.4622347451378,0.711786595644551,18.4552277212456
0.675729092044746,18.4589135371019,0.708998891746789,18.4555755833897,0.709123242783103,18.4567388402648,0.709058139031144,18.4561458351038,0.710029681962274,18.4628000508164,0.708992205788576,18.4555085765486
0.672122546446032,18.4592756132426,0.706184533402746,18.4558581429825,0.706313176177133,18.4570612972111,0.70624645983313,18.4564539144761,0.707259550094919,18.4633717345136,0.706177889686285,18.4557915565631
0.668514874815896,18.4596378024318,0.703315527423194,18.4561461891594,0.703448550951979,18.457390064956,0.703380208765014,18.4567681925779,0.704436138331887,18.463956979699,0.70330894162135,18.4560801790006
0.665484913714958,18.4599407661801,0.70035708628426,18.4564432145633,0.700494651039556,18.4577292896168,0.700424630400434,18.4570924680686,0.70152532520691,18.4645634160226,0.700350574998241,18.4563779456648
0.662471123650529,18.4602420721141,0.697349100793845,18.456745214185,0.697491320243073,18.4580745208567,0.697419583305393,18.4574224263064,0.69856646357613,18.4651833501578,0.697342685317802,18.4566808980578
0.658065955453014,18.4606853463855,0.694332659051411,18.4570480628085,0.694479570846347,18.4584209362801,0.694406138109849,18.4577537662039,0.69559996463518,18.4658082678385,0.694326369891697,18.4569850021921
0.653305957900451,18.461164825433,0.69125184940705,18.457357373924,0.691403577154318,18.4587749479148,0.691328451405248,18.4580927440487,0.692570834139095,18.4664496958302,0.691245715560018,18.4572958563695
0.649342162395015,18.4615627865858,0.688035097506285,18.4576803335461,0.688191898309568,18.4591449677883,0.688115004723393,18.4584470830551,0.689408849562104,18.4671232307168,0.688029139909582,18.4576205666922
0.645384979492371,18.4619600697954,0.68471469757134,18.4580136993578,0.684876790252778,18.4595273904134,0.684798051434463,18.4588131559596,0.686145958580878,18.4678230385026,0.684708931485463,18.4579558345146
0.641970289013314,18.4623016270979,0.681337836249135,18.4583527338529,0.681505359114259,18.4599167345497,0.681424747302386,18.4591859239985,0.682828623895312,18.4685395769609,0.681332291826745,18.4582970696146
0.638555598534257,18.4626431844003,0.677928712602611,18.4586950074626,0.678101742875146,18.4603100178548,0.678019295902228,18.4595629863572,0.679480601074522,18.469267600623,0.677923431140108,18.4586419523197
0.63342947627109,18.4631601603138,0.674511177170794,18.4590381256096,0.674689728991833,18.4607042763368,0.674605541449017,18.4599418781937,0.676125218081162,18.4700015512061,0.674506191937213,18.4589880082701
0.629330089944281,18.4635718355143,0.671034622553761,18.4593871692413,0.671218806618305,18.4611054762108,0.671132920415145,18.460328099137,0.672712722270302,18.470751974955,0.671029955287241,18.459340204544
0.625230703617472,18.4639835107148,0.667482958150991,18.4597437538424,0.667672912495742,18.4615154853317,0.66758532838084,18.4607231476984,0.669227368662069,18.4715225480101,0.667478622790107,18.4597000796646
0.621131952709533,18.4643951201199,0.663890700767264,18.4601044139502,0.664086531373539,18.4619305266196,0.663997229597494,18.4611230676219,0.665703079231772,18.4723059845651,0.663886712983659,18.460064185098
0.617468679726355,18.4647616373215,0.660257873419982,18.4604691472537,0.66045965625444,18.4623503382301,0.660368653796946,18.4615279164548,0.662139877520307,18.4731022624571,0.660254258256496,18.4604326109019
0.613805406743177,18.4651281545231,0.656600267878451,18.4608363682704,0.656808022623737,18.46277283249,0.656715383855233,18.4619360197574,0.658553223074424,18.473907768173,0.65659705190113,18.4608037863952
0.609484033669811,18.4655623213529,0.652933652899927,18.4612044938283,0.653147360822199,18.4631960782837,0.653053180605657,18.4623457137723,0.654958500858664,18.4747186652187,0.652930860384964,18.4611761056049
0.604976378379207,18.4660156371282,0.649235228970544,18.4615758129823,0.649454935423319,18.4636229414343,0.649359268769018,18.4627595166466,0.651333296934761,18.4755397096668,0.649232881402245,18.4615518301303
0.600468723088603,18.4664689529035,0.645475742936497,18.4619532627287,0.64570156615293,18.4640570182377,0.64560440903047,18.4631805058329,0.647648982313624,18.4763775815685,0.645473860817839,18.4619338874522
0.595959469577229,18.4669224184671,0.641648741166504,18.4623374910073,0.641880823294516,18.4644991697134,0.641782140983114,18.4636092725431,0.643899355541224,18.477234245438,0.641647348003936,18.4623229550589
0.591335760704603,18.4673866110096,0.637754209688937,18.4627284992209,0.637992696795601,18.4649494309502,0.637892454244269,18.464045850058,0.640084531602262,18.4781102483875,0.637753337357943,18.4627191165686
0.586712051831978,18.4678508035522,0.63379113285901,18.4631263893395,0.63403615920719,18.4654078028711,0.63393435130408,18.4644905023056,0.636203624922302,18.4790062717398,0.633790822619822,18.463122566016
0.582625307571694,18.4682598563624,0.629758509019525,18.4635312619289,0.630010217462343,18.4658744611095,0.629906851478277,18.4649435166515,0.632255746490514,18.4799229138358,0.629758808440195,18.4635334656384
0.578545745171983,18.468668171683,0.625685695572032,18.4639401695265,0.625944189418191,18.466346086751,0.625839293856123,18.465401763083,0.628269670973786,18.4808536215109,0.625686653057988,18.4639488754899
0.573347863315895,18.4691910055027,0.62160244256391,18.4643501252487,0.621867750484112,18.4668190185,0.621761411223679,18.4658620804284,0.624274442669862,18.4817912619655,0.621604103341783,18.4643657767218
0.567840897167676,18.4697454902689,0.617469144534423,18.4647651054558,0.617741369974121,18.4672979183429,0.617633649927148,18.4663289292815,0.620231243197163,18.4827446240146,0.617471548797535,18.464788096638
0.56299102370999,18.4702317102545,0.613234748587518,18.4651902358224,0.613514108224345,18.4677889407077,0.61340498969858,18.4668077586197,0.616090241837614,18.4837259254994,0.613237931715098,18.4652209144554
0.558148056636678,18.4707172127419,0.608922019837391,18.4656232307472,0.609208702139637,18.4682895326801,0.609098142988612,18.4672958009272,0.611873881961625,18.4847306260882,0.608926012068826,18.4656618938667
0.553291562771734,18.4712017536871,0.604565133649747,18.4660606590476,0.604859252713567,18.4687955864916,0.604747254655482,18.4677893305441,0.607615647452011,18.4857510375892,0.604569978219549,18.4661077300183
0.548435042698056,18.4716862927693,0.600168057029947,18.4665020693173,0.600469670165066,18.4693061654536,0.600356313608711,18.4682880915593,0.603319386148463,18.4867860567379,0.600173805138551,18.4665580499806
0.543548036860303,18.472169918799,0.595734409256803,18.4669470524007,0.596043559775043,18.4698207423052,0.595928946279582,18.4687917393071,0.598988578237885,18.4878345534534,0.595741105486138,18.4670123806007
0.538658977612047,18.4726534833288,0.591266185836709,18.4673952233568,0.591582903591317,18.4703388389644,0.591467130520222,18.4692997529558,0.594625090286842,18.4888956145444,0.591273857072669,18.4674701680515
0.533774091320583,18.4731308697357,0.58676551308786,18.4678462104605,0.587089813531094,18.4708599783611,0.586972970161448,18.4698115802993,0.590230925039082,18.4899683476591,0.586774175252733,18.4679309370601
0.52888928364233,18.4736081397547,0.582235035715712,18.4682994228161,0.582566921716576,18.4713835013242,0.582449076619684,18.4703263752891,0.585808569843988,18.4910515841001,0.582244689289921,18.4683939527957
0.524002997195973,18.4740686969971,0.57767731604236,18.4687543258505,0.578016767243777,18.4719087057275,0.577897984475275,18.470843391425,0.581360442103777,18.4921442436987,0.57768795385476,18.468858611343
0.519116679050659,18.4745288959835,0.573095106011791,18.4692102167003,0.573442059507696,18.472434571072,0.573322414039016,18.4713616967539,0.576889118538435,18.4932450392316,0.573106708542088,18.4693240966986
0.514230360905345,18.4749890949699,0.568491154707888,18.4696662477153,0.568845500131306,18.4729599031525,0.568725081096404,18.4718802155194,0.572397142054273,18.4943525044279,0.568503686525182,18.4697894140175
0.509344263012789,18.475448913838,0.563865474244579,18.4701219298022,0.564227099261758,18.4734842497183,0.564105979249189,18.4723983506735,0.567884402232008,18.4954659428903,0.56387889341404,18.4702540155587
0.504470359625333,18.4758876870891,0.55921804952954,18.470576656167,0.559586837611874,18.4740070349222,0.559465070189252,18.4729153571011,0.563350754860889,18.49658459121,0.559232302985458,18.470717189325
0.499596456237877,18.4763264603401,0.55455121259731,18.4710294715623,0.554927014295712,18.4745270881852,0.554804654223896,18.4734300723274,0.558798328897757,18.4977070111779,0.554566232563301,18.4711778362068
0.494434306474451,18.4767702027168,0.549867265198617,18.4714795348874,0.550249912149498,18.4750434560233,0.550127013440787,18.4739415378047,0.55422923728892,18.4988318765478,0.549882978350489,18.4716350562944
0.489270615564323,18.4772139716615,0.545146423986725,18.4719280769364,0.545535784556025,18.4755577834968,0.54541237310844,18.4744511437841,0.549624089102864,18.4999633101084,0.545162751519382,18.4720900182494
0.484449187176212,18.4776427458431,0.540368781638018,18.4723761201503,0.54076476346839,18.4760715606032,0.540640824805504,18.4749600012558,0.544963441435295,18.501105664017,0.540385629954717,18.4725435804724
0.479628247824469,18.4780714985997,0.535556501716035,18.4728207844517,0.53595899482023,18.4765818076893,0.535834491926601,18.4754649058464,0.540268893092837,18.5022532616158,0.53557377196504,18.4729927876358
0.474204687896734,18.4784621509416,0.530731888368268,18.4732591771963,0.531140703419265,18.4770849479573,0.531015648265846,18.475962729035,0.535562044406967,18.5033998468077,0.530749485406006,18.4734347620132
0.468618171927109,18.4788425004611,0.525876463908696,18.4736922878034,0.526291374623316,18.4775816789805,0.52616584279154,18.4764547842575,0.530824697018169,18.5045488773549,0.525894295622093,18.473870495467
0.463031655957484,18.4792228499805,0.520966710967489,18.4741213437214,0.521387576075561,18.4780741449464,0.521261567805057,18.4769424827109,0.526033807773818,18.5057052264255,0.520984672443425,18.4743010336976
0.457445139987859,18.4796031995,0.515997558866684,18.4745456926214,0.516424261685789,18.478562053604,0.516297729514152,18.4774250322023,0.521184375105959,18.5068695061984,0.516015528769896,18.47472548127
0.452059296179545,18.4799350505246,0.510968941095045,18.4749643070746,0.511401350488767,18.479044337608,0.51127424770237,18.4779013359293,0.51627629144032,18.5080412354695,0.510986795316736,18.4751427037655
0.446676877725152,18.4802662327862,0.505894948199057,18.4753749075586,0.506332892367828,18.4795183934509,0.506205190570489,18.4783689430931,0.511323193571135,18.5092163176642,0.505912567182365,18.4755503868609
0.441539717983403,18.4806233418588,0.500789920490214,18.4757754123237,0.501233182154358,18.4799817159235,0.501104883817784,18.4788256519755,0.506338901189898,18.5103904307053,0.500807198220458,18.4759465178212
0.436402558241656,18.4809804509315,0.495662798910919,18.4761640641914,0.49611110244199,18.4804319662797,0.495982251292634,18.4792695686066,0.501331867919457,18.5115600647471,0.495679635627675,18.4763293073459
0.430966526210866,18.4811919770189,0.490522306217534,18.4765391183226,0.490975332994015,18.4808669408873,0.49084599282982,18.4796987302723,0.496310284615315,18.5127215430516,0.490538605801713,18.4766969254367
0.425434061514906,18.4813565300151,0.485362726668137,18.4769000731356,0.485820155758043,18.481286103349,0.485690383540192,18.4801125446706,0.491268276529791,18.5138746709582,0.48537839722614,18.4770487733586
0.419901596818946,18.4815210830113,0.480176503775534,18.4772463869108,0.480638040923822,18.4816892496843,0.480507852021345,18.4805102985881,0.486198208916362,18.5150197716167,0.480191454888872,18.4773841392969
0.414369132122986,18.4816856360074,0.474961773728565,18.4775769537624,0.475427129192496,18.4820753621478,0.475296515555026,18.4808906354663,0.481098036890167,18.5161559622738,0.474975919552125,18.4777017476363
0.409091640884688,18.4819351692356,0.469718528449233,18.4778906570078,0.470187401344193,18.482443170333,0.470056360802887,18.4812523106784,0.475967568367489,18.5172821609788,0.469731795842134,18.4780004068061
0.403817204284947,18.4821857205458,0.464454124809338,18.4781857995695,0.464926200707003,18.4827907658892,0.46479474039989,18.4815934932545,0.470813776268675,18.5183954811563,0.464466458021666,18.4782783860352
0.398138547253578,18.4821657041166,0.459176033913314,18.4784609202022,0.459650980612077,18.4831163235943,0.45951913050609,18.4819126720722,0.465643744835877,18.5194930739101,0.459187399431277,18.4785342673914
0.39236117602662,18.4820796126585,0.453868868513973,18.4787156307102,0.454346360115395,18.48341944635,0.454214157451497,18.4822095607869,0.460442168159615,18.5205768091637,0.453879248037505,18.4787675286177
0.38660601933814,18.4820325065996,0.44851336451761,18.478949372208,0.448993124107849,18.4837003776412,0.448860566696591,18.4824836486776,0.455189981189623,18.5216494648284,0.448522752472545,18.4789773223387
0.380851584996282,18.4819866682227,0.443113235763341,18.4791604667199,0.443595006370519,18.4839578195755,0.443462076353923,18.4827331551419,0.449890678384342,18.5227093427617,0.4431216499033,18.4791618284149
0.375097150654424,18.4819408298459,0.437676239388556,18.4793469394109,0.438159747723025,18.4841894768196,0.438026448538702,18.4829559822011,0.444551648289736,18.5237535933508,0.437683728588567,18.479319033436
0.369343168656632,18.4818951666023,0.432202697776735,18.4795073072518,0.432687658001487,18.4843934613783,0.432554019859748,18.483150661359,0.439172968712563,18.5247808136908,0.432209344195744,18.4794474512711
0.363799459649636,18.481930914388,0.426692730700517,18.4796399428883,0.427178865165408,18.4845681922635,0.427044923804247,18.4833155553987,0.433754473681919,18.5257893973492,0.426698651319307,18.4795453972494
0.35825575064264,18.4819666621737,0.421157804937809,18.4797428411354,0.421644840054625,18.4847115705086,0.421510638245749,18.483448501271,0.428307105175466,18.5267753829489,0.421163156445059,18.4796108781254
0.352404195025403,18.4816271861639,0.415609394821963,18.4798143966971,0.41609705630667,18.4848214363265,0.415962654480807,18.4835477542607,0.422841826490994,18.5277349161235,0.415614374427651,18.4796423921748
0.346469712701101,18.4811866336025,0.410040833022124,18.4798533052822,0.410528857858734,18.4848960046913,0.410394326962851,18.4836119652363,0.41735173786055,18.528667290097,0.410045678020966,18.4796385546233
0.3405352303768,18.4807460810411,0.404443632334357,18.4798578235914,0.404931784653611,18.4849340505945,0.404797190956182,18.4836392503442,0.411828123709072,18.5295719240892,0.404448626865719,18.4795973925071
0.334601322426791,18.480305404973,0.398816172204193,18.4798262009182,0.399304235675355,18.484934136496,0.399169653841588,18.483627694657,0.406269088620189,18.5304473876182,0.398821652172721,18.479516997766
0.328771990539812,18.4798422421074,0.393158742739447,18.4797564368926,0.393646517712398,18.4848941037661,0.393512037990525,18.4835751775204,0.400674589784617,18.5312917559896,0.393165102520202,18.4793952554298
0.322942753433717,18.479378162102,0.387478197984702,18.4796465085924,0.387965507204478,18.4848116868336,0.387831233966018,18.4834795816156,0.39505103973001,18.5321019150636,0.387485893885997,18.479230142647
0.31712426677954,18.4788100561827,0.381781399073633,18.4794947630758,0.38226809855531,18.4846848829719,0.382134143252981,18.4833392180079,0.389404890009532,18.5328749208002,0.381790946731979,18.4790200915868
0.311305780125363,18.4782419502635,0.37607001182373,18.4792994050264,0.376555998124658,18.4845116266417,0.376422474531472,18.48315227015,0.383737428791792,18.5336084004736,0.376081990702174,18.4787633229447
0.305565901315994,18.4778679061629,0.370345719947931,18.4790588738656,0.370830927026283,18.4842904171545,0.370697957952803,18.4829171475029,0.378050006655484,18.5343002112585,0.370360773938289,18.4784582795719
0.299826568334102,18.477495209565,0.364609648282385,18.4787714921901,0.365094049930035,18.4840195896038,0.364961769837893,18.4826320996296,0.372343414586544,18.534948218464,0.364628491598952,18.4781032506128
0.294070602127195,18.4764925660708,0.358862953063048,18.4784357975598,0.359346572352795,18.4836975673563,0.359215122070442,18.4822955936629,0.366618522459049,18.5355505530532,0.35888637045698,18.4776967513881
0.288310065240655,18.475327160552,0.353107733625581,18.4780505844762,0.353590643631287,18.483323101809,0.35346017197421,18.4819063774209,0.360877181631737,18.5361054813349,0.353136578707735,18.4772375839529
0.282541108811993,18.4747588172752,0.347346512738609,18.4776148649361,0.347828844598633,18.4828950953448,0.347699500802265,18.4814634493513,0.355121701489387,18.5366114121178,0.347381705914502,18.4767247908565
0.276772152383331,18.4741904739983,0.341578204396127,18.4771275529006,0.342060149025605,18.4824123888712,0.341932081383297,18.48096572714,0.349350823161862,18.5370672821462,0.341620736224533,18.4761572678303
0.270930232585221,18.4729247461424,0.335801330334076,18.4765875865611,0.33628312059171,18.4818740766472,0.336156495737003,18.4804121496667,0.343562916410536,18.5374722179616,0.335852264636214,18.4755339115026
0.265067998187377,18.4714713321593,0.330008863309526,18.4759933626153,0.33049076611666,18.4812787565957,0.33036577979575,18.4798010971191,0.337750801012594,18.5378258999222,0.330069350925506,18.4748529670535
0.259075317779731,18.4702974369703,0.324191773654978,18.4753428593608,0.324674070634,18.4806247380982,0.324550967718521,18.4791305398585,0.331905264019444,18.5381281974493,0.324263067199809,18.474112186499
0.253082637372086,18.4691235417813,0.318350033411369,18.4746348077805,0.318833014492672,18.4799110650162,0.318712091755926,18.4783992440172,0.326026091103749,18.5383783812646,0.318433477777475,18.4733102181199
0.247082543000478,18.4678154678647,0.312485669199869,18.4738682915166,0.312969683052037,18.4791366883602,0.312851234614791,18.4776063579225,0.320115134528363,18.5385756302238,0.312582690362106,18.4724461571219
0.241082399319061,18.4665065015337,0.306601464419979,18.4730425981746,0.307086937367,18.478300662887,0.306971232768015,18.4767512475971,0.314175010546084,18.5387190263947,0.306713562158047,18.4715193510414
0.235175067848033,18.4654774755,0.300700229079922,18.4721570905597,0.301187638956726,18.4774023419303,0.301074951054909,18.4758333346195,0.30820836457129,18.5388075593614,0.300828975494138,18.4705292287915
0.229268477807808,18.4644506857708,0.294788514145619,18.4712118546368,0.29527840042004,18.4764417461095,0.295168997219264,18.4748527461708,0.302221647407173,18.5388401478771,0.294935538832777,18.4694760200121
0.223264894367702,18.4625920801822,0.288872879583346,18.4702072469933,0.289365876180892,18.475418992027,0.289259990770999,18.47380985999,0.296221366164659,18.5388157798134,0.289039861053982,18.4683602456978
0.217235348294731,18.4605108189304,0.282948437218362,18.4691418341012,0.283445284296522,18.474332385518,0.283343117362074,18.4727031843242,0.29020244924491,18.538733554028,0.283137146077696,18.4671803821992
0.211276020828468,18.4587988163487,0.277008807797041,18.4680137049318,0.277510222620667,18.4731804671228,0.277412080276691,18.4715307201767,0.284158278133975,18.5385925977685,0.277221132743828,18.465934324689
0.205318441417629,18.457096006268,0.27105904428557,18.4668229720287,0.271565726690264,18.4719637096192,0.271472004614651,18.4702925635556,0.27809384062539,18.5383922770418,0.271296950011917,18.4646222310764
0.199375119723162,18.4556903689565,0.26510580813703,18.4655702828585,0.265618590053451,18.4706823756969,0.265529613737294,18.4689893976191,0.272015802757202,18.5381320723719,0.265371308624805,18.4632449057885
0.193431887668023,18.4542865999925,0.259150977025141,18.4642554926196,0.259670846272334,18.469335887354,0.259586843381616,18.4676211259198,0.26592599060599,18.5378113311891,0.259446146983278,18.4618022878678
0.187646727626708,18.4520891394782,0.253196300351448,18.4628784381994,0.253724259014643,18.4679243091057,0.253645502805371,18.4661876248485,0.259826108303257,18.5374293769284,0.253523280750884,18.4602942730278
0.181909018355813,18.4496534250528,0.247243607609345,18.4614390437378,0.247780687908473,18.4664477015736,0.247707485758288,18.4646888383905,0.253717959388979,18.5369856155748,0.247604606789864,18.4587208354405
0.176062601729465,18.4475296682878,0.241295038034444,18.459937436002,0.241842339816278,18.4649061673652,0.241774995526957,18.4631249121023,0.247603691633334,18.5364796159779,0.241692326644351,18.4570821624223
0.170205895925797,18.4454354383902,0.235352085108454,18.4583735873149,0.235910775029292,18.4632996645254,0.235849592206349,18.461495830249,0.241484795647144,18.5359109120948,0.235788000478498,18.4553782713683
0.164488983321179,18.4432685757025,0.229415948008999,18.4567474421661,0.22998725549663,18.4616281418499,0.229932542257277,18.4598015482157,0.235362470305067,18.535279086079,0.22989289572844,18.4536091439862
0.158779756867496,18.4410977194972,0.223494635122465,18.455060922866,0.224079832522512,18.4598935965335,0.224031895365111,18.4580440898509,0.229244970692496,18.5345844695372,0.224015030862574,18.4517769326805
0.153150897962025,18.4388240208781,0.217596427010813,18.4533163677787,0.21819692166384,18.4580981324681,0.218155953771976,18.4562259474541,0.22314092342104,18.5338275426656,0.218162670422703,18.4498842603204
0.147529053240079,18.4365413465521,0.211722036925776,18.4515142018708,0.212339412886486,18.4562418319122,0.212305470000984,18.4543476236066,0.217051202356986,18.5330080561235,0.212336562210561,18.4479316405593
0.141977455551415,18.4341646865921,0.205871755243014,18.4496547255927,0.206507593551096,18.45432523831,0.206480791188051,18.4524094377221,0.210976245414739,18.5321258169572,0.206537047816429,18.4459194078221
0.136430809788992,18.4317814013,0.200045700758486,18.4477381179944,0.200701585629835,18.4523487344369,0.200682107275488,18.4504115487301,0.204916292811177,18.5311806873445,0.200764307840221,18.4438477493779
0.130956802751528,18.4292935818828,0.194243982272698,18.4457645494951,0.194921539421902,18.4503125674879,0.194909595212701,18.4483541196317,0.198871562161204,18.5301726489627,0.19501851296551,18.4417168455162
0.125488242019538,18.4267979247072,0.188467048491309,18.4437343029315,0.189167930138183,18.4482171331096,0.189163760565006,18.4462374597098,0.192842615192588,18.529101825227,0.189300166690722,18.4395270096993
0.120113752695751,18.4241590468318,0.182715367334763,18.4416476753458,0.18344125248749,18.4460628318556,0.183445116836546,18.4440619219108,0.186830028648454,18.5279683995093,0.183609787094,18.4372785811696
0.114739484846525,18.4215198317684,0.176988843806061,18.4395047605283,0.177741432803197,18.4438498675074,0.177753611098995,18.4418276618366,0.180833785280446,18.5267724809873,0.177947333502969,18.4349716839094
0.109365216997298,18.418880616705,0.171287390826234,18.4373056362801,0.172068391512913,18.4415784547182,0.172089195081387,18.4395348241363,0.174853866278809,18.5255141955371,0.172312772879471,18.4326064270268
0.103990949148072,18.4162414016416,0.165611549617154,18.4350506104653,0.166422677764513,18.439249027508,0.166452444704986,18.4371837903105,0.168890905724911,18.5241938106353,0.166706692415136,18.4301831695738
0.098409102078732,18.4137431958443,0.159961837810076,18.4327400484627,0.160804827285604,18.4368620427432,0.160843910454349,18.4347749972869,0.162945522429754,18.5228116537178,0.161129650875021,18.4277023334384
0.092825544612184,18.4112461519256,0.154331301246158,18.4303711701469,0.155207921756235,18.4344147636484,0.155256735801787,18.4323055832118,0.157010426476603,18.521366260173,0.155574845934307,18.4251609423739
0.087910660908311,18.4081712222633,0.14871307109047,18.4279408191255,0.149625059940555,18.431904231809,0.149684165613331,18.4297722893749,0.15107828320078,18.5198560309439,0.150035594133767,18.422555600619
0.083176042648228,18.4049405023849,0.1431203316233,18.4254544056544,0.144069301872861,18.4293362483609,0.144139322977266,18.4271808212894,0.145162937748021,18.5182845110199,0.144524961437176,18.4198921603662
0.078023820973155,18.4019292176832,0.13756946477112,18.4229194136219,0.138557135468848,18.4267181710224,0.138638438889773,18.4245391207629,0.139281877002688,18.5166561892073,0.139059080319742,18.4171787766805
0.072864441824862,18.3989216939694,0.132055373971826,18.4203340379259,0.133083694942255,18.424047812688,0.133176434873145,18.4218454472574,0.133429998796924,18.5149695101338,0.133632922560947,18.4144136045685
0.067772021851763,18.3958173482739,0.126569575983387,18.4176945854454,0.127640371248522,18.421321842011,0.127744972465895,18.4190959191005,0.127598481388836,18.5132219135883,0.12823819741219,18.4115926774982
0.062680070474283,18.3927123249961,0.121112289391583,18.4150012260601,0.122227335129222,18.4185406189536,0.122344367506114,18.4162906334123,0.121787612329674,18.5114136098248,0.1228752018411,18.4087161448236
0.057350714260362,18.38975566171,0.115683881633541,18.4122541983786,0.11684500001621,18.415704381904,0.116975050229064,18.4134298286569,0.115997810955287,18.509544927959,0.117544361616928,18.4057842658399
0.052017402292682,18.3868014704696,0.110278612712521,18.4094505736646,0.111487719096519,18.4128101143295,0.111631385869195,18.4105104974228,0.110222932362734,18.5076141196084,0.112240104744177,18.4027939309634
0.047284368199136,18.3833108633984,0.104890767505692,18.4065871245345,0.106149768160229,18.4098546961365,0.106307762313286,18.4075293484616,0.104456736449235,18.5056193259898,0.106956908508577,18.3997417097346
0.042714117930956,18.3796728569064,0.099525476756187,18.4036662081323,0.100836188827774,18.4068407332746,0.101009272210726,18.4044889372908,0.098704561675471,18.5035624879245,0.101699877325286,18.3966301634
0.037685883010648,18.3761803612282,0.094189079023169,18.4006910932768,0.095553340437697,18.4037715376054,0.09574217194237,18.4013927938943,0.092973174566539,18.5014459693264,0.096475252410712,18.3934628706016
0.03265764809034,18.3726878655501,0.088877401786379,18.3976593586422,0.090297175893539,18.4006445479592,0.0905023411548,18.3982385105715,0.087258118305874,18.4992680203141,0.09127898288653,18.3902373298726
0.027687985604012,18.3690773423997,0.08358519406576,18.394567706974,0.085062425226088,18.3974565771241,0.085284645625745,18.3950227018145,0.081553671941728,18.4970263548006,0.086106011546353,18.3869500604724
0.022718885799765,18.3654656854063,0.078314029684313,18.3914166080142,0.079850607208585,18.3942082619389,0.080090703661333,18.3917458793505,0.075861396430686,18.4947214474062,0.080957967617932,18.3836015918222
0.017598193445637,18.3620198288653,0.0730654740207,18.3882065791289,0.074663343354634,18.3909001029784,0.07492210736604,18.388408629834,0.070182874484837,18.4923537458817,0.075836451586235,18.3801925310225
0.012477241911951,18.3585742557954,0.067839703019763,18.3849373222478,0.069500872956537,18.3875317766139,0.069779064690803,18.3850107135388,0.064518214756259,18.4899230354365,0.070741699546989,18.3767226283196
0.007848369429554,18.354662178745,0.062636915194313,18.3816084974084,0.064363406269416,18.3841029995715,0.064661809656711,18.3815518442316,0.058867550100145,18.4874290296402,0.065673975204826,18.3731915879687
0.003402421039791,18.3505766848075,0.05746044268761,18.3782217959433,0.059254258727537,18.3806155612821,0.059573661825568,18.3780338382517,0.053234447850631,18.484872904942,0.060636588520995,18.3696012746364
-0.001299963647313,18.3465635986669,0.052314503050537,18.3747796641955,0.054177642226507,18.3770719853173,0.054518798160964,18.3744593006523,0.047623526303322,18.4822563184047,0.055633688871264,18.3659543635034
-0.006034903901892,18.3425597049728,0.047199868561366,18.3712824468712,0.049134370791077,18.3734726203455,0.049498006001042,18.3708286449184,0.04203571576357,18.4795793073208,0.050666065917527,18.3622512921888
-0.010769844156471,18.3385558112787,0.042116268528121,18.3677297745482,0.044124188039865,18.3698171397024,0.04451106451836,18.367141520757,0.036470793590249,18.4768414046312,0.045733510850679,18.3584917216754
-0.015504910616728,18.3345520167717,0.037064234962261,18.3641218027964,0.039147625896458,18.3661057609094,0.039558550303192,18.3633981123821,0.030929384658514,18.474042603037,0.040836602260454,18.3546758614092
-0.020351615788817,18.3306359609621,0.032044397947303,18.3604587587827,0.034205330334112,18.362338750201,0.034641127946575,18.3595986897327,0.025412207222407,18.4711829862373,0.035976011435126,18.3508039998503
-0.025198320960906,18.3267199051525,0.027054913019818,18.3567390312371,0.029295505546175,18.3585144916575,0.029757028456926,18.3557416306158,0.019917221880447,18.4682612626112,0.03115001770351,18.3468744811319
-0.029516957516028,18.3223811399924,0.022094014542491,18.352960916591,0.024416408703091,18.354631312808,0.024904562696005,18.351825224097,0.014442396942925,18.4652761401874,0.026356991645362,18.3428855508007
-0.033694258481164,18.3179292382559,0.017167865081699,18.349128725103,0.019574102864036,18.3506937102035,0.020089787303756,18.3478540053883,0.008994476353109,18.4622310127094,0.02160294522225,18.3388418294061
-0.038355105379686,18.313778336269,0.0122838925804,18.3452481394746,0.014775965843426,18.3467074822441,0.015319959144315,18.3438339467392,0.003581805549476,18.4591301858867,0.016895052510424,18.3347494122198
-0.043037587359028,18.3096409017802,0.007437547924705,18.3413155916315,0.010017585503716,18.3426689422105,0.010590632585247,18.3397614218028,-0.001800466925964,18.4559705764077,0.012228943478579,18.3306046063663
-0.047346777777994,18.3051031445228,0.002622745882142,18.3373259052096,0.005292917570688,18.3385729161636,0.005895926748408,18.3356310884555,-0.00715910214672,18.4527480083284,0.007598840834754,18.3264019802871
-0.051563959435208,18.3004667158618,-0.002159028079483,18.3332798146494,0.000603377514758,18.3344202754249,0.001237362716545,18.3314437274486,-0.012492595842059,18.4494631862567,0.00300627465348,18.3221423386458
-0.055781141092422,18.2958302872008,-0.006905787964437,18.3291785526689,-0.004049023665341,18.3302122779798,-0.003383085202983,18.3272006695582,-0.017798854348632,18.4461171886626,-0.001546779013931,18.3178270424173
-0.059998322749636,18.2911938585398,-0.011616603011385,18.3250225632039,-0.008663312461199,18.3259493721928,-0.007964501552219,18.3229024546875,-0.023076901552026,18.4427103947799,-0.006059379710028,18.3134566349079
-0.064439301524347,18.2867131137159,-0.016290792247203,18.3208120895495,-0.013238814035484,18.3216318591645,-0.012506213120831,18.3185494109898,-0.02832601330192,18.4392429808671,-0.010530827835707,18.3090314473339
-0.068882225564794,18.2822337221107,-0.020928861723502,18.3165462900524,-0.017776016777159,18.317258928214,-0.017008690928646,18.3141407346117,-0.03354680318471,18.4357142294141,-0.01496155160866,18.3045506638461
-0.072867142209626,18.2774140982076,-0.025531261842655,18.3122242511493,-0.02227536080175,18.3128297058799,-0.02147233819038,18.3096755402979,-0.038739864929003,18.4321233775853,-0.019351909771372,18.3000133890759
-0.076727552037687,18.2725019840067,-0.030094026085335,18.3078492148703,-0.026732949870696,18.3083475568786,-0.025893273920939,18.3051572345045,-0.043900776707849,18.4284730694356,-0.02369805993956,18.2954231016456
-0.080677728790898,18.2675935901653,-0.034612464306417,18.3034254440156,-0.031144135150173,18.3038168310027,-0.030266934906513,18.3005902746715,-0.049024141548735,18.4247667012348,-0.027995514146875,18.2907843604513
-0.084654025943696,18.262686278875,-0.039086184208775,18.2989532443919,-0.035508475838082,18.2992378278799,-0.034592929102739,18.2959750267418,-0.054109331919943,18.4210043112859,-0.032243885963952,18.2860975623819
-0.088630323096494,18.2577789675846,-0.043515920993358,18.2944317669134,-0.039826697531531,18.2946097302172,-0.038871938488847,18.2913106505517,-0.059157037099708,18.4171850182902,-0.036443836710181,18.2813618744384
-0.092606620249292,18.2528716562943,-0.047901389795283,18.2898611247731,-0.04409853196359,18.2899327080051,-0.043103647195694,18.2865972921303,-0.064166852583685,18.4133088275048,-0.040595045611976,18.2765774652961
-0.096440778542924,18.2478614203296,-0.05224201698766,18.2852417220449,-0.048323400258346,18.2852072012724,-0.047287467688492,18.2818354046818,-0.069138078986504,18.4093760379045,-0.044696921433687,18.271744811705
-0.100270413203701,18.2428478131025,-0.056536992491262,18.2805743145093,-0.05250049479071,18.2804340064359,-0.05142260443156,18.2770258151156,-0.074069743523778,18.4053872796302,-0.048748664389543,18.2668647618385
-0.104226609512806,18.2378658647528,-0.060785467298886,18.2758596340738,-0.056628971465405,18.2756138995754,-0.055508227502307,18.272169331416,-0.078960832332978,18.4013431480719,-0.052749437260783,18.261938143705
-0.10818280582191,18.232883916403,-0.064989640012059,18.27109499785,-0.060710960284993,18.2707441774248,-0.059546435426712,18.2672632430243,-0.083813888327365,18.3972413589424,-0.056701263610573,18.2569622121291
-0.111609011115053,18.2276852696045,-0.069151587170134,18.2662776106015,-0.064748496391275,18.2658220512339,-0.063539193699085,18.2623047245534,-0.088631449428881,18.3930796130249,-0.060606021207421,18.2519341019316
-0.114891843667116,18.2224280017168,-0.073265340154412,18.2614139304356,-0.068735788857668,18.2608541696775,-0.067480760138395,18.2573004861122,-0.093406702499606,18.3888635358812,-0.064458061238746,18.246860628174
-0.118400550242589,18.2171892120251,-0.077323795288786,18.2565123298986,-0.0726658768356,18.2558490568528,-0.071364362854605,18.2522592188266,-0.098131195444277,18.3846002141342,-0.068250759248845,18.2417506195922
-0.121910428371629,18.2119505181753,-0.081328667823586,18.2515709971348,-0.076540371907335,18.2508048461671,-0.07519168150133,18.2471791198631,-0.102806561209495,18.3802878217049,-0.071985752896577,18.2366022610233
-0.125537282359181,18.2067057029468,-0.08528295503146,18.246586301703,-0.080362220647499,18.2457178973687,-0.078965546328393,18.2420564720968,-0.107436091821898,18.3759230740399,-0.075665808744706,18.2314118116376
-0.129164791479937,18.201460853435,-0.089189153281359,18.2415549972909,-0.084133869310362,18.2405849571568,-0.082688275908058,18.2368879429703,-0.112022722713045,18.3715032068561,-0.079293185874493,18.2261759216452
-0.132243096050237,18.1961336633981,-0.093049643524112,18.2364737501343,-0.087857614318161,18.2354026622311,-0.086362092436257,18.2316701340722,-0.116569448118829,18.3670255126208,-0.082870019711073,18.2208911588988
-0.135158576279693,18.1907820616156,-0.096858532488862,18.2313500017226,-0.091527751802966,18.2301786289448,-0.089981385734697,18.2264107473254,-0.121069474691863,18.3624966944775,-0.086390810011867,18.2155653285794
-0.138326542054366,18.1853291405008,-0.100608660378429,18.226193546646,-0.095137308321862,18.2249228140812,-0.093539424314001,18.2211199203945,-0.12551411937308,18.3579253028073,-0.089848992237514,18.2102087005506
-0.141501619712932,18.1798728751642,-0.104301790783973,18.2210024510816,-0.09868794985669,18.2196332365893,-0.097037959594654,18.2157957363029,-0.129905045522988,18.3533094114636,-0.093246257238619,18.2048193336246
-0.144564298392815,18.174360988594,-0.107941171759174,18.2157724008521,-0.102182876257719,18.2143055721163,-0.100480055386657,18.210433787418,-0.134245866032598,18.3486451005188,-0.096585584494052,18.1993927865855
-0.147626977072698,18.1688491020239,-0.111526507299187,18.2105038361243,-0.105621840440849,18.2089403199718,-0.103865379981247,18.2050345298194,-0.138536171870389,18.3439328100944,-0.099866660493236,18.1939295507757
-0.15056948942392,18.1632804390887,-0.115057396998326,18.2051973422535,-0.109004429379034,18.2035380841992,-0.107193527410897,18.1995985851955,-0.142775477718347,18.339173151998,-0.103089089030222,18.1884302768608
-0.153511036526946,18.1577113200916,-0.118533371111245,18.1998536152668,-0.112330156157961,18.1980995774617,-0.110464052145981,18.194126704157,-0.146963212071705,18.3343668337472,-0.106252425369643,18.182895738276
-0.156550505186952,18.1520922787678,-0.121953991089946,18.1944733724552,-0.115598585115927,18.1926255455019,-0.113676559463305,18.1886196677048,-0.151098813756479,18.3295145711352,-0.10935626634121,18.1773267325323
-0.159590341250372,18.1464730501346,-0.125321715483408,18.1890526762149,-0.118812070721081,18.1871120143661,-0.116833364085493,18.1830734888492,-0.155185297356425,18.324612921708,-0.112402820122552,18.1717192352851
-0.162196169327427,18.1408048680527,-0.128638824841102,18.1835874542858,-0.121972822928684,18.1815549008431,-0.119936583809344,18.1774840441031,-0.159225659948034,18.3196583949543,-0.115394085923017,18.1660690853636
-0.164690858948459,18.1351241502322,-0.131901146507763,18.1780840852178,-0.125076869818329,18.175960733643,-0.122982307698678,18.1718579104621,-0.163215025848463,18.3146569178256,-0.118326253958931,18.1603829439333
-0.167185548569492,18.1294434324116,-0.13510385433316,18.1725506565094,-0.128119550723078,18.1703377216745,-0.125966073022723,18.166203415332,-0.167147370164749,18.3096158029822,-0.121195018444721,18.1546692445178
-0.169680238190524,18.1237627145911,-0.138245906559303,18.1669894205148,-0.13109983161773,18.1646881408256,-0.128886975747107,18.1605229078499,-0.171021021158693,18.3045369580391,-0.123999517735162,18.1489303751422
-0.172147800028732,18.1179759622844,-0.141327181103282,18.1614011002103,-0.134017622614649,18.1590127490031,-0.131744929423188,18.1548171495807,-0.174835404406289,18.2994208992942,-0.126739689898509,18.1431671266523
-0.174614956222671,18.1121876244341,-0.144348945776101,18.1557837032208,-0.136874142659292,18.1533095478046,-0.13454108838921,18.1490841132375,-0.178591795311916,18.2942657331436,-0.12941666741101,18.1373774805429
-0.177157140568919,18.1063238568573,-0.14731238685107,18.1501351384235,-0.139670520277361,18.1475764387448,-0.137276507077615,18.1433216700167,-0.182291565772295,18.2890695840104,-0.132031477864723,18.1315593164368
-0.179699544487461,18.100459868533,-0.150219696019444,18.1444510852506,-0.142408820347726,18.1418090632761,-0.13995316781228,18.1375254303404,-0.185937565176476,18.283828630336,-0.134586007024702,18.1257082235608
-0.181834756923845,18.0946031719068,-0.153072905577249,18.1387271759927,-0.14509094550361,18.1360030193027,-0.142572911682163,18.1316909737223,-0.189532669811583,18.2785390968372,-0.137081973298458,18.1198197522538
-0.183862412880425,18.0887484013264,-0.155868387261481,18.1329701713777,-0.147713477329961,18.1301651989214,-0.145132418421872,18.1258252474046,-0.193072595504104,18.273207422984,-0.139516160081102,18.1139009217365
-0.185890068837004,18.082893630746,-0.158601974017688,18.1271886474508,-0.150272476223204,18.1243043081925,-0.147627957832036,18.119937055957,-0.196551967231229,18.2678415597864,-0.141884986396593,18.1079606206198
-0.187917724793584,18.0770388601656,-0.161272782941061,18.1213849922517,-0.152767102670603,18.1184227715852,-0.150058827883666,18.1140288832474,-0.199969259089965,18.2624436203344,-0.14418777691523,18.1020013597762
-0.190073658529495,18.0710251916066,-0.163880754608394,18.1155599325646,-0.155197335275348,18.1125213475145,-0.152425014858938,18.1081014895728,-0.203323954958595,18.2570141772502,-0.146424543484664,18.0960239262224
-0.192231405525352,18.0650092769584,-0.166429377156881,18.1097063299059,-0.15756646290892,18.1065928253347,-0.154729660255317,18.1021476042382,-0.206620298851259,18.251546613083,-0.148598303109478,18.0900210177545
-0.193944659966706,18.0591373796965,-0.168921843358808,18.1038167773884,-0.159877472686937,18.100629734657,-0.156975567136991,18.0961596898347,-0.209862627903734,18.2460342162414,-0.150711716566224,18.0839850671098
-0.195543742083707,18.0533016571423,-0.171354120864927,18.0979009060292,-0.162126633154718,18.0946418481354,-0.159159102575378,18.0901475620255,-0.213045903715363,18.2404862199443,-0.152761353349973,18.0779259832797
-0.197293348677791,18.0472514739255,-0.173721818406229,18.0919710507507,-0.164309864445626,18.0886416251061,-0.161276504004841,18.0841237935657,-0.216163988548831,18.23491426138,-0.154743693895497,18.071856428005
-0.199040652040098,18.0412007796554,-0.176026982235294,18.0860240688645,-0.166429084091607,18.0826258722915,-0.163329783767795,18.0780852162457,-0.219218936462165,18.2293153626418,-0.156660646967365,18.0657731998526
-0.200673766753361,18.0351247486007,-0.178272524650985,18.080054425154,-0.168487105912944,18.0765890144207,-0.165321614894171,18.0720261968916,-0.222214176105122,18.2236844083487,-0.158514770630697,18.059670632179
-0.202306881466624,18.0290487175459,-0.180459063733318,18.0740629576462,-0.17048463114082,18.0705319087571,-0.167252633717234,18.0659475619822,-0.225150260722241,18.218022426083,-0.160306734408159,18.0535495618578
-0.2038208474684,18.0229496548523,-0.182587071062072,18.0680504265035,-0.172422150560044,18.0644553172426,-0.169123349048624,18.0598500731481,-0.228027650582457,18.2123303637567,-0.16203706203178,18.0474107580453
-0.205333597304396,18.016850357072,-0.184657311963819,18.0620178582579,-0.174300450116935,18.0583602563074,-0.170934604930327,18.0537347539283,-0.2308470671768,18.2066094663537,-0.163706612187767,18.0412552418764
-0.206734785228086,18.0107291939057,-0.186670899106518,18.055966364134,-0.176120683665608,18.052247821102,-0.172687619898228,18.0476027026536,-0.233609559167392,18.2008610968183,-0.165316616179317,18.0350840992383
-0.208135673408163,18.0046079719916,-0.188628733647032,18.0498968161825,-0.177883788500014,18.0461188742295,-0.174383375718058,18.041454781003,-0.236315959354395,18.1950863304637,-0.166868061827787,18.0288981842031
-0.209437311340217,17.9984696163992,-0.190532063058677,18.0438101609563,-0.17959108028096,18.0399743490675,-0.176023213495475,18.0352919109933,-0.238967433639104,18.1892863547043,-0.168362302469091,18.0226984035943
-0.210738379620859,17.9923311624672,-0.192381858516151,18.0377072401557,-0.181243572377577,18.0338150751327,-0.177608171351787,18.0291149138162,-0.241564868105491,18.1834622050045,-0.169800391192328,18.0164855712002
-0.211940269700458,17.9861763272973,-0.194179775950564,18.0315890645517,-0.182842976076488,18.027642029885,-0.179139994834612,18.0229247525388,-0.244109849176047,18.1776151842954,-0.171184108374007,18.0102606289046
-0.213141052204685,17.9800213091895,-0.19592801174307,18.0254567703863,-0.184391573892792,18.0214563039841,-0.180621006631303,18.0167224977733,-0.246604529568084,18.1717468003731,-0.172515811853531,18.0040246104664
-0.214316609026451,17.9737432624052,-0.197628269522438,18.0193112967483,-0.185891113328793,18.0152587960792,-0.182053003014934,18.0105090358471,-0.249050568260992,18.1658582846463,-0.173797317132708,17.9977783742421
-0.215491987389409,17.9674643452559,-0.199284008484096,18.0131484444822,-0.187344948540614,18.0090452155703,-0.183439305341968,18.0042800403084,-0.251452106488813,18.1599460233443,-0.175031851179934,17.9915175320264
-0.216442918885851,17.9615738790359,-0.200898091485217,18.0069637669437,-0.18875581655051,18.0028110394701,-0.184782579379885,17.9980309511709,-0.25381287150108,18.1540061337202,-0.176221979687371,17.9852374767459
-0.217333354901764,17.9557881125427,-0.202468028422659,18.0007756412746,-0.190121863877386,17.9965747331928,-0.18608123973729,17.9917802646038,-0.25612828673244,18.1480566418435,-0.177366569068625,17.9789567509573
-0.218276308225399,17.9496959246208,-0.203990967239248,17.9946073840392,-0.191441025530781,17.9903597068458,-0.187333726110162,17.9855514591126,-0.25839213755611,18.1421201681925,-0.1784645794307,17.9726988668735
-0.219219865537743,17.943600212621,-0.205471519072675,17.9884510452581,-0.192717688776746,17.9841578787383,-0.188544437075331,17.9793364192996,-0.260609144790626,18.1361891126506,-0.179520187470664,17.9664556119064
-0.220072141245972,17.9375196231255,-0.206915527666047,17.9822937326973,-0.193957376866666,17.9779561989474,-0.189718572187912,17.9731219953096,-0.262786418833624,18.1302513406332,-0.180538385768466,17.9602137427139
-0.220914546630862,17.9314406688335,-0.208325746955401,17.9761358344992,-0.195162901241597,17.9717549781286,-0.190858876843673,17.9669084509142,-0.264926936177532,18.1243077210153,-0.181522019613836,17.9539734788477
-0.221756952015753,17.9253617145416,-0.209704310712929,17.9699776897159,-0.196336423174613,17.9655544917381,-0.191967546539402,17.9606960410185,-0.267033135765708,18.1183590145591,-0.182473295387656,17.947735028751
-0.222599357400644,17.9192827602496,-0.211053482470726,17.9638199184159,-0.197480268576172,17.9593552958618,-0.193046990418849,17.954485307348,-0.269107551351324,18.1124062663037,-0.183394621236583,17.9414988784566
-0.223313765574035,17.9130207469067,-0.212375039465394,17.9576630347974,-0.19859623908787,17.9531578497266,-0.194099095654376,17.9482767001487,-0.271152152642444,18.1064503168125,-0.184287873517392,17.9352654340521
-0.224026479248479,17.9067563101252,-0.213672534116231,17.9514995168714,-0.19968770940238,17.9469545330214,-0.195127149764633,17.9420625589901,-0.273171719085984,18.1004842630939,-0.185156153842965,17.9290269618938
-0.224752163956704,17.9007583384647,-0.214949509644065,17.9453217066157,-0.200758065692927,17.940737592981,-0.196134427411634,17.93583508777,-0.275171279829837,18.0945011399223,-0.186002557564511,17.9227755935
-0.225481468767869,17.8948347349064,-0.216205608540367,17.9391385540282,-0.201807283640962,17.934515993343,-0.197121026607602,17.9296032515732,-0.277149917172251,18.0885099668631,-0.186827406901654,17.9165202930333
-0.226210773579035,17.8889111313481,-0.217440139774114,17.9329615617334,-0.202835048983694,17.9283012528354,-0.1980868630875,17.9233785860344,-0.279105673546814,18.0825221193217,-0.187630917848727,17.9102725997523
-0.2269400783902,17.8829875277899,-0.218654240967467,17.9267935399798,-0.203842549734285,17.9220961358906,-0.199033274705508,17.9171638584369,-0.281039138329356,18.0765404600205,-0.188414524292686,17.9040352529604
-0.227603648531038,17.8769008144463,-0.219849231241884,17.9206347989072,-0.204831098624132,17.9159009067224,-0.199961571503312,17.9109593150685,-0.282951304421708,18.0705653688756,-0.189179591853688,17.8978084749025
-0.228265440624297,17.8708096945477,-0.221027347595421,17.9144811559248,-0.205802829643001,17.9097113171621,-0.20087376324093,17.9047606711579,-0.284844764794233,18.0645929248268,-0.189928097682401,17.8915879428415
-0.228903915438671,17.8646900332792,-0.222190547227624,17.9083282389517,-0.206759565904045,17.9035229347896,-0.201771551006108,17.8985634622869,-0.286722070494595,18.0586190530531,-0.190661697443039,17.8853691606414
-0.229542390253046,17.8585703720107,-0.223340451955766,17.9021737967089,-0.207702894852304,17.8973334622192,-0.202656465648314,17.8923653685251,-0.288585372067875,18.0526418005528,-0.191381906049317,17.8791497764461
-0.230166935496661,17.8524462339603,-0.224478586861622,17.8960156783727,-0.208634251541477,17.8911406965023,-0.203529999101573,17.886164182202,-0.290436783403884,18.0466593220889,-0.192090165655358,17.8729275468749
-0.23079111711924,17.8463219564055,-0.2256057814588,17.8898542667699,-0.209554458906576,17.8849449900047,-0.204393058591382,17.8799602569192,-0.292277390064607,18.040672191915,-0.192787372868246,17.86670280088
-0.231403783118762,17.8401910591713,-0.226723122120361,17.8836899907984,-0.210464696681124,17.8787467470601,-0.205246873714362,17.8737539900748,-0.294108486373121,18.0346810455542,-0.193474747532387,17.8604759024162
-0.232016304630676,17.8340600858281,-0.227831512008749,17.8775230794361,-0.211365897916224,17.8725461696492,-0.20609243325032,17.8675455802168,-0.295931128705347,18.0286862729294,-0.194153265360199,17.8542470231068
-0.23236873038271,17.8277921066257,-0.228931882804413,17.8713537557408,-0.212259031318265,17.8663434538349,-0.206930715066085,17.8613352135333,-0.297746363834386,18.0226882489071,-0.194823925894428,17.8480163260997
-0.232721156134744,17.8215241274232,-0.230026010482766,17.8651780503151,-0.213145806186715,17.8601345825032,-0.207763351373841,17.855118850476,-0.299556618133799,18.0166832982618,-0.195488297818724,17.8417797354584
-0.233507272920704,17.8155597924036,-0.23111546101401,17.8589919554214,-0.214027668686707,17.8539154996911,-0.208591718075545,17.8488924164162,-0.301364196510311,18.0106677074424,-0.196147693185693,17.8355331467699
-0.234414450822675,17.8096802170419,-0.23219975551767,17.8528031922234,-0.214904410328726,17.847693939711,-0.209415687262513,17.842663647736,-0.303167919292462,18.0046491470981,-0.196802220355932,17.8292843005823
-0.235020298581363,17.80353049326,-0.233278138641893,17.8466216079241,-0.215775612822708,17.8414797703517,-0.210235010598205,17.8364424256789,-0.304965795684463,17.9986372809078,-0.19745189217778,17.8230430810592
-0.235618352967936,17.7973737825663,-0.23435192851902,17.8404442508473,-0.216642524669343,17.8352700015151,-0.211050902292321,17.8302257476354,-0.306759251756879,17.9926292628926,-0.198097844214141,17.8168064544774
-0.236224831653744,17.7912230943841,-0.235422729206617,17.8342659026043,-0.217506578439331,17.829059364494,-0.211864680921765,17.8240083232918,-0.308550408195581,17.9866200732852,-0.198741305824433,17.8105691026129
-0.236831903890785,17.7850728305304,-0.236491079151427,17.8280867202713,-0.218368289249642,17.8228479942436,-0.212676829334087,17.8177902785136,-0.310339828256598,17.9806099450209,-0.199382813305409,17.8043311434867
-0.237438976127825,17.7789225666766,-0.237557392626647,17.8219069915817,-0.219228096844682,17.8166361666539,-0.213487754890037,17.8115718807418,-0.312127954043395,17.9745992314797,-0.200022801359407,17.7980928355114
-0.238046048364866,17.7727723028229,-0.238622037020362,17.8157267946907,-0.220086344038949,17.8104239437787,-0.214297834206283,17.8053531933564,-0.313915191259888,17.9685880681622,-0.200661649436312,17.7918542319471
-0.238302660645218,17.7664959599745,-0.239685315885184,17.8095461822932,-0.220943306627162,17.804211364067,-0.215107385024941,17.7991342578346,-0.315701868766439,17.9625765529589,-0.201299670242255,17.7856153649824
-0.238558195043319,17.7602192293549,-0.240748235682492,17.8033607911474,-0.221799836542677,17.7979940319521,-0.215917238425472,17.792910673691,-0.317489585287906,17.9565604967955,-0.201937571294843,17.7793718127588
-0.239392890051831,17.7542373286808,-0.241811757957402,17.797166236206,-0.2226567280512,17.791767529925,-0.216728178991158,17.7866780204879,-0.319280014145836,17.9505357183717,-0.202576014119618,17.7731191348276
-0.240394264875392,17.7483402787371,-0.242874800855973,17.7909698140174,-0.223513129361032,17.785539184644,-0.217539456365937,17.7804436370249,-0.321071354804979,17.9445093756345,-0.203214430219484,17.766864685769
-0.241084538049922,17.7422189138821,-0.243935894805759,17.7847809258028,-0.224367870296577,17.7793184390588,-0.218350033278723,17.7742169828052,-0.322860890699167,17.938490586804,-0.203852010642199,17.7606179467071
-0.24171690486784,17.7360557965669,-0.24499548903049,17.7785976467189,-0.225221328694229,17.7731033534669,-0.219160275831316,17.7679961157308,-0.324649014043723,17.9324774100183,-0.204489063605052,17.7543769657206
-0.242362167867838,17.7298996110358,-0.246054559620994,17.7724152107946,-0.226074333706886,17.7668891337313,-0.219970910824328,17.7617762270355,-0.326437110934997,17.9264651846415,-0.205126224798045,17.7481369200407
-0.243009225691366,17.7237443902344,-0.247113555242115,17.7662329405498,-0.226927338039876,17.7606750915112,-0.220782348294177,17.7555566204292,-0.328225732710973,17.9204532989767,-0.205763930788965,17.7418971068885
-0.243656283514894,17.717589169433,-0.248172737452218,17.760050903341,-0.227780628422802,17.7544612886074,-0.221594873059041,17.7493373556405,-0.330015204833168,17.9144418731451,-0.206402477220858,17.7356575789048
-0.244303341338423,17.7114339486315,-0.249232512853353,17.7538691716237,-0.228634652831204,17.7482477893328,-0.22240895624211,17.7431184972648,-0.331806014275887,17.9084310551919,-0.207042335552485,17.7294183872711
-0.244545884160471,17.7051575950964,-0.250293215832604,17.7476878028336,-0.229489756874469,17.7420346413381,-0.223224980839911,17.7369000959602,-0.333598559521919,17.9024209643049,-0.207683875490041,17.7231795702809
-0.244785887044758,17.6988804809724,-0.251356142112256,17.7415024452709,-0.23034713003724,17.7358174577543,-0.224044133801636,17.7306777612794,-0.33539479316336,17.8964074790293,-0.208328164789026,17.7169367062144
-0.245788822464175,17.6929243739526,-0.252422784410855,17.7353087528315,-0.231208214087249,17.7295918584992,-0.224867829435855,17.7244471050276,-0.337197003065828,17.8903865495916,-0.208976504915239,17.7106853698047
-0.246987661594928,17.6870505964138,-0.253492390770114,17.7291146806871,-0.232072576323483,17.7233658272257,-0.225695711534088,17.7182161180491,-0.339003688580802,17.8843660450493,-0.209628740930653,17.7044335560139
-0.247249542235996,17.6807751498912,-0.254564087896382,17.7229302736885,-0.23293974767189,17.7171494425443,-0.226527416073053,17.7119948888929,-0.34081270710876,17.8783558140537,-0.210284774719292,17.6981913573369
-0.247511422877064,17.6744997033687,-0.255640156142969,17.7167478716187,-0.233811834146379,17.7109349849327,-0.227364971035814,17.7057756831631,-0.342627129657797,17.8723484944319,-0.210946443510964,17.6919509877457
-0.248585054252688,17.6684886251645,-0.256723086540628,17.7105577715109,-0.234691032324086,17.7047126792383,-0.228210428600256,17.6995487032292,-0.344450741165872,17.8663348001715,-0.211615597050872,17.685702603064
-0.249879746300173,17.6625495412753,-0.25781248788473,17.7043679046238,-0.235577252512337,17.6984904721422,-0.229063732670546,17.6933218967016,-0.34628242484077,17.8603226306559,-0.212292455506373,17.6794541544566
-0.250645899451651,17.6563903311083,-0.258907400432157,17.6981882823404,-0.236469907846395,17.6922784087566,-0.229924377417523,17.6871053176044,-0.348119972285478,17.8543217986769,-0.212976772447778,17.6732157030962
-0.251411009224977,17.6502306863945,-0.260009410344338,17.6920156746671,-0.237370575184438,17.6860732246594,-0.230793886152329,17.680895690732,-0.349965205771084,17.8483292512455,-0.213669988658581,17.666983932672
-0.252218767063705,17.6440827337671,-0.261120612248548,17.6858447570306,-0.238281208359708,17.679869536936,-0.231674172914423,17.6746876242564,-0.351820871141524,17.8423399691364,-0.214373923313068,17.6607534053949
-0.253027638442335,17.6379350864198,-0.262241925411521,17.6796757749707,-0.239202722570841,17.6736675618938,-0.232566169637067,17.6684813351307,-0.353687976541408,17.8363543530202,-0.21508954806991,17.6545243152468
-0.253887350018746,17.6317985679891,-0.263374458128542,17.6735090267265,-0.240136307703353,17.6674675753565,-0.23347107741283,17.6622770981768,-0.355567739548133,17.8303728895453,-0.21581808886743,17.6482969046639
-0.254748822227229,17.6256606114104,-0.264519132861934,17.6673447619158,-0.241082925931935,17.6612698052066,-0.234389886501263,17.6560751443911,-0.357461166188754,17.8243959859608,-0.216560530968826,17.6420713749171
-0.255667324456688,17.6193870215509,-0.265677216510903,17.6611831691995,-0.242043925654392,17.6550744148176,-0.235323956759833,17.6498756367259,-0.35936962298575,17.8184240369328,-0.217318268025143,17.6358478536396
-0.256585839353849,17.6131134236893,-0.266852022859494,17.6550141669727,-0.243022374867424,17.6488712385692,-0.236276316990771,17.6436684015586,-0.361297905472607,17.8124475425522,-0.218094085070007,17.6296160909399
-0.257560440698165,17.606804396331,-0.268046730163726,17.6488277873628,-0.244021175640002,17.6426502245653,-0.237249848314459,17.6374433830862,-0.363250888229057,17.80645717724,-0.218890604252199,17.6233659569084
-0.258535042042482,17.6004953689727,-0.269262501371865,17.6426260372187,-0.24504165780339,17.6364133647276,-0.238245934290972,17.6312025804769,-0.365230026219732,17.8004552761,-0.219709280928141,17.6170994129661
-0.259631951155098,17.5941617830824,-0.270500662197203,17.636410968073,-0.246085295432109,17.6301626889869,-0.23926616021062,17.6249480408624,-0.36723679166709,17.7944442013912,-0.220551749889128,17.6108184597927
-0.260740791804954,17.5878258014242,-0.271762346135827,17.6301843742522,-0.247153345764472,17.6238999750817,-0.240311804679002,17.6186815470568,-0.369272325561962,17.788425985814,-0.22141931102786,17.6045248396389
-0.26184963245481,17.5814898197659,-0.273048831255833,17.6239482409588,-0.248247237917995,17.6176271924159,-0.241384264166508,17.6124050645177,-0.371337777207408,17.7824028378068,-0.222313422834668,17.5982204787281
-0.262952306058957,17.5751532471892,-0.274361463069984,17.6177030780819,-0.249368393507852,17.6113448304571,-0.242484878074768,17.6061190713055,-0.373434471216204,17.7763754888148,-0.223235448512256,17.5919058187778
-0.263587028804871,17.5687718361572,-0.27570181931015,17.6114493502532,-0.250518487295466,17.6050533321549,-0.243615220659102,17.5998239944793,-0.375563959695139,17.7703446559183,-0.224187036327574,17.5855812518174
-0.264221751550785,17.5623904251252,-0.277071102335366,17.6051902269158,-0.251698878963984,17.5987558535749,-0.244776620690727,17.5935229857566,-0.377727056281933,17.7643136879933,-0.225169668082919,17.5792499015831
-0.26592622941642,17.5561494409695,-0.278470241226512,17.5989288033571,-0.252910663118042,17.5924554889996,-0.245970089827815,17.5872191261423,-0.37992423915595,17.7582858026231,-0.226184467298995,17.5729148248536
-0.268012648538586,17.5499585922091,-0.279901293494531,17.5926644599888,-0.254155936868882,17.586151585311,-0.247197676212406,17.5809117542572,-0.38215758676934,17.7522606829673,-0.227233512382878,17.5665753128186
-0.26880675074961,17.5435544799062,-0.281366190318509,17.5863961381264,-0.255436553063717,17.5798430352528,-0.248461277878311,17.5745997741791,-0.384429150629144,17.7462375791738,-0.228318690468951,17.5602302225752
-0.269600852960634,17.5371503676032,-0.282866565671889,17.5801256071515,-0.256754237612849,17.5735315859472,-0.249762646596674,17.5682849405022,-0.386740359120887,17.7402185260743,-0.229441836056463,17.5538812676299
-0.271553408370103,17.5309646962506,-0.284404062017303,17.5738551075914,-0.258110776750716,17.5672194657556,-0.251103579054389,17.5619694864497,-0.389092572665551,17.7342060264954,-0.230604817505566,17.5475306350713
-0.27382863691198,17.5248398689837,-0.285980105698779,17.5675864983194,-0.259507693043109,17.5609085228179,-0.252485593083488,17.5556552633689,-0.391486943335962,17.7282021639901,-0.231809176574605,17.5411801315382
-0.275455489471812,17.5185224292337,-0.287596051402957,17.5613220128833,-0.260946450005007,17.5546009847322,-0.253910121036428,17.5493444965051,-0.393924472625704,17.722209375886,-0.233056397545246,17.534831942966
-0.277081325869074,17.5122046876131,-0.289254074443872,17.5550627129323,-0.262429269966485,17.5482978806364,-0.255379421114599,17.5430382271197,-0.396407141878387,17.7162290556887,-0.234348787760772,17.5284870549598
-0.278828636502187,17.5059222853216,-0.290956134696234,17.5488092864916,-0.263958155961837,17.5419998762727,-0.256895480723273,17.536737122882,-0.398936774975006,17.7102622049491,-0.23568835007522,17.5221460830975
-0.280577641540471,17.499640375967,-0.292704202360501,17.542563061981,-0.265535167857236,17.5357082870715,-0.258460318670813,17.5304424947442,-0.401515135444413,17.7043104725555,-0.237077153378516,17.515810289021
-0.281775717658744,17.4932482960939,-0.294499941598392,17.5363253357783,-0.267162025833982,17.5294243996827,-0.260075626732998,17.5241556284775,-0.404143679107603,17.6983754354198,-0.23851691858465,17.5094809143487
-0.282971405332662,17.4868557385981,-0.296345863470994,17.5300952506522,-0.268841240010656,17.5231473280736,-0.261743900362682,17.5178756403139,-0.406825021769605,17.6924566695209,-0.240010134054839,17.5031570155673
-0.285366814736358,17.4809610795093,-0.29824457465395,17.5238720148248,-0.270575359997353,17.5168762359684,-0.263467765370219,17.5116017214624,-0.409561914471465,17.6865538577622,-0.241559413217148,17.4968377195308
-0.288101073872826,17.4752070469825,-0.300193972073316,17.5176690755248,-0.272362621533525,17.5106246519724,-0.26524551781725,17.5053474267384,-0.412350352098448,17.6806800836894,-0.243163363218427,17.4905366124336
-0.290288452625381,17.4692788709705,-0.302190582527139,17.5115033705452,-0.274200034409912,17.5044096471356,-0.267074065404568,17.4991298078275,-0.415184148147963,17.6748515357442,-0.244819258112916,17.4842708017678
-0.292428509727985,17.4633356262939,-0.304236275220077,17.5053748717089,-0.276089489385543,17.4982311913029,-0.268955011446844,17.492948756253,-0.418064605572156,17.6690682562586,-0.246528688303558,17.4780401352702
-0.294568566830589,17.4573923816174,-0.306333939114343,17.4992796224604,-0.27803372795684,17.4920852826156,-0.270890829113285,17.486800189983,-0.420994745837057,17.6633266070842,-0.248294117519444,17.4718404968213
-0.296708623933193,17.4514491369408,-0.308484734038121,17.4932181859566,-0.28003383850652,17.4859724690995,-0.272882502768885,17.4806846223606,-0.423975441445847,17.6576272751074,-0.250116670357457,17.4656724150736
-0.299005124474727,17.4456176381301,-0.310689421008131,17.4871914642096,-0.282090547098674,17.4798936559408,-0.274930765692416,17.4746029582259,-0.427007217349364,17.65197127347,-0.251997163706792,17.4595368006451
-0.30130298576017,17.4397871112842,-0.312949108829957,17.4811987575984,-0.284204930491404,17.4738481531124,-0.277036741242948,17.4685545213567,-0.430091227270164,17.646358109978,-0.253936699357705,17.4534329557062
-0.303087337598006,17.4336454763011,-0.31526476979682,17.4752393273432,-0.286377851997782,17.4678352081761,-0.279201470751913,17.4625386223521,-0.433228549690491,17.6407872659924,-0.255936248542649,17.4473601558793
-0.304866620440422,17.4275007702826,-0.317640169030158,17.4693051613794,-0.288612759319974,17.4618467161735,-0.281428664034001,17.4565472571248,-0.436424183329197,17.6352514938827,-0.257999239996543,17.4413102869994
-0.307581605426659,17.4219469039547,-0.320079314333677,17.4633882811866,-0.29091337949651,17.4558746103614,-0.283722373874332,17.4505724938495,-0.439683554614398,17.6297437357315,-0.260129446700817,17.4352752956635
-0.310552331861871,17.4165545229878,-0.322578789442395,17.4574988943176,-0.293276461105278,17.4499291836466,-0.286079694428238,17.4446247805647,-0.443002083494899,17.6242738527729,-0.262324116737218,17.4292656636495
-0.313523058297084,17.411162142021,-0.32513354085892,17.4516496509849,-0.295697225351835,17.4440232287849,-0.28849593395133,17.4387169731091,-0.446372882168136,17.6188536942263,-0.264578741494859,17.4232943095679
-0.316493784732296,17.4057697610541,-0.327742092417174,17.4458436949858,-0.298174331792274,17.4381599865096,-0.290969470652788,17.4328522239685,-0.449793735094681,17.613486066114,-0.266891719900641,17.4173644025543
-0.319281434793061,17.4002133494521,-0.330403952067055,17.4400815715736,-0.300707304929281,17.4323400543708,-0.293499498967207,17.4270310110587,-0.453263754520158,17.6081713198172,-0.269262316112776,17.4114764626249
-0.322065477529246,17.3946537058014,-0.33312103005812,17.4343586084065,-0.303297926376591,17.4265587482261,-0.296087560115653,17.4212485583167,-0.456785313884024,17.6029050649935,-0.271692073124683,17.4056257275356
-0.324349017728402,17.3887453645766,-0.335895453804961,17.4286701087749,-0.305948206706573,17.4208113601795,-0.298735568410929,17.4155001231162,-0.460361198395619,17.5976830438191,-0.274182917836764,17.399807467675
-0.326630850620054,17.3828358338793,-0.338730029209345,17.4230104650101,-0.308660853287638,17.4150922751309,-0.301446266697211,17.409780114369,-0.463995165142013,17.5925003156811,-0.276737529567645,17.3940160650667
-0.329927348931992,17.3773998254225,-0.341627746643709,17.4173742659988,-0.311438765410126,17.409396073777,-0.304222716624436,17.4040832001669,-0.467691246823608,17.5873522591713,-0.27935884406801,17.3882461243465
-0.333481806463954,17.3720842009123,-0.344590379982043,17.4117589580783,-0.314283582117165,17.4037201688058,-0.307066896883729,17.3984069762468,-0.471451893002661,17.5822369468978,-0.282048716399096,17.3824951708445
-0.337036263995916,17.3667685764022,-0.347620260501953,17.4061612362956,-0.317197500387637,17.3980612161257,-0.309981336112771,17.39274829185,-0.475280202997187,17.5771518011076,-0.284809478933874,17.3767599415249
-0.340590721527878,17.361452951892,-0.350718040379719,17.4005811858218,-0.320181190132605,17.3924193370977,-0.312966883687407,17.3871073957208,-0.479177065218633,17.5720973309783,-0.28764188297213,17.3710406154435
-0.344017534311478,17.3558910184337,-0.35388390885241,17.3950197465882,-0.323234894079094,17.3867955286245,-0.316023822405953,17.38148534492,-0.483142698682461,17.5670747737844,-0.290546175948922,17.3653382114031
-0.347443363241945,17.350327186489,-0.357118303733853,17.389477396896,-0.326359122772685,17.3811903394725,-0.319152569070629,17.375882676389,-0.487177562288079,17.5620849014369,-0.293522775728045,17.3596532484203
-0.351016428637264,17.3448193862678,-0.360421664045607,17.383954627023,-0.329554399421076,17.3756043405861,-0.322353485059539,17.3702999070716,-0.49128206512666,17.5571284679543,-0.29657208442456,17.3539862480769
-0.354590205215406,17.3393118566915,-0.363793444954895,17.3784535499019,-0.332820290864913,17.3700397463448,-0.325625965034338,17.3647391849236,-0.495455349979036,17.5522076499803,-0.299693588433373,17.3483393933138
-0.357625927470109,17.3335808335352,-0.367233027916934,17.372976261838,-0.336156276490735,17.3644987522651,-0.328969337809128,17.3592026450316,-0.499696436551287,17.5473245566806,-0.302886688458425,17.3427148464239
-0.360656781452088,17.3278477882267,-0.370738414028065,17.3675268735529,-0.33956046758598,17.3589855819016,-0.332381593760816,17.3536944625917,-0.504002610013963,17.5424830244252,-0.306149474019387,17.3371168293773
-0.364640607728775,17.3225909607209,-0.37430743462108,17.3621094322876,-0.343030778079996,17.3535043846846,-0.335860544647852,17.3482187454166,-0.508370927368913,17.5376867361371,-0.309479828799534,17.3315494857652
-0.368961076264955,17.3175023595509,-0.377941017439757,17.356723076925,-0.346568113694208,17.3480543383596,-0.339406994199745,17.342774625307,-0.51280226111431,17.5329349965158,-0.31287853193021,17.3260119262648
-0.373281544801134,17.3124137583808,-0.381640578145052,17.3513663744444,-0.350173834560281,17.3426340258304,-0.34302223622972,17.3373606585596,-0.517298121040044,17.5282266789388,-0.316346902519091,17.3205027143124
-0.377601566768529,17.3073249108191,-0.385406442136486,17.3460396253919,-0.353848241694545,17.3372437828598,-0.346706555751791,17.3319771860065,-0.521858722806224,17.5235622498632,-0.319885303889823,17.3150222305007
-0.381082005164758,17.3017728280731,-0.389238524100166,17.340743735237,-0.357591242996092,17.3318845622107,-0.35045988135954,17.3266251909026,-0.526483795720244,17.5189427255101,-0.323493720923386,17.3095714845682
-0.384562443560987,17.2962207453271,-0.393135103442511,17.3354818018489,-0.361401146194561,17.3265595353404,-0.35428055576614,17.3213078870153,-0.531171078868926,17.5143710026143,-0.327170554798216,17.304153720619
-0.389189105734424,17.2914054601493,-0.397094350677305,17.3302568521877,-0.365276146187993,17.321271803059,-0.35816679248395,17.3160284077037,-0.535918162553215,17.5098498374854,-0.330914032529224,17.2987720747642
-0.394111186328652,17.2867800712015,-0.401115735411415,17.3250700256662,-0.369215704347788,17.3160225568227,-0.362118034022732,17.3107879502002,-0.540724194950016,17.505380300916,-0.334723572611697,17.2934277217722
-0.398604923150826,17.2818530997059,-0.405198632462463,17.3199225354508,-0.373219190309328,17.3108130651005,-0.366133600467827,17.3055877646292,-0.545588222232837,17.5009635212703,-0.338598511821609,17.2881219183489
-0.403048811176255,17.276891031337,-0.409342229857077,17.3148157721444,-0.377285814675669,17.3056447968124,-0.37021262075395,17.3004292741193,-0.550509083315613,17.4966007747684,-0.342538025028127,17.282856116745
-0.407492699201685,17.2719289629681,-0.413545698112191,17.3097510781035,-0.381414767938793,17.3005191733331,-0.374354204669916,17.2953138509924,-0.555485611324056,17.4922932882529,-0.346541276415028,17.2776317268827
-0.411936587227114,17.2669668945992,-0.417808610581758,17.3047292548541,-0.385605611512897,17.2954370515706,-0.378557866779391,17.2902423269275,-0.560517131459243,17.4880418253752,-0.350607819775576,17.2724496079562
-0.416433738355845,17.2622677192744,-0.422130579894055,17.2997510392115,-0.389857933794817,17.2903992142438,-0.382823175925342,17.2852154802409,-0.56560302922351,17.4838471032565,-0.354737256002555,17.2673105607519
-0.4209307861921,17.2575695735408,-0.426503859000203,17.2948254432738,-0.394164049068629,17.2854147948463,-0.387142431391738,17.2802424431712,-0.57073398958727,17.4797166902958,-0.358922071100294,17.2622238734135
-0.425086989352768,17.252479445067,-0.430920292899176,17.2899611824858,-0.398515876548862,17.2804926490763,-0.391507420281874,17.2753319652527,-0.575900184825014,17.4756575834773,-0.363154169936353,17.257198412157
-0.429243192513435,17.2473893165931,-0.435387274431337,17.2851494865444,-0.402920711772306,17.2756239974668,-0.395925198705498,17.2704750551609,-0.581110070255285,17.471662156636,-0.367440385312197,17.252225012958
-0.433905381630878,17.2431553762005,-0.439912627781265,17.2803819079722,-0.407386227254768,17.2708003266799,-0.400403369318598,17.2656631307699,-0.586372728321846,17.4677234946222,-0.371788285366353,17.2472950643271
-0.438917992315426,17.2395143905435,-0.44448663874557,17.2756688419782,-0.411902715063337,17.2660321084341,-0.404932351981848,17.2609067788695,-0.591676826495846,17.4638503679879,-0.376188657063637,17.242419482691
-0.443793289032319,17.235486388603,-0.44909261185113,17.2710268622227,-0.416453618180898,17.261336126629,-0.409495580594722,17.2562227732198,-0.597002834028595,17.4600560817493,-0.380625218639662,17.2376153297291
-0.448601686837365,17.2312698336066,-0.453729044583024,17.2664561438563,-0.421037478837243,17.2567126867466,-0.414091274411119,17.251611095303,-0.602348792478468,17.4563400754098,-0.385096051966531,17.2328825056011
-0.453410084642412,17.2270532786102,-0.458404249268242,17.2619473660521,-0.425662475844683,17.2521524215332,-0.418727349352628,17.2470620926351,-0.607724182476098,17.4526942835193,-0.389608887370401,17.2282112174754
-0.458218482447458,17.2228367236138,-0.463120467946197,17.2574977256659,-0.430330650514375,17.2476524033734,-0.423405909448423,17.2425728729239,-0.613131621389606,17.4491163479998,-0.39416590863017,17.2235986720368
-0.463099643329713,17.2187518611377,-0.467876884674852,17.253107490088,-0.435041071823614,17.2432128538899,-0.428126210506815,17.2381438294104,-0.618570272547835,17.4456065414373,-0.398766447578415,17.2190453534764
-0.467981858620928,17.2146689192656,-0.472673902612813,17.248775815044,-0.439794140898632,17.2388329995372,-0.432888777830039,17.2337743051485,-0.624040698732239,17.4421642707995,-0.403410983432622,17.2145505702244
-0.472651730653178,17.2102051780916,-0.477512022962844,17.2445018545186,-0.444590384365245,17.2345120973509,-0.437694209853633,17.2294636242092,-0.629543559521814,17.4387889678168,-0.408100044346305,17.2101135830888
-0.477321602685429,17.2057414369176,-0.482396206938611,17.2402809958635,-0.449434644692544,17.230245477755,-0.442547540499138,17.2252073250491,-0.635084589971426,17.4354771884685,-0.412838497969284,17.2057297539226
-0.482499013227362,17.2023163246725,-0.487331576712274,17.236108909418,-0.454331884224024,17.2260286987611,-0.447454026969922,17.2210013090453,-0.640669698661398,17.4322259208645,-0.417631453883873,17.2013948082814
-0.487817660098236,17.1991802390415,-0.492308616007177,17.2319937807322,-0.459272597725834,17.2218700265768,-0.452404357273881,17.2168540889974,-0.646288135236726,17.4290418394125,-0.422469719773873,17.1971173806173
-0.492941669975645,17.1954385223223,-0.497314924430271,17.2279454563086,-0.464244461834421,17.2177794738083,-0.457386132962744,17.2127756130993,-0.651925809633317,17.4259323889685,-0.427340997035191,17.1929075454057
-0.498065162031408,17.1916951943529,-0.502354016755463,17.2239603510204,-0.469251061653824,17.2137536231071,-0.462402556936881,17.2087620104618,-0.65758657190394,17.4228944149503,-0.43224835444233,17.1887612990432
-0.503158420385475,17.1881534459933,-0.507432181094035,17.2200330414192,-0.474298647681484,17.209787089476,-0.467459623846232,17.2048075714336,-0.663277437011293,17.4199236291817,-0.437197770811059,17.1846729263397
-0.508251385171336,17.1846136549649,-0.512541475539874,17.2161693468898,-0.479379228278578,17.2058857145969,-0.472549286780252,17.2009180526499,-0.668989470532442,17.4170243709654,-0.442181467717027,17.1806485269684
-0.513376553727116,17.1812107531171,-0.5176736306473,17.2123748302498,-0.48448452867021,17.2020551427742,-0.477663173731263,17.1970989516,-0.6747133709733,17.4142004842254,-0.447191223211623,17.1766938180711
-0.518501884484353,17.1778084996313,-0.52282887556524,17.2086484133411,-0.489614794972775,17.1982944113552,-0.482801326151781,17.1933490018876,-0.680449346612066,17.4114506993951,-0.452227045732222,17.1728075313238
-0.523665987012178,17.1745331983517,-0.528007566964595,17.204989003465,-0.494770357736808,17.1946024880302,-0.487963936098244,17.1896669394504,-0.6861977846667,17.408773838326,-0.457289140041685,17.1689884572929
-0.528830089540003,17.1712578970721,-0.53320997462964,17.2013956474194,-0.499951368824413,17.1909783498852,-0.493151191025319,17.1860517438117,-0.691959016511167,17.4061689466165,-0.462377711305898,17.1652356322673
-0.534039330929346,17.1681097799602,-0.538436405717659,17.1978674366284,-0.505158023959598,17.1874210200429,-0.498363398881271,17.18250255481,-0.69773344136319,17.4036352001943,-0.467493051272182,17.1615482008669
-0.539249055241949,17.164962994532,-0.543686886306567,17.1944037164889,-0.510390297717934,17.1839298576381,-0.503600624261007,17.1790188249208,-0.703521158923408,17.4011720256041,-0.472635191731268,17.157925591984
-0.544505695900808,17.1619321581654,-0.548961483980474,17.191003853799,-0.515648231268899,17.1805042800656,-0.508862961269632,17.1756000157511,-0.709322316141982,17.3987789059127,-0.477804199135785,17.1543672483548
-0.549762336559667,17.1589013217989,-0.554260304377686,17.187667239575,-0.520931889152124,17.1771437069813,-0.514150535590956,17.1722456082209,-0.715137095690863,17.3964553674732,-0.483000168009187,17.1508726239761
-0.555021009328368,17.1555238907298,-0.559583473058696,17.1843933006471,-0.526241322922031,17.173847540427,-0.519463505631586,17.1689551446886,-0.720965692124721,17.3942009796358,-0.488223206401294,17.1474411999473
-0.560279688560956,17.1521453571864,-0.564938179930483,17.1811772679815,-0.531583660267452,17.1706110016158,-0.5248090970384,17.165723983241,-0.726816041863845,17.3920125647485,-0.493480407887977,17.1440681324536
-0.565634666026151,17.1495066987793,-0.570331843993381,17.1780146853979,-0.536966272807075,17.1674296461076,-0.530194799383341,17.1625478612545,-0.732696312484898,17.3898874863866,-0.498779206957189,17.1407490559186
-0.571015910401112,17.1470698533537,-0.575755581476549,17.1749108720121,-0.542380239405831,17.1643088206579,-0.535611839265603,17.1594323733739,-0.738596825786274,17.3878296893605,-0.504110972921174,17.1374897833731
-0.576397154776074,17.1446330079282,-0.581197967876317,17.1718720906786,-0.54781413296379,17.1612548785304,-0.541048809800703,17.1563839125954,-0.744505106101286,17.3858432388988,-0.509464337720396,17.1342967836794
-0.581778399151035,17.1421961625027,-0.586655836280132,17.1688995076917,-0.553264809503129,17.1582691286428,-0.546502387614237,17.1534034652869,-0.750417652579404,17.3839284618174,-0.514835902475939,17.1311709447193
-0.587250264900245,17.1396178975661,-0.592128307827494,17.1659929417237,-0.558731370575279,17.1553514616626,-0.551971454887877,17.1504904988059,-0.756333462839467,17.382084753725,-0.52022455222782,17.1281117741758
-0.592722255133591,17.1370394383654,-0.597619716883913,17.1631495057188,-0.564218093280324,17.1524989933111,-0.557460145857727,17.1476418196074,-0.762257207588098,17.3803099439066,-0.525634440783857,17.1251161427649
-0.598209760430436,17.1341970094912,-0.603134524128821,17.1603665163556,-0.569729379183557,17.1497090369607,-0.562972831890581,17.1448546308001,-0.768193709446629,17.3786022921775,-0.531069995904142,17.1221813737316
-0.603697353734664,17.1313530832798,-0.608677649797265,17.1576413297206,-0.57527009965684,17.1469789635168,-0.568514456320724,17.1421263927153,-0.77414828248745,17.376960359087,-0.536536191746643,17.1193049893026
-0.609220630689807,17.1292862649151,-0.614254153146496,17.1549715166753,-0.580845292677964,17.14430641528,-0.574090179287703,17.1394549502779,-0.780126363225629,17.3753830696435,-0.542038179402349,17.1164848079011
-0.614752744057959,17.1274118833024,-0.619854945346224,17.1523615225299,-0.58644580633063,17.1416958234832,-0.57969103263205,17.136845087347,-0.786118165920388,17.3738733533886,-0.547567058732367,17.1137257435566
-0.620333681837243,17.1252585301553,-0.625468596397435,17.1498164139006,-0.592060142966962,17.1391522275653,-0.585305624471889,17.1343020548006,-0.792111400762765,17.3724339812394,-0.553111402490195,17.111032992481
-0.625921704663715,17.1230646946667,-0.631094651149618,17.147335873112,-0.597687837161644,17.1366754084904,-0.590933394922416,17.1318254089974,-0.798105530543103,17.3710643160048,-0.558670518307976,17.1084058636295
-0.631533573838276,17.1209571014167,-0.63673519011228,17.1449185067434,-0.603330932868095,17.1342640166108,-0.59657625187243,17.1294134584608,-0.804102733518749,17.3697632024746,-0.5642462944694,17.1058426507731
-0.637145645595947,17.1188502408249,-0.642391166577661,17.1425635246113,-0.608990321855897,17.1319172471496,-0.60223500614197,17.1270651589193,-0.810103998522353,17.3685299835258,-0.569839613088951,17.1033424912903
-0.642785018471378,17.1168738090512,-0.64806321118594,17.1402703425773,-0.614666589670309,17.1296345387629,-0.607910208435737,17.1247798027536,-0.816109977876402,17.367364228029,-0.575451096530486,17.1009048638649
-0.648426883155315,17.1149092816854,-0.653750809210713,17.1380388838704,-0.620359185231053,17.1274158600945,-0.613601313721555,17.1225573041872,-0.822120109090298,17.36626581916,-0.581080245503293,17.0985298141615
-0.654111557232358,17.1131080996523,-0.659453456549948,17.1358690697976,-0.626067566621841,17.1252611764324,-0.619307815242726,17.1203976467664,-0.828133839104798,17.3652346396901,-0.586726555623693,17.0962173562028
-0.65979711529587,17.1113102905954,-0.665171347759999,17.1337605663821,-0.631791874598105,17.1231701564095,-0.625029914082201,17.1183005889669,-0.834151348373535,17.364270456749,-0.592390200860974,17.0939672030592
-0.665482673359382,17.1095124815384,-0.670904694901461,17.1317130679847,-0.637532255623852,17.1211424619525,-0.630767831041127,17.1162659322135,-0.840172828975087,17.3633730769538,-0.598071369666473,17.0917790896857
-0.671168231422893,17.1077146724815,-0.676652845714646,17.1297266021229,-0.643288004382243,17.1191781196652,-0.636520912174396,17.114293790772,-0.846197558798922,17.3625424657685,-0.603769389401227,17.0896530945085
-0.67689857393866,17.1060888565912,-0.682415131603232,17.1278011958021,-0.649058408143916,17.1172771807948,-0.642288464065423,17.1123842166451,-0.852224796439281,17.3617785714116,-0.609483562385487,17.0875892739573
-0.682629122067495,17.104463830351,-0.688191541815967,17.1259366569343,-0.654843418126272,17.1154394975687,-0.64807043729211,17.1105370009724,-0.858254486520393,17.3610812496342,-0.615213841009102,17.0855874430375
-0.688431493191782,17.1026861168426,-0.693982078895247,17.1241328121575,-0.660642994400794,17.1136649298238,-0.653866798303047,17.1087519590468,-0.864286582242328,17.3604503797217,-0.620960195745102,17.0836474474465
-0.694233981750782,17.1009081536818,-0.699790952446785,17.1223882475105,-0.666461310691406,17.1119521212274,-0.659681736772961,17.1070277176668,-0.870325409612393,17.3598855065146,-0.626726797198203,17.0817678662626
-0.699984154767934,17.0996343872229,-0.705622436513628,17.1207017398388,-0.672302599736205,17.1102998933849,-0.665519528158691,17.1053631737998,-0.87637532588391,17.3593864798059,-0.632517921652902,17.0799475937285
-0.705722049604364,17.0984789530607,-0.711470483269325,17.1190751461529,-0.678160742698579,17.1087100446788,-0.671374126105388,17.1037603198581,-0.882429952249251,17.3589540940382,-0.638327572937322,17.0781887845207
-0.711459944440793,17.0973235188986,-0.717327678863276,17.1175104405099,-0.684028267783837,17.1071845305527,-0.677238090753725,17.1022211764021,-0.88848153044128,17.358588792299,-0.644148308948762,17.0764934744429
-0.717197839277223,17.0961680847365,-0.723192055421024,17.1160078977141,-0.689903177169694,17.1057237133252,-0.683109386312036,17.1007459016035,-0.894527971665459,17.3582903031251,-0.649978051484311,17.0748617118273
-0.723104941452098,17.0950008895292,-0.729062933630931,17.1145674137168,-0.69578474719976,17.104327525987,-0.688987243763705,17.0993341661893,-0.900568530207983,17.3580582307306,-0.65581602199396,17.0732931757485
-0.729013693697449,17.093833579631,-0.734946653425339,17.113187231619,-0.701679277234257,17.1029942679794,-0.694877937902593,17.0979840610807,-0.906609677259005,17.3578920875689,-0.661668486237692,17.0717859519701
-0.734939978595338,17.0925778637378,-0.740849692473006,17.1118658583491,-0.707593199212855,17.1017224880662,-0.700787924480543,17.0966941169094,-0.912657970858561,17.3577918785365,-0.667541925630168,17.0703386762468
-0.740866408075116,17.0913214188103,-0.746771233289582,17.1106036528263,-0.713525628150943,17.1005124900006,-0.706716392870561,17.0954648606412,-0.918712445483313,17.3577580341494,-0.673435579274762,17.0689520778399
-0.746769336592099,17.0905506157048,-0.75271038010301,17.1094009731921,-0.719475617231991,17.0993646515497,-0.712662462984035,17.094296890873,-0.924772051225321,17.3577909191797,-0.679348567983232,17.0676267598753
-0.752665940229342,17.0899105147391,-0.758665995759583,17.1082582042242,-0.72544198237309,17.0982794023774,-0.718624998219026,17.093190793077,-0.93083549097345,17.3578908050334,-0.685279732455518,17.0663632066451
-0.758696198780286,17.0891672972391,-0.764636789982159,17.1071757288434,-0.731423379244655,17.0972571362364,-0.724602689243606,17.0921470753886,-0.936901315433144,17.3580578685616,-0.691227737856385,17.0651618039859
-0.764728954633538,17.0884221530373,-0.770621783486433,17.1061538411362,-0.737418776040357,17.0962981685652,-0.730594519316363,17.0911660687059,-0.942968397115887,17.3582922221134,-0.697191551575185,17.0640228010624
-0.77076171048679,17.0876770088355,-0.776620134360785,17.1051927909047,-0.743427277884788,17.095402771254,-0.736599595628898,17.0902479787104,-0.949035752040533,17.3585939421454,-0.703170280095037,17.0629464014873
-0.776794480750242,17.0869318775002,-0.782631224564456,17.1042927781721,-0.749448213784281,17.0945711708394,-0.742617245194172,17.0893929219491,-0.955102625608735,17.3589630945027,-0.709163258961999,17.0619327779597
-0.782839075296551,17.0861973037447,-0.788654438409535,17.1034539959396,-0.755480914979455,17.0938035922135,-0.748646799897127,17.0886010060815,-0.961168266871602,17.3593997370652,-0.715169831236884,17.0609821202065
-0.78888366984286,17.0854627299893,-0.79469007402788,17.1026765130199,-0.761525624565017,17.0931001271937,-0.754688512507422,17.0878722497832,-0.967232843471023,17.3599040065146,-0.721190256709551,17.0600945087285
-0.794936368191167,17.0851028415513,-0.800738430150887,17.1019604298983,-0.767582583497824,17.0924608812989,-0.76074264327869,17.0872067519002,-0.973296514547579,17.3604760903399,-0.727224800722919,17.0592700905224
-0.800991312174734,17.0848467817311,-0.8067970625285,17.1013061749858,-0.773649284958716,17.0918862430109,-0.766806709741377,17.0866049431983,-0.979356688620092,17.3611159074922,-0.733270987717493,17.0585093680998
-0.807046256158301,17.0845907219109,-0.812863009154076,17.1007141449214,-0.77972270650786,17.0913765776816,-0.772877709369785,17.0860671964425,-0.985410280045413,17.3618231831929,-0.739325813407685,17.0578127376936
-0.813101200141867,17.0843346620908,-0.818935125005761,17.1001844745062,-0.785801647784707,17.0909320390245,-0.77895445472914,17.0855935853124,-0.991456039854205,17.3625977346756,-0.745388082300433,17.0571802524866
-0.819193525387699,17.0839984417779,-0.825012769301878,17.0997172321662,-0.791885411341788,17.0905527020029,-0.785036262341021,17.0851840834608,-0.997493227553198,17.3634394236215,-0.751457107498853,17.056611913912
-0.825285999251397,17.0836619027684,-0.831097603342705,17.0993123265049,-0.797975602810089,17.0902385017826,-0.791124755926089,17.084838540752,-1.00352338153586,17.36434848734,-0.757534510288995,17.0561076032683
-0.83128692743474,17.0837155220033,-0.837191302554893,17.0989697538097,-0.804073840303175,17.0899894523537,-0.797221577590352,17.0845569528718,-1.0095480250606,17.3653253171819,-0.763621935110389,17.0556673928823
-0.837266354531337,17.0838607766515,-0.84328995899364,17.0986898555607,-0.810176153311349,17.0898057968668,-0.803322785512422,17.0843396621005,-1.01556315366089,17.3663694346607,-0.769715444517663,17.0552917647535
-0.843372374799992,17.0837912443536,-0.849388875905661,17.0984728597861,-0.816277786332292,17.0896876903739,-0.809423648310468,17.0841868622793,-1.02156403285734,17.367479985666,-0.775810299997975,17.0549809411057
-0.849479207763618,17.0837203331798,-0.855490638962076,17.098318636735,-0.822381271622051,17.0896351122051,-0.815526718851972,17.0840983913148,-1.02755312039019,17.3686573248993,-0.781909040387621,17.0547346429006
-0.855555178767187,17.0839939176437,-0.861598634517675,17.0982271712635,-0.828489938138708,17.0896481132808,-0.821635351385489,17.0840742208753,-1.03353361357692,17.3699021850854,-0.788015015108904,17.054552850869
-0.861622024087114,17.0843693672581,-0.867710623565311,17.0981986340494,-0.834601487832981,17.089726756942,-0.827747274172191,17.0841145239819,-1.03950316916563,17.3712142942898,-0.794125951527561,17.0544358868654
-0.867740830336425,17.0847660690832,-0.873823859538445,17.0982331206686,-0.840713117405061,17.0898710738287,-0.833859707472516,17.0842194169712,-1.04545897364477,17.3725931475802,-0.800239063854158,17.0543839150218
-0.873866456224195,17.0851655601654,-0.879938626156358,17.0983306818753,-0.846825052229718,17.0900811730428,-0.839972901573691,17.0843889659669,-1.05140118575239,17.3740388322791,-0.806354594828248,17.0543969490366
-0.879992082111965,17.0855650512476,-0.886055869451932,17.0984914176968,-0.852938178601733,17.0903571938778,-0.846087768862021,17.0846232725773,-1.05733059360782,17.3755516521711,-0.812473450704735,17.0544750790843
-0.886117707999735,17.0859645423298,-0.892175120205521,17.0987154357125,-0.859051969759756,17.0906992048904,-0.852203805714027,17.0849224499187,-1.06324659755805,17.3771316240435,-0.818595121672688,17.0546184611501
-0.89223565346606,17.0864275912001,-0.898295721426739,17.0990028357268,-0.865165711575467,17.0911072723948,-0.858320319173175,17.0852866218306,-1.06914841592588,17.3787787117857,-0.824718908782108,17.0548272421738
-0.898353548586633,17.0868910566967,-0.904417491738644,17.0993537381661,-0.871279162729648,17.0915815289278,-0.864437090436131,17.0857159394173,-1.07503572581145,17.3804930007301,-0.83084458817445,17.0551015709106
-0.904431132777915,17.087650522338,-0.910540249423737,17.0997682766245,-0.877392080765699,17.0921221183177,-0.8705538998884,17.0862105563687,-1.08090819900237,17.3822745905891,-0.836971934984546,17.0554416074862
-0.910495014203079,17.088510606368,-0.916661951329705,17.1002464526493,-0.883502366942709,17.0927289868135,-0.87666866826996,17.0867704618751,-1.08676372740461,17.3841230152337,-0.843098862405557,17.0558473745547
-0.916558895628243,17.0893706903981,-0.922780084522645,17.1007881620603,-0.889607454940975,17.0934019677835,-0.882778849586254,17.0873955115807,-1.09259978266949,17.3860375548122,-0.849222817463276,17.0563187314296
-0.922622777053407,17.0902307744281,-0.928893519372629,17.1013933535838,-0.895706157018032,17.0941410046029,-0.888883285552237,17.0880855869261,-1.09841518248642,17.388017824343,-0.855342636037438,17.056855539649
-0.928689888982462,17.0911987814195,-0.935001595662405,17.1020620008663,-0.901797754589392,17.0949460662022,-0.894981292561478,17.0888405674989,-1.10420919745547,17.3900635700966,-0.861457624681793,17.0574577016119
-0.934757045250224,17.0921682696549,-0.941103974110359,17.1027941091921,-0.907881852390165,17.0958171340947,-0.90107250946843,17.0896603735218,-1.10998139961394,17.3921746569173,-0.867567408645584,17.0581251933636
-0.940799976552303,17.0932639168393,-0.947200318131014,17.1035896908404,-0.9139580586671,17.0967541921812,-0.907156575803698,17.0905449623559,-1.11573135642692,17.3943509742715,-0.873671612580835,17.0588580336559
-0.94684283844079,17.0943599255164,-0.953289824993131,17.1044486991776,-0.920025517236819,17.0977571556162,-0.913232662470221,17.0914942568139,-1.12145819211117,17.3965922556445,-0.879769392606986,17.0596561989896
-0.952896579245983,17.0954883050141,-0.959371687726252,17.1053710741116,-0.926083367318721,17.0988259316491,-0.919299934465502,17.0925081800649,-1.12716103030453,17.3988982188627,-0.885859901011117,17.0605196439518
-0.958950379657236,17.096616861873,-0.96544684676732,17.106357026087,-0.932132487501457,17.0999607460334,-0.925359297534605,17.0935869654322,-1.13284062542066,17.4012692646212,-0.89194403733167,17.0614485916925
-0.964772379606273,17.097993386876,-0.97151624053267,17.1074068266801,-0.938173754849505,17.1011618749997,-0.931411648198662,17.0947309380732,-1.13849770055995,17.4037058858131,-0.898022691127029,17.0624433730757
-0.970533141860171,17.0994355748988,-0.977569597582067,17.1085187504504,-0.944196901002189,17.1024272668211,-0.937446707821077,17.0959382331458,-1.14412258053208,17.4062039313165,-0.904085548725564,17.0635022705108
-0.976370688675491,17.1008780253104,-0.983594182118529,17.1096901731387,-0.950189206696096,17.1037539628762,-0.943451795533958,17.0972058180591,-1.14970351699074,17.4087575558379,-0.91011989794521,17.0646223059777
-0.98220823549081,17.102320475722,-0.989590932252577,17.1109207478093,-0.956151536123804,17.1051417503187,-0.949427937061042,17.0985328669046,-1.15524158117154,17.4113662281668,-0.91612675503071,17.0658025577071
-0.988130187652481,17.1038239026226,-0.995563303815834,17.1122107296826,-0.962087274065388,17.1065909881915,-0.955378679080676,17.0999192091202,-1.16074010461028,17.4140307197349,-0.922109614473281,17.0670429883635
-0.994052214594873,17.1053273835466,-1.00151865748651,17.1135614266472,-0.968003707402116,17.108103084817,-0.961311401831029,17.1013660748363,-1.16620586507468,17.4167539681956,-0.928075803494505,17.0683449899748
-0.999695050009208,17.1070294980866,-1.007464293406,17.1149744696044,-0.973908056145072,17.1096797721061,-0.96723333445983,17.1028753762727,-1.17164538825895,17.4195394420178,-0.934032510616167,17.0697106096703
-1.00526628923396,17.1087825504546,-1.01339141580792,17.1164478267362,-0.979791565404243,17.1113186375681,-0.973135613870982,17.1044452995058,-1.17705042884129,17.4223832242718,-0.939970809052785,17.0711382555938
-1.01083752845871,17.1105356028226,-1.01928922462704,17.1179785823423,-0.985643477056248,17.1130164277817,-0.979007418112124,17.1060729593432,-1.1824111312805,17.4252798138096,-0.945879874211294,17.0726249669125
-1.01640903792411,17.1122892224626,-1.02515513015151,17.1195655862439,-0.991461151604915,17.1147720165296,-0.984846200011433,17.1077570184092,-1.18772529125487,17.428227208044,-0.951757192962983,17.0741691668013
-1.02204952323015,17.1141876318229,-1.03098866549634,17.1212081885094,-0.997244079330908,17.1165847558208,-0.990651587441261,17.1094964877569,-1.19299266084905,17.4312243891163,-0.957602379665686,17.0757698133059
-1.02769018315328,17.1160862339788,-1.03679423655946,17.1229071604958,-1.00299659859258,17.118455499877,-0.996428048774907,17.1112919419169,-1.19821732880124,17.4342729963342,-0.96341987012217,17.077427512304
-1.03340250331073,17.1180639565676,-1.04257619434722,17.1246634681237,-1.00872299315136,17.1203852816523,-1.00217993959494,17.1131443469314,-1.20340319279138,17.437375006492,-0.969213964466498,17.079143357015
-1.03911482346818,17.1200416791563,-1.04833904603471,17.1264783372738,-1.01442769822185,17.1223753946297,-1.00791169305655,17.1150551613806,-1.20855415776378,17.4405328173566,-0.974989059556215,17.0809188812499
-1.04451812473929,17.1221547059992,-1.05408722594946,17.1283531905444,-1.02011506306762,17.1244273518002,-1.01362759238012,17.1170262377468,-1.21367394847202,17.4437490869695,-0.980749445051706,17.0827558913375
-1.04984045961025,17.1243031840681,-1.05981235012369,17.1302853452621,-1.02577676649017,17.1265381296233,-1.01931914912159,17.1190551415203,-1.21875489286738,17.447019296858,-0.986486619379064,17.0846519660726
-1.05530782261706,17.1265906964861,-1.06550412038129,17.1322710911125,-1.03140259361755,17.1287036559752,-1.02497605716178,17.1211381265593,-1.22378786623561,17.4503372200522,-0.99219030737699,17.0866032165614
-1.06078060785307,17.128883407041,-1.07116575932187,17.1343111367908,-1.03699565708332,17.1309248229952,-1.03060157137299,17.1232757728636,-1.22877584682243,17.4537041164759,-0.997863843879274,17.0886099366266
-1.06625339308907,17.1311761175958,-1.07680266427258,17.136407162708,-1.04256123524038,17.133203498454,-1.03620112404632,17.1254696351946,-1.23372361129748,17.4571228368167,-1.00351265988783,17.0906736468219
-1.07172603037206,17.1334691361892,-1.08241450792849,17.1385589202593,-1.04809899179607,17.1355393285223,-1.04177440732254,17.1277193825806,-1.23863079381661,17.4605930543173,-1.00913636953903,17.0927941985277
-1.07712121570148,17.1359234099247,-1.08800075479129,17.1407660817291,-1.05360837597749,17.1379319007171,-1.04732086230191,17.1300247139945,-1.24349683717357,17.4641143236644,-1.01473436613331,17.094971387058
-1.0825164010309,17.1383776836602,-1.09356127883738,17.1430284793205,-1.05908921953657,17.1403810279922,-1.05284031748554,17.1323855369453,-1.24832154727725,17.4676864438953,-1.02030646787379,17.0972051177317
-1.08781772610001,17.1409208610911,-1.0990959509258,17.145345956438,-1.06454135292745,17.1428865293002,-1.05833258984901,17.1348017818835,-1.25310472918655,17.4713092144012,-1.02585250464148,17.09949526434
-1.0931183539794,17.1434646988945,-1.1046015374716,17.147717032021,-1.06996156195391,17.1454467669343,-1.06379442872029,17.1372719638157,-1.25784353854642,17.4749803407249,-1.03136922424085,17.1018403203086
-1.09835279136871,17.1461068670359,-1.11007483669077,17.1501401022629,-1.07534666856783,17.1480599834382,-1.06922265938273,17.1397943804377,-1.2625352439091,17.4786973522301,-1.03685345136684,17.104238554361
-1.10358624770509,17.148750492596,-1.11551596322505,17.1526149337264,-1.08069674526657,17.150725940687,-1.07461743999684,17.1423686746828,-1.2671800027197,17.4824599131035,-1.04230534452486,17.1066895765413
-1.10875391068834,17.1514913199138,-1.12092505688318,17.1551413259302,-1.08601189451409,17.153444421926,-1.07997896423843,17.1449945097075,-1.27177797116701,17.4862677521137,-1.04772506047417,17.1091931002178
-1.11391905750774,17.1542358997943,-1.12630203078173,17.157718992373,-1.09129200942021,17.1562150895665,-1.0853071804985,17.1476715087889,-1.27632908773208,17.4901204849888,-1.05311249953747,17.1117488218253
-1.11902400619891,17.157077968001,-1.1316468033066,17.1603476608065,-1.0965369906946,17.159037617247,-1.09060200851678,17.1503993810976,-1.28083327940107,17.4940177594832,-1.0584675523928,17.1143564836117
-1.12412895489007,17.1599200362077,-1.13695944399847,17.163027147213,-1.10174688253091,17.1619117824436,-1.09586349350917,17.1531779732228,-1.28529058660332,17.4979593595426,-1.06379025528373,17.1170159257447
-1.12917010020761,17.1628615781304,-1.14224000371776,17.1657572776559,-1.10692171093211,17.1648373719915,-1.10109164851804,17.1560071636349,-1.28970102020157,17.5019450839009,-1.06908062455012,17.1197269986337
-1.13421112896161,17.1658033017834,-1.14748837092721,17.168537811245,-1.11206134413712,17.1678140976965,-1.10628631972043,17.1588867671674,-1.29406444647047,17.5059746293592,-1.07433851599426,17.1224894799399
-1.13918947922738,17.168843575443,-1.15270443300407,17.1713685175198,-1.11716565068473,17.1708416802754,-1.11144735105945,17.1618166062622,-1.29838072730297,17.5100477020788,-1.07956378816515,17.1253031487804
-1.14416739530402,17.1718845317825,-1.15788806198126,17.1742491685946,-1.12223448145643,17.173919847684,-1.11657457610933,17.1647964927156,-1.30264970847624,17.5141640062136,-1.08475628777654,17.128167779258
-1.14908042905788,17.1750210593229,-1.16303912948953,17.1771795468087,-1.12726768770896,17.1770483373791,-1.12166783546123,17.1678262323293,-1.30687123299231,17.518323254188,-1.08991586334623,17.1310831510856
-1.15399089519584,17.1781613689433,-1.16815735343542,17.1801593555975,-1.13226497145262,17.1802268011532,-1.12672682259051,17.1709055384206,-1.31104501755221,17.5225250394307,-1.09504221150388,17.1340489614883
-1.15893294411583,17.1814201549571,-1.17324245715806,17.183188304136,-1.13722604145884,17.1834548955621,-1.13175123843926,17.1740341250821,-1.31517078626927,17.5267689576218,-1.10013503643711,17.1370649096508
-1.16387561127568,17.1846812601721,-1.17829703818999,17.1862678554988,-1.1421534073955,17.1867341471429,-1.13674360625054,17.1772135416388,-1.31925055992747,17.5310570659345,-1.10519689767615,17.1401324798294
-1.16852850692035,17.1879389444135,-1.18332367651733,17.1893996229038,-1.14704955903117,17.1900662274411,-1.1417063801966,17.1804455587664,-1.32328624795134,17.5353916111387,-1.11023028783542,17.1432533840987
-1.17310278201165,17.1911960940294,-1.18831701980606,17.192580331873,-1.15190926920103,17.1934475886775,-1.14663417828124,17.1837268988559,-1.32727340233393,17.5397680236735,-1.11522978889684,17.1464244053667
-1.17789937766269,17.1946487122748,-1.19327047847744,17.1958056243553,-1.1567261122142,17.1968735612098,-1.15152051166157,17.1870530092723,-1.33120679646225,17.5441802425073,-1.12018887553033,17.1496410377932
-1.18269597331374,17.1981013305202,-1.19818846972564,17.1990781090312,-1.16150435125099,17.200346920618,-1.1563698402605,17.1904264060783,-1.3350900332757,17.548631788949,-1.1251120674437,17.1529056932506
-1.18725354402683,17.201566475023,-1.20307657726538,17.2024014562685,-1.16624937892556,17.2038715403914,-1.16118768682714,17.193850816486,-1.33892743822891,17.5531276265133,-1.13000491378816,17.1562220597607
-1.19174613378943,17.2050350248949,-1.20793014931513,17.2057725729823,-1.17095668083249,17.207444060272,-1.1659693976997,17.197323111213,-1.34271520622324,17.5576635280952,-1.13486266666428,17.1595871491406
-1.19633842367903,17.2086639453883,-1.21274354198463,17.209187410695,-1.17562078588208,17.2110601340657,-1.17070940174327,17.2008391071262,-1.3464489355134,17.5622339910021,-1.13967969335721,17.1629968587227
-1.2009313866297,17.2122939485204,-1.21751832900096,17.2126468302823,-1.18024319295589,17.2147206706078,-1.17540932450203,17.2043995707187,-1.35012993667015,17.5668401179452,-1.14445764495437,17.1664519062575
-1.20544733427836,17.2160116064902,-1.22225714809526,17.2161525899324,-1.18482642836018,17.2184275170252,-1.18007181011624,17.2080062291487,-1.35376024825001,17.5714842104255,-1.14919917386267,17.1699540000233
-1.20996264845384,17.2197299854465,-1.22695966353242,17.2197043817652,-1.18937016387418,17.2221802952279,-1.18469650405247,17.211658773831,-1.35733954162023,17.5761658272008,-1.1539038943615,17.1735028705039
-1.21445031048388,17.2235524282968,-1.23162552144084,17.2233018831253,-1.19387405893149,17.2259786074018,-1.18928299995741,17.2153569222017,-1.36086746787906,17.5808845115905,-1.15857139908595,17.1770982349785
-1.21893770543905,17.2273758762356,-1.23625618277103,17.2269461975943,-1.19833950210029,17.229823587195,-1.19383266028498,17.2191018712277,-1.36434502773354,17.5856416777388,-1.16320309476312,17.1807412347668
-1.22324065860333,17.2312143609625,-1.24085307037818,17.2306385137765,-1.20276784091858,17.23371645115,-1.19834678848431,17.2228949202733,-1.36777312587119,17.5904388349824,-1.16780033029238,17.1844331177485
-1.2274896645845,17.2350572437837,-1.2454127951832,17.2343761936677,-1.20715580232562,17.2376543612502,-1.20282197571387,17.2267334148385,-1.37114909136578,17.595272487664,-1.1723596743266,17.1881712621069
-1.23172909317219,17.2390558273741,-1.2499312087144,17.2381557640444,-1.21149939331312,17.2416336112303,-1.20725416520989,17.2306137381939,-1.37446984967953,17.600138058267,-1.17687703442334,17.1919520914904
-1.23596649502471,17.2430873598274,-1.25440875219575,17.2419774091218,-1.2157990206719,17.2456543787318,-1.21164390190732,17.234535928711,-1.37773580362055,17.6050357017392,-1.18135294998462,17.1957756430611
-1.24020389687723,17.2471188922808,-1.25884700975621,17.2458423555423,-1.22005618929076,17.2497179309163,-1.21599284104326,17.2385011108503,-1.38094813131108,17.6099669177976,-1.18578904490986,17.1996430715117
-1.24444129872975,17.2511504247342,-1.26324590998065,17.2497504885892,-1.2242708298801,17.2538241008836,-1.22030094821155,17.2425091078218,-1.38410673733328,17.6149314958354,-1.19018522463059,17.2035542645471
-1.24855923717303,17.2552995640508,-1.26760503975882,17.253701400242,-1.22844254821194,17.2579724115604,-1.22456780486676,17.2465594966421,-1.38721126520769,17.6199288573381,-1.19454103600747,17.2075088343796
-1.25267692541654,17.2594489496789,-1.27192411993455,17.2576947984929,-1.23257107019609,17.2621625176904,-1.22879311037008,17.2506519869057,-1.3902614564176,17.6249585707233,-1.19885616918657,17.211506497297
-1.25674653779334,17.2637003489022,-1.27620287115816,17.2617303928777,-1.23665611998956,17.2663940779532,-1.23297656587141,17.2547862866216,-1.39325705364022,17.6300202039926,-1.20313032593409,17.2155469574404
-1.2608158029092,17.2679524849888,-1.2804423182199,17.2658091494071,-1.24069866886061,17.270668064949,-1.23711913823254,17.2589633981174,-1.39619869077609,17.6351149009586,-1.20736450371171,17.2196311837763
-1.26469949414996,17.2721856870057,-1.28464344509614,17.2699320965089,-1.2446996467248,17.2749855104859,-1.2412217213898,17.2631844135488,-1.39908691084614,17.64024387207,-1.21155963303175,17.2237602332822
-1.26853144955047,17.2764136104239,-1.28880335634046,17.2740964833826,-1.24865628645373,17.2793434895645,-1.24528143824934,17.2674465349237,-1.40191960279842,17.6454036042237,-1.21571279605846,17.2279313502151
-1.27238691297552,17.2807973526439,-1.2929185770044,17.2782987655312,-1.25256528175027,17.2837382560136,-1.24929496162964,17.2717460519251,-1.40469441364241,17.6505896085767,-1.21982058393816,17.2321408983031
-1.27624279919073,17.2851838972539,-1.29698910602063,17.2825387574051,-1.25642663172243,17.2881695892165,-1.25326244469798,17.2760826191926,-1.40741143996096,17.6558015665147,-1.22388309617205,17.2363885720091
-1.28004184660725,17.289668662494,-1.30101560760341,17.2868169978538,-1.26024096476968,17.2926380251551,-1.25718466843476,17.2804566582061,-1.4100711883341,17.6610400581797,-1.22790105139947,17.2406748398639
-1.28384034253838,17.2941543807318,-1.30499971724826,17.2911351534691,-1.26400983305325,17.2971452670436,-1.26106326770311,17.2848698277356,-1.41267471703939,17.6663070531352,-1.23187606120677,17.2450013736511
-1.28746062745086,17.29865571053,-1.30894299222604,17.2954949679045,-1.26773470961335,17.3016930900473,-1.26489969184512,17.2893239549524,-1.41522291310218,17.671604608825,-1.23580959222393,17.2493699813467
-1.2910164379281,17.3031626883882,-1.31284296049597,17.2998938057243,-1.27141325705491,17.306278699646,-1.26869144590917,17.2938164072659,-1.41771403774218,17.67692943978,-1.23969910672242,17.2537780652431
-1.29457224840534,17.3076696662464,-1.31669649827704,17.3043280893242,-1.27504253201803,17.3108983303365,-1.27243550247158,17.2983435106369,-1.42014608644955,17.6822771274634,-1.24354151485052,17.258221996414
-1.29812805888258,17.3121766441046,-1.32050259782174,17.3087964614431,-1.27862158922391,17.3155505440734,-1.27613100982121,17.3029037703407,-1.42251852704087,17.6876459512432,-1.24733590721268,17.2627003141494
-1.30161891487956,17.3168527055764,-1.32426100099834,17.3132983854072,-1.28215019027469,17.3202347610241,-1.27977787839885,17.3074965106331,-1.42483132354718,17.6930351892354,-1.25108211719219,17.2672123895705
-1.3051090713473,17.3215300693396,-1.32797261381994,17.3178347385113,-1.28562919116805,17.3249518705211,-1.28337710352902,17.3121225399981,-1.42708511397514,17.6984458267144,-1.25478108361219,17.2717590605116
-1.30850154091044,17.3262705154992,-1.33163830006738,17.3224064520207,-1.28905940851951,17.3297028103227,-1.28692955437587,17.3167827881736,-1.42928042006254,17.7038789152706,-1.25843364006611,17.2763412708327
-1.31189386948783,17.3310110511056,-1.33525780505066,17.3270131423545,-1.29244061167184,17.3344871469955,-1.29043495753649,17.3214768866853,-1.43141703717534,17.7093339385949,-1.26203947973294,17.2809586653852
-1.3151874304436,17.3358142487006,-1.33883086789454,17.3316544160134,-1.29577256407156,17.3393044379841,-1.29389302006005,17.3262044656477,-1.43349475816339,17.7148103676102,-1.26559830251284,17.2856108669806
-1.31848053350834,17.3406177321973,-1.34235721298178,17.336329857235,-1.29905501494699,17.3441542190659,-1.29730344762845,17.3309651214945,-1.43551337712624,17.7203076430966,-1.26910981548751,17.2902974581639
-1.32167510414801,17.3454827381774,-1.34583656742872,17.3410390493903,-1.30228771685295,17.3490360257509,-1.30066596880208,17.3357584344907,-1.43747270032709,17.7258252014984,-1.2725737445627,17.2950180082891
-1.32486967478768,17.3503477441574,-1.34926866727677,17.3457815835805,-1.30547042664278,17.3539494052707,-1.30398034335887,17.3405839770726,-1.43937254732634,17.7313624861481,-1.27598983287438,17.2997720887006
-1.32796449667432,17.355272536631,-1.35265325050508,17.3505570497247,-1.30860290752876,17.3588939016073,-1.30724635318952,17.3454413076471,-1.44121274413864,17.736918937913,-1.27935782799269,17.304559268393
-1.33105757556845,17.3601985651337,-1.35599002370075,17.3553649885158,-1.3116848973354,17.3638690065922,-1.31046376152317,17.3503299285562,-1.44299310516646,17.7424939397416,-1.28267744574583,17.3093790680518
-1.33408107509287,17.3652337710729,-1.35927870451177,17.3602049487445,-1.31471614456653,17.3688742215442,-1.31363234327664,17.355249351913,-1.44471345728176,17.7480868839655,-1.28594841274099,17.3142310172899
-1.33710457461728,17.370268977012,-1.36252135579335,17.3650799976132,-1.31769855874741,17.3739126830614,-1.31675408004895,17.3602026990976,-1.44637479316285,17.7537012273729,-1.2891727513999,17.3191181973581
-1.3400343003367,17.3753785199372,-1.36571989763933,17.3699932816024,-1.32063390270168,17.3789876003384,-1.3198307053108,17.3651932307823,-1.44797785448516,17.7593404847616,-1.2923522727119,17.3240438114036
-1.34296235961352,17.3804893838958,-1.36887354254368,17.3749439995849,-1.32352144686008,17.3840980967388,-1.32286130231263,17.3702202146234,-1.44952193410382,17.7650036025298,-1.29548608553682,17.3290071068717
-1.34579629070062,17.3856665594985,-1.37198151783541,17.3799313246189,-1.32636047984975,17.3892432705058,-1.32584502206958,17.3752828560111,-1.45100639045308,17.7706894895103,-1.29857336919125,17.3340072669737
-1.34862983212981,17.3908440096082,-1.37504307950065,17.3849544254572,-1.32915031313216,17.3944222213762,-1.32878112470914,17.3803803066633,-1.45243066012886,17.7763970422042,-1.3016133876256,17.3390434351382
-1.35135665071592,17.3960706819582,-1.37805750765354,17.3900124602002,-1.33189028306362,17.3996340403797,-1.33166896198899,17.3855116698735,-1.45379424543479,17.7821251420343,-1.30460546032877,17.3441147262449
-1.35408070052329,17.4012986313121,-1.38102397025126,17.3951038319614,-1.33457966877715,17.4048770520369,-1.33450784002517,17.3906752672872,-1.45509680873482,17.7878719059588,-1.30754882449274,17.3492194861954
-1.35669952358492,17.4065181397727,-1.38394162935812,17.400226917976,-1.33721774258302,17.4101495572831,-1.3372970859062,17.3958693843817,-1.45633805106926,17.7936354172534,-1.31044270308758,17.3543560425959
-1.35928913543043,17.4117353050196,-1.38681116121637,17.405381940441,-1.33980519782015,17.4154517780534,-1.34003748252302,17.4010941997931,-1.45751857360837,17.7994159739943,-1.31328781913876,17.359524580528
-1.36183585486342,17.4170982889535,-1.38963368166103,17.4105692919791,-1.34234317054604,17.4207841257617,-1.34273017954135,17.4063501126926,-1.45863932046958,17.805214177519,-1.31608529024193,17.3647254836291
-1.36438073876046,17.4224675130458,-1.39240901924149,17.4157874275842,-1.34483160771037,17.4261450135948,-1.34537502641721,17.411635585508,-1.45970057837858,17.8110283988366,-1.31883490205516,17.3699572206978
-1.36678743190674,17.4278984774005,-1.39513702995177,17.4210343969463,-1.34727050129769,17.4315324552874,-1.34797190516265,17.4169486778941,-1.46070281135652,17.8168566283258,-1.32153649333298,17.3752178418103
-1.3691827325881,17.4333345316312,-1.39781786604468,17.4263091053677,-1.34966008143759,17.436945341564,-1.35052099292927,17.4222883017242,-1.46164652459682,17.8226977614701,-1.32419020138848,17.3805062503275
-1.37157803326947,17.4387705858619,-1.40045187983484,17.4316104061194,-1.35200078789349,17.4423825202068,-1.35302268694441,17.4276533129414,-1.46253244094575,17.8285507069276,-1.32679638854613,17.385821286245
-1.37397142615612,17.4442074153448,-1.4030396400395,17.4369374491496,-1.35429325711814,17.4478431497654,-1.3554775959138,17.4330428687927,-1.46336139987578,17.8344147258067,-1.32935562805551,17.391162089879
-1.37622053583874,17.4497028758114,-1.40558157172887,17.4422895062485,-1.35653796205113,17.4533265092892,-1.35788617033508,17.4384562504678,-1.46413405641956,17.8402891563126,-1.33186832329928,17.3965279350608
-1.37846964552135,17.4551983362781,-1.40807803263264,17.4476655841863,-1.3587353197014,17.4588316115038,-1.36024879426568,17.4438924751872,-1.46485107966883,17.8461730673161,-1.33433481937432,17.4019178263537
-1.38059396152784,17.4607397582687,-1.41052925977863,17.453064770617,-1.36088559914196,17.4643575527777,-1.36256573318893,17.4493506362934,-1.46551299737097,17.8520655704846,-1.3367553348922,17.4073308507636
-1.38271821445856,17.4662812034901,-1.41293584156809,17.458486860001,-1.36298940093783,17.4699041469761,-1.36483758342835,17.4548305437458,-1.46612044809783,17.8579665613176,-1.33913044601549,17.412766799287
-1.38477853272059,17.4717650699082,-1.41529835567173,17.4639316694869,-1.365047323846,17.4754712266891,-1.3670649130898,17.4603320367983,-1.46667403876396,17.8638759572768,-1.34146071584929,17.4182254864671
-1.38682028993114,17.4772365268231,-1.41761655615708,17.4693974330471,-1.3670592190247,17.4810570034996,-1.36924751141089,17.465853349084,-1.46717408986982,17.8697919165125,-1.34374588905805,17.4237051404883
-1.3887852998864,17.4828530810377,-1.41989011461426,17.4748820704568,-1.36902487373148,17.4866593706018,-1.37138513097147,17.4713923831322,-1.46762097727788,17.8757122718412,-1.34598565912715,17.4292036626181
-1.39075030984167,17.4884696352523,-1.4221195292638,17.4803854008754,-1.37094478838444,17.4922781661224,-1.37347832764312,17.4769489524938,-1.46801528587119,17.8816369200257,-1.3481805472221,17.43472085408
-1.39261949785687,17.4941136375106,-1.4243053222136,17.4859076066978,-1.37281947583448,17.4979135893477,-1.37552765302649,17.4825232428914,-1.46835748626011,17.8875661144783,-1.35033107491988,17.4402568886341
-1.39448867860966,17.4997576418492,-1.42644777527319,17.4914480534872,-1.37464926326491,17.5035650080809,-1.37753341371754,17.4881146273165,-1.46864806203582,17.8934992604783,-1.35243752648599,17.4458111228332
-1.39621745525154,17.5054466235372,-1.42854708800511,17.4970061506314,-1.37643439059245,17.5092318306682,-1.37949582118327,17.4937225248503,-1.46888740010317,17.8994357809324,-1.35450008984549,17.4513829618653
-1.39794545951901,17.5111358526493,-1.43060398179016,17.5025822861474,-1.37817557149198,17.5149144698799,-1.38141557418599,17.4993473490915,-1.46907606750667,17.9053761937081,-1.35651948071614,17.4569727883247
-1.39965751143271,17.5167404114525,-1.43261924683926,17.5081768427314,-1.37987358994756,17.5206133373037,-1.38329341912494,17.5049895166692,-1.46921467969199,17.9113210354429,-1.35849647666716,17.4625809826508
-1.40136537443992,17.5223227367966,-1.43459256230287,17.5137875065543,-1.3815282705537,17.5263260909781,-1.38512905727988,17.5106467204853,-1.46930366267423,17.9172679341709,-1.36043074942871,17.4682052258298
-1.40296982329524,17.5280480127706,-1.43652364055641,17.5194114174376,-1.38313950979958,17.5320498436751,-1.38692228897854,17.516316090549,-1.46934371319769,17.9232140112642,-1.36232205443919,17.4738426367783
-1.4045690281352,17.5337805376104,-1.43841345969869,17.5250486315459,-1.38470830963138,17.5377846903498,-1.38867414323827,17.5219976929591,-1.46933583648328,17.9291595589473,-1.36417141897551,17.4794932517984
-1.40609080722416,17.5395285874201,-1.44026300005258,17.5306998275791,-1.38623562722199,17.5435313517373,-1.39038560130472,17.5276922278314,-1.46928080568407,17.9351054640707,-1.36597981640009,17.4851577477937
-1.40760469512929,17.545278219525,-1.4420728899574,17.5363644332721,-1.38772214198409,17.5492892795753,-1.3920572835928,17.5333991479687,-1.46917943264883,17.9410513183098,-1.3677478641986,17.4908355524845
-1.40900185258052,17.5510499630869,-1.44384359846696,17.5420418675664,-1.38916837229467,17.5550579091076,-1.39368963355783,17.5391178980405,-1.46903236975505,17.9469966560881,-1.36947600069225,17.4965260896342
-1.41039898785052,17.5568217108505,-1.44557591210969,17.5477315659821,-1.39057516686931,17.5608367072216,-1.39528341858893,17.5448479441042,-1.46884057804346,17.952941132058,-1.37116502530823,17.5022287885097
-1.41179612312053,17.5625934586141,-1.4472704530807,17.5534330440408,-1.39194318337771,17.5666252175645,-1.39683923689046,17.5505888282321,-1.46860483444543,17.9588844262719,-1.37281554706258,17.5079431650369
-1.41319319625858,17.5683652177653,-1.44892825394017,17.5591457281988,-1.39327352920117,17.5724229105512,-1.39835811076687,17.556340009513,-1.46832635261513,17.9648262704174,-1.37442863608485,17.5136686351298
-1.41448048309737,17.5741570986455,-1.45055066092466,17.5648689792255,-1.39456765434507,17.5782292042787,-1.39984137628227,17.5621008887991,-1.46800668537726,17.9707664404145,-1.37600569438866,17.5194045477725
-1.41576721799624,17.5799505086592,-1.45213917149863,17.570602085861,-1.39582714372768,17.5840434595219,-1.40129051101426,17.5678708009359,-1.46764756832421,17.9767046987854,-1.37754826199599,17.5251501863544
-1.41700859330603,17.5858695860957,-1.45369498445741,17.5763445523192,-1.3970532470287,17.5898652415241,-1.40270665617842,17.5736492962296,-1.46725036904906,17.9826409187714,-1.37905750536552,17.5309050677118
-1.41824988075254,17.5917887350418,-1.45522158030059,17.5821039217301,-1.39824905913461,17.5957022668185,-1.40409299220984,17.5794440268781,-1.46681589772838,17.9885833143785,-1.38053680995876,17.5366767649319
-1.41943219288301,17.5977558824613,-1.45672196019345,17.5878877803376,-1.39941718668276,17.6015622700817,-1.40545210941087,17.585262700322,-1.46634427346653,17.9945399687053,-1.38198899262704,17.5424729124207
-1.42061450501348,17.6037230298809,-1.45819673758438,17.5936945292779,-1.40055838130889,17.6074436794736,-1.40678441564463,17.5911037842719,-1.46583629459708,18.0005094962476,-1.38341458710006,17.5482919314109
-1.42173913773313,17.6097272888214,-1.45964670801393,17.5995225431738,-1.40167360412066,17.6133449029312,-1.40809058351318,17.5969657025343,-1.46529305081805,18.0064905535465,-1.3848143893503,17.5541321980038
-1.42286349540181,17.6157317247326,-1.46107246842683,17.605370437279,-1.40276355662743,17.6192645871925,-1.40937114852318,17.6028470979025,-1.46471546227057,18.0124819682118,-1.38618899051241,17.559992328537
-1.42393561416909,17.6217646903482,-1.46247471107767,17.6112368129898,-1.40382899621363,17.625201378154,-1.41062683984812,17.6087465798906,-1.46410463080152,18.018482595958,-1.38753913391528,17.5658709135049
-1.42500692514841,17.6277980577415,-1.46385397207942,17.6171205196222,-1.40487050341209,17.6311541613184,-1.41185825590962,17.614662995962,-1.46346147418502,18.0244914822286,-1.38886538357805,17.5717667956677
-1.42602504155856,17.6338528951648,-1.46521075332156,17.6230204173752,-1.40588865469807,17.6371218255846,-1.41306597968292,17.6205952006216,-1.46278690638853,18.0305076776313,-1.39016827645294,17.5776788273821
-1.4270431579687,17.6399077325882,-1.46654573735017,17.6289353918866,-1.40688423345694,17.6431032910206,-1.41425080025483,17.6265420742573,-1.46208203609139,18.0365303235358,-1.39144857049411,17.5836058800219
-1.42801591649746,17.6459793605729,-1.4678594310012,17.634864393036,-1.40785782200521,17.6490975358418,-1.41541330049908,17.6325025640711,-1.46134779198659,18.0425585679928,-1.3927068003273,17.589546898733
-1.42898833868789,17.6520510829942,-1.46915244260678,17.6408065252121,-1.40881010877923,17.6551036963217,-1.41655414448223,17.6384757783495,-1.46058515791525,18.0485917432002,-1.39394361165041,17.5955009823368
-1.42991411669411,17.6581352162972,-1.47042574497436,17.6467608199002,-1.40974215867758,17.6611208557129,-1.41767438630624,17.6444607580828,-1.45979551980928,18.0546292423359,-1.39516008446393,17.6014671467702
-1.43083989470033,17.6642193496002,-1.4716800969507,17.652726423042,-1.41065479014739,17.6671482036809,-1.41877481195618,17.6504566636121,-1.45898001586092,18.0606704982514,-1.39635700892536,17.6074445367993
-1.43173363196801,17.6703128871542,-1.47291628382633,17.6587024894973,-1.41154884443044,17.6731849408135,-1.41985621681909,17.6564626682567,-1.45813980238873,18.0667149642816,-1.39753519772868,17.613432307621
-1.43262602020981,17.67640659713,-1.47413494150708,17.664688366741,-1.41242499146783,17.6792304531399,-1.42091922021532,17.6624781380388,-1.45727581176561,18.0727622259035,-1.39869527835957,17.6194298125897
-1.4332371929567,17.6824973875316,-1.47533700383074,17.670683338113,-1.41328425875559,17.6852840715049,-1.42196478737505,17.6685023744963,-1.45638929724517,18.0788119141257,-1.39983825731603,17.6254363286087
-1.43384836570359,17.6885881779332,-1.47652334251389,17.6766859879587,-1.41412764246728,17.6913444269859,-1.42299385560793,17.67453397654,-1.45548171093593,18.0848629877273,-1.40096509582762,17.6314504320007
-1.43473448396849,17.694670775144,-1.47769462338665,17.6826949622415,-1.41495589393663,17.6974102056101,-1.42400711719704,17.680571606188,-1.45455429214399,18.09091439791,-1.40207648425985,17.637470771407
-1.4356885508925,17.7007513475308,-1.4788520334204,17.6887104795757,-1.41577022720973,17.7034816887982,-1.42500577288656,17.6866155067164,-1.45360825008428,18.0969667570537,-1.40317366804405,17.6434975644619
-1.4366426178165,17.7068319199175,-1.47999656261379,17.6947329253077,-1.41657159054751,17.7095593212707,-1.42599079264887,17.6926660881543,-1.45264450368759,18.1030207633761,-1.40425764222097,17.6495312034678
-1.4375966847405,17.7129124923042,-1.48112917977995,17.7007622060803,-1.41736095589747,17.7156430660569,-1.42696314251831,17.6987232809044,-1.45166408958427,18.1090766560821,-1.40532940636328,17.6555715983144
-1.43842608154516,17.7193812993812,-1.4822508791889,17.7067981093175,-1.41813938001007,17.721732761727,-1.42792382160652,17.7047868964218,-1.45066810405602,18.1151345724137,-1.4063900031243,17.6616185373718
-1.43925388736978,17.7258554698869,-1.48336687862686,17.7128644606907,-1.41891075396214,17.7278524885146,-1.42887741174803,17.7108808885099,-1.44965309342834,18.121218635789,-1.40744440632741,17.6676958976223
-1.44007484869665,17.7324353226045,-1.48448232050493,17.7189853933694,-1.41967887247774,17.7340266298628,-1.42982847280503,17.7170295070789,-1.44861475978655,18.1273531195235,-1.40849752041054,17.6738278612694
-1.44089581002352,17.7390151753222,-1.48559739110738,17.7251568523797,-1.4204442275018,17.7402511395182,-1.43077736550963,17.7232286918156,-1.44755360313255,18.1335340769995,-1.40954965117708,17.6800103615414
-1.44172066595302,17.7456779310473,-1.48671207378977,17.7313745346931,-1.42120712546284,17.7465217118633,-1.43172408922064,17.7294741545725,-1.44647034209899,18.1397573105936,-1.41060081566381,17.686239096891
-1.44254542611565,17.7523415146877,-1.48782656249927,17.7376352932192,-1.42196796124428,17.7528352141654,-1.43266882170568,17.7357627683257,-1.44536582321339,18.1460198356783,-1.41165124592168,17.6925109210817
-1.44298136232997,17.7587499490227,-1.48894091797175,17.7439359666584,-1.42272698566891,17.7591884933052,-1.43361165797869,17.7420913806277,-1.44424100045683,18.1523186488738,-1.41270104995366,17.6988226708708
-1.44341729854428,17.7651583833577,-1.49005294745304,17.7502590510659,-1.42348305922459,17.7655639429969,-1.43455088904531,17.7484424318002,-1.44310000586917,18.1586365707903,-1.41374831061465,17.705156804679
-1.4445428345338,17.7720640554985,-1.49116051440557,17.7565870760562,-1.42423505748858,17.7719439981254,-1.43548481997078,17.7547984036266,-1.4419475138033,18.1649565681693,-1.41479114279468,17.7114958192614
-1.44583657180911,17.7790928429721,-1.49226851898856,17.7629436022519,-1.42498656267771,17.7783524565503,-1.43641783822225,17.7611829612757,-1.44078053614997,18.171302532445,-1.41583428113663,17.7178633118474
-1.44665708263653,17.78589390162,-1.49338281462113,17.7693579227641,-1.42574182628647,17.7848188882766,-1.43735539787267,17.767625487511,-1.43959414726657,18.1777039107191,-1.4168834011732,17.724288614139
-1.44747759346396,17.7926949602679,-1.49450153118813,17.7758158447427,-1.42649985376494,17.791329009426,-1.4382962114632,17.7741117154461,-1.43839092574592,18.1841466229593,-1.41793681008187,17.7307575099265
-1.44831839921984,17.7995218867566,-1.49562173743324,17.7822974640703,-1.42725886518625,17.7978627796088,-1.43923767432875,17.7806216999939,-1.43717492739439,18.1906109558057,-1.4189916724312,17.7372500838817
-1.44916035989079,17.8063502976724,-1.49674366408545,17.7888015503506,-1.42801910686896,17.8044189896679,-1.44017976513603,17.7871542586554,-1.43594705663419,18.1970958760944,-1.42004814449907,17.7437651222181
-1.44999776594066,17.8131794476811,-1.49786745665357,17.7953268167647,-1.42878075509074,17.8109963678308,-1.44112256556554,17.7937081230773,-1.4347082338735,18.2036002845747,-1.42110638151774,17.7503013402318
-1.45083424990436,17.8200082462336,-1.49899310363812,17.8018714272608,-1.42954384815792,17.8175930864583,-1.44206612738861,17.8002814554715,-1.4334594125648,18.2101225121864,-1.42216641112437,17.7568568985538
-1.45123101797915,17.8266694456147,-1.50012055322088,17.8084336107354,-1.43030835954058,17.8242073828579,-1.44301048989003,17.8068724776975,-1.43220145696034,18.2166609326542,-1.4232282115298,17.7634300237173
-1.45162778605394,17.8333306449959,-1.50124896718418,17.815006957048,-1.43107374519415,17.8308328175319,-1.4439550176256,17.8134747551208,-1.43093616975986,18.2232093101722,-1.42429101741045,17.7700142961508
-1.45283832147588,17.8403494567351,-1.50237746837651,17.821585076566,-1.43183943697246,17.8374629674121,-1.44489900748488,17.8200818766181,-1.42966542686205,18.2297614383624,-1.42535401097315,17.776603318538
-1.45425369043716,17.8474601344672,-1.50350951982837,17.828187101985,-1.43260788787191,17.844117121253,-1.44584547150867,17.8267130519267,-1.428385892908,18.2363364724295,-1.42642048281534,17.7832162541896
-1.45514254698349,17.8545383200124,-1.50464976105352,17.8348369483901,-1.43338252214489,17.8508194006418,-1.44679865806381,17.8333922766313,-1.42709293142832,18.2429583194434,-1.4274949650011,17.7898770420781
-1.45603140352981,17.8616165055576,-1.50579776972468,17.8415289172112,-1.43416324969222,17.8575640900423,-1.44775845493479,17.8401138211396,-1.42578735212074,18.2496213392755,-1.42857717499642,17.7965799662264
-1.45694407612562,17.8687291096624,-1.50695221065235,17.8482524822231,-1.43494931200422,17.8643406058408,-1.44872369392125,17.8468671443235,-1.42447115492074,18.2563151188697,-1.42966584565552,17.80331449342
-1.45785707708505,17.8758421883128,-1.50811345364147,17.8550053301927,-1.43574125163731,17.871146652608,-1.44969469548131,17.8536499606228,-1.4231453943589,18.2630376035229,-1.43076140025362,17.8100783089928
-1.45879571528708,17.8829752257001,-1.50928182807531,17.8617851232551,-1.43653957432174,17.8779799075921,-1.45067182563154,17.8604599466327,-1.42181128055244,18.2697867392556,-1.43186424064505,17.8168690700589
-1.45973483609466,17.8901086387985,-1.51045759287794,17.8685897832055,-1.43734466629161,17.8848383073203,-1.45165540874826,17.8672950314284,-1.42046995080165,18.2765607081374,-1.43297467452772,17.8236846959659
-1.46070370629384,17.8972529751405,-1.51164128143515,17.8754171767964,-1.43815723320007,17.8917197429892,-1.45264613182648,17.8741530843319,-1.41912289263013,18.2833577557411,-1.43409334621801,17.8305230433902
-1.46167312701776,17.9043975136217,-1.5128333359659,17.882265471567,-1.4389778582937,17.8986224026016,-1.45364455911643,17.8810322760153,-1.41777142027541,18.290176381537,-1.4352207581592,17.8373822764074
-1.46266872834554,17.9115451163895,-1.51403429910436,17.8891328219337,-1.4398071930618,17.9055444700212,-1.45465136144611,17.8879307658926,-1.41641696293384,18.29701511379,-1.43635752238809,17.844260545129
-1.46366463082875,17.9186927544057,-1.51524486611575,17.896017528873,-1.44064609609231,17.9124842757702,-1.45566735795923,17.8948468640133,-1.41506106440405,18.3038726790508,-1.43750441557342,17.8511561450413
-1.46469516126009,17.9258405825977,-1.51646558014808,17.9029179316013,-1.44149526960122,17.9194401800906,-1.45669314731491,17.9017789240793,-1.4137051123246,18.3107477859242,-1.43866201169384,17.8580674163993
-1.4657263577883,17.9329884144479,-1.51769706197123,17.90983266079,-1.44235537222339,17.9264108508412,-1.45772938815146,17.9087255946605,-1.41235045553946,18.3176394426356,-1.43983096149617,17.8649929910031
-1.46679032048381,17.9401315211783,-1.51893979669674,17.9167603625215,-1.44322690684459,17.9333949662671,-1.45877658652209,17.9156855383708,-1.41099827829112,18.3245466169904,-1.44101176130221,17.8719315176981
-1.46785468541196,17.9472745699039,-1.52019436600892,17.9236997929354,-1.44411053566091,17.9403913109372,-1.45983536503763,17.9226575270887,-1.40964980575849,18.3314684130331,-1.44220502901941,17.8788817515634
-1.46841502251402,17.9543313965734,-1.52146132668539,17.9306497196941,-1.44500687780773,17.9473986814898,-1.46090632595016,17.9296403427121,-1.4083062271869,18.3384039352145,-1.44341135835157,17.8858424584851
-1.46897029373488,17.9613873566427,-1.52274069406053,17.9376066551406,-1.44591610410022,17.9544135969731,-1.4619895608459,17.9366305024992,-1.40696906696964,18.3453499941145,-1.4446307950069,17.8928101486283
-1.47053632100454,17.9685198204562,-1.52403274549826,17.9445670388282,-1.44683870439989,17.9614325104704,-1.46308546248281,17.9436244525704,-1.40564022755121,18.3523034482055,-1.44586369907753,17.8997812522388
-1.47236923755713,17.9756725134117,-1.52533901025892,17.9515342948763,-1.44777602511569,17.9684589188233,-1.46419551721087,17.9506256498227,-1.40432019889453,18.3592681096337,-1.44711162336519,17.906759193872
-1.47356421587833,17.9827993799461,-1.52666109212475,17.9585128563478,-1.44872942254467,17.9754973315715,-1.46532128187771,17.9576385575354,-1.40300894657002,18.3662487140498,-1.44837617341785,17.91374840941
-1.47475919419952,17.9899262464804,-1.52799938372346,17.9654998993984,-1.44969946136882,17.982544942491,-1.46646328983881,17.96466035309,-1.40170786233378,18.3732427811644,-1.44965781789067,17.9207460649059
-1.47544392712759,17.9970262039203,-1.5293539351766,17.9724916672683,-1.45068640171773,17.9895979968885,-1.46762165969632,17.9716872874755,-1.40041844424447,18.3802468534497,-1.450956638505,17.9277483997021
-1.47612683555921,18.0041260651407,-1.53072552540907,17.9794869639995,-1.45169111566104,17.9966553325058,-1.46879720020195,17.9787181864681,-1.39914206078894,18.3872601466417,-1.45227346652974,17.9347542115805
-1.47768381525395,18.0116802454293,-1.53211502841156,17.9864845644022,-1.45271457424155,18.00371576185,-1.46999086681205,17.9857518405692,-1.39788023339469,18.3942818929784,-1.45360924886274,17.9417622652011
-1.47945051372139,18.0193434319757,-1.53352809508425,17.9935079143687,-1.4537612261467,18.0108029842935,-1.47120784347331,17.9928118101144,-1.39662945830137,18.4013359530746,-1.45496954299211,17.9487960267876
-1.48121721218884,18.0270066185222,-1.53497164004085,18.0005861112743,-1.45483646815958,18.0179464112084,-1.47245460391335,17.9999273060129,-1.3953843097971,18.4084517312244,-1.45636121828438,17.9558846044557
-1.48298391065628,18.0346698050686,-1.53644845501158,18.0077244429388,-1.45594287663599,18.0251514526166,-1.47373414732475,18.0071036233183,-1.39414375341531,18.4156348907851,-1.45778731585788,17.9630332411874
-1.48453377539793,18.0422677031944,-1.53796006103854,18.0149225317595,-1.45708208441823,18.0324177887691,-1.47504811592385,18.0143403989796,-1.39290788446871,18.42288541238,-1.4592495159702,17.9702415285209
-1.48608063391998,18.0498646961505,-1.53950467152175,18.0221635119015,-1.45825325276002,18.0397284645023,-1.47639514583952,18.0216207235169,-1.39168042930539,18.4301868484568,-1.46074618991037,17.9774925685896
-1.48772179964484,18.0574754090765,-1.54108008890826,18.0294303527565,-1.4594550965399,18.0470663448149,-1.47777331149651,18.028927540565,-1.39046559880572,18.4375225899197,-1.46227514317807,17.9847693273364
-1.48936002784928,18.0650850398091,-1.54268723048428,18.0367203410381,-1.46068867097581,18.0544287579589,-1.47918347551788,18.0362581797339,-1.38926573625271,18.444890572211,-1.463837267932,17.9920690944179
-1.49041080246997,18.0725249832814,-1.54432711466608,18.0440308459166,-1.46195513469757,18.0618131178735,-1.48062678221831,18.0436100208282,-1.38808338578101,18.4522888658703,-1.46543365227686,17.9993892213793
-1.49146157709065,18.0799649267537,-1.54599875663118,18.0513514450947,-1.46325405360248,18.0692089524353,-1.48210258173041,18.0509726001987,-1.38692223044715,18.4597075771787,-1.46706338847736,18.00671926361
-1.49349133861833,18.0875533797674,-1.54770118375196,18.0586718174313,-1.46458503072938,18.0766058848492,-1.48361015888956,18.0583355697326,-1.38578618575122,18.4671369453684,-1.46872555298221,18.0140488828639
-1.49578337375516,18.0951816189448,-1.54943729360981,18.0659995097405,-1.46595065554856,18.0840115732621,-1.48515222672123,18.0657065383812,-1.38467606576224,18.4745852193715,-1.4704230041474,18.0213856267982
-1.49807540889198,18.1028098581222,-1.55121127005275,18.0733439860942,-1.4673547316889,18.0914356486606,-1.48673299728516,18.0730950084363,-1.38359270650901,18.4820628298226,-1.47216003676174,18.0287389283034
-1.50036744402881,18.1104380972996,-1.55302583771092,18.0807066717288,-1.46879999776663,18.0988796396268,-1.48835547109007,18.0805023949047,-1.38253815523459,18.4895721385225,-1.47393956194009,18.0361101619641
-1.50244102454119,18.1180095673728,-1.55488295716625,18.0880869064676,-1.47028845312249,18.1063429671772,-1.49002175599263,18.0879280431656,-1.38151434715716,18.4971132640679,-1.47576363360257,18.0434986340687
-1.50451108816866,18.1255799554872,-1.55678329691183,18.0954777080745,-1.47182110030475,18.1138186766523,-1.49173271876037,18.0953649676609,-1.38052450424311,18.5046799972168,-1.47763300436913,18.0508973293915
-1.50667833655539,18.133040820613,-1.55872775407363,18.1028718793766,-1.47339920037397,18.1212996046075,-1.49348941173111,18.1028059832304,-1.37957246300921,18.5122660568256,-1.47954863983154,18.0582990199872
-1.50884558494212,18.1405016857389,-1.56071678330566,18.1102623992773,-1.47502356595215,18.128778739461,-1.49529236320582,18.1102440869987,-1.37866185631064,18.519865189482,-1.48151099467072,18.06569666726
-1.5104317249802,18.1480017671451,-1.56275101780817,18.1176422770811,-1.47669519822349,18.1362491043758,-1.49714229749414,18.1176723068083,-1.37779673390384,18.5274712574301,-1.48352072239852,18.0730832565183
-1.51200655722614,18.1555026116613,-1.56483302933238,18.1250132097766,-1.47841657613895,18.1437125003092,-1.49904171521865,18.1250923899005,-1.37697968043513,18.5350868890137,-1.48558038947218,18.0804604641427
-1.51462509786901,18.1627735564757,-1.56696576145812,18.1323768002326,-1.48019056517796,18.151170648445,-1.50099364593751,18.1325059570037,-1.37621341025177,18.5427147223057,-1.48769301198428,18.0878298492491
-1.51756848209096,18.169972947356,-1.56915070293598,18.1397285593059,-1.48201890114457,18.1586191058911,-1.50299981963266,18.1399084969623,-1.3755014307329,18.5503511754024,-1.48986018130842,18.0951868668414
-1.5205118663129,18.1771723382363,-1.57138853965018,18.1470629617351,-1.48390256310781,18.1660523548282,-1.50506103517436,18.1472944811651,-1.37484694388453,18.5579913991634,-1.4920826083263,18.1025259533175
-1.52345458012978,18.1843717504322,-1.57368115181722,18.1543778229626,-1.48584355908447,18.1734682701422,-1.50717917797433,18.1546617558582,-1.37425310070189,18.5656340829591,-1.49436219038218,18.1098448856833
-1.526167078185,18.1915784823581,-1.57603036535192,18.161672097369,-1.487843732176,18.1808658745485,-1.50935606428448,18.1620093003012,-1.37372249505603,18.5732789309626,-1.49670075761661,18.1171425802945
-1.52887957624022,18.198785214284,-1.57843888649471,18.1689461070108,-1.4899057610816,18.1882455918301,-1.51159443699686,18.16933745682,-1.37325790568225,18.5809272214302,-1.49910106378341,18.1244193048784
-1.53100079009891,18.2061579505858,-1.58090955789517,18.1762000582368,-1.49203250007043,18.1956077251371,-1.51389722637479,18.176646436683,-1.3728621098763,18.5885801536289,-1.5015660173081,18.1316752010793
-1.53311774536054,18.2135318824984,-1.58344534290821,18.1834354921302,-1.49422681874727,18.2029539265231,-1.5162674444369,18.1839377860504,-1.37253728667466,18.5962401927376,-1.50409862746667,18.1389117468744
-1.53638033646351,18.2204820016582,-1.58604973043629,18.1906537194145,-1.49649215199809,18.2102856319719,-1.51870867911545,18.1912128127011,-1.37228603880432,18.6039097764311,-1.50670246160273,18.1461301738025
-1.53994800757086,18.2273192605253,-1.58872407449467,18.1978493314548,-1.49883012174611,18.2175974611708,-1.52122249281297,18.1984660664173,-1.37211152603272,18.6115843118613,-1.50937893443216,18.1533249942985
-1.54351567867822,18.2341565193924,-1.59146878348137,18.2050160297232,-1.50124142713166,18.2248831044389,-1.52380938319902,18.2056912300571,-1.372016604273,18.6192580320381,-1.51212843581241,18.1604898553336
-1.54708334978557,18.2409937782595,-1.59428605021388,18.212151000718,-1.50372839466824,18.2321398113649,-1.52647156649937,18.2128855043787,-1.37200473153892,18.6269290594776,-1.51495315226952,18.1676218802828
-1.54968196754714,18.2482146140779,-1.59717797642672,18.2192525075005,-1.50629318906206,18.2393659075115,-1.52921118125032,18.2200471485208,-1.37207887833638,18.634596466996,-1.5178551798241,18.1747192651444
-1.55227852072896,18.2554362671115,-1.60014815015394,18.2263234829614,-1.5089392440808,18.2465644503346,-1.53203181385251,18.2271790947953,-1.3722414588497,18.6422642041796,-1.52083812545287,18.1817848621691
-1.55632725691667,18.2619122430421,-1.60320001391191,18.2333668567129,-1.51166982557658,18.2537384945842,-1.53493696983376,18.2342842376457,-1.3724944085167,18.6499361662927,-1.52390548033354,18.1888215034301
-1.56076515180287,18.2681883910379,-1.60633262330827,18.2403758464109,-1.51448428800279,18.2608811817164,-1.53792589359071,18.2413556952742,-1.37283911152089,18.6576056094313,-1.52705629943148,18.1958223260409
-1.56375821656707,18.2752488747014,-1.60954395987864,18.2473424228457,-1.51738096383987,18.2679843597999,-1.54099662631965,18.2483853802101,-1.37327675460834,18.6652642214673,-1.53028848817581,18.2027792524967
-1.56669616772524,18.2823392771534,-1.61283680298589,18.2542700124157,-1.5203624347134,18.2750515476712,-1.54415180417904,18.2553767438578,-1.37380889326593,18.6729160932271,-1.53360478905331,18.2096956432801
-1.57119514723006,18.2887972966936,-1.61621472431113,18.2611635803835,-1.52343202378981,18.2820878289837,-1.54739499403516,18.2623347142058,-1.37443692727154,18.680567054284,-1.53700881420146,18.2165763586933
-1.57611341723247,18.2950854588789,-1.61968160896906,18.268028189376,-1.5265933577411,18.2890984005367,-1.55073016543234,18.2692642724604,-1.37516209574106,18.6882231810164,-1.54050453811931,18.2234263265868
-1.58034342014536,18.3018264846695,-1.62324225335353,18.2748702398058,-1.52985090049557,18.296089842285,-1.55416219232099,18.2761717346537,-1.37598562127963,18.6958921867018,-1.54409687718188,18.2302517893972
-1.58455251707408,18.3085812661075,-1.62689855823918,18.2816900898203,-1.53320652213567,18.3030625550315,-1.55769311456657,18.283057336133,-1.37690809715314,18.7035751521384,-1.54778781016743,18.2370529608649
-1.58807271154944,18.3155247553954,-1.63065152583653,18.2884863807441,-1.536661269725,18.3100151844047,-1.56132401889719,18.2899196148981,-1.37793006541641,18.7112712496545,-1.55157836029996,18.2438283623881
-1.59159242926233,18.3224683752806,-1.63449722619266,18.2952492448036,-1.54021163839175,18.3169376567844,-1.56505111805392,18.2967485586958,-1.37905101433575,18.7189698998632,-1.55546449457087,18.2505680732086
-1.59646488295887,18.3289271506448,-1.63843128726707,18.3019689980291,-1.54385366847927,18.32382006456,-1.56887007633265,18.3035343878725,-1.38027056899705,18.7266604529238,-1.55944166259427,18.2572624032321
-1.60170002415105,18.3352559323906,-1.64245744515398,18.3086505145855,-1.54759084432865,18.330667409118,-1.57278447677349,18.3102819859646,-1.38159077406355,18.7343487342276,-1.56351356167254,18.263916142686
-1.60693516534323,18.3415847141365,-1.64658071142667,18.3153001778346,-1.55142785724657,18.3374862563775,-1.57679935051492,18.3169976493661,-1.38301391336447,18.7420424992755,-1.56768529316219,18.2705355084003
-1.6121690392479,18.3479135821097,-1.65080258842308,18.321917869671,-1.55536621379972,18.344276502196,-1.58091638303868,18.323681071679,-1.38454103047547,18.749742239787,-1.57195844076842,18.2771202103792
-1.61714935799768,18.3542597021867,-1.65512347883856,18.3285017560949,-1.55940640306407,18.3510362747612,-1.58513610578846,18.330330251654,-1.38617273442055,18.7574464721731,-1.57633342996709,18.2836682729885
-1.62212967674747,18.3606058222638,-1.65954033046958,18.3350450096048,-1.56354567457353,18.3577585642667,-1.58945556597335,18.3369382020576,-1.38790845158425,18.7651477727615,-1.58080712019385,18.2901727976122
-1.62729930023828,18.3668125770623,-1.6640497772465,18.3415410102753,-1.56778094429472,18.3644365598742,-1.59387140369853,18.3434981953602,-1.38974759993692,18.7728387199257,-1.58537599576575,18.2966271380862
-1.63247053682227,18.3730181410052,-1.66865108715815,18.3479874662807,-1.57211155144885,18.371067901338,-1.59838281766315,18.3500078798358,-1.39169068652015,18.7805168227163,-1.59003921504165,18.3030289529786
-1.63781902729532,18.3790789137636,-1.67334343024229,18.3543821204303,-1.57653674110552,18.3776502551582,-1.60298895835093,18.3564649033975,-1.39373812919829,18.7881795679027,-1.59479587188847,18.3093759129559
-1.64317050469505,18.385136965037,-1.67812595491779,18.3607228442473,-1.58105572756216,18.3841814175509,-1.6076889927317,18.3628670122388,-1.3958902297353,18.7958245521456,-1.59964505729348,18.3156658033924
-1.648676337498,18.3910543781367,-1.68299780139313,18.3670074854814,-1.58566771181425,18.3906591644416,-1.61248209924543,18.3692119104624,-1.39814723271355,18.8034493499184,-1.60458586003584,18.3218963789503
-1.65418217030095,18.3969717912364,-1.68795808783665,18.3732340203242,-1.59037190156333,18.3970813740733,-1.61736742349674,18.3754974322951,-1.40050927089802,18.8110516491341,-1.60961734237851,18.3280655250164
-1.65978350852028,18.402638792206,-1.69300586370672,18.3794004770177,-1.59516742730043,18.403445976362,-1.62234401753459,18.3817214776975,-1.40297636387544,18.8186291607065,-1.61473849106002,18.3341711835042
-1.66538502975157,18.4083053133242,-1.69813475599532,18.3854985622082,-1.60004824251105,18.4097443747281,-1.62740551656151,18.3878756150618,-1.40554592779462,18.8261716749003,-1.61994275433018,18.3402050730387
-1.67110899811138,18.4137922313878,-1.70333797623038,18.391520297397,-1.60500787409464,18.4159682682083,-1.63254501884928,18.3939518237261,-1.40821522760378,18.8336689833524,-1.62522311361373,18.3461592817463
-1.67683304866163,18.4192790288961,-1.70861491277198,18.3974653087964,-1.61004570808648,18.4221172070171,-1.63776173901354,18.3999497442434,-1.41098464642193,18.841120126836,-1.63057884573169,18.3520334074927
-1.68269165757214,18.4245797546817,-1.71396496117041,18.4033332451707,-1.6151611298481,18.4281907690164,-1.64305502345158,18.4058689363349,-1.41385436003172,18.8485242094231,-1.63600929066171,18.3578270214789
-1.6885542180795,18.4298748689316,-1.71938731256808,18.4091235421947,-1.62035333945776,18.4341883013152,-1.64842406896364,18.411708695285,-1.41682418251187,18.8558801314416,-1.64151359993221,18.3635394652432
-1.69452344869563,18.4350143957805,-1.72488116324925,18.4148356626335,-1.62562154362463,18.4401091745676,-1.65386807186739,18.4174683435033,-1.41989372492471,18.863186883428,-1.64709092701708,18.3691701079954
-1.70049267931177,18.4401539226295,-1.73044584970013,18.4204692867444,-1.63096507882934,18.4459529821821,-1.65938634550033,18.4231474378,-1.4230625053736,18.8704437619846,-1.65274055769499,18.3747185428307
-1.70659586648955,18.445107619046,-1.73608070871404,18.4260240760598,-1.63638327625468,18.4517193031154,-1.6649781891531,18.428745527207,-1.42632994814225,18.877650088247,-1.65846177017921,18.3801843500132
-1.71270119353624,18.4500583469423,-1.74178481028623,18.4314994171654,-1.64187520454612,18.4574074362546,-1.67064262521319,18.4342618936823,-1.42969527360651,18.88480485725,-1.6642535640727,18.3855668455742
-1.71892581634436,18.4548371081821,-1.74755722763401,18.4368947081327,-1.6474399386715,18.4630166876105,-1.67637866992195,18.4396958386358,-1.43315768075285,18.8919070895338,-1.67011493728988,18.3908653614671
-1.72515064445868,18.459615559174,-1.75339711684979,18.4422093720299,-1.65307661714589,18.4685464085952,-1.68218542805344,18.4450466814101,-1.4367164279057,18.8989558679453,-1.67604496958284,18.396079254005
-1.73101634450898,18.4649034198951,-1.75930363646904,18.4474428452407,-1.6587843672699,18.4739959777876,-1.68806201449587,18.4503137439354,-1.44037076157147,18.9059502986812,-1.68204274262932,18.4012078926493
-1.73688204455928,18.4701912806162,-1.7652799203237,18.4525980012857,-1.66456618017541,18.4793683368677,-1.69401153887915,18.4554997599566,-1.44412230247142,18.9128941840084,-1.68811138963982,18.4062539927298
-1.74367222731905,18.47410052887,-1.77132927286424,18.4576774983021,-1.67042521701839,18.484666227332,-1.70003732364325,18.4606071931746,-1.44797269038746,18.9197913188479,-1.69425423562266,18.4112200172294
-1.75071320158768,18.4776357903554,-1.77744373345303,18.4626744321725,-1.67635374405623,18.4898824082681,-1.70613139856068,18.4656289684879,-1.45191656278134,18.9266325063865,-1.70046312325843,18.4160991248038
-1.75687150066142,18.4825537361899,-1.78361307534604,18.4675807476463,-1.68234182638542,18.4950083794873,-1.71228337081549,18.4705570460337,-1.4559473764527,18.9334063717577,-1.70672752114313,18.4208834774312
-1.76302383019156,18.4874810331363,-1.78984298404465,18.4724015118997,-1.68839493270693,18.500049355012,-1.71849874435373,18.4753965358994,-1.46006894558113,18.9401193590435,-1.71305309452306,18.4255780116781
-1.76973805775582,18.4913962456669,-1.79614147544669,18.4771429749111,-1.69452078286261,18.5050118569315,-1.7247855608365,18.480153468098,-1.46428636908789,18.9467801250952,-1.71944796427964,18.4301886630667
-1.77667512795705,18.4949100765476,-1.80250340599436,18.4818010692922,-1.70071432982563,18.5098916089307,-1.73113872952727,18.4848235056935,-1.46859585702101,18.9533831787305,-1.72590687959196,18.4347113189838
-1.78361219815827,18.4984239074283,-1.8089217270976,18.4863706720713,-1.70696871822667,18.5146831369825,-1.73755111784142,18.4894014300541,-1.47299248489774,18.9599212043237,-1.73242258409072,18.4391409589498
-1.7905492683595,18.501937738309,-1.81539346376633,18.4908499791658,-1.71328102435951,18.519384451569,-1.74401958619282,18.4938854555606,-1.47747423619389,18.9663912485952,-1.73899193636238,18.4434758382199
-1.79709786809144,18.5062929001719,-1.82191727342908,18.4952384937835,-1.71964988621041,18.5239949560739,-1.75054265417342,18.4982750725355,-1.48204021732246,18.9727921055222,-1.74561347540337,18.447715457754
-1.80364236615848,18.5106569452269,-1.82849783408246,18.4995396189281,-1.72607982108303,18.5285181621886,-1.75712494834652,18.5025735442919,-1.48669360787811,18.9791284619167,-1.7522918900004,18.4518630154079
-1.81076709876738,18.5139751556147,-1.83514008760941,18.5037565006843,-1.73257560478364,18.532957353306,-1.76377142304204,18.5067837696759,-1.49143758217198,18.985405111625,-1.75903216166153,18.4559213847351
-1.81802997613314,18.5170443691479,-1.84184065807752,18.5078868355493,-1.73913389901848,18.5373100636599,-1.77047867252109,18.5109032496335,-1.4962693278408,18.9916189304578,-1.76583080502941,18.4598882171051
-1.8252928534989,18.5201135826811,-1.84859545712692,18.5119280660394,-1.74575066372119,18.5415735456806,-1.7772425021512,18.5149293473481,-1.50118563347308,18.9977661894407,-1.77268356812046,18.4637610057761
-1.83255573086465,18.5231827962144,-1.85540272558157,18.5158791519119,-1.75242417657649,18.545746579296,-1.78406101495484,18.5188609966879,-1.50618511300646,19.0038452673132,-1.77958855165884,18.4675387280687
-1.83946878487213,18.526959793154,-1.86226123198593,18.5197394631997,-1.75915319019323,18.5498284280296,-1.7909328468461,18.5226975367693,-1.51126680011391,19.0098550567837,-1.78654440239842,18.4712207456986
-1.84637890977078,18.5307427164407,-1.86917270274268,18.5235099940521,-1.7659393399972,18.5538201070958,-1.7978596302066,18.526439862678,-1.5164318799671,19.0157970498029,-1.79355278441392,18.4748079329608
-1.8537029142644,18.533555028769,-1.8761390114371,18.5271915264894,-1.77278441234651,18.5577224297946,-1.80484318057499,18.5300885832983,-1.52168162310991,19.0216727059235,-1.80061552096482,18.4783009102475
-1.86116652474916,18.5360399436935,-1.8831563730026,18.5307817759073,-1.77968465407572,18.5615329308512,-1.81187962644285,18.5336412842106,-1.52701306268818,19.0274786516903,-1.80772868293692,18.4816974056446
-1.86863013523392,18.538524858618,-1.89021994260105,18.5342781887378,-1.78663528547382,18.5652487943204,-1.81896398988878,18.5370953705905,-1.53242248820412,19.0332107572146,-1.81488724427467,18.4849949680364
-1.87609374571868,18.5410097735425,-1.89732752816738,18.5376797407899,-1.79363413207772,18.5688688047016,-1.82609392994419,18.540449812981,-1.53790826687579,19.0388671307269,-1.82208886580506,18.4881926197182
-1.8835596449825,18.5436152081562,-1.90447784390182,18.5409859065725,-1.80067988256979,18.5723923181879,-1.83326802649388,18.5437040542106,-1.54346946035251,19.0444466355794,-1.82933214004933,18.4912898322565
-1.89102557835556,18.5462224388525,-1.91167082934685,18.544196726969,-1.80777242135114,18.5758193140832,-1.84048610954749,18.5468580491793,-1.54910602489509,19.0499491393175,-1.83661691172886,18.4942865819637
-1.89833540687695,18.549181297606,-1.91890648242886,18.5473121635292,-1.81491169539391,18.5791496874295,-1.84774808150799,18.5499116345684,-1.55481791465543,19.0553745366163,-1.84394308799063,18.4971827452645
-1.90564430038594,18.5521422624862,-1.92618601388933,18.5503326299692,-1.82209885422766,18.582383809211,-1.85505506163822,18.5528650795358,-1.56060597534296,19.0607236626455,-1.85131180224712,18.4999786075654
-1.91327105714944,18.5539310215102,-1.93351065662146,18.5532584682598,-1.82933506401253,18.5855219916157,-1.86240818432792,18.5557185874762,-1.56647101458082,19.0659973933548,-1.85872420641374,18.5026743793151
-1.92098577877229,18.5553953865635,-1.94087472354149,18.5560872275849,-1.83661466104205,18.5885615356621,-1.86980161341436,18.5584696903944,-1.57240836568731,19.071191546102,-1.86617443138173,18.5052677379191
-1.92861403192195,18.5572650511095,-1.94827114525813,18.5588162856402,-1.84393063805177,18.5914994417996,-1.87722808915489,18.5611158706895,-1.57841232668957,19.0763010729257,-1.87365519514851,18.5077563089036
-1.93623888930124,18.5591506324858,-1.95569755269747,18.5614449895772,-1.85128061959322,18.5943348224061,-1.88468506593522,18.5636565613714,-1.58448105939485,19.0813242288257,-1.88116397878569,18.5101395378337
-1.94386374668054,18.5610362138621,-1.96315282946514,18.5639731900555,-1.85866341815482,18.5970674465552,-1.89217128586722,18.5660916097223,-1.59061371002499,19.0862601730707,-1.88869954864609,18.5124172858927
-1.95148786079652,18.5629253918619,-1.97063558983151,18.5664007024175,-1.86607757910086,18.5996970351987,-1.89968524227063,18.5684207679684,-1.59680911308579,19.0911080076267,-1.89626040884663,18.5145893613969
-1.95906854104976,18.5650247447065,-1.97814453476893,18.5687273785249,-1.87352175512255,18.6022232812557,-1.90722551802819,18.5706438103166,-1.60306611054944,19.0958669632392,-1.90384515147734,18.5166556031562
-1.96664922130301,18.567124097551,-1.98568381575962,18.5709546387217,-1.88099999339388,18.6046476158444,-1.91479617365486,18.5727619744329,-1.60938800282623,19.1005397700918,-1.91145787586582,18.5186172028162
-1.9742470044746,18.5681491408192,-1.99325756138653,18.5730836500768,-1.88851628589351,18.6069713325292,-1.92240124816199,18.5747762122322,-1.61577797707528,19.1051291645254,-1.91910265552073,18.5204750661586
-1.98185269722993,18.5687805009345,-2.00085626751156,18.5751116437288,-1.89606112579025,18.609191351439,-1.93003106168853,18.5766838386573,-1.62222780843211,19.1096294721256,-1.9267697799067,18.5222267215691
-1.98952375599141,18.5704427271844,-2.00846734539213,18.5770355495814,-1.90362203057132,18.6113038473858,-1.93767279597955,18.5784821204091,-1.62872678774187,19.114033241893,-1.93444641345441,18.5238696511501
-1.99719481475289,18.5721049534344,-2.01609755758459,18.5788575612771,-1.91120567920041,18.6133108696058,-1.9453330749214,18.5801732712759,-1.63528067153765,19.1183444449632,-1.94213926527814,18.5254058463002
-2.00491585650851,18.5727348922894,-2.02375674050064,18.5805802150298,-1.91882160088584,18.615215693948,-1.95302166675238,18.5817595167014,-1.64189769106253,19.1225688587096,-1.94985816441408,18.5268373542542
-2.01265054475029,18.5730829933735,-2.03143597823949,18.5822015602488,-1.92646079685068,18.6170162876222,-1.9607295123143,18.5832388981135,-1.64856986854654,19.1267018358679,-1.95759402495427,18.5281624634089
-2.02043322539235,18.5738701501978,-2.03912419676896,18.5837196219116,-1.93411229976204,18.6187097215791,-1.96844535076352,18.5846096834338,-1.65528743355491,19.1307376177905,-1.9653355751603,18.5293796798138
-2.02821593740261,18.5746575939923,-2.04682367399082,18.5851353056836,-1.9417783695221,18.6202963798493,-1.97617131537069,18.5858728464958,-1.66205230672212,19.13467749102,-1.97308499960067,18.5304898738848
-2.0360042041656,18.5752344463598,-2.05453882707512,18.5864496939919,-1.94946317866276,18.6217779034606,-1.98391171191039,18.5870293347782,-1.6688682301992,19.1385238387544,-1.98084664471746,18.5314939001893
-2.04379271568276,18.5758020196234,-2.06226835500645,18.5876626734633,-1.95716528684293,18.6231542939648,-1.9916651134389,18.5880789470765,-1.6757338594896,19.1422761787824,-1.98861909757259,18.5323916183266
-2.05158133049635,18.5760761988261,-2.07001093621296,18.5887742770535,-1.96488331771888,18.6244252092566,-1.99943006300295,18.5890217007819,-1.6826477698582,19.1459341932296,-1.99640092321243,18.5331830827871
-2.05936994710853,18.5763452694605,-2.07776544596085,18.589784551323,-1.97261606474968,18.6255904126241,-2.00720529398889,18.5898576784401,-1.68960873261412,19.1494976287967,-2.00419088118585,18.5338683785643
-2.06715856372071,18.5766143400949,-2.08553077055612,18.590693527139,-1.98036229297532,18.6266498706838,-2.01498955185833,18.5905869469271,-1.69661554926134,19.1529662053889,-2.01198774152619,18.5344475779575
-2.0749471803329,18.5768834107293,-2.09330558002797,18.5915011998703,-1.98812056579428,18.6276033907051,-2.02278136629025,18.5912095426409,-1.70366684659751,19.1563395128818,-2.01979005689979,18.5349207294929
-2.08272982294561,18.5768542044896,-2.10108854497331,18.5922075669455,-1.99588943757789,18.6284508156251,-2.03057926752814,18.5917255213899,-1.71076126855532,19.1596171148817,-2.02759638087566,18.5352878858207
-2.09051242273914,18.5768228603237,-2.10887850859629,18.592812644084,-2.00366763006758,18.6291920127542,-2.0383819607691,18.5921349475473,-1.71789762420372,19.1627986364753,-2.0354054405573,18.53554911078
-2.09832927718209,18.5769502338504,-2.11667431903957,18.5933164455693,-2.01145386323923,18.6298268744721,-2.04618815807626,18.5924378666879,-1.72507472757535,19.1658837075598,-2.0432159682336,18.5357044614218
-2.10614648914035,18.5770792639115,-2.12447801349737,18.5937192846013,-2.01925003495686,18.6303556778625,-2.05399976807597,18.5926345280439,-1.73229426970996,19.1688733794219,-2.05102989542399,18.53575414381
-2.11386313972155,18.5763868452195,-2.1322916789018,18.5940212877761,-2.02705808055717,18.6307787580835,-2.06181874437715,18.5927249856118,-1.73955800391216,19.1717686753325,-2.05884919446079,18.5356981478902
-2.12155424095292,18.5754857233239,-2.14011165069684,18.5942222495242,-2.03487420148664,18.6310959301429,-2.06964128190587,18.5927091391265,-1.74686238507416,19.1745683825207,-2.06667007601056,18.5355364188454
-2.12935882878877,18.574847241226,-2.14793361724962,18.5943220744471,-2.04269397019977,18.6313065080175,-2.07746293291128,18.5925870681726,-1.75420329185815,19.1772710133421,-2.07448811056968,18.5352690961929
-2.1371634633828,18.5742075008094,-2.15575702171339,18.5943207772733,-2.05051669066146,18.6314099665347,-2.08528300874681,18.5923588730521,-1.76158014613543,19.1798763309923,-2.08230262580767,18.5348962548304
-2.14494825113933,18.5733743171487,-2.16358191802277,18.5942183368312,-2.05834225674689,18.6314065403017,-2.09310143144053,18.5920245634968,-1.7689929468607,19.1823842946491,-2.09011355709189,18.5344178734241
-2.15273303889586,18.572541133488,-2.17140685826434,18.5940146234137,-2.06616907141658,18.6312962630734,-2.10091661785839,18.5915840522087,-1.776440301601,19.1847942938842,-2.09791933304681,18.533833877977
-2.16049168990041,18.571500696777,-2.17923038933084,18.5937095432528,-2.0739955289035,18.6310788338698,-2.10872698070325,18.5910372940495,-1.78392080165929,19.1871057503797,-2.1057183789476,18.5331442438055
-2.16824933494782,18.5704522832644,-2.18705099777369,18.5933030395387,-2.08181995612518,18.6307540257133,-2.11653087477635,18.5903843017205,-1.79143297289526,19.1893180896411,-2.11350906208663,18.5323489967288
-2.17597764884009,18.5692182812042,-2.19486716664854,18.5927951805377,-2.08964067486115,18.630321850867,-2.12432665742879,18.5896252302608,-1.79897529848034,19.191430846469,-2.12128975365321,18.5314482995595
-2.18370567137778,18.567982435641,-2.20267752474254,18.5921860414531,-2.09745615040297,18.6297823269693,-2.13211283397298,18.5887602454033,-1.80654639836336,19.1934436034196,-2.12905897119132,18.5304423160474
-2.19137859297605,18.5664579351183,-2.21048071287783,18.5914757537125,-2.10526486066297,18.6291355674896,-2.13988792601816,18.5877895768512,-1.81414488466035,19.195355999755,-2.13681524781783,18.5293312685047
-2.19904657452286,18.564907555357,-2.21827520974349,18.5906644710671,-2.11306512279136,18.6283817295442,-2.14765029559869,18.5867134823317,-1.82176920894352,19.1971676399358,-2.14455695611152,18.5281154092961
-2.20671455606966,18.5633571755957,-2.22605947793405,18.5897523657524,-2.12085523544103,18.6275209669329,-2.1553982900448,18.5855322332341,-1.82941780120324,19.1988781380539,-2.1522824543663,18.5267950138695
-2.21438253761647,18.5618067958344,-2.23383219810901,18.5887396012969,-2.12863371724338,18.6265534486586,-2.16313047583372,18.5842460863971,-1.83708929944935,19.2004871705025,-2.15999031838261,18.5253703373915
-2.22198531569323,18.5599722798203,-2.24159207205224,18.5876263483376,-2.13639911724027,18.6254794194903,-2.17084544228289,18.5828553065963,-1.84478235728857,19.2019944318761,-2.16767914603747,18.523841643485
-2.22958763752821,18.5581357756478,-2.24933771520471,18.5864127564703,-2.14414990218542,18.624299111988,-2.17854169303183,18.5813601418979,-1.85249555218977,19.2033995715425,-2.17534744787605,18.5222091790969
-2.23722583444432,18.5563348703223,-2.25706775210019,18.585099043096,-2.15188454958366,18.6230128216396,-2.1862177458514,18.5797609151015,-1.86022744626477,19.2047023099077,-2.1829937488434,18.520473265864
-2.24486444726898,18.5545343777029,-2.26478308473141,18.5836850238795,-2.15960383447839,18.6216205398187,-2.19387438122077,18.5780574648452,-1.86797887562958,19.2059027892942,-2.19061882408045,18.5186336910261
-2.25230136005875,18.5521993733137,-2.27248462164874,18.582170408121,-2.16730858930752,18.620122379344,-2.20151238167541,18.5762495154986,-1.87575070457794,19.2070011547081,-2.19822344471922,18.5166901178411
-2.25968840908486,18.5497322283,-2.2801692281706,18.5805556487322,-2.17499560347507,18.6185191206414,-2.20912852128859,18.574337698909,-1.88353973923449,19.2079969279747,-2.20580439098253,18.5146431984406
-2.26707545811097,18.5472650832863,-2.28783331007914,18.5788414135071,-2.18266110852546,18.6168112605095,-2.21671913302726,18.572322911739,-1.89134230030436,19.208889561527,-2.21335800687261,18.5124938634521
-2.27446250713707,18.5447979382726,-2.29547512767473,18.5770280693661,-2.19030317786407,18.6149989775951,-2.22428239621187,18.5702056863995,-1.8991565691397,19.2096787355934,-2.22088247422422,18.510242645068
-2.2818697125524,18.5421731067938,-2.30309339994453,18.5751159081226,-2.19792043677223,18.6130827835225,-2.2318169433518,18.567986444999,-1.90698118272244,19.2103641954964,-2.22837642516507,18.5078899588812
-2.28927716258336,18.5395469244969,-2.31068737534616,18.5731051894832,-2.20551205784633,18.6110631941298,-2.23932193153804,18.5656655391042,-1.91481528218251,19.2109458633546,-2.23583901649694,18.5054361490961
-2.29669172184726,18.5369241269164,-2.3182562945396,18.5709960543023,-2.21307720022957,18.6089405519817,-2.24679650255982,18.5632431896232,-1.92265803461229,19.2114235905708,-2.2432693870179,18.5028814313252
-2.30410628111116,18.534301329336,-2.32580058547751,18.5687882861228,-2.22061621831593,18.6067148448168,-2.25424097046649,18.5607192118743,-1.93050984155073,19.2117973470315,-2.25066783743314,18.5002255891718
-2.31125192915437,18.5311976154685,-2.33332065846412,18.5664816899976,-2.22812947809905,18.6043861518701,-2.26165563825454,18.5580934576967,-1.93837107939477,19.2120672043418,-2.25803465189408,18.4974684297447
-2.31832480583536,18.5279636083473,-2.34081186165741,18.564077508253,-2.23561227643865,18.6019559370332,-2.2690358196038,18.555367446252,-1.94623687644922,19.2122328903182,-2.26536515753179,18.4946115254341
-2.32551094668697,18.5247710754566,-2.34826870393832,18.5615774771427,-2.24305895651724,18.5994257970841,-2.27637602774365,18.5525432655179,-1.95410141095442,19.2122941224288,-2.27265389306586,18.4916570395788
-2.33269708753858,18.5215785425659,-2.35569129259808,18.5589816398764,-2.25046946069884,18.5967956599586,-2.28367629958984,18.5496210703676,-1.96196469986127,19.2122507508696,-2.27990088099371,18.4886050960179
-2.33988001300977,18.5183590820066,-2.36308060729458,18.5562896653576,-2.25784478281507,18.594065582638,-2.29093750870409,18.5466005504301,-1.96982769990505,19.2121026670902,-2.287106973419,18.4854553451623
-2.34706291005033,18.5151393833507,-2.37043733193535,18.5535013206124,-2.2651856219853,18.5912356808491,-2.29816022794984,18.5434814815698,-1.97769105671458,19.2118499151482,-2.29427272599127,18.4822075376047
-2.35398324189941,18.5115170273004,-2.37776213172344,18.5506162697784,-2.27249260649207,18.58830580241,-2.30534501376073,18.5402635531831,-1.98555543857647,19.2114925523349,-2.3013986681825,18.47886132211
-2.36083205806444,18.5077849982244,-2.38505117907176,18.5476359049078,-2.27976187010845,18.585277503798,-2.31248802769802,18.5369484154937,-1.99341670823862,19.2110307890763,-2.30848096900347,18.4754183871572
-2.36768087422947,18.5040529691483,-2.39230002372434,18.5445621418741,-2.2869888562054,18.5821526934134,-2.31958485487593,18.5335383110977,-2.00126996243788,19.2104649565334,-2.31551523414012,18.4718810319344
-2.37452969039449,18.5003209400723,-2.39950682764359,18.5413959403451,-2.29417161736432,18.5789323212321,-2.32663365385474,18.5300344150078,-2.00911306628916,19.2097951977481,-2.3224996187801,18.4682504361082
-2.38134710777492,18.49640177282,-2.40667042333189,18.5381378970276,-2.3013089701977,18.5756171826263,-2.33363322393636,18.5264374762932,-2.01694462836307,19.2090215150441,-2.32943291209508,18.4645273469
-2.38816397628897,18.4924793342992,-2.41379074752346,18.5347882059361,-2.30840083844776,18.5722076589461,-2.34058343410657,18.5227477573891,-2.0247644326587,19.2081439571941,-2.3363149711968,18.4607120212884
-2.39488539266002,18.4883801299004,-2.42086773416979,18.5313469963303,-2.3154471381661,18.5687040431249,-2.34748414052504,18.5189654413698,-2.03257228923464,19.2071626115706,-2.34314564094164,18.456804641811
-2.40160674280057,18.4842808028506,-2.42790116582407,18.527814409094,-2.32244762741659,18.5651066157564,-2.35433505411031,18.5150907392568,-2.04036787092065,19.206077604845,-2.34992461670643,18.4528054142608
-2.40830219794997,18.480123992524,-2.43489080761011,18.5241905902806,-2.32940204075722,18.5614156416063,-2.36113588141542,18.5111238887359,-2.0481508422342,19.2048891131028,-2.35665158072509,18.4487145573603
-2.4149975053752,18.4759668542702,-2.44183659671745,18.5204755341079,-2.33631029633049,18.5576312481774,-2.36788650605004,18.5070649854686,-2.05592108902141,19.2035972564712,-2.36332638022543,18.4445321321881
-2.42142431345718,18.4714687197852,-2.4487384254688,18.5166691391312,-2.34317227268025,18.553753470024,-2.37458676774758,18.5029140366595,-2.06367849496427,19.202202073376,-2.3699488108653,18.4402581065387
-2.42777927871876,18.4668793443657,-2.45559331500297,18.5127728769612,-2.34998498461495,18.5497839202362,-2.38123372310599,18.4986727687021,-2.07141971612038,19.2007041199605,-2.3765159232547,18.4358942316221
-2.43413424398033,18.4622899689461,-2.4623978902755,18.5087886388725,-2.35674501526491,18.5457245627257,-2.38782406200329,18.4943433540759,-2.07914087530979,19.1991040891612,-2.38302441960693,18.4314427292892
-2.44048920924191,18.4577005935266,-2.46915062575885,18.5047174661657,-2.36345079047267,18.541576495395,-2.39435627972613,18.4899270190186,-2.0868400979987,19.1974023683546,-2.38947279244317,18.4269048474615
-2.44675675914351,18.4529253067332,-2.47585047056477,18.5005601293647,-2.37010125266474,18.5373406103243,-2.40082931839475,18.4854246707319,-2.09451603894045,19.1955992320983,-2.39585997999489,18.4222815148022
-2.45302430053181,18.4481500018341,-2.48249697367053,18.4963170121396,-2.37669593896886,18.5330173985702,-2.40724268757688,18.4808367798162,-2.10216805054821,19.1936948251892,-2.40218548263622,18.417573217482
-2.45916693098396,18.443221560882,-2.48908966725141,18.4919884660377,-2.3832343646139,18.5286073067239,-2.4135958764218,18.4761637816877,-2.10979549123145,19.1916893156201,-2.40844877833714,18.4127804054712
-2.46530805558725,18.4382912738165,-2.49562746175643,18.4875753817408,-2.38971543299818,18.524111328232,-2.41988779588308,18.4714067007031,-2.11739696808614,19.1895832245421,-2.41464877205269,18.4079041212374
-2.47132342544108,18.43321400738,-2.50210926406902,18.4830786369833,-2.3961380357965,18.5195304278916,-2.4261173640881,18.4665665607658,-2.12497108938902,19.1873770601957,-2.4207843708507,18.4029454014406
-2.47733632207227,18.4281338292848,-2.50853443858387,18.4784997392996,-2.40250155543152,18.5148662249159,-2.43228402303429,18.4616450275713,-2.13251670444383,19.1850720949057,-2.42685501068516,18.3979059070667
-2.48330273235447,18.4229597283499,-2.51490259132211,18.4738404694423,-2.40880564461864,18.5101206349187,-2.43838749098247,18.4566440432775,-2.14003281121283,19.1826699492111,-2.43286040077209,18.3927875621385
-2.48926914263667,18.4177856274149,-2.52121510316012,18.4691013686497,-2.41505169902877,18.5052942816025,-2.44442918434213,18.4515641984595,-2.14752050015172,19.1801716705274,-2.43880191941491,18.3875909056899
-2.49496363965942,18.4124137023497,-2.52747319006269,18.4642826840311,-2.42124094318157,18.5003874873384,-2.45041031506983,18.4464057637791,-2.15498082806092,19.177578047459,-2.44468073685218,18.3823161660117
-2.50058471696446,18.4069883624867,-2.53367550955586,18.4593882226503,-2.42737212457837,18.4954042018776,-2.45632978411531,18.4411727526456,-2.16241131828093,19.1748924684908,-2.45049579387069,18.3769673688408
-2.50620579426951,18.4015630226237,-2.53982008865899,18.4544218478875,-2.43344331890385,18.4903483804704,-2.46218587380833,18.435869268494,-2.16980883373526,19.1721180323784,-2.45624541268149,18.3715486407456
-2.51182687157455,18.3961376827607,-2.54590718433462,18.4493865073403,-2.43945481021312,18.4852230160513,-2.46797905682096,18.4304983822754,-2.17717261577791,19.169257594961,-2.46193009156707,18.366063040126
-2.51740298719629,18.3905362772807,-2.55193825407561,18.4442855030321,-2.445408189569,18.4800315498404,-2.4737110573764,18.4250634750264,-2.18450295094805,19.1663147674998,-2.46755158374036,18.3605139074984
-2.52297847312916,18.3849324059999,-2.55791645933846,18.4391196949035,-2.45130667799484,18.4747749020421,-2.4793851120093,18.419565328447,-2.19180254030388,19.1632914403554,-2.47311310260584,18.3549019542115
-2.52831975587593,18.3793276095896,-2.56384541299008,18.4338902650464,-2.4571539382628,18.4694542840899,-2.48500493354213,18.414005019645,-2.19907448684245,19.1601901145785,-2.47861835100734,18.34922818403
-2.53356597114148,18.3737224376517,-2.56972447434285,18.4286011206893,-2.46294941232935,18.4640736808929,-2.49057012850326,18.4083865665248,-2.20631700495227,19.157014529302,-2.48406698439127,18.3434966218811
-2.53892068016689,18.3678825265911,-2.57555280236184,18.4232572875507,-2.46869234435476,18.458638177985,-2.49608022426885,18.4027151641617,-2.21352772825338,19.1537693128863,-2.48945861236188,18.3377124790806
-2.54427772569135,18.3620375602376,-2.58133306933168,18.4178616661388,-2.47438553858253,18.4531507599995,-2.50153819790634,18.3969937359803,-2.22070828418919,19.150458144948,-2.4947962338034,18.3318786112376
-2.54953030136802,18.3561100127924,-2.58706811553162,18.412415766113,-2.48003191564986,18.447612979937,-2.50694704604272,18.3912237321809,-2.22786090639613,19.1470834482843,-2.50008283425629,18.3259963975676
-2.55478136515379,18.3501812702312,-2.59275986811225,18.4069225494229,-2.4856335112209,18.4420278564736,-2.51230894532417,18.3854081055475,-2.23498654510112,19.1436488085522,-2.50532063053987,18.3200687532518
-2.55987813424828,18.3441207471692,-2.5984103750568,18.4013850326292,-2.49119248620882,18.4363984588101,-2.51762622139998,18.3795498723579,-2.24208626653024,19.1401579237647,-2.51051199133088,18.3140986532436
-2.56497404447797,18.3380594905652,-2.60402247437618,18.3958043382857,-2.49671170786865,18.430725893218,-2.52290182172318,18.3736500546186,-2.24916247925443,19.136612924243,-2.51565986410254,18.3080870632664
-2.57001206858596,18.3321650720836,-2.60959926352134,18.3901817437304,-2.50219434367142,18.4250114508693,-2.5281389840578,18.3677098292539,-2.25621783115819,19.1330162374042,-2.52076750247445,18.3020351068088
-2.5750174568182,18.326364716014,-2.6151410641746,18.3845220982637,-2.50764091133663,18.4192600995535,-2.53333847438037,18.3617341751747,-2.26325122969217,19.1293728260424,-2.52583576232772,18.2959477524287
-2.58003834189163,18.320230175376,-2.62064658468336,18.3788308599854,-2.51305026129409,18.4134773768168,-2.53849944757709,18.3557287355675,-2.27025976410815,19.125687531678,-2.53086388916783,18.2898306542857
-2.58505997217266,18.3140795645675,-2.62611839096093,18.3731098034404,-2.51842499734103,18.4076650309602,-2.54362468457128,18.3496952376033,-2.27724530092611,19.1219628266835,-2.53585468804402,18.2836854872002
-2.59001003652114,18.3078869848044,-2.63155979733716,18.3673589496412,-2.52376847219365,18.4018230707351,-2.54871750925777,18.3436335250166,-2.28421098796713,19.1181997924267,-2.54081148699999,18.277512046759
-2.59495854154824,18.3016934905966,-2.63697260485153,18.3615801804452,-2.52908257963762,18.3959534096988,-2.55377986320007,18.3375454028783,-2.2911580099339,19.1144009051685,-2.54573629723575,18.2713121352476
-2.5998265644639,18.2954533249329,-2.64235874064401,18.3557755993759,-2.53436935023557,18.3900581847828,-2.5588139082231,18.3314329556702,-2.29808763319839,19.1105689420191,-2.55063133853607,18.2650878127275
-2.60469032725348,18.2892106888285,-2.64771966372229,18.3499469479476,-2.53963031377988,18.3841391530791,-2.56382127996565,18.3252979004989,-2.30500077498493,19.1067061523067,-2.55549827376083,18.2588407642051
-2.60955409004305,18.282968052724,-2.65305711357978,18.3440961909446,-2.54486732237877,18.3781983223775,-2.5688039555508,18.3191421980611,-2.31189855957104,19.1028150989411,-2.56033912300765,18.2525729171218
-2.61441785283263,18.2767254166196,-2.65837253973468,18.3382248258629,-2.55008185014345,18.3722371661708,-2.57376354166486,18.3129673143612,-2.31878196152593,19.0988977706861,-2.56515551468533,18.2462857035627
-2.61922313030458,18.270432528064,-2.66366747842548,18.3323343876438,-2.55527548188452,18.3662572140397,-2.57870174577166,18.3067747560569,-2.3256520274951,19.0949562187416,-2.56994919156902,18.2399806024464
-2.62402825325004,18.2641395067343,-2.6689443432086,18.3264258182508,-2.56045076962272,18.3602594735453,-2.58362116494068,18.3005654236249,-2.33251084866696,19.0909922477094,-2.57472277716332,18.2336584687255
-2.62880187922003,18.2578235098478,-2.67420519582005,18.3204997122938,-2.56560983147356,18.3542445435513,-2.58852395327581,18.2943398338091,-2.33936029437111,19.0870072263093,-2.5794784387994,18.2273197792382
-2.63357544101424,18.2515074661482,-2.67945144255742,18.3145576517636,-2.57075416442506,18.348214035558,-2.59341169023594,18.2880995441058,-2.34620131413707,19.0830032736703,-2.58421781216004,18.2209660772998
-2.63832631654649,18.2451756187013,-2.68468461788541,18.3086013124475,-2.5758853928991,18.3421696500301,-2.59828614320056,18.2818462401504,-2.35303495007432,19.0789826366637,-2.58894271340797,18.2145990206596
-2.64307695652086,18.2388436071596,-2.68990595224663,18.3026320554447,-2.58100479775861,18.3361127485481,-2.60314869231688,18.2755812598816,-2.35986202367983,19.0749471159212,-2.59365454954721,18.2082199171274
-2.64746753382444,18.2322291861831,-2.69511679656216,18.2966513326543,-2.58611380937159,18.3300448045871,-2.60800085445543,18.2693060334986,-2.36668343733368,19.070898627396,-2.59835488823784,18.2018301784966
-2.65185532284385,18.2256125782602,-2.70031924164205,18.2906591755161,-2.5912145450626,18.3239658344944,-2.61284474389751,18.2630204852289,-2.37350123315928,19.0668379572471,-2.60304585631612,18.1954296941035
-2.65681140930853,18.2195470264571,-2.7055155743901,18.2846557576783,-2.5963093876005,18.3178760496642,-2.61768272245195,18.2567247038421,-2.38031762957473,19.0627661468793,-2.60772985271875,18.1890185259211
-2.66192263336257,18.2136319055925,-2.71070542788868,18.2786445049259,-2.60139808185365,18.3117789249493,-2.62251474906934,18.2504222235558,-2.38713129928784,19.0586864846346,-2.61240694362024,18.1826002271052
-2.6666547212317,18.2072675789693,-2.7158876636067,18.2726292006895,-2.60647956697396,18.3056782724379,-2.62733998428288,18.2441169434488,-2.3939399860864,19.0546022177269,-2.61707637943649,18.1761787147248
-2.67138604421612,18.2009023461002,-2.72106413994727,18.266610016783,-2.61155574748445,18.2995742677172,-2.63216032308624,18.2378089472515,-2.40074537574001,19.0505140452908,-2.62174006923333,18.1697540373256
-2.67612048593593,18.19454507854,-2.7262370095108,18.2605863507271,-2.61662874092725,18.2934662508702,-2.63697784207766,18.2314974780848,-2.40754970060135,19.0464220658853,-2.62640010304994,18.1633254125036
-2.68085494640213,18.1881878588584,-2.73140697841363,18.2545589341209,-2.62169924270326,18.2873549219525,-2.64179323146624,18.2251831804646,-2.41435342249548,19.0423272279413,-2.63105722935493,18.1568934995704
-2.68559458574513,18.1818392056899,-2.73657491274306,18.248528639015,-2.62676818564376,18.2812411815456,-2.64660743730513,18.2188668978206,-2.42115712903416,19.0382306950617,-2.63571245655211,18.1504591492504
-2.69033425278112,18.1754905846794,-2.7417415263485,18.2424961766529,-2.63183632550767,18.2751257537913,-2.65142124862046,18.2125493255877,-2.42796130696758,19.034133420242,-2.64036659961973,18.1440230440148
-2.69508476452465,18.1691533230904,-2.74690759366529,18.2364623084085,-2.636904479558,18.2690094123984,-2.65623554218639,18.206231225005,-2.43476648564785,19.0300364261437,-2.64502056122403,18.1375859282866
-2.69983527626819,18.1628160615014,-2.75207395783682,18.2304278151069,-2.6419734858064,18.2628929098182,-2.6610512876541,18.1999133912188,-2.44157325660054,19.0259407824387,-2.64967533018627,18.131148572147
-2.70409733122661,18.1561055143336,-2.75724130662393,18.2243933441923,-2.64704403189423,18.2567768739224,-2.66586925368362,18.193596466647,-2.44838209547293,19.0218473674931,-2.65433167945542,18.1247115896093
-2.70834688375671,18.1493854126334,-2.76241173197134,18.2183582711303,-2.65211826565401,18.2506607021714,-2.6706915664986,18.1872797662226,-2.45519523805501,19.0177563415468,-2.65899173093925,18.1182742512381
-2.71361632890566,18.1431570348369,-2.76758719869852,18.2123218016562,-2.65719817495792,18.2445435998329,-2.67552017080728,18.1809624091814,-2.4620148793615,19.0136677095009,-2.6636574192171,18.1118356355134
-2.71932446028053,18.1371401621533,-2.77278120834783,18.2062699936431,-2.66229715855233,18.2384115135021,-2.68036779695461,18.1746297448764,-2.46885850939209,19.0095729757527,-2.6683411500606,18.1053808092687
-2.72435482242176,18.1305776675089,-2.77801294294158,18.2001828897731,-2.66743423768823,18.2322443181643,-2.68525259615535,18.1682608660778,-2.47575131292894,19.0054604169646,-2.67306060586084,18.0988884585902
-2.72938244758168,18.124012969523,-2.78327646219987,18.1940694855073,-2.67260367256051,18.2260511533997,-2.69016932383142,18.1618652319686,-2.48268550461713,19.0013378774159,-2.67781078152519,18.0923681688837
-2.73446796586808,18.1174575611242,-2.78856043678477,18.1879452122585,-2.67779446302447,18.2198477023764,-2.69510784612359,18.1554591327023,-2.48964573888377,18.997216924954,-2.68258190504091,18.0858364393548
-2.73955584354536,18.1109025313154,-2.79386476709616,18.1818120565532,-2.68300655590684,18.2136359709959,-2.70006840819808,18.1490447470838,-2.49663127346156,18.9930994226018,-2.68737411890788,18.0792953228438
-2.74473606194502,18.1043850402992,-2.7991894728251,18.1756720924061,-2.68824008538981,18.2074181080207,-2.70505120324058,18.1426242015935,-2.50364136322352,18.9889872100153,-2.6921875995356,18.0727468837112
-2.7499230677016,18.0978703085117,-2.80453452611427,18.1695276011045,-2.69349511623349,18.2011964507775,-2.71005627604201,18.1361997471986,-2.51067513580241,18.9848822847628,-2.69702249920438,18.0661934027115
-2.75511007345817,18.0913555767242,-2.80989967416667,18.1633807585953,-2.69877146700276,18.1949732193808,-2.7150833651571,18.1297734837831,-2.51773153312151,18.9807864645358,-2.70187870437397,18.0596370502341
-2.76029707921475,18.0848408449368,-2.81528595330756,18.1572326653818,-2.70407031309827,18.1887496124522,-2.72013349246065,18.1233464107818,-2.52481108797323,18.9767010078602,-2.70675739710173,18.0530788942117
-2.7655683574925,18.0783780055974,-2.82069479938725,18.1510846213888,-2.70939319457293,18.1825269929347,-2.72520820104199,18.1169197947463,-2.53191469367928,18.9726275760361,-2.71166028664373,18.0465202560153
-2.77083998036316,18.0719153784479,-2.82612631784511,18.1449389836255,-2.71474012450381,18.17630762025,-2.73030775424592,18.1104960253391,-2.53904164681236,18.968568414138,-2.71658775075794,18.0399635530573
-2.77540574339283,18.0650719703241,-2.83158101518408,18.138798489076,-2.72011163129305,18.1700942225334,-2.73543296648149,18.1040779574124,-2.54619150320354,18.9645262674364,-2.72154070846831,18.0334116368268
-2.77996430840419,18.0582246791796,-2.83705809083836,18.1326668117956,-2.72550711530037,18.1638906287104,-2.74058334134147,18.0976694113374,-2.55336224497547,18.9605042919971,-2.72651872704712,18.0268683077794
-2.78588712893634,18.0522783795007,-2.8425569558145,18.1265478711075,-2.73092618420447,18.1577009079265,-2.74575859491102,18.0912744366181,-2.56055194982934,18.956505905412,-2.73152163293286,18.0203376199237
-2.79220184012231,18.0465908950725,-2.84808155615776,18.1204406711291,-2.73637285109758,18.1515241029041,-2.75096266854582,18.0848919043516,-2.56776460719764,18.9525314023969,-2.73655337542698,18.0138183662853
-2.79773842385212,18.0402999334785,-2.85363629716084,18.1143432626011,-2.74185155766306,18.1453582848126,-2.75619982227025,18.0785196395081,-2.5750050269598,18.9485804708566,-2.74161822133617,18.0073083068167
-2.80325297552738,18.0339918849127,-2.85922124903214,18.1082590290582,-2.74736249943528,18.1392069348801,-2.76147034659552,18.0721610894732,-2.58227222179727,18.9446565105607,-2.74671664294904,18.0008109471786
-2.8088510029443,18.0277624965111,-2.86483544433475,18.1021919252909,-2.75290474528604,18.133074036059,-2.76677353291589,18.0658203362159,-2.58956397934516,18.9407630276878,-2.75184803864161,17.9943303827537
-2.81445023279989,18.0215343403576,-2.8704797591803,18.0961437901095,-2.75847921855898,18.1269614689242,-2.77211038797164,18.0594992439557,-2.59688047498978,18.9369020536228,-2.75701344238679,17.9878684299995
-2.819313467209,18.0148223906115,-2.87615537221916,18.0901166631002,-2.76408718104257,18.1208713457616,-2.77748224836523,18.0531998821415,-2.60422210203935,18.9330759125357,-2.76221426461988,17.9814271342096
-2.82417670161811,18.0081104408653,-2.88186321084862,18.0841123459719,-2.76972956469703,18.1148054779183,-2.78289012638723,18.0469240474325,-2.6115890876654,18.9292866159279,-2.76745156657363,17.975008262483
-2.82992844524583,18.0032415580704,-2.88760456580498,18.0781330126044,-2.77540776063931,18.108766133989,-2.78833546055534,18.0406739338293,-2.6189818910306,18.9255366769072,-2.77272689389428,17.9686140067863
-2.83591748896065,17.9988649154671,-2.8933438531354,18.0722193048697,-2.7810865288266,18.1027942875319,-2.79378471973273,18.0344919493057,-2.62635309811148,18.9218520243587,-2.7780077285518,17.9622875430385
-2.84132416734091,17.9934240689487,-2.89903426071473,18.0664210201988,-2.78671949261534,18.0969401810673,-2.79919297482657,18.0284296378337,-2.6336407688401,18.9182616624139,-2.7832503066495,17.9560813994345
-2.84672511671171,17.9879730200879,-2.90469606011104,18.0607181843308,-2.79232697074169,18.0911839237413,-2.80457847744435,18.0224651872391,-2.64086906710641,18.9147502505163,-2.78847230642825,17.9499732878072
-2.8521524354728,17.9826627301019,-2.91036014402236,18.0550805478066,-2.79793947572913,18.0854949361424,-2.8099697267715,18.0165661006296,-2.64807648340956,18.9112980132175,-2.79370181338549,17.94393035399
-2.8575797542339,17.9773524401159,-2.91603004003935,18.0495065314425,-2.80356020002425,18.0798713396358,-2.81536982140834,18.010730318147,-2.65526708459469,18.9079049859752,-2.79894244408969,17.9379509586115
-2.86306354419342,17.9721892163005,-2.92170915257051,18.0439951027991,-2.80919239022816,18.0743119693172,-2.82078226261687,18.0049567884643,-2.66244486928404,18.9045721835829,-2.80419798392089,17.932034247877
-2.86854832116887,17.9670285629398,-2.92739993869792,18.0385456944514,-2.8148385354688,18.0688163217658,-2.82620982784683,17.9992451657735,-2.6696127555142,18.9013007152461,-2.80947121562238,17.9261798371031
-2.87409891274276,17.9620035000538,-2.93310508041321,18.0331579580826,-2.82050123041168,18.0633839897476,-2.83165560722416,17.9935954018718,-2.67677372860932,18.8980918510385,-2.81476506087234,17.9203874673254
-2.87965093225067,17.9569813789811,-2.93882705346402,18.0278319372371,-2.82618254731489,18.0580146218253,-2.83712247370862,17.9880078402855,-2.68393037947232,18.8949470422899,-2.82008213668846,17.9146571812588
-2.88476150349078,17.9511157862591,-2.94456807773449,18.0225674552075,-2.83188457042883,18.0527079219918,-2.84261291214818,17.9824825152764,-2.69108506353693,18.8918673301848,-2.82542465297286,17.9089887025858
-2.88987119158182,17.9452485061113,-2.95034043715183,18.0173555305129,-2.83761948099267,18.0474548188051,-2.84813899783119,17.9770101602724,-2.69825259231838,18.8888489161256,-2.83080429192698,17.9033723178956
-2.89590596548721,17.9412659572683,-2.95615645924818,18.0121873128916,-2.84339953203728,18.0422464028917,-2.85371291480147,17.9715817133477,-2.70544790409428,18.8858884981056,-2.83623293884456,17.8977985957057
-2.90217932302163,17.9377694887733,-2.96200033699501,18.0070793407952,-2.84920921392362,18.0370995706196,-2.85931989350238,17.9662147704651,-2.71265085848694,18.8829971776331,-2.84169618080305,17.8922854048546
-2.90745235120036,17.932174449114,-2.96785159681204,18.0020516850968,-2.85502831305437,18.0320347262414,-2.86494030734806,17.9609303110347,-2.71983533900351,18.8801868746288,-2.84717477107508,17.8868540503366
-2.91272035464179,17.9265688681578,-2.97372714850443,17.9970910852776,-2.86087385601019,18.0270387993196,-2.87059000773672,17.9557139383702,-2.7270214370879,18.8774501516655,-2.85268413315715,17.8814896689459
-2.91903899997788,17.9226647100037,-2.97964888094054,17.992181089337,-2.86676767203241,18.0220953280819,-2.87628984576035,17.9505480094425,-2.73423532506687,18.8747790478847,-2.8582449133814,17.8761743421941
-2.92563123229408,17.9192036020731,-2.98561296420707,17.9873277078699,-2.87270576115305,18.0172101772685,-2.88203636042162,17.9454388832822,-2.74147162077529,18.8721787353467,-2.8638540505364,17.870914762244
-2.9319247328145,17.9148396897552,-2.99161378101199,17.9825376630063,-2.87868250648773,18.0123901308656,-2.88782443491875,17.9403938336553,-2.74872288420614,18.8696541540392,-2.86950657646158,17.8657182939446
-2.93818973199018,17.910389642853,-2.99765766010526,17.9778082446237,-2.88470437448162,18.0076327178505,-2.8936603833032,17.9354101022033,-2.75599599846716,18.8672051375676,-2.87520863020475,17.8605819084604
-2.94445473116586,17.9059395959507,-3.00375284135601,17.9731352207986,-2.89077970560644,18.0029339161018,-2.89955228885362,17.9304832538055,-2.76330018811982,18.8648308587998,-2.88096816448421,17.8555009488037
-2.95071973034154,17.9014895490484,-3.00990062231898,17.9685201446636,-2.89690971006664,17.9982952542454,-2.90550159282988,17.9256149973725,-2.77063621476096,18.8625337189215,-2.88678667858887,17.8504771024571
-2.95716208217802,17.8972274545138,-3.01610172338659,17.9639653306102,-2.90309496786621,17.9937189488072,-2.91150925043697,17.9208079155563,-2.77800399638623,18.8603165632134,-2.89266512201614,17.8455128413456
-2.96360660764296,17.8929676635172,-3.02235599789502,17.9594733273458,-2.90933531189426,17.989207613155,-2.91757525677921,17.9160647509997,-2.7854025014732,18.8581820456021,-2.89860347373174,17.8406107987247
-2.96950682238926,17.8880020932438,-3.02866344282995,17.9550470111354,-2.91563087760088,17.9847644173192,-2.9236996039598,17.9113883732976,-2.79283068358311,18.856133083098,-2.90460182707226,17.8357738684995
-2.97538917407644,17.8830133608746,-3.03502374565482,17.9506895127854,-2.9219814892489,17.9803928071365,-2.92988192185294,17.9067818356214,-2.80028708627717,18.854172648769,-2.91065994049648,17.8310051678763
-2.98254682650641,17.8797878171879,-3.04143628931289,17.9464036976677,-2.92838645349988,17.976095673169,-2.93612156522739,17.9022479875924,-2.80777002795289,18.8523032875765,-2.91677721749242,17.8263075248987
-2.99004315273538,17.877030512709,-3.04790214914117,17.9421913164747,-2.934846825928,17.9718748809775,-2.9424195421708,17.897788504993,-2.81527978698155,18.8505270505524,-2.92295470735626,17.8216825797513
-2.99687279753855,17.8732805373377,-3.05442245451343,17.9380537745399,-2.94136372684053,17.9677319788659,-2.94877688000602,17.8934046834799,-2.82281681160529,18.8488457132184,-2.92919352412456,17.8171316676734
-3.00369499238361,17.8695196549454,-3.06099636365116,17.933993450968,-2.94793628222407,17.9636694643011,-2.95519269286049,17.8890988903734,-2.83037936150805,18.847261305497,-2.93549289962115,17.8126572540568
-3.01061587839277,17.8659328067551,-3.06762260516123,17.9300126624348,-2.95456311704939,17.9596896635406,-2.96166570493141,17.8848735065299,-2.83796530118671,18.8457756160654,-2.94185162289019,17.8082617572381
-3.01753676440194,17.8623459585647,-3.07430049567874,17.9261130833301,-2.96124347848224,17.9557943188724,-2.96819521329338,17.8807302638978,-2.84557325821348,18.8443900010985,-2.94826901584486,17.8039468984196
-3.02455445086047,17.8589431413633,-3.08102923875573,17.9222962371459,-2.96797649891083,17.951985023124,-2.97478038847562,17.8766707360915,-2.85320180236104,18.8431056287308,-2.95474427974836,17.7997142567421
-3.03157229161057,17.8555406174915,-3.08780796259848,17.9185635040895,-2.97476118936415,17.9482631461165,-2.98142032130804,17.8726963575253,-2.86084948030494,18.8419235056099,-2.96127653765377,17.7955652810054
-3.03869966495093,17.852353433886,-3.09463570468472,17.9149161553418,-2.98159649828684,17.9446299977827,-2.98811400499954,17.8688084514666,-2.8685147900391,18.8408445053491,-2.96786482072635,17.791501324677
-3.04583195773786,17.8491761101616,-3.10151144913328,17.9113553536001,-2.98848132911691,17.9410867965173,-2.9948603749287,17.8650082325854,-2.87619621591892,18.8398693811423,-2.97450810336626,17.7875236411134
-3.05303707924153,17.8461698928024,-3.10843410799977,17.9078821811715,-2.99541450115525,17.9376346583412,-3.00165829218518,17.8612968375008,-2.88389220153097,18.8389987848183,-2.9812052834759,17.7836334083338
-3.06024220268917,17.8431636783308,-3.11540257730619,17.9044976262933,-3.00239482358624,17.9342746174251,-3.00850659817574,17.8576753072637,-2.8916012071544,18.8382332729005,-2.98795523651524,17.7798317100074
-3.06757175529985,17.8403422993748,-3.12241571433741,17.9012026087042,-3.00942106185827,17.9310076298715,-3.01540409620166,17.8541446199491,-2.89932167978247,18.837573322652,-2.99475679516958,17.7761195634852
-3.07490130791052,17.8375209204188,-3.12947522347294,17.8979966795214,-3.01649484391283,17.9278333175673,-3.02235239435318,17.8507042996214,-2.90705521403694,18.8370191574287,-3.00161157526212,17.7724964928203
-3.08177689817461,17.8339022839792,-3.13658284176734,17.8948794882573,-3.02361782528254,17.9247513935574,-3.02935315514408,17.8473540059709,-2.91480340386847,18.8365711914362,-3.00852127798215,17.7689622138957
-3.08865169234899,17.8302822494314,-3.14373539582624,17.891852882165,-3.03078672361115,17.9217637070348,-3.03640322843178,17.8440958100527,-2.92256246905567,18.8362301908141,-3.01548282160404,17.7655189183226
-3.09649773462945,17.8286529772683,-3.15092963334601,17.8889185641463,-3.0379981952106,17.9188720028494,-3.04349937289323,17.8409316340924,-2.93032859682086,18.8359966629567,-3.02249296873482,17.7621685283557
-3.10459820503036,17.8275448645282,-3.15816691613948,17.8860762531438,-3.04525353596399,17.916076108606,-3.05064286215783,17.8378612016808,-2.93810298833213,18.8358708428571,-3.02955295404056,17.7589106760646
-3.11218320163559,17.8253186084326,-3.16544929519952,17.8833255212532,-3.05255471710806,17.9133756781571,-3.05783564388468,17.8348840450275,-2.94588754082731,18.8358531466013,-3.03666474063293,17.7557449119906
-3.11976819824081,17.823092352337,-3.1727739458806,17.8806678654509,-3.05989879727228,17.9107721942404,-3.06507486881771,17.8320018125019,-2.9536789058901,18.8359440994546,-3.04382554858017,17.7526730279586
-3.12696933090036,17.8200841570302,-3.18013733005585,17.8781048988426,-3.06728213412569,17.9082672868056,-3.07235698113757,17.8292163027624,-2.96147302315818,18.8361440003282,-3.05103184421867,17.7496968680975
-3.13416757631648,17.8170700803457,-3.18753747668009,17.8756375433763,-3.0747026753639,17.9058619633784,-3.07967994623319,17.8265285164491,-2.96926754327915,18.8364529811385,-3.05828158216404,17.746817404123
-3.14208613768844,17.8160409196266,-3.1949723810381,17.8732666597606,-3.08215832390874,17.9035571430583,-3.08704167109505,17.8239393275819,-2.97706010963697,18.8368710738207,-3.06557267634939,17.744035527506
-3.15021053976478,17.8155789773582,-3.20244131925913,17.8709926480134,-3.08964825056369,17.9013532450845,-3.09444132316844,17.8214490832628,-2.98484972843081,18.837398337154,-3.07290431188255,17.7413516333231
-3.15759899330207,17.8130205905723,-3.2099437193355,17.8688158695401,-3.09717177433978,17.8992506368426,-3.10187823171373,17.819058107998,-2.9926355608434,18.8380348786459,-3.08027585044471,17.7387661371126
-3.16497815384368,17.8104357314873,-3.21747782457145,17.8667370278724,-3.10472703153013,17.8972500336403,-3.10935056484925,17.8167671339917,-3.00041553808765,18.8387807194228,-3.08768550015051,17.7362798918265
-3.17300742278971,17.8098366997402,-3.22504170175132,17.8647568218776,-3.11231198559572,17.8953521596727,-3.11685631986396,17.8145769067356,-3.00818742903947,18.8396358011775,-3.09513128388467,17.7338937320752
-3.18119520059208,17.8097218506587,-3.23263369617539,17.8628758223807,-3.11992487469955,17.893557596234,-3.12439376913477,17.8124880321745,-3.01594931042418,18.8406000292689,-3.10261148695854,17.7316083217366
-3.18906246107025,17.8085811190033,-3.24025205814819,17.8610945806117,-3.12756383736428,17.8918668831315,-3.13196108981012,17.8105010950379,-3.02369917933954,18.8416732455485,-3.1101242954006,17.7294242954773
-3.19692457052485,17.8074239004222,-3.24789536486438,17.8594135300856,-3.13522734406065,17.8902804615155,-3.13955678217896,17.8086165457902,-3.03143538167385,18.8428552954086,-3.11766821643923,17.72734215144
-3.20452428804967,17.8055193688363,-3.25556227520155,17.8578330608741,-3.14291394734397,17.8887987304293,-3.14717942634474,17.8068347789792,-3.03915635521144,18.8441460179499,-3.12524184096876,17.7253623513156
-3.21212098314814,17.8036062291406,-3.26325195373089,17.8563534444241,-3.15062270565806,17.887421971199,-3.15482810716195,17.8051560584903,-3.04686105058066,18.8455453356376,-3.13284426482639,17.7234852332553
-3.22015210878536,17.8031853598065,-3.27096356962008,17.8549749583241,-3.15835268160936,17.8861504699829,-3.16250191950818,17.8035806704032,-3.05454841690912,18.8470531958706,-3.14047459517727,17.7217111694778
-3.22829942645418,17.8031636104917,-3.27869817447221,17.8536975767642,-3.16610482383587,17.8849842338283,-3.17020183879198,17.8021085770327,-3.0622192582895,18.8486699854008,-3.14813381363815,17.720040185206
-3.236446744123,17.8031418611769,-3.28645746239731,17.8525212863487,-3.17388072247063,17.8839232867664,-3.17792949262167,17.8007397912443,-3.06987495462479,18.8503964041994,-3.15582356022965,17.7184723824107
-3.24459406179182,17.803120111862,-3.29424076299122,17.8514465442062,-3.18167959311744,17.8829680614305,-3.18568416485091,17.7994749207271,-3.07751449757483,18.8522327653628,-3.16354313531753,17.7170084837563
-3.25237866761076,17.801913121762,-3.30204676129608,17.8504739037882,-3.18950000888603,17.8821190996382,-3.19346449655279,17.7983147149148,-3.08513624210161,18.854179210658,-3.17129117939829,17.7156492737501
-3.260159733468,17.800694564058,-3.30987116912959,17.8496042308154,-3.19733756685338,17.881377227592,-3.20126615316948,17.7972602752248,-3.09273567619998,18.8562350050079,-3.17906334823815,17.7143958462295
-3.26816900244284,17.80126322681,-3.31770964131221,17.8488382193251,-3.20518780988735,17.8807431108294,-3.20908472210812,17.796312435833,-3.10030832704855,18.8583991165777,-3.18685520573405,17.7132489475746
-3.27625636557676,17.8024435003062,-3.32556198991007,17.8481760338389,-3.21305044717159,17.8802169900667,-3.21691991993224,17.795471279975,-3.10785379736622,18.8606715042659,-3.19466644618271,17.7122085674644
-3.28427635275609,17.8027196176927,-3.33342847054749,17.8476178520191,-3.22092562503232,17.8797990687526,-3.22477190651621,17.7947368473722,-3.11537208553226,18.8630523502532,-3.20249723239453,17.7112748266719
-3.29229567535792,17.8029868167371,-3.34130659575759,17.8471640779456,-3.22881073974577,17.8794896601367,-3.23263811340106,17.7941095061727,-3.12286054881912,18.865541061835,-3.21034500910233,17.7104482866061
-3.30031499795974,17.8032540157816,-3.34919343688975,17.8468150573279,-3.23670275039885,17.8792890453636,-3.24051553626345,17.7935896143738,-3.13031616620651,18.8681367983024,-3.21820677229687,17.7097294278518
-3.30833432056157,17.803521214826,-3.35708758683859,17.846570987873,-3.24460014101643,17.8791974225122,-3.24840269066128,17.7931773416262,-3.13773739341061,18.8708391232456,-3.22608102821771,17.7091184720378
-3.31632433687337,17.8041150910544,-3.36498764926825,17.8464320476685,-3.25250140571315,17.8792149429374,-3.25629810475687,17.7928728304899,-3.14512270307679,18.8736475911389,-3.23396629559945,17.7086156310179
-3.32431429961586,17.8047095644197,-3.37289185729412,17.8463983977438,-3.26040466894704,17.8793416989609,-3.26419993884714,17.7926762221396,-3.15247023023987,18.8765616057959,-3.24186072445635,17.708221131516
-3.33227856311182,17.8055273822068,-3.38079843963851,17.8464701608868,-3.26830805245731,17.8795777570193,-3.27210635051101,17.7925876280159,-3.1597781217056,18.8795805322015,-3.24976245939221,17.707935160677
-3.3402426139912,17.8063470477807,-3.3887057886007,17.8466474252656,-3.27620984208039,17.8799231712956,-3.2800156621286,17.7926071217489,-3.16704469057384,18.8827037624449,-3.25766980755575,17.7077578606761
-3.34815749304618,17.8065669941899,-3.3966122933051,17.8469302494844,-3.28410832095675,17.8803779653359,-3.28792619428904,17.7927347427431,-3.17426825882368,18.8859306600136,-3.26558107240628,17.7076893432028
-3.35607205345297,17.8067830542387,-3.40451702618931,17.8473186961793,-3.29200245609814,17.8809421666965,-3.29583695280246,17.792970523463,-3.18144777749932,18.8892608558625,-3.27349524092223,17.7077297103522
-3.36390937960122,17.8086439654605,-3.41241906141429,17.8478128351907,-3.29989121725917,17.8816157996852,-3.30374694617881,17.7933145275989,-3.18858218959602,18.892694002829,-3.28141130158039,17.7078791015022
-3.3717254619728,17.810942191791,-3.42031566754575,17.8484126065912,-3.30777177379519,17.8823987063276,-3.31165337515915,17.7937667387298,-3.19566881824813,18.8962289439141,-3.28932643281138,17.7081375811426
-3.37950901667878,17.8123908123371,-3.4282037041473,17.849117824316,-3.31564088812357,17.8832906105566,-3.31955303077523,17.7943270017165,-3.20270467704833,18.8998642079225,-3.29723740247366,17.7085050215722
-3.38729257138475,17.8138394328833,-3.43607594344904,17.8499277697433,-3.32349125015341,17.8842906001663,-3.32743861610853,17.7949946147558,-3.20968325114299,18.9035961868646,-3.30513688540985,17.708980765789
-3.39513850247558,17.8147761449002,-3.4439256024492,17.8508414424495,-3.33131599829693,17.885397515124,-3.33530329574967,17.7957684095447,-3.21659862656521,18.9074210433329,-3.31301801497803,17.7095636388134
-3.40298512987482,17.8157071424754,-3.45175831709594,17.8518591442069,-3.33912064129479,17.8866118805056,-3.34315269752519,17.796648197798,-3.22345587035293,18.9113409085397,-3.32088639189034,17.7102534071586
-3.41042860330532,17.8180764161352,-3.45957976371166,17.8529815428858,-3.34691073662391,17.8879344615882,-3.35099248755043,17.7976343510909,-3.23025981466523,18.915358513268,-3.3287476321838,17.7110507195223
-3.41776408545558,17.8208309551967,-3.4673781826645,17.854206931724,-3.35467451685884,17.8893629686525,-3.35881083321799,17.7987253996651,-3.23700006937906,18.9194677567946,-3.33658982526667,17.7119545577933
-3.42549395387503,17.8222611651641,-3.47513903969072,17.8555325445913,-3.36239744210111,17.8908941698012,-3.36659313234387,17.7999187024644,-3.2436642788209,18.9236601861346,-3.34439831971728,17.7129623105755
-3.43323492139248,17.8236541049232,-3.48287105516263,17.8569591638703,-3.37008805594321,17.8925293347949,-3.37434814723035,17.8012144840569,-3.25026026879678,18.9279394643521,-3.35218187719579,17.7140738585068
-3.44055016091752,17.8263798070036,-3.49058600420172,17.8584887074226,-3.37775796430383,17.8942707273106,-3.3820876913268,17.8026142695166,-3.25679802793974,18.9323118375685,-3.35995226229437,17.7152908455954
-3.44775096376027,17.82946375872,-3.49827472083491,17.8601193551877,-3.3853980376758,17.8961158978908,-3.38980251183128,17.8041165744733,-3.26326954255248,18.936772204618,-3.36770011070095,17.7166122920257
-3.45518281001518,17.8319389863022,-3.50592559266496,17.8618482825083,-3.39299669619595,17.8980615129951,-3.3974808895057,17.8057189307785,-3.26966509171171,18.941313347689,-3.37541365679563,17.7180357512225
-3.46261975215036,17.8344007878996,-3.51354142935247,17.863675531113,-3.40055659170898,17.9001079210058,-3.40512563048643,17.8074212060946,-3.27598725567811,18.9459361226885,-3.38309572328642,17.7195607628111
-3.47016895904184,17.8364723551302,-3.52112731336385,17.8656019269774,-3.40808265585886,17.9022561751045,-3.41274183978846,17.8092239798264,-3.28224031167155,18.9506431310806,-3.39075138461478,17.7211878727908
-3.47772004619582,17.8385373865335,-3.52868588731994,17.8676279792985,-3.41557746171051,17.9045066891576,-3.42033212646872,17.8111277855856,-3.28842628310062,18.9554359054062,-3.39838318525907,17.7229177708176
-3.4848934357279,17.8415711161631,-3.53621967460583,17.8697543671961,-3.42304346181872,17.9068600524412,-3.42789891223627,17.8131335845556,-3.29454693629693,18.9603161800717,-3.4059935058331,17.7247514821146
-3.49196595637264,17.8448635488042,-3.54372342059714,17.871979663454,-3.43047537997081,17.9093145870036,-3.43543677485142,17.8152404244956,-3.3005977045811,18.9652806891621,-3.41357689498746,17.7266880657743
-3.49903847701738,17.8481559814453,-3.55119081604816,17.8743018683892,-3.43786687422742,17.9118681028617,-3.44293927291914,17.817446587075,-3.30657339846214,18.9703250635756,-3.42112692164475,17.7287256447438
-3.50611099766212,17.8514484140864,-3.55861958529468,17.8767199847744,-3.44521557557463,17.9145196095805,-3.45040409103646,17.8197510153871,-3.31247225557135,18.9754473076322,-3.4286412957167,17.7308629518526
-3.5130823841196,17.8546153816972,-3.56600853142786,17.879233301815,-3.45252021715534,17.9172683363554,-3.45783003792474,17.8221528064518,-3.31829342218784,18.9806460869821,-3.43611881957638,17.7330990029329
-3.52005338743282,17.857781873987,-3.57334900659872,17.8818384455598,-3.45977220064086,17.9201105336024,-3.46520847596412,17.8246484029264,-3.32403029230482,18.9859146419003,-3.44355077710372,17.7354303881384
-3.52688726560131,17.8611101003644,-3.58063249058791,17.8845316266269,-3.46696305192055,17.9230420897001,-3.4725309916316,17.8272335775008,-3.32967669072198,18.9912457344896,-3.4509286491877,17.7378530657467
-3.53371824039383,17.8644417511674,-3.58785942264946,17.8873120384642,-3.47409312045114,17.926062248596,-3.47979824409672,17.8299068299423,-3.33523356911655,18.9966383534744,-3.45825299266678,17.7403656798451
-3.54078566310317,17.8675373286335,-3.59503029911505,17.8901789636802,-3.48116284091536,17.9291702675852,-3.48701090549009,17.8326669468064,-3.34070181140054,19.0020917061865,-3.46552434081948,17.7429672611953
-3.54785434494098,17.8706316489657,-3.60215475901586,17.8931355488578,-3.4881816877512,17.9323695040387,-3.49417869860568,17.8355168707778,-3.34608897701981,19.0076123738437,-3.47275234396579,17.7456608267333
-3.55415077293032,17.8745460009358,-3.60924226072065,17.8961854933198,-3.49515894977461,17.9356638410423,-3.5013109483827,17.8384606531669,-3.35140192823533,19.0132076746415,-3.47994627991708,17.7484504731563
-3.56024696341836,17.8786729786978,-3.616276609464,17.8993216937872,-3.50207871601702,17.9390453570877,-3.50839107100546,17.8414921015438,-3.35662825402929,19.0188648235975,-3.48708947143941,17.7513301659333
-3.56672730384465,17.88247708304,-3.62323804294097,17.9025344439142,-3.50892153493931,17.9425035572886,-3.51539912914972,17.8446018347284,-3.36175378141043,19.0245667783937,-3.494161996053,17.7542903542758
-3.57321039426891,17.8862788760419,-3.63013393761447,17.9058257856096,-3.51569451705105,17.9460409301581,-3.52234279252764,17.8477911657552,-3.36678484326579,19.0303178400445,-3.50117164886853,17.7573319099485
-3.5795778108153,17.8902378430629,-3.63697541346974,17.9092001023551,-3.52240850017363,17.9496622884678,-3.52923342439432,17.8510639318414,-3.37172998422222,19.0361262293478,-3.50812977203675,17.7604586218561
-3.5859432051815,17.8941995577586,-3.64376240333961,17.9126568261702,-3.52906346437439,17.9533668292645,-3.53607090822864,17.8544196710808,-3.37658916042045,19.0419914299157,-3.51503609628525,17.7636702968711
-3.59219349409064,17.8983169858754,-3.65049476595432,17.9161953877877,-3.53565930099637,17.9571537889886,-3.54285493849216,17.8578581384836,-3.38136220671881,19.0479129291963,-3.52189024562758,17.7669667740042
-3.598444028629,17.9024355950107,-3.65717222621423,17.9198151786384,-3.54219568829358,17.9610225100211,-3.54958504691815,17.8613790761287,-3.38604886787257,19.0538900998109,-3.5286917621982,17.7703477108072
-3.60489471221843,17.9064254509773,-3.66379455705801,17.9235156417373,-3.54867233893212,17.9649724074194,-3.55626082393722,17.8649822267143,-3.39064894309209,19.0599223465669,-3.53544029853303,17.773812671166
-3.61134539580787,17.9104153069438,-3.67036577465461,17.927298691153,-3.55509313052414,17.9690054954317,-3.56288612094429,17.8686697466331,-3.39516510716891,19.0660130464951,-3.54213982383649,17.7773635477186
-3.61706310282777,17.9149696186215,-3.67688970230476,17.9311664463469,-3.56146177186297,17.9731239380648,-3.56946452755669,17.8724440980563,-3.39959967704749,19.0721657493333,-3.54879404105231,17.7810025799346
-3.62257750688114,17.9196804912661,-3.68335828983758,17.9351140984184,-3.56777039797751,17.9773224875874,-3.57598769353183,17.876300895589,-3.40394692310999,19.0783728447265,-3.55539461349961,17.7847253510684
-3.62849614190057,17.9242653234196,-3.68976180205203,17.939135270206,-3.57400948335397,17.9815943261719,-3.58244582691121,17.8802337449988,-3.40820048391717,19.0846244054665,-3.56193172345634,17.7885254806241
-3.63442195040476,17.9288479188579,-3.69610308793932,17.9432310625007,-3.58018171426477,17.9859407024567,-3.5888420433907,17.8842432132894,-3.41236266062981,19.0909223183143,-3.56840847782123,17.792403505137
-3.64014658798492,17.9336301717042,-3.70238687550654,17.9474040649709,-3.58629163518364,17.9903643663421,-3.59518126114863,17.8883315202768,-3.41643673540718,19.0972706921623,-3.5748297305026,17.7963617180934
-3.64585918392149,17.9384243755985,-3.70861150638507,17.9516528965206,-3.59233764143248,17.9948637449159,-3.60146179309787,17.892497275616,-3.4204216211593,19.103667510485,-3.58119367328724,17.8003988992071
-3.65157177985806,17.9432185794927,-3.71477521707554,17.9559760260798,-3.59831802944525,17.9994371176186,-3.6076817853247,17.8967390294231,-3.42431620743046,19.1101105669366,-3.58749839856971,17.8045136553085
-3.65728437579464,17.948012783387,-3.72087713314695,17.9603724753101,-3.6042319181567,18.0040834135505,-3.61384028600547,17.9010558586926,-3.42812000516425,19.1165984994561,-3.59374295453476,17.8087050353172
-3.66278564599786,17.9529876360915,-3.72691644691901,17.9648412923784,-3.61007848953844,18.0088015953937,-3.61993642885847,17.9054468357072,-3.43183259119879,19.123129987936,-3.5999264851054,17.8129720701787
-3.66828213776182,17.957966727799,-3.73289186323903,17.9693811360335,-3.61585647435589,18.0135901935246,-3.62596887329319,17.9099106227488,-3.43545327099363,19.1297031499174,-3.6060476512487,17.8173133955128
-3.67364800940824,17.9630690062478,-3.73880212199319,17.9739906326754,-3.62156465086872,18.018447696868,-3.63193633553393,17.9144458197939,-3.43898141728101,19.1363160767738,-3.6121051629479,17.8217275964424
-3.67901487340618,17.968171115345,-3.74464705299776,17.9786692210961,-3.62720283790407,18.0233734714277,-3.63783864889738,17.9190518055753,-3.44241706936162,19.1429680466203,-3.61809884055965,17.8262140467925
-3.68450143641737,17.9732527969739,-3.75042650791626,17.9834163858521,-3.6327708749921,18.0283669306858,-3.64367567157732,17.923728004738,-3.44576024328251,19.1496584024039,-3.62402850223403,17.830772202648
-3.68998799942856,17.9783344786029,-3.75614327006633,17.9882341126598,-3.63827143064502,18.0334301064266,-3.64945015356095,17.9284763959282,-3.44901253982926,19.1563900016378,-3.62989690989348,17.8354040114326
-3.69493949563567,17.983731370279,-3.76179995819933,17.993124532156,-3.64370701383235,18.0385651584124,-3.65516454319957,17.9332992658767,-3.45217523312218,19.1631658185345,-3.63570656773253,17.8401116859409
-3.69975601506381,17.9892077773287,-3.76739221982712,17.9980838804662,-3.64907344065055,18.0437680411691,-3.66081422163406,17.9381931047954,-3.45524566414578,19.1699805803869,-3.64145286259599,17.8448917090703
-3.70457253449195,17.9946841843784,-3.7729150135139,18.0031074355207,-3.65436587527541,18.0490337311746,-3.66639404704513,17.9431532362326,-3.4582211200178,19.1768277708944,-3.64713064988137,17.8497393979046
-3.70938905392009,18.0001605914282,-3.77836684351793,18.0081933686235,-3.65958286644476,18.0543602843808,-3.67190266366156,17.948177607725,-3.46110107306395,19.1837049095706,-3.65273854550591,17.8546527137487
-3.714421847144,18.0056449026344,-3.7837471020374,18.0133406001062,-3.66472382069937,18.0597465412466,-3.67733968589508,17.9532648430158,-3.46388551973701,19.1906105616323,-3.65827605965566,17.8596303749177
-3.71945496643196,18.0111292257572,-3.78905922581137,18.0185519978395,-3.66979202573869,18.0651954515051,-3.68270870807074,17.9584176021022,-3.46657641326229,19.1975486029524,-3.66374673127281,17.8646750827767
-3.72392512032956,18.0168858571508,-3.79430647434943,18.0238306326116,-3.6747905944672,18.0707101512198,-3.68801292067054,17.9636389937724,-3.46917527306998,19.2045230943301,-3.6691537425423,17.869789946549
-3.7282562476922,18.0227097361515,-3.79948475822978,18.0291723807746,-3.67971564478214,18.0762862409588,-3.69324799407978,17.9689250985558,-3.47167987034887,19.2115285129366,-3.67449270396748,17.8749711035898
-3.73279188533299,18.0285678732677,-3.80458937239629,18.0345721073144,-3.68456271504426,18.0819182958563,-3.69840912915121,17.9742708274368,-3.47408801247331,19.2185580921561,-3.67975877088494,17.8802134953832
-3.73732800472698,18.0344275863912,-3.80962140867871,18.0400305152638,-3.6893328340784,18.0876070189898,-3.70349753409092,17.9796767262204,-3.4764004567479,19.2256127507564,-3.68495316903668,17.8855176290854
-3.74179963370899,18.0405096024987,-3.81458270794563,18.0455493013743,-3.69402773888983,18.0933541364725,-3.70851512832883,17.9851443800695,-3.47861814960096,19.2326946522636,-3.69007781794928,17.8908850739218
-3.74627031577959,18.0465926516105,-3.81947967639254,18.051135626439,-3.69865348659481,18.0991670347056,-3.71346822403255,17.9906810009385,-3.48074369747439,19.2398128945984,-3.69513915215277,17.8963229249476
-3.75060694219108,18.0528219446993,-3.82431826334713,18.0567969249885,-3.70321568466743,18.1050533386164,-3.71836239052974,17.9962943207479,-3.482778878911,19.2469767107256,-3.7001429114254,17.9018387764798
-3.754943491524,18.0590513093294,-3.82909630433983,18.0625317091214,-3.70771228096888,18.1110113623224,-3.72319489905579,18.0019832825271,-3.48472174658563,19.254183838446,-3.70508645340516,17.9074315233428
-3.75913314063167,18.0654170210824,-3.83381169244635,18.0683384324827,-3.71214127354993,18.1170393757519,-3.72796319850192,18.0077466358549,-3.48657058724845,19.261431921599,-3.70996740828291,17.9130997859224
-3.76332278973934,18.0717827328354,-3.83846250654384,18.074215651998,-3.71650081852596,18.1231357803154,-3.73266513606792,18.0135830357834,-3.48832397495942,19.2687187187373,-3.71478379857306,17.9188420995304
-3.76735695880994,18.0782743571922,-3.84304687284447,18.0801618691664,-3.72078913008765,18.1292989205006,-3.7372987979993,18.0194909195075,-3.48998067259683,19.2760419192624,-3.7195338020159,17.9246568549238
-3.77139006552916,18.0847668094402,-3.84756308011209,18.0861756825212,-3.72500458002823,18.1355272478,-3.74186256951516,18.0254687174885,-3.49153963215986,19.2833993457303,-3.72421579040369,17.9305425208918
-3.77526158749072,18.0913741638362,-3.85200945588531,18.0922556378036,-3.72914558633165,18.1418191617018,-3.74635495157749,18.0315147589339,-3.49299991473454,19.2907887765984,-3.72882815878232,17.9364975332086
-3.77913310945228,18.0979815182322,-3.85638442354721,18.0984003065852,-3.73321066654188,18.1481730911445,-3.75077455680546,18.0376274004338,-3.49436069029474,19.2982080478802,-3.73336937017031,17.9425203810074
-3.78283591232563,18.1046965495516,-3.86068645174803,18.104608222446,-3.73719837683788,18.1545874369858,-3.75512001908738,18.0438049908648,-3.4956212095696,19.3056549772564,-3.73783790806096,17.9486095381819
-3.78653864826269,18.1114116235898,-3.8649141212472,18.1108779800822,-3.74110738811256,18.1610606650108,-3.75939005624263,18.0500459709884,-3.49678081526909,19.3131274845218,-3.74223235298303,17.9547635534595
-3.79016838327108,18.1180652321956,-3.86906605118499,18.1172081366544,-3.74493640713657,18.167591209992,-3.76358340013736,18.0563487696856,-3.49783891120382,19.3206234726108,-3.74655131351812,17.9609809471525
-3.79379699974452,18.1247178990156,-3.87313953642536,18.1235950745864,-3.74868290325569,18.1741752835776,-3.76769746815705,18.0627096424622,-3.4987946701814,19.3281383101292,-3.750792043947,17.9672580853205
-3.79705502211426,18.1316287876329,-3.87713199599081,18.1300350297233,-3.75234447793138,18.1808089572537,-3.77172987841765,18.0691246578976,-3.4996475161755,19.3356672814571,-3.75495197636422,17.9735911507576
-3.80018695727705,18.1386275310348,-3.88104483673505,18.1365304980744,-3.75592239419733,18.1874947591491,-3.77568226816224,18.0755961374114,-3.50039777140979,19.3432130450947,-3.75903265562367,17.9799825112209
-3.80327831329235,18.1456847849642,-3.88488003606392,18.1430853349866,-3.75941842159536,18.194236601128,-3.77955666783282,18.0821278805195,-3.50104551518051,19.3507797530212,-3.76303607340308,17.9864359821414
-3.80636837713462,18.1527439020606,-3.88863537143614,18.1496965474552,-3.7628305026415,18.2010313326899,-3.78335073510365,18.0887169417279,-3.50158989583788,19.3583635728874,-3.76695978884071,17.9929486721561
-3.8094584409769,18.1598030191569,-3.89230799707372,18.1563597187486,-3.76615603490193,18.2078743485414,-3.78706155827678,18.0953589159928,-3.50203021066257,19.3659591079979,-3.77080081481122,17.9995162097656
-3.81254850481918,18.1668621362532,-3.89589711819192,18.1630737166583,-3.76939428100557,18.2147644371116,-3.79068842634042,18.1020525985654,-3.50236628016943,19.3735648042592,-3.77455840014697,18.0061373962739
-3.81537364161742,18.1740241880341,-3.89940200858484,18.1698375081893,-3.77254456138341,18.2217004926248,-3.79423075239516,18.1087968597305,-3.50259795504143,19.3811792286823,-3.77823187222696,18.0128111310168
-3.81819634957917,18.1811856030457,-3.90282222073148,18.1766493376813,-3.77560654646714,18.2286806874289,-3.79768822690929,18.115589851865,-3.50272565606382,19.3888004204922,-3.78182081396088,18.0195355915444
-3.82093062502148,18.1883102675236,-3.906158693138,18.1835067695898,-3.77858138376786,18.2357025649223,-3.80106190145765,18.1224290579988,-3.50275137936368,19.3964264128087,-3.78532619666401,18.0263082359765
-3.82366490046379,18.1954349320015,-3.90941186367305,18.1904071828647,-3.78146969754364,18.2427634760128,-3.80435227730558,18.1293118080796,-3.50267676178212,19.4040548631173,-3.78874838750923,18.0331264052112
-3.82611041223851,18.2027626440118,-3.91258318858067,18.1973475792221,-3.78427316066226,18.2498604470435,-3.80756085409154,18.1362350615255,-3.50250455607552,19.4116835424567,-3.79208879163906,18.0399870249731
-3.82847926536338,18.2101442594436,-3.91567520815594,18.2043286338762,-3.78699433456031,18.2569942343794,-3.81069015319773,18.143199485137,-3.5022368457749,19.419314010354,-3.7953498925591,18.046890714561
-3.83083572014452,18.2174934093569,-3.91869198783152,18.2113512361229,-3.78963734159759,18.2641658740612,-3.81374410673456,18.1502060013698,-3.50187691503812,19.4269486912111,-3.79853572381706,18.0538382595318
-3.83319197014794,18.2248420230523,-3.92163574435161,18.2184116230753,-3.79220471749912,18.2713716597469,-3.81672470737766,18.1572509134469,-3.50142839769603,19.434585025316,-3.80164832545228,18.0608258540699
-3.83541352207081,18.2322291577187,-3.92450776541659,18.2255057069671,-3.79469803131225,18.2786075368528,-3.81963304663069,18.1643301855883,-3.50089429281284,19.4422197658641,-3.80468877104492,18.067849401739
-3.83763367274569,18.2396166931142,-3.92731263207654,18.2326304604057,-3.79712218898659,18.2858706524453,-3.82247367450755,18.1714407567191,-3.5002802278125,19.4498520861349,-3.80766173416786,18.0749056669558
-3.83971006378983,18.2469957290646,-3.93005585608768,18.2397827056997,-3.79948306572283,18.2931580492204,-3.82525212275899,18.1785793921654,-3.49959281053614,19.4574814601727,-3.81057284701458,18.081991237696
-3.84178602417008,18.254374739553,-3.93274137507394,18.2469595746946,-3.80178483638863,18.3004670377002,-3.82797224378797,18.1857432181252,-3.49883708156667,19.4651069656983,-3.81342593568158,18.0891031534614
-3.84379597171817,18.2618002234424,-3.93537418394606,18.2541579368403,-3.80403280036983,18.3077947084131,-3.83063898268011,18.1929290795085,-3.49801919909645,19.4727279346919,-3.81622602523166,18.0962381095684
-3.8457857010777,18.2692399410491,-3.93796013862898,18.2613755805187,-3.80623317217569,18.3151390876113,-3.83325820699565,18.2001347165987,-3.49714573623842,19.4803449291469,-3.81897910808972,18.1033936722065
-3.84777543043723,18.2766796586557,-3.94050367789278,18.2686110286826,-3.80839057246661,18.3224989059584,-3.83583424051699,18.2073586596643,-3.49622159873717,19.4879585532509,-3.82168955469812,18.1105682649686
-3.84976515979676,18.2841193762624,-3.94300979619738,18.2758623683242,-3.81051020837488,18.3298724871217,-3.83837204794049,18.214598969674,-3.49525240208015,19.4955692833995,-3.82436244817698,18.1177598013834
-3.85149664551343,18.2916020723256,-3.94548227535049,18.2831280871649,-3.81259608204202,18.3372584843109,-3.84087529120496,18.2218541469008,-3.49424243892566,19.5031774236361,-3.82700151378088,18.1249666839391
-3.85321871002314,18.2990863363225,-3.94792522508895,18.2904062104796,-3.81465247916694,18.3446551263378,-3.84334808394503,18.2291221850456,-3.4931965373551,19.5107830250137,-3.82961095515147,18.1321867876879
-3.85516846945122,18.3065000504476,-3.95034287698424,18.297694767717,-3.81668376693696,18.352060663272,-3.8457947874335,18.2364010413656,-3.4921196863037,19.5183862150745,-3.83219517395951,18.1394179646627
-3.85718025892967,18.3138945449426,-3.95273854795667,18.3049922803231,-3.81869339369568,18.3594737820445,-3.84821873226067,18.2436892113087,-3.49101579126946,19.5259871587921,-3.83475749196134,18.1466586453007
-3.85873829630274,18.321420957147,-3.95511572537008,18.3122971901203,-3.8206849814671,18.3668930985729,-3.85062347736794,18.2509850923775,-3.48988896723857,19.5335860368148,-3.83730148771696,18.1539071461937
-3.86029470003677,18.3289478442933,-3.95747734112608,18.3196087665177,-3.82266141354443,18.3743180628582,-3.85301197443957,18.2582879315604,-3.48874240568111,19.5411835215952,-3.83983009435132,18.1611626631899
-3.86253257691778,18.3362212905241,-3.95982645645221,18.3269263338233,-3.82462581449613,18.3817481545797,-3.85538736278591,18.2655970125076,-3.48757937793213,19.5487803959883,-3.84234645807321,18.1684244155754
-3.86431153608315,18.3436366632335,-3.96216174665166,18.3342374981731,-3.82657751357135,18.3891709286692,-3.85774824457333,18.2728999531243,-3.48640462045557,19.5563650284339,-3.84484898119126,18.1756800397737
-3.86609049524851,18.3510520359429,-3.96448396550899,18.3415377794606,-3.82851742704868,18.3965819706336,-3.86009531321772,18.2801922830727,-3.4852214574904,19.5639338415969,-3.84733828639575,18.1829250495665
-3.86786945441388,18.3584674086523,-3.96679754805482,18.3488343223456,-3.83044959694817,18.4039886515197,-3.86243314643271,18.2874810921749,-3.48403120831957,19.5714952904779,-3.8498190475114,18.1901664601028
-3.86925550116357,18.3659891790868,-3.96910407553982,18.3561266199642,-3.83237550445414,18.4113905805842,-3.86476344307792,18.2947658290365,-3.48283574977475,19.5790496635469,-3.85229287858527,18.1974037132707
-3.87063891151158,18.3735116634389,-3.971406337033,18.3634179037449,-3.83429775209571,18.4187911340202,-3.86708907185439,18.3020496932546,-3.4816361925189,19.5866011064252,-3.85476270286221,18.2046399550574
-3.8725222759222,18.380822183353,-3.97370726595505,18.3707113897969,-3.83621914413377,18.4261936650286,-3.86941306062829,18.3093358643254,-3.48043362453377,19.5941537909105,-3.85723163054298,18.211878298017
-3.8745459434595,18.3880732192551,-3.97600725121395,18.3780033325488,-3.83814024542854,18.4335944576283,-3.8717357706574,18.3166206003817,-3.47922994371787,19.6017045202648,-3.85969998427687,18.219114981728
-3.8765696109968,18.3953242551573,-3.97830657003455,18.3852889699277,-3.84006159699592,18.4409887653856,-3.8740574338637,18.3238991482459,-3.47802763350029,19.6092491759359,-3.86216798837589,18.2263452192637
-3.87859327853409,18.4025752910594,-3.98060686207593,18.3925667592085,-3.8419849809264,18.4483751145885,-3.87637977350485,18.3311699321708,-3.47682917919733,19.6167871642336,-3.86463738359281,18.2335673828976
-3.8804494723028,18.4099417505954,-3.98290971115502,18.3998361973648,-3.84391207884819,18.4557530640726,-3.87870444080403,18.3384324225796,-3.4756365565772,19.6243187972754,-3.86710980830383,18.240780909153
-3.88230391657816,18.4173094158897,-3.98521756514944,18.4070987844736,-3.84584528377199,18.4631242295364,-3.88103402970528,18.3456880670805,-3.4744515631682,19.6318465560516,-3.86958785590872,18.2479872009622
-3.88420627692288,18.4246575519437,-3.98753256664952,18.4143561365137,-3.84778669084799,18.4704903227441,-3.88337079342649,18.3529384412702,-3.47327550064077,19.6393728610886,-3.87207375726629,18.2551878040633
-3.88610903595001,18.4320055255059,-3.98985652492248,18.4216078993545,-3.84973821950028,18.4778510551991,-3.88571665684443,18.3601831476948,-3.47211020730933,19.6468982140907,-3.87456940995666,18.2623822855599
-3.88808066374355,18.4393308975006,-3.99219149048786,18.428853611255,-3.85170201750116,18.4852060468746,-3.88807380422529,18.3674216738818,-3.47095782661057,19.6544231342804,-3.87707698305059,18.2695700864971
-3.89005348431751,18.4466558787428,-3.99453915704873,18.4360928583786,-3.85367984707699,18.4925549534169,-3.89044398002013,18.3746535826133,-3.46982014017378,19.6619480201114,-3.87959820811923,18.2767507314091
-3.89208983244841,18.453960348546,-3.99690154627904,18.4433251105778,-3.85567382630874,18.4998973237134,-3.89282929642004,18.3818783054744,-3.46869932731479,19.6694733196591,-3.8821351929216,18.2839236013271
-3.89412618057932,18.4612648183493,-3.99928076472735,18.4505498159304,-3.85768611008701,18.5072327011306,-3.89523197622115,18.3890952423336,-3.46759768322035,19.6769995024994,-3.88469013662265,18.2910880490058
-3.89552032514797,18.4687424594228,-4.00167857580929,18.4577665171795,-3.85971847808096,18.5145607128146,-3.8976538404004,18.3963039071754,-3.46651711317983,19.6845269617847,-3.887264829961,18.2982435524205
-3.89690936897573,18.4762214759196,-4.0040974463367,18.4649760519229,-3.86177339861884,18.5218822992156,-3.90009746357139,18.4035050898312,-3.46545956155311,19.6920575600611,-3.88986184206716,18.3053908493896
-3.89967937299657,18.4833756337122,-4.00653954226935,18.4721793542241,-3.86385301075199,18.5291984874282,-3.90256509184691,18.4106996855308,-3.46442656305383,19.699593096584,-3.8924834033265,18.3125307942878
-3.90281417958932,18.4904439749176,-4.00900973451361,18.4793846403558,-3.86596181974094,18.5365177034116,-3.9050617902028,18.4178958300043,-3.46341860821751,19.7071430651277,-3.89513468526332,18.3196714316582
-3.90433192568159,18.4979473154429,-4.01151421266594,18.4866022669458,-3.86810553781821,18.5438505757829,-3.90759411706041,18.4251037329653,-3.46243603562629,19.7147194161961,-3.89782233555671,18.3268228706959
-3.90583970464558,18.5054533371877,-4.01405198878735,18.4938226370582,-3.87028368716901,18.5511874496136,-3.91016119707004,18.4323137366009,-3.46148165932851,19.7223130462954,-3.900545213612,18.3339754917048
-3.90859912556063,18.5129108693575,-4.01662127026843,18.5010336956797,-3.87249510848599,18.5585161732085,-3.91276111397359,18.4395138064524,-3.46055928166523,19.7299123747669,-3.90330121583724,18.3411172719805
-3.91169866527531,18.5203552250626,-4.01922794784479,18.5082447130672,-3.87474522870596,18.5658462822627,-3.91539981825075,18.4467131661106,-3.45967027983831,19.7375283589779,-3.90609652070143,18.3482572867191
-3.91479820498999,18.5277995807676,-4.0218788143737,18.5154678358825,-3.87704025429327,18.5731902222211,-3.91808439809807,18.4539238268017,-3.45881504626729,19.7451748726997,-3.90893835779347,18.3554074306687
-3.91789774470467,18.5352439364727,-4.02457748135538,18.5227046956692,-3.87938376344934,18.5805497675797,-3.9208187938518,18.461147262474,-3.45799546461059,19.7528549266681,-3.91183057530789,18.3625691358357
-3.92068245716161,18.542703841356,-4.02732625188247,18.5299541981862,-3.88177814228537,18.5879239099803,-3.92360546435961,18.468382281039,-3.45721345664616,19.7605685179004,-3.91477554549337,18.3697411771603
-3.92346424099816,18.5501638908825,-4.03012525352655,18.5372076896428,-3.88422402123856,18.5953039658514,-3.92644458883354,18.4756201619952,-3.45647274284718,19.7683079553206,-3.91777325184161,18.3769148307039
-3.92539597705121,18.5577238629194,-4.03297440675991,18.5444564614293,-3.88672176247034,18.6026812048538,-3.9293360287235,18.482852170148,-3.45577737125106,19.7760654565229,-3.92082338585292,18.384081353506
-3.92730315633055,18.5652867215874,-4.03587387607628,18.5516939318634,-3.88927184760264,18.610049038078,-3.93227980480823,18.4900717326669,-3.45513101998786,19.7838352783127,-3.92392587707767,18.391234146583
-3.93112162495971,18.5724498166862,-4.03882488949041,18.5589129322497,-3.89187595249751,18.6174003022172,-3.93527712528767,18.4972716296586,-3.45453893614263,19.7916116452966,-3.92708181678206,18.3983659409806
-3.93547681623752,18.5795006513563,-4.04183316291762,18.5661187059803,-3.89453954441975,18.6247404767479,-3.93833384073897,18.5044569880157,-3.45400470359112,19.799401862216,-3.93029713297793,18.4054817421182
-3.93894394533436,18.5867553224942,-4.0449055783036,18.5733184160911,-3.89726914794323,18.6320770172534,-3.94145714858062,18.5116347669277,-3.4535315269338,19.807215418758,-3.93357905088782,18.4125883993364
-3.94235670521187,18.5940224729718,-4.04804471911718,18.5805058213896,-3.90006775992567,18.639403733499,-3.9446498850457,18.5187985252874,-3.45312452938299,19.8150478738625,-3.93693015678951,18.4196794563244
-3.94576946508938,18.6012896234494,-4.05125151079309,18.5876725323407,-3.90293676813119,18.6467122251783,-3.94791295936854,18.5259397860076,-3.45278849565319,19.822892129088,-3.94035116304661,18.4267464199509
-3.94918222496688,18.608556773927,-4.05452978393841,18.5948156749622,-3.90588016377875,18.6539997476234,-3.95125014470854,18.5330555962448,-3.45252857318258,19.8307473185596,-3.94384582317042,18.4337862290354
-3.95169932512299,18.6160196564226,-4.05788298949121,18.6019328377157,-3.90890147488435,18.6612640213202,-3.95466483455884,18.5401434652028,-3.45234933983382,19.8386128044662,-3.9474175073477,18.440796297885
-3.95421308281299,18.6234832693603,-4.06131278835604,18.6090191245649,-3.91200256015437,18.668500197915,-3.95815859384643,18.5471984370386,-3.4522548424135,19.8464849103979,-3.95106769968648,18.44777161705
-3.95815104036055,18.6298594304021,-4.06482026693982,18.6160697884471,-3.91518467343081,18.6757035597892,-3.96173238457604,18.5542157219135,-3.45224858114467,19.8543598216985,-3.95479729472451,18.4547073497472
-3.96244388651296,18.6359646152293,-4.06839562124088,18.6230599944548,-3.91843907113779,18.6828488403277,-3.96537586961929,18.561170659379,-3.45233387092468,19.8622108639262,-3.95859556205217,18.4615789801008
-3.96673673266538,18.6420698000564,-4.07202476319095,18.6299598525376,-3.92175299019737,18.6899055147089,-3.96907392404862,18.5680338296591,-3.45251382515739,19.8700048570832,-3.96244716765332,18.4683571691767
-3.97102871912442,18.6481754706562,-4.07570419977108,18.6367628163589,-3.92512316210166,18.696866873171,-3.97282235569845,18.574799022226,-3.45279162285011,19.877734113111,-3.96634816099794,18.4750355538038
-3.97493012421946,18.6545018405576,-4.07943297191695,18.6434682552158,-3.92854865136169,18.7037321972936,-3.97662001445454,18.5814656885557,-3.45316989062373,19.8853972433768,-3.9702974790682,18.4816135123594
-3.9788315293145,18.6608282104589,-4.08321836395396,18.6500905796463,-3.93203609016349,18.7105161595827,-3.98047447602156,18.5880480513355,-3.45365065519492,19.8930099458643,-3.97430294160674,18.4881050948774
-3.98288029245971,18.6670029285719,-4.08706812238499,18.6566438934076,-3.93559255976202,18.7172331593018,-3.98439400861182,18.594559873316,-3.4542345428887,19.9005879163309,-3.97837291911797,18.494523961155
-3.98691936904452,18.6731849463418,-4.09098267774708,18.6631287867513,-3.93921848610449,18.7238837414959,-3.98837934700621,18.6010015084535,-3.45492042560703,19.9081315991356,-3.98250798293957,18.500870521842
-3.99013981292218,18.6800050675977,-4.09496245117722,18.6695460438309,-3.94291426888496,18.7304686465537,-3.99243100394566,18.6073736243521,-3.45570696487869,19.9156416684399,-3.98670859601093,18.5071454429415
-3.99336025679984,18.6868251888536,-4.09901345149424,18.6759053520848,-3.94668545911854,18.7369977758417,-3.99655518556893,18.6136857183766,-3.45659384194648,19.9231293152066,-3.99098108423153,18.5133581114053
-3.9983640085883,18.6920769093072,-4.10314201459028,18.6822159750831,-3.95053795970186,18.7434806174347,-4.00075853095961,18.6199467792605,-3.45758087373158,19.9306055953057,-3.99533212394833,18.5195174497827
-4.00381496573634,18.6969353172876,-4.10733828899274,18.6884620793585,-3.954462521792,18.7499009250504,-4.0050309935315,18.6261410186046,-3.45866469090049,19.9380519284854,-3.99975124530921,18.5256079262729
-4.00832384789125,18.7027109503528,-4.11158910961542,18.6946247452778,-3.95844660556708,18.7562393005262,-4.00935877907564,18.6322498809768,-3.45984168884443,19.9454453446809,-4.00422438682596,18.5316111697438
-4.01280904005025,18.7085096485229,-4.11589832131923,18.7007111149039,-3.96249361397822,18.7625030792303,-4.01374554053539,18.6382805960778,-3.4611129858078,19.9527936101065,-4.00875547892033,18.5375342099401
-4.01649687756991,18.714967037511,-4.12027285962347,18.7067319657653,-3.9666099757418,18.7687033047345,-4.01819852677137,18.644243661066,-3.46248030497263,19.9601091872384,-4.01335185015901,18.5433874656074
-4.02018029331436,18.7214280793062,-4.12471669225379,18.7126930756012,-3.97079945344122,18.7748458413056,-4.02272210576664,18.650144484059,-3.46394404984573,19.9673989012155,-4.01801775377387,18.5491764052666
-4.0256119155887,18.7263853825803,-4.12923387587638,18.7185997850954,-3.97506592522005,18.7809361108801,-4.02732066622067,18.6559880623018,-3.46550444984738,19.9746693425201,-4.02275750622632,18.5549060572298
-4.03150690157747,18.7309441186058,-4.13381723509965,18.7244425795553,-3.97940259785311,18.7869642697485,-4.03198693918199,18.6617648542766,-3.46715817300348,19.9819088610533,-4.02756354663715,18.5605670999287
-4.03558263503035,18.7370918168228,-4.13845737306232,18.7302099765385,-3.98380053196166,18.7929184215648,-4.03671112262169,18.6674636119572,-3.46890156272745,19.9891029100207,-4.03242589387347,18.5661484373695
-4.0395814444434,18.7433067016389,-4.14315954799328,18.7359094047972,-3.98826468539323,18.7988061431698,-4.04149840703781,18.6730917412626,-3.47073645909515,19.9962602200515,-4.03734997478852,18.5716572810503
-4.04528393375149,18.7479869646418,-4.14793158804446,18.7415506274076,-3.99280246606802,18.8046374642326,-4.04635689577292,18.6786586835113,-3.47266547854905,20.0033928663162,-4.04234400442115,18.5771029606974
-4.05144053606708,18.7522598599248,-4.15277094076787,18.7471304774182,-3.99741137946064,18.8104091172247,-4.05128413809988,18.6841610778968,-3.47468697847543,20.0104969214237,-4.04740532652252,18.5824822803113
-4.05667635570648,18.7575106411246,-4.15767395189517,18.7526448222854,-4.0020878450127,18.8161168477167,-4.05627641928763,18.6895947365142,-3.47679893983766,20.0175670795996,-4.05253007384573,18.5877911862534
-4.061913300802,18.7627604254066,-4.16264265480193,18.7580961398793,-4.00683380253013,18.8217631526436,-4.06133578422758,18.6949620168768,-3.47900185155771,20.0246064014447,-4.05772031507262,18.5930320132962
-4.0672967129725,18.7678804706105,-4.16767983015935,18.7634874383768,-4.01165191222254,18.8273510909095,-4.06646508958602,18.7002657383637,-3.48129655213106,20.0316187893654,-4.0629789203423,18.5982075621258
-4.07268012514301,18.7730005158143,-4.17278469695053,18.7688176727983,-4.0165414269133,18.8328795364443,-4.07166355804603,18.7055047258244,-3.48368231414723,20.0386030003835,-4.06830503560157,18.6033167264595
-4.07733779768687,18.7787323692059,-4.17795644855242,18.7740858187012,-4.02150157290262,18.838347381326,-4.07693033927399,18.7106778671701,-3.48615847213766,20.0455577841682,-4.07369776094657,18.60835844137
-4.08199277782017,18.7844664923355,-4.18319390231319,18.7792905214288,-4.02653117500142,18.8437532073598,-4.08226418019323,18.715783745491,-3.48872427337838,20.0524814043464,-4.07915579437626,18.613331340269
-4.08827340446436,18.7886424616688,-4.18849583362672,18.7844304607262,-4.03162898213302,18.8490956612981,-4.08766379119778,18.7208209721718,-3.49137900772746,20.0593721109263,-4.08467779034071,18.6182340958414
-4.09492122174779,18.7924667756899,-4.19386206682654,18.7895053810855,-4.03679483826961,18.854374411698,-4.09312896221918,18.7257891892679,-3.49412251797346,20.0662295468128,-4.09026350283922,18.6230663925306
-4.09989640622636,18.7979339257414,-4.19929257888539,18.7945151375353,-4.04202872693631,18.8595892492153,-4.09865964018551,18.7306881403945,-3.49695473514684,20.0730535241568,-4.09591285085894,18.6278280086281
-4.10487159070493,18.8034010757929,-4.20478605047515,18.7994582704261,-4.04732935890465,18.8647386271991,-4.10425444534338,18.7355162816652,-3.49987497560088,20.0798421166894,-4.10162439909276,18.6325174659161
-4.11136335396021,18.8073520590004,-4.21034097014072,18.8043332469713,-4.05269525187831,18.8698209220944,-4.10991178991046,18.7402720130765,-3.50288245750033,20.0865932337401,-4.10739650660195,18.6371332327766
-4.11826342727804,18.8108948430504,-4.21595685994337,18.8091395218543,-4.058125935908,18.8748355175413,-4.11563113449315,18.7449547039771,-3.50597695016567,20.0933061028488,-4.11322860753522,18.6416747187922
-4.12355607678696,18.8160619497038,-4.22163332363392,18.8138766239961,-4.06362101709125,18.8797818757492,-4.12141202372191,18.7495637924397,-3.50915824834636,20.0999800610909,-4.11912022405594,18.6461413989357
-4.12883884753285,18.8212390389755,-4.22736922729882,18.8185434782396,-4.0691793787648,18.884658835344,-4.12725324860623,18.754098129352,-3.51242572005582,20.1066135931825,-4.12507011202324,18.6505321793401
-4.13548762952446,18.8249120685,-4.23316329317963,18.8231389973162,-4.07479976138207,18.889465215921,-4.13315344439388,18.7585565690659,-3.51577861926117,20.113205107571,-4.13107687596549,18.6548459690843
-4.14256071216261,18.8281179177395,-4.23901474352108,18.8276625316892,-4.08048138783841,18.8942002930199,-4.13911175384618,18.7629383932058,-3.51921647912496,20.1197536153308,-4.13713963954696,18.6590820913769
-4.14813933063686,18.8329799640526,-4.24492283174492,18.8321134646529,-4.08622350919013,18.8988633770948,-4.14512735389892,18.7672429102185,-3.52273883675503,20.1262581758412,-4.1432575600077,18.6632398984844
-4.15371244516957,18.8378481099511,-4.25088657755364,18.8364909681731,-4.09202515231534,18.9034535555432,-4.15119918287328,18.7714692199619,-3.52634509801062,20.1327175628784,-4.1494295513562,18.6673185408976
-4.16030562382986,18.8410196273924,-4.25690494771586,18.8407942101013,-4.09788529044235,18.9079699093418,-4.15732612087303,18.7756164239898,-3.53003462553509,20.1391305229709,-4.15565447079285,18.6713171717269
-4.16713914513788,18.8437913933233,-4.26296289924608,18.8450126827326,-4.10378925209565,18.9124013340427,-4.16349270790114,18.7796744398237,-3.53379837766354,20.1454809920874,-4.16191665313712,18.6752260539675
-4.17345293574803,18.8474253465107,-4.26904154472282,18.8491343201694,-4.10971859049251,18.9167350128688,-4.16967940047284,18.7836320478154,-3.53762519098981,20.1517494309487,-4.16819644079818,18.6790342153249
-4.17974365466619,18.8510975735944,-4.27514655632808,18.8531645427151,-4.11567875399892,18.9209765115951,-4.1758917448457,18.7874947719657,-3.54151919903953,20.1579422139884,-4.17449963882249,18.6827468363849
-4.18612344383199,18.8545185830242,-4.28128778150683,18.8571108987293,-4.12167927255375,18.9251336920771,-4.18213984155241,18.7912696441529,-3.54548675165756,20.1640697664125,-4.18083644803773,18.6863708150625
-4.19250762552113,18.8579272035875,-4.28746567167533,18.8609742974957,-4.12772050941694,18.9292074660186,-4.18842428474249,18.7949571840854,-3.54952771315756,20.1701330004603,-4.18720736780434,18.6899068521509
-4.19889180721027,18.8613358241509,-4.29368030037722,18.8647553248543,-4.13380254659593,18.9331982806649,-4.19474518213928,18.798557744304,-3.55364149967341,20.1761325453006,-4.19361246365501,18.6933554061859
-4.20527598889941,18.8647444447142,-4.29993055265143,18.8684538404917,-4.13992426402431,18.9371058690694,-4.20110134576858,18.8020711266244,-3.55782672689817,20.1820679091891,-4.20005054029424,18.6967163347182
-4.21135055916239,18.8686950627825,-4.30621526042729,18.8720696802119,-4.14608446708182,18.9409299698788,-4.20749148916661,18.8054971908477,-3.56208204440423,20.1879385242874,-4.20652032877405,18.6999895114223
-4.21742323704844,18.8726489935954,-4.31253852441028,18.8756055962264,-4.15228710161849,18.9446734567913,-4.21391969957843,18.8088385199787,-3.56640968124537,20.1937486816717,-4.21302598791411,18.7031774211784
-4.22416073756635,18.8750771623801,-4.31890461920053,18.8790641205379,-4.15853627854307,18.9483390182841,-4.22039027580764,18.812097384283,-3.57081196093215,20.1995026791388,-4.21957185844212,18.7062822774267
-4.23107920571306,18.8770900120659,-4.32530605312683,18.8824412624847,-4.16482457876478,18.9519224139311,-4.2268955265152,18.8152699474854,-3.57528322726406,20.2051940077562,-4.22615015750021,18.7093004599168
-4.23772274670171,18.8798560326334,-4.33173332358981,18.8857324258405,-4.17114258888865,18.9554187419926,-4.2334256581509,18.8183519829588,-3.57981662985404,20.2108144901906,-4.23275101807244,18.7122279505735
-4.24433954933464,18.8826953036978,-4.33818829315276,18.8889391925803,-4.17749212529173,18.9588295149912,-4.23998244061049,18.8213450731278,-3.584413374726,20.2163660594791,-4.23937627434421,18.7150662536433
-4.25101563661205,18.8853682001167,-4.34467521051076,18.892064123333,-4.18387730835594,18.9621573861208,-4.24657014347348,18.8242515245738,-3.58907628377087,20.2218526402229,-4.24603023951556,18.7178176235779
-4.25769874978064,18.8880213792856,-4.35119380366087,18.8951073614784,-4.19029780050989,18.9654024801976,-4.25318846458762,18.8270713083769,-3.5938048475042,20.2272742672929,-4.25271258819862,18.7204821256222
-4.2644515571609,18.8904541587647,-4.35774337000087,18.8980688241997,-4.19675288425591,18.9685645957116,-4.25983663693729,18.8298042344828,-3.59859821531763,20.2326306378641,-4.25942253953333,18.7230596503607
-4.27120763972674,18.8928765808573,-4.36432347726986,18.9009485414735,-4.20324209596339,18.971643672629,-4.26651414211954,18.832450270724,-3.60345574824948,20.2379216639522,-4.2661595793586,18.7255502080575
-4.27796372229257,18.8952990029499,-4.37093369492275,18.903746523173,-4.20976496092631,18.9746396552199,-4.27322045314681,18.8350093860819,-3.60837683541914,20.243147233785,-4.27292319038233,18.727953798066
-4.2847198048584,18.8977214250425,-4.3775730163929,18.9064625232481,-4.21632044144688,18.9775522006937,-4.27995445091598,18.8374813326907,-3.61336046994013,20.2483067524596,-4.27971226330373,18.7302702036566
-4.29129391613532,18.9005781311196,-4.38424040653909,18.909096297061,-4.22290746391979,18.9803809797236,-4.2867149839795,18.8398658763695,-3.61840565298152,20.2533995889912,-4.2865256588242,18.7324992162946
-4.2978672860058,18.9034366066019,-4.39093695833818,18.9116484250665,-4.22952705113332,18.9831265631729,-4.29350306475468,18.8421635105318,-3.6235129918581,20.2584267405658,-4.29336441507292,18.7346413125401
-4.30492189566741,18.9049563291521,-4.39766381096893,18.9141194012053,-4.23618025870282,18.9857894748183,-4.30031976146694,18.844374599704,-3.62868311888227,20.2633892052708,-4.30022961627918,18.7366968615645
-4.3121032378752,18.9061234965501,-4.40442050540512,18.9165090506152,-4.24286658636388,18.9883694683097,-4.30716451838602,18.8464988988179,-3.63391545433914,20.2682867566665,-4.30712070912886,18.7386656640796
-4.31908432845922,18.9079847209503,-4.41120671452851,18.9188172285372,-4.24958567400406,18.9908663024791,-4.31403690191822,18.8485362167048,-3.63920954971601,20.2731192377815,-4.31403726917005,18.7405475558891
-4.32606308001836,18.909854052234,-4.4180211740548,18.921043499371,-4.25633622308102,18.9932794389486,-4.32093552244232,18.8504861334531,-3.64456425173302,20.2778858200759,-4.32097791485213,18.7423421527733
-4.33306768053944,18.9115960259107,-4.42486248174225,18.9231873690618,-4.26311679753788,18.9956082751731,-4.32785884676526,18.8523481883515,-3.64997835190466,20.2825855208597,-4.32794112150926,18.744049027454
-4.34007247858593,18.9133370263814,-4.43172958849655,18.9252484862216,-4.26992631102196,18.9978523529862,-4.33480570125107,18.8541220462585,-3.65545094322243,20.2872175941957,-4.33492572556754,18.7456678743492
-4.34713755254696,18.9148648970781,-4.43862143464235,18.9272265501371,-4.27676365925516,19.0000112761644,-4.34177490388479,18.8558074230122,-3.66098110463626,20.2917813201831,-4.34193055677976,18.7471984362852
-4.35422387047189,18.9163176511839,-4.44553701737408,18.9291212858806,-4.28362779414094,19.0020846695971,-4.34876533246396,18.857404049561,-3.66656796460722,20.2962760174723,-4.34895450333441,18.7486404774963
-4.3613354808645,18.9175901535967,-4.45247533533631,18.9309324270116,-4.29051766973603,19.0040721561066,-4.3557758668017,18.8589116624558,-3.67221065263587,20.3007010101449,-4.35599645564907,18.7499937682778
-4.36844934983603,18.9188465598073,-4.45943534223513,18.9326596685222,-4.29743219603025,19.0059733098075,-4.36280533908757,18.8603299637814,-3.67790827472228,20.3050555665894,-4.3630552561692,18.751258044547
-4.37556321880755,18.920102966018,-4.46641597985428,18.9343027210338,-4.30437026728449,19.0077877216672,-4.36985256835818,18.8616586784734,-3.68365992198768,20.309338962072,-4.37012973556237,18.7524330613303
-4.38267708777908,18.9213593722286,-4.47341622927779,18.9358613220581,-4.31133081226291,19.0095150151419,-4.37691641193739,18.8628975662944,-3.68946471115101,20.3135505118952,-4.37721876463431,18.7535186008098
-4.38982598601944,18.9223755682073,-4.48043507155791,18.9373352244799,-4.3183127566733,19.0111548284095,-4.38399572706962,18.8640464059529,-3.6953217509413,20.3176895480387,-4.38432121434845,18.7545144639332
-4.39697489722444,18.9233916752821,-4.4874714535739,18.9387241891893,-4.325314988991,19.0127068069556,-4.39108933661655,18.8651049891732,-3.70123011449779,20.3217553978789,-4.39143592157068,18.7554204639225
-4.40414436029075,18.9242370382642,-4.49452431220092,18.9400280268832,-4.33233638384732,19.0141706449987,-4.39819605496165,18.8660731636968,-3.70718884477463,20.3257474325773,-4.39856171590178,18.7562364680251
-4.41131385850674,18.9250821092241,-4.50159259826081,18.9412465599312,-4.33937582709863,19.0155460465129,-4.40531471059343,18.8669507926673,-3.71319699273744,20.329665040096,-4.40569744129368,18.7569623562708
-4.41855953034647,18.9257528705689,-4.50867526706339,18.9423795852768,-4.34643220818538,19.0168326815657,-4.41244413581119,18.8677377106204,-3.71925362331662,20.3335075874058,-4.41284194429324,18.7575979824895
-4.42580783434435,18.926417608694,-4.515775346018,18.9434275528701,-4.35350846280453,19.0180310044786,-4.41958726282362,18.8684341973201,-3.72536123804074,20.3372767251878,-4.41999818022352,18.7581435505867
-4.43308588739821,18.9269137271986,-4.52289603002059,18.9443907436558,-4.36060767255123,19.0191414539941,-4.4267471844347,18.8690403323524,-3.73152247295376,20.3409741650455,-4.42716926061306,18.7585990538259
-4.44036430699418,18.9274077681182,-4.53003580753481,18.945268661963,-4.36772824012926,19.0201635503074,-4.4339222517114,18.8695556701848,-3.73773592753326,20.3445990989339,-4.4343535444683,18.7589640592972
-4.44752762975191,18.9282008022933,-4.53719300683564,18.9460608291382,-4.37486844359988,19.0210965696337,-4.44111065328598,18.8699798322623,-3.74400009907957,20.3481506036155,-4.44154922909561,18.7592382005192
-4.45468996236061,18.9289964086318,-4.54436300808149,18.9467664834094,-4.38202361274557,19.0219394339837,-4.44830761834518,18.8703123375292,-3.75031097413108,20.3516261930476,-4.44875154983715,18.7594210713806
-4.46200590365759,18.9289530287517,-4.55154114054866,18.9473850874585,-4.38918901679512,19.0226912594239,-4.45550833789525,18.8705529505941,-3.75666450004959,20.3550233926426,-4.45595570791449,18.7595125212708
-4.46935756788809,18.9287145358917,-4.55872970159676,18.9479168068043,-4.39636686626902,19.0233520258994,-4.46271500115728,18.8707017458654,-3.76306275847449,20.3583430951192,-4.46316390709346,18.7595125587617
-4.47670923211859,18.9284760430316,-4.565931817926,18.9483617053222,-4.40356015439045,19.0239221314274,-4.46993062196139,18.870758585309,-3.76950854600499,20.3615865866673,-4.47037917046313,18.7594209682744
-4.48406089634908,18.9282375501716,-4.57314723270362,18.9487194865489,-4.41076851481052,19.0244014620791,-4.47715481471004,18.8707231318235,-3.77600162888787,20.3647536187946,-4.47760111805063,18.7592374175659
-4.49140186434012,18.928017604181,-4.58037489455538,18.9489897969856,-4.41799081648127,19.0247894339238,-4.48438639573518,18.8705950714765,-3.78254106489947,20.3678435929411,-4.48482857207482,18.7589616062102
-4.49874260728975,18.9277980484037,-4.58761153136417,18.9491722776758,-4.42522370075867,19.0250854010408,-4.49162196430236,18.8703742570427,-3.78912391250774,20.3708549595529,-4.49205814053877,18.7585934332486
-4.50607423836183,18.927401860629,-4.59485381640016,18.949266681589,-4.43246374379119,19.0252888255443,-4.49885807363367,18.8700606866572,-3.79574719309623,20.3737861297778,-4.49928638726067,18.7581329400688
-4.5134055690775,18.9270051708149,-4.60210034362334,18.9492728405917,-4.43970943184265,19.0253992763955,-4.50609320064636,18.8696543224858,-3.80240969228188,20.3766362700079,-4.50651179763595,18.7575800932199
-4.52065709296588,18.9268382136653,-4.6093497431099,18.9491906169549,-4.44695927689449,19.0254166074818,-4.5133258601389,18.8691551328352,-3.80911021425223,20.3794045833874,-4.51373289462593,18.7569348708524
-4.52790861685426,18.9266712565157,-4.61659936751149,18.9490199709678,-4.45421051219164,19.0253407083219,-4.52055329674465,18.8685632425354,-3.81584634743635,20.3820898550203,-4.52094693534582,18.7561974493251
-4.53519943550317,18.9257748557214,-4.62384657672789,18.9487609464354,-4.46146037071573,19.0251713373821,-4.52777276743668,18.8678788610179,-3.82261566061094,20.384690919087,-4.5281511917072,18.7553680969186
-4.54250101449656,18.9246787065436,-4.63109168309298,18.9484136087012,-4.46870902992517,19.0249083746311,-4.53498447867892,18.8671020529969,-3.82941841460961,20.3872078115711,-4.53534588044364,18.7544468674528
-4.54980259348994,18.9235825573659,-4.63833537717266,18.9479779277771,-4.47595705832984,19.0245519955734,-4.54218900848544,18.866232758999,-3.83625521658573,20.3896407235151,-4.542531585081,18.7534336692233
-4.55710417248333,18.9224864081881,-4.64557695089461,18.9474537332155,-4.4832036342645,19.0241022099222,-4.54938552913367,18.8652708543944,-3.84312541703532,20.3919892370218,-4.54970748167288,18.7523283737824
-4.56436269851305,18.9213714817753,-4.65281531238775,18.9468408965099,-4.49044753794194,19.0235587897853,-4.55657283547598,18.8642163054506,-3.85002799261531,20.3942528395257,-4.55687236870917,18.7511309433292
-4.57161974845037,18.9202559115756,-4.66004844076494,18.9461395594687,-4.49768661602041,19.0229217903033,-4.56374881720752,18.8630694375615,-3.85696096709392,20.396430885587,-4.56402414476436,18.7498417113785
-4.57883121218965,18.9193204462852,-4.66727429578178,18.9453499874116,-4.50491869306104,19.0221914024365,-4.57091135714901,18.8618307179225,-3.86392231307062,20.3985227906877,-4.57116070270451,18.7484611515194
-4.58604258224995,18.9183853511078,-4.67449102444793,18.9444724556727,-4.51214177385042,19.0213677893576,-4.57805852735491,18.8605006079113,-3.87091018314849,20.4005280104683,-4.5782801237122,18.7469897307404
-4.59326577166866,18.916784140315,-4.68169678997836,18.9435071082457,-4.51935388526186,19.0204510551958,-4.58518840526645,18.859079413519,-3.87792280292311,20.4024458520757,-4.58538049225057,18.7454277707045
-4.60049224332139,18.9149979493173,-4.68889450159342,18.9424534543101,-4.52655781568963,19.0194407950801,-4.59230376112826,18.8575664858706,-3.88496299230217,20.4042769644744,-4.59246456447209,18.7437745435967
-4.60771871497412,18.9132117583197,-4.69608814620661,18.9413106538392,-4.53375750959259,19.0183367464214,-4.59940841346948,18.8559607365603,-3.89203464896107,20.4060222976333,-4.59953613172922,18.7420288482439
-4.61494518662684,18.911425567322,-4.70327771028551,18.9400783968713,-4.5409529270654,19.0171391420327,-4.60650222709717,18.8542618848612,-3.8991377554814,20.4076818658424,-4.60659504354961,18.7401903562554
-4.6221295770982,18.9095907742007,-4.71046206446106,18.9387565271497,-4.54814283460367,19.0158478194272,-4.61358397440693,18.8524699195934,-3.9062712243064,20.4092553673528,-4.61364005817553,18.7382590216389
-4.62931358234957,18.9077555361653,-4.71763731320183,18.9373454379302,-4.55532320256981,19.0144630150554,-4.62064971332102,18.8505855892415,-3.91343124395722,20.4107418012992,-4.6206672348542,18.73623561975
-4.63645037370668,18.9057434740921,-4.72479955649732,18.9358456709491,-4.5624899888139,19.0129851094586,-4.62769551133501,18.848609795637,-3.92061398251277,20.412140120599,-4.62767264923735,18.7341210986832
-4.6435870525988,18.9037309908184,-4.73194731449411,18.9342573808072,-4.5696415676726,19.0114141130286,-4.63471982289781,18.8465428759424,-3.92781800675401,20.4134497559249,-4.63465475377407,18.7319158036477
-4.65067132450263,18.9015424623385,-4.73907911599349,18.9325806671448,-4.57677639066043,19.0097503034647,-4.64172109740368,18.8443850722845,-3.93504191034127,20.4146700748564,-4.64161199721196,18.7296199976719
-4.65775538832293,18.8993532696927,-4.74619355124927,18.9308156571053,-4.58389296785248,19.0079939497083,-4.64869784135601,18.8421366298743,-3.94228432467731,20.4158005101855,-4.64854288931738,18.7272339582608
-4.66478202708139,18.8969936495562,-4.75328923402218,18.9289625922131,-4.5909898125929,19.0061453398958,-4.65564859376236,18.8397979113163,-3.94954384993663,20.4168406335039,-4.6554459752936,18.7247580811409
-4.67180866583985,18.8946340294196,-4.76036479733882,18.9270217308021,-4.59806546757446,19.0042048126874,-4.66257191823856,18.8373693073012,-3.95681909103883,20.4177900576291,-4.66231982233936,18.7221927807576
-4.67877408193798,18.892098717972,-4.76741887904987,18.9249933524415,-4.60511848343917,19.0021727312983,-4.66946639008402,18.8348512434553,-3.96410864443315,20.4186484275209,-4.66916300646761,18.7195384977006
-4.6857372482442,18.889556950273,-4.77445021564311,18.9228777307427,-4.61214752022373,19.0000494811149,-4.67633068877641,18.8322441468093,-3.97141119568492,20.4194154312207,-4.67597420268392,18.7167956605631
-4.6926353411319,18.886849721793,-4.78145754066865,18.9206751598702,-4.61915124110911,18.9978354765482,-4.68316349629396,18.8295484717751,-3.97872541609045,20.4200907846994,-4.68275208635339,18.7139647215979
-4.69953231511984,18.8841396483108,-4.78843958538426,18.9183859555331,-4.62612831258543,18.9955311591824,-4.68996349522294,18.8267646938612,-3.98604996346952,20.420674231869,-4.68949533431496,18.7110461582806
-4.70640064519793,18.8815129683406,-4.79539508901637,18.9160104525566,-4.63307741061162,18.993136982541,-4.69672937802629,18.8238933048143,-3.99338349313109,20.4211655442648,-4.6962026340064,18.708040467675
-4.71326891572867,18.8788864617359,-4.80232215907498,18.9135492324758,-4.63999658186858,18.9906536434583,-4.70345922820793,18.820935092446,-4.00072398113213,20.4215644675527,-4.70287206941068,18.7049484561499
-4.71992153815685,18.8757038349736,-4.80921892139753,18.911002928245,-4.64688388245639,18.9880818568453,-4.71015115399314,18.817890897141,-4.00806939947827,20.4218707763673,-4.70950175142792,18.7017709866977
-4.72651613422065,18.8723715764149,-4.81608536762594,18.9083715165319,-4.65373924217707,18.9854216962277,-4.7168050770375,18.8147607662283,-4.0154196910903,20.4220843755939,-4.71609158537781,18.6985080892239
-4.7332454079748,18.869389749876,-4.82292175158587,18.905654824501,-4.66056289440459,18.9826731818079,-4.7234211672441,18.8115445710202,-4.02277509467503,20.4222052033383,-4.72264171859001,18.6951596095479
-4.73997468172894,18.8664079233371,-4.82972601095424,18.9028536581596,-4.66735275901286,18.9798373015167,-4.72999736114402,18.8082433360672,-4.03013333445047,20.4222332360257,-4.72915008955236,18.6917265954435
-4.74646702027795,18.8629069571182,-4.8364958305426,18.8999689886419,-4.67410645424555,18.9769150804112,-4.73653136544028,18.8048582860909,-4.03749183828969,20.422168453826,-4.7356144102923,18.6882103001123
-4.75290314761447,18.8592828513506,-4.84323080332246,18.8970009353727,-4.68082350348076,18.9739066841398,-4.74302272854257,18.8013896547141,-4.04485012139516,20.4220107569837,-4.74203421103394,18.6846109450323
-4.75947440389392,18.8559560614674,-4.84993070512641,18.8939496485754,-4.68750366964422,18.9708124289257,-4.74947118268318,18.7978376870202,-4.05220785532441,20.4217601841839,-4.74840920443005,18.6809287589288
-4.76604566017337,18.8526292715841,-4.85659391353691,18.890815885473,-4.69414532015537,18.967633231544,-4.75587511100114,18.7942033343127,-4.05956318774211,20.4214168148069,-4.75473777101311,18.6771647102431
-4.77241980710479,18.8488012562296,-4.86321866406793,18.8876004637822,-4.70074664206246,18.9643699808139,-4.76223276294053,18.79048762199,-4.06691411012435,20.4209806997093,-4.76101816097068,18.6733198489675
-4.77874170429825,18.8448409161269,-4.86980428843217,18.8843037079668,-4.70730692080115,18.9610230732796,-4.76854344632334,18.786691002123,-4.07425981347311,20.4204518429378,-4.76724966908028,18.6693946287377
-4.78513515220722,18.8411766320702,-4.8763501989311,18.880925891477,-4.71382555159024,18.9575929069375,-4.77480654392763,18.7828138644032,-4.08159958300389,20.4198302548636,-4.77343166276588,18.6653894392827
-4.79152860011619,18.8375123480136,-4.88285507875927,18.8774676614573,-4.72030120089341,18.9540802466137,-4.78102074197224,18.7788570273948,-4.08893188759378,20.4191160239141,-4.77956282266446,18.6613051162364
-4.79766211000392,18.8334217295889,-4.88931754079738,18.8739297359762,-4.72673245082109,18.950485895953,-4.78718466779531,18.7748213922835,-4.09625510206497,20.4183092636567,-4.78564177182876,18.6571425798268
-4.80372514400199,18.829215520941,-4.89573674467243,18.8703126093443,-4.73311843439476,18.9468104371712,-4.79329748073394,18.7707075982394,-4.10356819056944,20.4174100862626,-4.79166765747675,18.652902475392
-4.8099234657147,18.8252251211211,-4.90211188087725,18.8666167557998,-4.73945832696295,18.9430544476509,-4.79935836910249,18.7665162586878,-4.1108701537925,20.4164186085061,-4.79763965515151,18.6485854232931
-4.81612226439185,18.8212354821473,-4.9084418846513,18.8628427994032,-4.74575104727672,18.9392186471196,-4.80536627914179,18.7622481547033,-4.1181596996229,20.4153349959139,-4.80355670287874,18.6441922193532
-4.82209698563482,18.8168746385147,-4.91472566781036,18.8589913947681,-4.75199548765526,18.9353037763923,-4.81132014041229,18.7579041030894,-4.12543550146404,20.4141594296584,-4.80941772150746,18.6397236950905
-4.82799801554983,18.8123917184919,-4.92096225539698,18.8550631448732,-4.75819065685072,18.9313105257613,-4.81721899270782,18.7534848595389,-4.1326963559803,20.4128920845372,-4.81522174113812,18.6351806203509
-4.83389904546485,18.8079087984691,-4.92715071086587,18.8510587363094,-4.76433560655945,18.9272396705547,-4.82306192444051,18.7489912621156,-4.13994106361287,20.4115332319496,-4.82096784222487,18.6305638475238
-4.83980007537986,18.8034258784463,-4.93329009050639,18.8469787633395,-4.77042937939405,18.9230918886841,-4.82884800906817,18.7444240543814,-4.14716845252341,20.4100830556358,-4.82665508760204,18.6258741351845
-4.84562774919205,18.7988113293111,-4.93937946943952,18.8428238242184,-4.77647103576104,18.9188678570513,-4.83457633904627,18.7397839799689,-4.15437736614202,20.4085417512106,-4.83228256087699,18.6211122448633
-4.85145416486016,18.7941950789588,-4.94541794340604,18.8385946159972,-4.78245966384486,18.9145683566505,-4.84024604107373,18.7350718839446,-4.16156663024022,20.4069096201654,-4.83784938063265,18.6162790380779
-4.85721575782956,18.7895912785028,-4.95140461052244,18.8342918352403,-4.78839435404358,18.9101941644223,-4.84585624661285,18.7302886110888,-4.16873507290977,20.4051869666605,-4.84335466988689,18.6113753766263
-4.86297735079896,18.7849874780469,-4.95733863279776,18.8299160372401,-4.79427425587922,18.9057459082577,-4.85140613728335,18.7254348556305,-4.1758816339142,20.4033739872583,-4.84879759894633,18.606401972183
-4.86849700734554,18.7800567170451,-4.96321925100995,18.8254678836117,-4.80009860594817,18.9012243280545,-4.85689498631285,18.7205114139897,-4.18300528785074,20.4014710169875,-4.85417743238063,18.601359638053
-4.87394499449786,18.7750290997536,-4.96904549070999,18.8209481917968,-4.8058664304703,18.8966303228928,-4.86232186978218,18.7155192582475,-4.19010475153402,20.3994784561844,-4.85949324012714,18.5962493669109
-4.87939298165019,18.7700014824621,-4.9748163433829,18.8163578158317,-4.81157671313134,18.8919648149886,-4.86768583362013,18.7104593981686,-4.1971786935306,20.3973967173194,-4.8647440641213,18.5910721920582
-4.88484096880251,18.7649738651706,-4.9805310447034,18.8116976304165,-4.81722868742079,18.8872287484859,-4.87298617524358,18.7053328478702,-4.2042260004246,20.3952263245373,-4.869929197117,18.585829145701
-4.89017575808643,18.7598237408359,-4.98618886118078,18.8069684550958,-4.82282162316627,18.8824230168815,-4.87822221795633,18.7001405609736,-4.21124560827642,20.3929677647943,-4.87504795722889,18.5805212005785
-4.89550990643855,18.7546729228604,-4.99178909245219,18.802171057179,-4.82835481585208,18.8775484506683,-4.8833933112825,18.6948834314454,-4.21823650365918,20.3906214914061,-4.88009968869618,18.575149271107
-4.90071217958118,18.7493977161341,-4.99733103213044,18.7973061892429,-4.83382755567429,18.8726058648804,-4.88849879667703,18.6895623362274,-4.22519767434067,20.3881879470412,-4.88508372845907,18.5697142565647
-4.90591254794157,18.7441207127586,-5.00281391913632,18.7923746389859,-4.83923908212161,18.8675961124547,-4.89353796520425,18.6841781911317,-4.23212804450739,20.3856675884934,-4.88999936535672,18.5642170980489
-4.91104712018153,18.7388238057788,-5.0082369919574,18.7873771898484,-4.84458863289235,18.8625200388484,-4.89851010977671,18.6787319084494,-4.23902653935513,20.3830608691874,-4.89484588961251,18.5586587332406
-4.91618149024429,18.7335268376395,-5.01359963418909,18.7823144878104,-4.84987558683873,18.8573783463645,-4.90341465848286,18.6732242514503,-4.24589227103022,20.3803681731042,-4.8996227216432,18.5530399469498
-4.92102480288635,18.7279993524112,-5.01890125339781,18.7771871996188,-4.85509935417337,18.8521717634863,-4.90825106649792,18.6676560014608,-4.25272436970636,20.3775899221952,-4.9043293108309,18.5473615432435
-4.92579979001525,18.7224177534675,-5.02414083789644,18.7719963352376,-4.86025892706462,18.8469013625222,-4.91301840349755,18.6620283183963,-4.25952144633212,20.3747266953292,-4.90896472881939,18.5416247132116
-4.93060422546163,18.7167756176213,-5.02931733360048,18.7667429814124,-4.8653532487809,18.8415682845706,-4.9177157052804,18.6563424420217,-4.26628203612182,20.3717791098967,-4.91352801861478,18.5358307318145
-4.93540890709153,18.7111326806257,-5.03443020069532,18.761427900065,-4.87038178217713,18.836173346986,-4.92234249770683,18.6505992467872,-4.27300527104407,20.3687476726404,-4.91801870352858,18.5299804968907
-4.94013171703376,18.7054649844355,-5.0394789486589,18.7560517720647,-4.87534404258254,18.8307172879738,-4.92689834585858,18.6447995178372,-4.27969036321725,20.365632845051,-4.9224363451639,18.5240748173652
-4.94485452697599,18.6997972882454,-5.04446337242936,18.7506155657781,-4.88023984627732,18.8252011366619,-4.93138313892597,18.638944310731,-4.28633669596439,20.362435489874,-4.92678083391924,18.5181147639621
-4.94917282823234,18.6941321592796,-5.0493836037803,18.7451205308835,-4.8850693640081,18.8196262067495,-4.93579714398568,18.6330349415283,-4.29294387758171,20.3591568871051,-4.93105244093269,18.5121016567318
-4.95338334586142,18.6884670402428,-5.05423127791887,18.7395773617355,-4.88982438559078,18.8140033570711,-4.94013303034325,18.6270829033689,-4.29950000788483,20.3558037058983,-4.93524408730254,18.5060471733131
-4.9577942512548,18.6826220371483,-5.05899665809489,18.7339998925578,-4.89449531462252,18.8083465529707,-4.94438247800037,18.6211030032644,-4.30599047790746,20.3523845233154,-4.9393477681363,18.4999663169372
-4.96220515664818,18.6767770340538,-5.06368943123747,18.7283812795027,-4.89909181501609,18.802648911655,-4.94855462877685,18.6150876819655,-4.31242636273032,20.3488959248894,-4.94337241731591,18.4938513245896
-4.96630016427318,18.6709610614067,-5.06832065752808,18.7227114145645,-4.90362492249552,18.7969002977393,-4.95265946952646,18.6090258416681,-4.31882157962169,20.3453326642641,-4.94732781038409,18.4876909276017
-4.97031398449207,18.6651518086303,-5.07288598453381,18.7169996319617,-4.90809046679228,18.7911101694761,-4.95669346524933,18.6029271902041,-4.32516875255281,20.3417022280708,-4.95121066245095,18.4814949506006
-4.97438823722015,18.6591836676869,-5.07737957905448,18.7112569562993,-4.91248273926689,18.785289631873,-4.96065192200618,18.5968033567981,-4.33145830351435,20.338012747866,-4.95501650188072,18.4752751192754
-4.97846248994822,18.6532155267435,-5.08180720462657,18.7054823697609,-4.91680754465526,18.7794376427881,-4.96454069662672,18.5906529787734,-4.33769580535662,20.3342653102528,-4.95875107497778,18.4690299065745
-4.98242283404247,18.6471918013741,-5.08617653969939,18.6996732522894,-4.92107271723974,18.7735516222649,-4.96836734441564,18.584472873477,-4.34388939160273,20.3304605206151,-4.96242182219127,18.4627559485199
-4.98638270124406,18.6411678432936,-5.09049024975055,18.693831671067,-4.92528100850695,18.7676336453982,-4.97213477055774,18.578264921653,-4.35004093011595,20.3266016685184,-4.96603166568657,18.456455060049
-4.9902519126235,18.6351007701176,-5.09475179875637,18.6879601619003,-4.92943603073484,18.761686275382,-4.97584680374989,18.5720314451428,-4.35615291992985,20.3226928323311,-4.96958445493241,18.4501294685036
-4.99412061616945,18.6290334554206,-5.0989638689945,18.6820606582972,-4.93354055302726,18.7557114469155,-4.97950639631501,18.5657742044801,-4.36222732052861,20.3187371609824,-4.97308314720807,18.4437808599306
-4.99790310587496,18.6229224990244,-5.10312968776909,18.6761353833451,-4.93759788111252,18.749711362072,-4.9831170893816,18.5594952057621,-4.36826650592341,20.3147382649987,-4.97653133046815,18.4374111690805
-5.00168473710465,18.6168111015827,-5.10725310807918,18.6701869778127,-4.94161205939393,18.7436886968682,-4.98668317011668,18.5531968574372,-4.37427331475629,20.3107003978542,-4.97993334704177,18.4310227102159
-5.00539367309014,18.6106620713033,-5.11133712055645,18.6642173787237,-4.94558619917391,18.7376453960974,-4.99020792953257,18.5468808981073,-4.38024999403219,20.3066267537816,-4.9832925060257,18.424617140599
-5.00910260907563,18.6045130410239,-5.11538503386706,18.6582286960625,-4.94952374208688,18.7315835747543,-4.99369500658387,18.5405492146166,-4.38619903498743,20.3025208027468,-4.98661249587066,18.4181962691926
-5.01275019395693,18.5983324916963,-5.1194003129331,18.6522230704952,-4.95342828151205,18.7255053697306,-4.99714821934118,18.5342037180966,-4.39212308459416,20.2983861152508,-4.98989720412808,18.4117619319232
-5.01639766030206,18.5921518814708,-5.12338564109658,18.6462021335255,-4.95730254651652,18.7194123743064,-5.00057045385069,18.5278458227274,-4.39802420659142,20.2942254324057,-4.99314957773893,18.4053154919398
-5.01999785126285,18.5859478016807,-5.12734395634871,18.6401676311913,-4.96114958651632,18.7133063312918,-5.00396490610948,18.5214770573903,-4.40390466873427,20.2900416968687,-4.99637289123046,18.3988584238597
-5.02359422819406,18.5797410436975,-5.13127754880007,18.634120936475,-4.96497175875594,18.7071885975663,-5.00733402885909,18.5150986031525,-4.4097662352991,20.2858372106966,-4.99956965407679,18.3923918657435
-5.02698167991535,18.573375458458,-5.13518902476525,18.6280635610284,-4.96877180943976,18.7010607058956,-5.01068066643223,18.5087117840318,-4.41561093237286,20.281614538836,-5.0027427894296,18.3859170952024
-5.03036913163665,18.5670098732185,-5.13908116755897,18.6219955662834,-4.97255251568643,18.6949226609276,-5.01400764592365,18.5023164307799,-4.42144146266393,20.277374933633,-5.00589514650382,18.3794338876144
-5.03401943370883,18.560928813312,-5.14295710298524,18.6159172364605,-4.97631708484447,18.6887747354305,-5.01731823627664,18.4959126068926,-4.42726081812734,20.2731200457549,-5.00903003868695,18.3729422453057
-5.03777903086447,18.5549660611038,-5.14682014576886,18.6098289727904,-4.98006901535051,18.6826173762934,-5.02061598723842,18.4895005173222,-4.43307217082394,20.2688517634422,-5.01215104873059,18.3664422952772
-5.04106456472584,18.5485412799094,-5.15067342583052,18.603730303915,-4.98381141992838,18.6764500480825,-5.02390408360126,18.4830794619888,-4.43887882596161,20.264571075951,-5.0152613462065,18.3599332570305
-5.04434570068231,18.5421122124529,-5.15451829742537,18.5976238355197,-4.98754575852118,18.6702753651662,-5.02718423875228,18.4766519760084,-4.44468130272146,20.2602811741696,-5.01836274162223,18.3534176342423
-5.04812175374264,18.5359414909102,-5.15835554267922,18.5915125531765,-4.99127294550525,18.6640963441917,-5.03045759483383,18.4702210069539,-4.45047937147494,20.2559852898896,-5.02145647774043,18.3468983536188
-5.05201351789655,18.5298311703681,-5.16218903812902,18.5853937182289,-4.99499682029376,18.6579101834245,-5.03372776002786,18.4637834726369,-4.4562777393159,20.2516824119155,-5.02454611054544,18.3403722523624
-5.05562602190363,18.523477766783,-5.1660232866777,18.5792637387134,-4.99872190008236,18.6517132574638,-5.03699890143281,18.4573353919378,-4.46208209636415,20.247371083808,-5.02763577037018,18.3338352719462
-5.05923545751639,18.5171216923026,-5.16985832206609,18.5731254955976,-5.0024482912039,18.645508458177,-5.04027131220646,18.450879630735,-4.46789161463842,20.2430542536747,-5.03072587750393,18.3272902919706
-5.06286312134597,18.5107758424863,-5.17369379838407,18.5669828900067,-5.00617579026029,18.6392997358596,-5.04354509912096,18.4444201569739,-4.47370466564098,20.2387355825744,-5.03381668552915,18.3207412929798
-5.06649080691067,18.5044300048617,-5.1775311971743,18.5608372332596,-5.00990592043022,18.6330883869527,-5.04682201364921,18.4379582255674,-4.4795222135679,20.2344169181459,-5.03690999894791,18.3141894887686
-5.07014460449182,18.4980995919498,-5.18137172766203,18.5546896222339,-5.01363991143855,18.6268754885227,-5.05010341311083,18.4314948508046,-4.48534501130139,20.2300997637236,-5.04000720947957,18.30763585751
-5.07379844745,18.4917692058427,-5.18521684304396,18.5485412617137,-5.01737929985234,18.6206622587928,-5.05339092678629,18.4250311441885,-4.49117400858799,20.2257858281632,-5.04311002379852,18.3010814854815
-5.07749260672153,18.4854614532611,-5.18906819495001,18.5423934840822,-5.0211258379025,18.6144500503328,-5.05668644413606,18.4185683547978,-4.49701031147127,20.2214770406348,-5.04622041806929,18.2945275913115
-5.08118758208336,18.4791541588315,-5.19292716421833,18.5362473773027,-5.02488100430278,18.6082399780575,-5.05999147792352,18.412107470646,-4.50285484762937,20.2171749865375,-5.04933995917746,18.2879751310382
-5.08438518597032,18.4726330237315,-5.19679533254695,18.5301041659215,-5.02864649098276,18.6020332975956,-5.06330777892118,18.4056496134174,-4.50870869123924,20.2128814696476,-5.05247048716896,18.2814252022762
-5.08758124432769,18.466111224144,-5.20067347844806,18.5239657228738,-5.03242314761099,18.5958318974801,-5.06663630197504,18.3991965960642,-4.51457190577643,20.2085985718002,-5.05561303720924,18.2748796023859
-5.09187042852445,18.4599371243713,-5.20456213637714,18.5178337750769,-5.03621155061054,18.5896375091337,-5.06997770609996,18.3927500882695,-4.52044434353848,20.2043281012168,-5.05876833041743,18.2683399870269
-5.09644985296589,18.4538540113458,-5.2084727301182,18.5116950125272,-5.04002307543503,18.5834367488931,-5.07334240158805,18.3862959443819,-4.52634171746596,20.2000621746107,-5.06194648933001,18.2617919754985
-5.10048755845931,18.44735238807,-5.21241897655488,18.5055321090389,-5.04387130208494,18.5772121692288,-5.07674268123682,18.379815794796,-4.5322836861944,20.1957904948502,-5.06515939303671,18.2552169097105
-5.10452526395273,18.4408507647942,-5.21640217186466,18.4993476981241,-5.04775765685201,18.5709664483047,-5.08018028429988,18.3733122827894,-4.53827111113592,20.1915169101947,-5.06840894785646,18.2486174266465
-5.10788291704954,18.4342477543831,-5.22042136860017,18.4931484998117,-5.05168141232019,18.5647064047632,-5.08365521280746,18.3667923998164,-4.54430106257543,20.1872479890485,-5.07169535119382,18.2420005123188
-5.11123755840122,18.4276442949593,-5.22447005410171,18.4869490067129,-5.05563637206096,18.5584467032989,-5.08716248428503,18.3602713097422,-4.55036223477033,20.1829950182519,-5.07501388860029,18.2353813825834
-5.11571833115725,18.4212509464305,-5.22854174057267,18.4807638392375,-5.05961635665113,18.5522021336517,-5.09069704787601,18.3537642529853,-4.55644296669475,20.1787689530986,-5.07835974905841,18.2287753137667
-5.12050084865242,18.4149138967111,-5.23264603356292,18.4745823061568,-5.06363091230753,18.545961948153,-5.09426743557742,18.3472597234989,-4.56255589867143,20.1745631672237,-5.08174106606029,18.2221705225126
-5.12528336614758,18.4085768469916,-5.2367952003369,18.4683908049924,-5.06769232296716,18.5397125309769,-5.09788448116941,18.3407430331755,-4.56871753874986,20.1703697839678,-5.08516854033144,18.2155521623148
-5.13006588364275,18.4022397972721,-5.24099399472628,18.462188060558,-5.07180540840428,18.5334526235471,-5.10155274905187,18.3342125107166,-4.57493305713898,20.1661899222479,-5.08864706504146,18.2089186279111
-5.13459870644127,18.3958588645827,-5.24524475169268,18.4559758657502,-5.07597255167487,18.5271840339067,-5.10527479202258,18.3276698281443,-4.58120422286609,20.1620266567579,-5.09217941788149,18.2022716148578
-5.13912674608201,18.38947709127,-5.24954470611059,18.4497644158364,-5.08019123390115,18.5209171017783,-5.10904895559882,18.3211255629199,-4.58752478446672,20.1578887564353,-5.09576426040559,18.1956217560544
-5.142859797877,18.3828737797158,-5.25389083572811,18.4435640212028,-5.08445848243457,18.5146621576363,-5.11287336712483,18.3145904567429,-4.59388799367829,20.1537846968846,-5.09939980432322,18.1889797264935
-5.14658566317766,18.3762684655105,-5.25828063656731,18.4373832056793,-5.08877184765598,18.5084277601185,-5.11674632918355,18.308073325715,-4.60028807904567,20.1497212329394,-5.10308430648174,18.1823542245663
-5.15206666143958,18.3703868320039,-5.26271233941938,18.4312309447896,-5.09312982733695,18.5022230588909,-5.12066681985436,18.3015833290182,-4.60671968821865,20.1457056747379,-5.10681687504771,18.1757543581946
-5.15795808727868,18.364674373653,-5.26719487372461,18.4251004339219,-5.09754151176296,18.4960413667421,-5.12464298048608,18.2951129021445,-4.61319340424431,20.14173487153,-5.11060547596994,18.1691723539141
-5.16292468472266,18.3585644019777,-5.27173960219226,18.418983427818,-5.10201838187541,18.4898745235858,-5.12868527700294,18.2886528588483,-4.6197228640016,20.1378056889437,-5.1144606782335,18.1625989426212
-5.16789128216664,18.3524544303025,-5.27634653356041,18.4128885509882,-5.10656046267609,18.4837311660183,-5.13279444485122,18.2822118899929,-4.62630488976663,20.1339264780664,-5.11838376827616,18.1560429755133
-5.17300464139219,18.346469262664,-5.28101347142098,18.4068261716896,-5.11116556213914,18.4776216807134,-5.13696927162066,18.2758006831486,-4.63293345825456,20.1301061598132,-5.12237376067549,18.149515134185
-5.17811906850504,18.340485003141,-5.28574336138626,18.4008003414566,-5.11583666028203,18.4715501626809,-5.14121311775142,18.2694232025255,-4.63960960305152,20.126349621549,-5.1264339418487,18.1430191802196
-5.1824034440206,18.3341094781775,-5.29053864106214,18.3948148830127,-5.12057616099997,18.4655204402247,-5.14552866160672,18.2630831314544,-4.64633394604368,20.1226613114647,-5.13056694358733,18.1365586294239
-5.18666474699125,18.3277230773967,-5.29539939968359,18.3888756684046,-5.12538421060217,18.459538475367,-5.14991630636118,18.256786321306,-4.65310412785317,20.1190466354346,-5.13477326038111,18.1301392724806
-5.1921276512704,18.3224257865107,-5.30032511507823,18.3829883370746,-5.13026031626416,18.453609990239,-5.15437578700569,18.2505384116779,-4.65991727600745,20.1155104857536,-5.13905275145229,18.1237667299338
-5.19795471638967,18.3174585644847,-5.30530842036857,18.3771656082805,-5.13519723548019,18.4477478804755,-5.15890051014411,18.2443525905727,-4.66676138338719,20.1120614719235,-5.14339913023923,18.1174543220203
-5.20378178150893,18.3124913424587,-5.31033851047818,18.3714225928148,-5.14018433415178,18.4419674929461,-5.16348043884,18.2382445396323,-4.67362018270974,20.1087087260334,-5.14780273926243,18.1112179560335
-5.20960884662819,18.3075241204327,-5.31541263424482,18.3657636524088,-5.14521862462193,18.4362730870964,-5.16811255756957,18.2322184451596,-4.68048890703594,20.105454349803,-5.15226072674284,18.1050619275944
-5.2149910809982,18.3024379433966,-5.32053038196733,18.3601898228312,-5.15029946695012,18.4306655957547,-5.17279596157007,18.2262749912076,-4.68736631065031,20.1022983654183,-5.15677238285026,18.0989870714579
-5.2203724493936,18.2973515347847,-5.32569330224325,18.3546996363368,-5.15542828371796,18.4251435370734,-5.17753171528257,18.2204123526981,-4.69425407123179,20.0992395016275,-5.16133892545111,18.0929916913871
-5.22584926560449,18.2924565080011,-5.33090286884822,18.3492915692498,-5.16060637851411,18.4197053289024,-5.18232105252201,18.2146288396968,-4.70115396896552,20.096276701416,-5.16596168485896,18.0870741860608
-5.23132745156791,18.2875642276998,-5.33615956081937,18.3439650303408,-5.16583409380972,18.4143503480418,-5.18716447343694,18.2089239206729,-4.70806660225914,20.0934095899468,-5.17064118737263,18.0812340590542
-5.23690120797029,18.2828475040047,-5.34146380560355,18.3387193597261,-5.17111172167144,18.4090778991723,-5.19206253497244,18.2032971039776,-4.71499259498184,20.0906378219672,-5.17537790397906,18.0754707623659
-5.2424757758717,18.2781322695913,-5.34681587475397,18.333553969658,-5.17643936547999,18.4038873201877,-5.19701567744134,18.1977480249162,-4.72193241835085,20.0879611168371,-5.18017212449405,18.0697838169291
-5.2481451619694,18.2735806300105,-5.35221600211287,18.3284682520175,-5.18181711159341,18.3987779419329,-5.20202428307877,18.1922763004184,-4.72888652106046,20.0853791883107,-5.18502406353963,18.0641727041242
-5.2538145480671,18.2690289904297,-5.35766430694819,18.32346167443,-5.18724498250237,18.3937492182266,-5.20708856976831,18.1868815951397,-4.73585521405716,20.0828917875316,-5.18993380041641,18.0586369721475
-5.2595911552725,18.2646497851097,-5.36316089193305,18.3185337030058,-5.19272300315851,18.3888006185717,-5.21220865625553,18.1815635068349,-4.74283878727783,20.0804986611402,-5.19490137700815,18.0531761542912
-5.26536915938906,18.2602728263188,-5.36870556534154,18.3136840620775,-5.19825095280524,18.3839319233621,-5.2173843257628,18.1763218596232,-4.74983714925336,20.078199672232,-5.19992655672161,18.0477900620911
-5.27124507096634,18.2560528470337,-5.37429814568919,18.308912457014,-5.20382864139984,18.3791429193144,-5.22261534411433,18.1711564344874,-4.75685021366935,20.0759946558319,-5.2050091025651,18.042478480634
-5.277121450631,18.2518336182545,-5.37993842758455,18.3042186158179,-5.20945585686726,18.3744334213458,-5.22790144528093,18.1660670278924,-4.76387785323158,20.073883445938,-5.21014875178477,18.0372412169465
-5.28242860242345,18.2467932164222,-5.38562620792662,18.2996022745873,-5.21513238114318,18.3698032460012,-5.23324236488135,18.1610534434064,-4.77091993106029,20.0718658752624,-5.21534524320778,18.0320780852934
-5.28772873438478,18.2417426877209,-5.39136534905991,18.2950599689137,-5.22086205556102,18.365249004808,-5.23864168743642,18.1561120268355,-4.77798131734944,20.0699404907668,-5.2206020864486,18.0269853570539
-5.29433607178986,18.2384613267637,-5.39715994289479,18.2905884010601,-5.22664894347133,18.3607674687886,-5.24410330143347,18.1512393469438,-4.78506705612676,20.068106221768,-5.22592312601095,18.0219595461983
-5.30135125659582,18.2357319451986,-5.40301227512722,18.2861859826121,-5.23249529443582,18.356357110396,-5.24962947471775,18.1464338823895,-4.79217986622046,20.066362945163,-5.23131062432942,18.0169991084536
-5.3078821504194,18.2319949604168,-5.40892562094867,18.281850601113,-5.23840436481568,18.3520159033297,-5.25522344355699,18.1416935549565,-4.79932357247726,20.0647104765663,-5.2367677715519,18.0121018913113
-5.31438027494373,18.2281897966837,-5.4149026088264,18.2775808770976,-5.24437877608962,18.3477425747456,-5.26088783627385,18.1370170624239,-4.80650110137524,20.0631490649689,-5.24229716555619,18.007266528946
-5.32087839946806,18.2243846329505,-5.42094514409527,18.2733761498914,-5.25042042216304,18.3435365699812,-5.26662457589546,18.1324038442556,-4.81371440872868,20.061679316562,-5.24790071760564,18.0024924146006
-5.32737652399238,18.2205794692174,-5.42705282604463,18.2692374790544,-5.25652889017066,18.3393990594143,-5.27243336191049,18.1278551763052,-4.82096262085577,20.0603024374635,-5.25357815038368,17.997780819102
-5.33406184944479,18.2170014750144,-5.43322507336177,18.2651660319079,-5.26270359381747,18.3353313384695,-5.27831367026808,18.123372398993,-4.82824462275693,20.0590195629091,-5.25932894696656,17.9931330607742
-5.34075284355972,18.2134303597699,-5.43945983881174,18.2611638953045,-5.26894248818142,18.3313356414435,-5.28426352798605,18.1189578105927,-4.83555756045516,20.0578319856148,-5.26515116126769,17.9885514433481
-5.34756212139742,18.2100325679925,-5.44575496237755,18.2572331052576,-5.27524341820057,18.3274141657014,-5.29028080369786,18.1146136093877,-4.84289847424751,20.056740804697,-5.27104268783629,17.9840381733812
-5.35437458021744,18.2066397996813,-5.45210892794652,18.2533751836782,-5.28160485522589,18.323568576496,-5.29636394842433,18.1103413982972,-4.85026518739855,20.0557468355251,-5.27700200478549,17.9795948661824
-5.3612780900945,18.2034057876724,-5.45852019747602,18.2495915917889,-5.28802522353799,18.3198004449561,-5.30251138199466,18.1061427074223,-4.85765552254927,20.0548507937154,-5.28302757845637,17.9752230923431
-5.36818159997155,18.2001717756635,-5.46498718439389,18.2458837472719,-5.29450288406284,18.3161112790771,-5.30872147825097,18.1020190276038,-4.86506727397916,20.0540533155028,-5.28911784248032,17.9709244047671
-5.3751879402214,18.1971285816449,-5.47150828533424,18.2422530060261,-5.30103616198946,18.3125024954868,-5.31499260066791,18.0979717985394,-4.8724982457791,20.0533549620277,-5.29527122173609,17.966700311586
-5.3821949949898,18.1940867135283,-5.4780820778002,18.238700557227,-5.30762355429713,18.3089753291396,-5.32132329296178,18.0940022929108,-4.8799464760481,20.0527562085593,-5.30148631511084,17.9625521488362
-5.38865300805616,18.1902957820229,-5.48470710464281,18.2352275539444,-5.31426351712002,18.3055309676346,-5.32771207089385,18.0901117596567,-4.8874099876032,20.0522574824486,-5.30776168862637,17.958481225144
-5.39510245188716,18.1864931594192,-5.49137929048454,18.2318364258791,-5.32095187728347,18.3021718529022,-5.33415492280954,18.0863028920226,-4.89488389226302,20.0518592832555,-5.31409339898646,17.9544903283303
-5.40233484074755,18.1841947114057,-5.49809442027708,18.2285294543632,-5.32768432915245,18.2989002904972,-5.3406476726623,18.0825782137697,-4.90236323413673,20.0515618376733,-5.32047730409377,17.9505820314738
-5.41012239497607,18.1829628333411,-5.50485475979413,18.2253056113353,-5.33446308227199,18.295715347735,-5.34719237891063,18.0789364869297,-4.90985033031728,20.0513650000824,-5.32691543714284,17.9467550487071
-5.41754461976881,18.1808024108517,-5.51166510094709,18.2221628904474,-5.34129286466687,18.2926151036096,-5.3537935804295,18.0753753663608,-4.91735021113617,20.0512689329132,-5.33341237309414,17.9430070806652
-5.4248882214715,18.1784421549387,-5.51852365076536,18.2191025603252,-5.34817176743543,18.2896008005778,-5.36044951463394,18.0718963052903,-4.92486055720939,20.0512742175267,-5.33996648455299,17.9393397997853
-5.43223182317419,18.1760818990257,-5.52542543549727,18.2161271916066,-5.35509470864632,18.2866749953061,-5.36715536175967,18.0685023303605,-4.93237560856106,20.0513812440626,-5.34657301859065,17.9357563434222
-5.43957542487689,18.1737216431126,-5.53236871257724,18.2132377530251,-5.3620598816324,18.2838387447531,-5.37390940023171,18.0651946247745,-4.93989320837349,20.051590157886,-5.35323021207306,17.932257811321
-5.44681434387435,18.1716838810096,-5.53935243455505,18.2104348752851,-5.3690661656441,18.2810927511922,-5.38071053764251,18.0619739064993,-4.94741197419113,20.0519010547632,-5.35993694812891,17.9288448671717
-5.45405190306778,18.1696504333184,-5.54636334125247,18.207723894988,-5.37610014684197,18.2784422162652,-5.38754573987923,18.0588462496648,-4.95491746628379,20.0523131413298,-5.36668028877221,17.9255237854413
-5.46127859841787,18.1678220948868,-5.55338777075737,18.2051095734036,-5.38314802980102,18.275891798062,-5.39440143267115,18.0558169323228,-4.96239514733695,20.052824583685,-5.37344668900589,17.9222999499782
-5.46850521940097,18.165996808979,-5.56042562963317,18.2025910882737,-5.3902096870088,18.2734408344994,-5.40127713704519,18.052884541785,-4.96984517653235,20.0534339193011,-5.38023562643215,17.9191719228799
-5.4757272817067,18.1643586419758,-5.56747704323163,18.2001676027311,-5.39728516627208,18.2710885358137,-5.4081726125861,18.0500476186319,-4.9772679295081,20.0541399321713,-5.38704695630258,17.9161385252291
-5.48294773190995,18.1627143736255,-5.57454202811398,18.1978383859431,-5.40437435727358,18.2688340662137,-5.41508763339398,18.0473050378291,-4.9846636370006,20.0549416633723,-5.39388057528192,17.913198982088
-5.48997362296807,18.1603337545147,-5.58162067713214,18.1956027443589,-5.41147723560677,18.2666766407575,-5.42202217172961,18.0446559732231,-4.99203257595189,20.0558383818048,-5.40073653026345,17.9103527132134
-5.49699951402618,18.1579531354039,-5.58871948189783,18.1934581144797,-5.41860022645087,18.2646137622213,-5.42898257648623,18.0420976081115,-4.999381599223,20.0568305125325,-5.40762114055817,17.9075968816674
-5.50402540508429,18.1555725162931,-5.59584499450784,18.1914023241548,-5.42574981158638,18.2626433216093,-5.43597536356776,18.0396277634509,-5.00671741106724,20.0579191210027,-5.41454089160112,17.9049292517607
-5.50985004450689,18.1577712067164,-5.60299610470682,18.1894357117012,-5.43292475588365,18.2607655261061,-5.44299958700094,18.0372473797042,-5.01403867634724,20.0591044548462,-5.42149483727143,17.9023507674705
-5.51692723837264,18.1558962433061,-5.61014601684296,18.1875653196055,-5.44009805203641,18.2589869220324,-5.45002897148213,18.0349654147698,-5.02131797710171,20.0603817138929,-5.42845676970664,17.8998706249516
-5.52402766231431,18.1539380370529,-5.61729280321116,18.185790635025,-5.44726774419564,18.2573071675579,-5.45706142180302,18.0327812208139,-5.02855374346673,20.0617491004014,-5.43542439216981,17.8974877070001
-5.53155330574955,18.1535493283112,-5.62446087752401,18.1841049090202,-5.45445830607686,18.2557201006563,-5.46412073610861,18.0306862165054,-5.0357708932962,20.0632105072088,-5.44242132709151,17.8951929601254
-5.5392400416633,18.1537552165906,-5.63164207113772,18.1825099623873,-5.46166140718986,18.2542272072122,-5.47119878991112,18.0286825820956,-5.0429610802219,20.0647644082522,-5.44943967707295,17.8929892904547
-5.54666279139276,18.153022299629,-5.63882477988681,18.1810079530451,-5.46886528619642,18.2528302590038,-5.47828409641005,18.0267731924406,-5.05011273939823,20.0664079130633,-5.45646804774473,17.8908799439354
-5.55408321655767,18.1522811158963,-5.6460116887606,18.1795976827317,-5.47607261374513,18.2515283561185,-5.4853792077671,18.0249566252527,-5.0572287247757,20.0681409086272,-5.46350891469959,17.8888633343944
-5.5614814631826,18.1517363768183,-5.65320847482301,18.1782775924427,-5.4832890294635,18.2503201706282,-5.49248964452108,18.0232309204208,-5.06431472613804,20.069964353908,-5.47056775870407,17.8869374347813
-5.56887953919033,18.1511931489686,-5.66041454013244,18.1770475309883,-5.49051383673218,18.2492054561555,-5.49961478197982,18.0215960367493,-5.07137011174376,20.0718779793625,-5.47764397827128,17.885102347573
-5.57609819509678,18.1500788212092,-5.66762923866133,18.1759073686903,-5.49774628932419,18.2481839501922,-5.50675397260872,18.0200520801136,-5.07839419146469,20.0738815134907,-5.48473691604808,17.8833581920114
-5.58331502543025,18.1489586825927,-5.6748544571416,18.1748566185728,-5.50498819953093,18.2472551905599,-5.51390907537846,18.0185986833159,-5.08538871495401,20.0759754330341,-5.49184839593052,17.8817044956128
-5.59076934521368,18.149398250178,-5.68209213316357,18.1738949247167,-5.51224143547566,18.2464189025701,-5.52108198693492,18.0172355438971,-5.09235540303672,20.0781603967478,-5.49898030413045,17.880140943663
-5.59827844138688,18.1501966939224,-5.6893402666292,18.173022544038,-5.5195039212749,18.2456754062353,-5.52827068610528,18.0159631088213,-5.0992921446802,20.0804359411125,-5.5061306386311,17.8786681221148
-5.60568688176618,18.1502121293322,-5.69659660667404,18.1722397017459,-5.52677331586123,18.2450248562765,-5.53547290302232,18.0147818449301,-5.10619663647265,20.0828013810269,-5.51329711548103,17.877286484514
-5.61309532214547,18.1502275647419,-5.7038605661766,18.1715463934356,-5.53404895287414,18.2444672810578,-5.54268800603332,18.013691857495,-5.11306819525062,20.0852564704405,-5.52047907494685,17.8759960418383
-5.62048710388745,18.150434767572,-5.71113177437148,18.1709426089112,-5.54133038157013,18.2440027161965,-5.54991556020018,18.0126931157215,-5.11990633721159,20.0878010409125,-5.52767607545802,17.8747967887343
-5.62787884826098,18.1506424005724,-5.7184091780654,18.1704284089467,-5.54861646432975,18.2436312271014,-5.55715445036131,18.0117856602885,-5.12670993088859,20.0904346922193,-5.53488700671451,17.8736888733305
-5.63525166073124,18.1510392100562,-5.72569172396126,18.1700038431899,-5.55590606196991,18.2433528441789,-5.5644035673228,18.0109695511746,-5.13347785292786,20.0931570004453,-5.54211075878575,17.8726724399484
-5.64262426862848,18.151437861888,-5.73297835099539,18.1696689505313,-5.56319802816103,18.2431675992197,-5.57166179734526,18.0102448556741,-5.14020898086013,20.0959675170147,-5.54934621313397,17.8717476226679
-5.649974390783,18.152016882673,-5.74026799835708,18.1694237583728,-5.57049121660325,18.2430755112251,-5.57892802751331,18.009611628229,-5.14690219984081,20.098865774686,-5.55659225005456,17.8709145399603
-5.65732445716871,18.1525963107876,-5.74755960261878,18.1692682827159,-5.57778447816821,18.2430765761847,-5.58620114327701,18.0090699156881,-5.15355639975154,20.1018512878642,-5.56384774626396,17.8701732976622
-5.66464942234931,18.1533590754663,-5.75485210016391,18.1692025279826,-5.58507666388681,18.2431707652299,-5.59348003115496,18.0086197652787,-5.16017047708256,20.1049235549733,-5.57111157737637,17.8695239890289
-5.6719743875299,18.154121840145,-5.7621444209989,18.1692264869809,-5.59236661884585,18.2433580454722,-5.60076357129628,18.0082612123487,-5.16674332894048,20.1080820570942,-5.57838261170888,17.8689666947356
-5.67926102693166,18.1544532212759,-5.76943549542239,18.169340140606,-5.5996531887796,18.2436383702765,-5.6080506439421,18.0079942748093,-5.17327385887908,20.1113262614831,-5.58565971704288,17.868501483651
-5.6865474496102,18.1547821630349,-5.77672445113128,18.1695434633392,-5.60693541701846,18.2440116896266,-5.61534032690589,18.0078189529696,-5.17976115135391,20.1146557136611,-5.59294195760761,17.8681284048156
-5.69377015057343,18.1561103491346,-5.78401041738035,18.1698364275021,-5.61421234892195,18.2444779451954,-5.62263170029439,18.0077352493681,-5.1862042915955,20.1180699596995,-5.60022839923954,17.8678475124378
-5.70097571069987,18.157707327185,-5.79129206562363,18.1702189792103,-5.62148257323193,18.2450370385962,-5.62992338625839,18.0077431708974,-5.19260196501564,20.1215683195663,-5.60751764881607,17.8676588657857
-5.70818127082631,18.1593043052354,-5.79856800612704,18.1706910358505,-5.62874461852145,18.2456888406318,-5.637213944718,18.0078426949029,-5.19895281965808,20.1251500500128,-5.61480824948207,17.8675624831651
-5.71538684294685,18.1609006173605,-5.80583707817449,18.1712525046301,-5.63599724202922,18.2464332248579,-5.64450216453568,18.00803376429,-5.20525571958069,20.1288144883309,-5.62209897224964,17.8675583421514
-5.72259441495477,18.1623858935869,-5.81309818458592,18.1719032818013,-5.64323926560557,18.2472700472789,-5.6517868986126,18.0083163004351,-5.21150959256377,20.1325609866902,-5.62938865140152,17.8676464052388
-5.72980198696269,18.1638711698132,-5.82035037938493,18.1726432654521,-5.65046966287803,18.2481991654031,-5.65906715201014,18.0086902197765,-5.21771350136018,20.1363889653803,-5.63667627258786,17.8678266346776
-5.73694887662368,18.1655363506381,-5.82759271664305,18.1734723475149,-5.657687408547,18.2492204261362,-5.66634193019741,18.0091554383843,-5.22386650987721,20.1402978414613,-5.64396082098271,17.8680989960371
-5.74409517551583,18.167203282912,-5.83482308305798,18.1743902655095,-5.66489031548244,18.2503334866102,-5.67360906567009,18.0097117781734,-5.22996670692179,20.1442863710094,-5.65124010683672,17.8684633713858
-5.75118748903809,18.1690494036076,-5.84203936398501,18.1753966920752,-5.67207619645934,18.2515379447604,-5.68086638877692,18.0103589768855,-5.23601222566001,20.1483532258182,-5.6585119376702,17.8689195305457
-5.75827849560718,18.1708997481332,-5.84924061875011,18.1764914130271,-5.6792440325041,18.2528335568126,-5.68811291216722,18.0110967999729,-5.24200221405455,20.1524976827413,-5.66577530315271,17.8694672586004
-5.76531433695589,18.1729186548729,-5.85642592298044,18.1776742101073,-5.68639282432024,18.2542200565006,-5.69534766719842,18.0119250061391,-5.24793583183322,20.1567190315627,-5.67302920911412,17.8701063627534
-5.77235098564949,18.1749310057864,-5.86359435224564,18.1789448589679,-5.69352157580315,18.2556971580381,-5.70256968513157,18.0128433653446,-5.25381223566861,20.161016566277,-5.68027265921344,17.8708366759162
-5.77942263731977,18.1766591244816,-5.87074500016761,18.1803031324668,-5.70062930929526,18.2572645754065,-5.70977801396274,18.0138516649348,-5.25963059435995,20.1653895943744,-5.68750467340509,17.8716580426634
-5.78649428899005,18.1783872431768,-5.87787763516371,18.1817489348011,-5.70771571726604,18.2589221786309,-5.71697237929634,18.0149498151177,-5.26539061521511,20.1698378509009,-5.69472495156941,17.8725704075068
-5.7932774855362,18.1810603937737,-5.884992002315,18.183282194149,-5.7147804694997,18.2606698571105,-5.72415247989794,18.0161377795709,-5.27109196040667,20.1743610983182,-5.70193316733978,17.8735737666644
-5.79998154622624,18.1839928079522,-5.89208587261269,18.1849024159435,-5.72182128040711,18.2625070006078,-5.73131601860447,18.0174152096723,-5.27673271416341,20.1789578375451,-5.70912699654084,17.8746678123169
-5.80684518355531,18.1865324767449,-5.89915671695232,18.1866089594148,-5.72883556672318,18.2644328556831,-5.73846039500949,18.0187815976399,-5.28231078701612,20.1836262669967,-5.7163038173764,17.8758520306198
-5.81371044302228,18.1890681531789,-5.90620412312785,18.1884016318133,-5.73582283852761,18.2664472143558,-5.74558515398648,18.0202367325653,-5.28782580183271,20.1883659104119,-5.72346315930401,17.8771261700528
-5.82060766020208,18.191376343056,-5.91322800042158,18.1902803454581,-5.74278292905962,18.2685499642179,-5.75269016968382,18.0217804842088,-5.29327760797339,20.1931765472722,-5.73060487210726,17.8784901185241
-5.82750556354859,18.1936796485502,-5.92022779744563,18.1922449196127,-5.74971522391794,18.2707408539879,-5.75977484598207,18.0234126826453,-5.29866566676828,20.1980576877547,-5.73772832994471,17.8799437548009
-5.83400845032969,18.1973397224093,-5.92720296114369,18.1942951853675,-5.75661910651922,18.2730196482541,-5.76683857755898,18.0251332042201,-5.30398942323905,20.2030088608803,-5.74483290039583,17.8814869906821
-5.84067547996857,18.2003310824468,-5.93415132979291,18.1964304918708,-5.76349236731843,18.275385582897,-5.77387912495366,18.026941533043,-5.30924710877733,20.2080284329267,-5.7519163179114,17.8831193377801
-5.84734250960744,18.2033224424843,-5.941071517208,18.1986503630026,-5.77033356327355,18.2778381039684,-5.78089503620107,18.0288372680114,-5.31443759218736,20.2131152495807,-5.75897711598424,17.8848403701088
-5.85400953924632,18.2063138025218,-5.94796326227209,18.200954665453,-5.77714236155849,18.2803770458201,-5.78788600494572,18.0308202747745,-5.31956059609508,20.2182689657907,-5.76601497592049,17.8866499245648
-5.86069284927483,18.2091701867481,-5.95482553804202,18.2033430268788,-5.78391768153339,18.28300195311,-5.79485094757889,18.0328902199814,-5.3246152592395,20.2234886860456,-5.77302879254712,17.8885476799155
-5.86737634799898,18.2120250065556,-5.96165766169848,18.2058151852147,-5.79065878507464,18.2857124887657,-5.80178912580516,18.0350468755857,-5.32960097545751,20.2287737701782,-5.78001780848763,17.8905334132002
-5.873424902355,18.2154352186339,-5.96845895330055,18.2083708840661,-5.79736493378463,18.2885083309563,-5.80869980089067,18.0372900282639,-5.3345171336062,20.2341235882248,-5.78698126674412,17.8926069158371
-5.87930890230035,18.2189893681221,-5.97521254635053,18.211003562051,-5.80401946454181,18.2913822190646,-5.81556582512663,18.0396137588094,-5.33935169336568,20.2395244256033,-5.79390192629425,17.89476248626
-5.88548887088591,18.2224193088221,-5.98189779587379,18.2137042193625,-5.81060200169554,18.2943243808076,-5.82236638368967,18.0420092784468,-5.34409076296263,20.244958331239,-5.80075884819542,17.8969915517915
-5.89169740780085,18.2258372602873,-5.98852168614766,18.2164742677771,-5.81711933269816,18.2973366037711,-5.82910891557857,18.0444765348799,-5.34874053124821,20.2504290483282,-5.80755942972662,17.8992939812512
-5.89775523250467,18.2294371430471,-5.99509623410386,18.2193177146895,-5.8235832274888,18.3004233391513,-5.83580588073634,18.0470182919193,-5.35331015143608,20.2559452465218,-5.8143160100072,17.901672740189
-5.90378973821658,18.2330651751809,-6.00162286317287,18.2222345474567,-5.82999512843815,18.3035844033095,-5.84245873964371,18.0496344472578,-5.35780081063429,20.2615075104819,-5.82102985537028,17.9041281588574
-5.90982424392849,18.2366932073147,-6.00810203416434,18.2252244213371,-5.83635552479841,18.3068192697206,-5.84906781755968,18.0523250032705,-5.36221287090321,20.2671157835441,-5.82770120214397,17.9066603781967
-5.91585874964041,18.2403212394486,-6.01453316342189,18.2282865517551,-5.84266381060304,18.3101270781237,-5.85563231275009,18.0550896857332,-5.36654595659444,20.2727691395931,-5.83432925942742,17.9092690029056
-5.92196936990452,18.243945146714,-6.02091551973813,18.2314200780485,-5.84891922662997,18.3135069049696,-5.86215127831322,18.0579280914769,-5.3707996325985,20.278466481046,-5.84091315207574,17.9119533681516
-5.92808079509762,18.2475690103581,-6.02725382877436,18.2346268872843,-5.85512636630797,18.3169607729363,-5.86862935299079,18.0608422526573,-5.37497703960521,20.2842116579462,-5.84745764370345,17.914715145885
-5.93361407521991,18.2515891774394,-6.0335527545653,18.2379091507038,-5.86128976763419,18.3204909575443,-5.87507108885658,18.0638345357839,-5.37908102215939,20.2900088164285,-5.85396738395794,17.9175564485956
-5.93899062579875,18.2557186491664,-6.03980475413824,18.2412628128504,-5.86740204836051,18.3240929809724,-5.88146857932591,18.0669015643375,-5.38310645932712,20.295850939678,-5.86043445660854,17.920473899501
-5.9448770398908,18.2596314425301,-6.04600063686106,18.244682482323,-5.87345419711557,18.3277610318804,-5.88781240189053,18.0700382851229,-5.38704763389359,20.3017288853271,-5.86684940347522,17.9234624708511
-5.95076345398285,18.2635442358938,-6.05214639638271,18.2481708438264,-5.87945198047243,18.3314980923403,-5.89410881231629,18.0732467492145,-5.39090870879994,20.3076475952072,-5.87321851380564,17.9265240814854
-5.9566498680749,18.2674570292575,-6.05824961130579,18.2517319112311,-5.88540273377229,18.3353084687812,-5.90036559709395,18.0765305089048,-5.39469443887928,20.3136140582485,-5.87954955821502,17.9296622832227
-5.96065659050196,18.2716275523284,-6.06430942538307,18.2553651597679,-5.89130562953875,18.3391914654528,-5.90658175084354,18.0798892697095,-5.398404027871,20.319627442578,-5.88584145379221,17.9328769203137
-5.96623649419104,18.2760363871916,-6.07031457415795,18.2590636403488,-5.89714971142247,18.3431395380652,-5.91274559546279,18.0833167454461,-5.40203055469678,20.3256763163242,-5.89208243294007,17.9361618479677
-5.97182037765723,18.2804458093154,-6.07626252704602,18.2628252241925,-5.90293247450591,18.3471504366793,-5.91885456579266,18.0868107600541,-5.40557285981073,20.331757412529,-5.89826995991739,17.9395147819779
-5.97736347223159,18.2847723941452,-6.08216172596734,18.2666534088487,-5.90866215205814,18.3512279777058,-5.92491735384903,18.0903742059508,-5.40903687668094,20.3378775540958,-5.90441278076344,17.9429384200617
-5.98290629906887,18.2890984352335,-6.08801380423254,18.2705479793079,-5.91434039121109,18.3553719008718,-5.9309355391375,18.0940068282705,-5.41242403052044,20.3440372365512,-5.91051239216967,17.9464325923209
-5.98822155344478,18.2935977913497,-6.09382256195951,18.2745055870085,-5.9199713126693,18.3595786868865,-5.93691265824926,18.0977052566078,-5.41573912401901,20.3502351781561,-5.91657228170257,17.9499937808712
-5.99347535879982,18.2981439459173,-6.09958794267469,18.2785130258542,-5.92555587957646,18.3638344821533,-5.94284809960621,18.1014562187233,-5.41898836699521,20.3564594532927,-5.92259169047364,17.9536084591336
-5.99872916415485,18.3026901004849,-6.10530682682358,18.2825587523841,-5.93109172714022,18.3681272587389,-5.94873825592531,18.1052482627103,-5.42217471964855,20.3626980986449,-5.92856675945663,17.957265245935
-6.00398296950989,18.3072362550525,-6.11098625289937,18.2866290065986,-5.93658710270057,18.3724427769432,-5.95459010462042,18.1090664712916,-5.42531172214715,20.3689416605486,-5.93450430877012,17.9609487711584
-6.00924496024493,18.3116971300918,-6.11663178938703,18.2907156581137,-5.94204848596137,18.376772453111,-5.96040925256756,18.1129018747917,-5.42840902024711,20.3751850208073,-5.94040960600075,17.9646501583925
-6.01450695915029,18.3161579200084,-6.12225196232529,18.294811867687,-5.94748511256133,18.3811093146418,-5.96620446211984,18.1167464583803,-5.43147836731218,20.381425564479,-5.94629109790235,17.9683614020838
-6.01970739243097,18.3206517632615,-6.12785516371467,18.298911157647,-5.952906248527,18.3854465175224,-5.97198451733689,18.1205923660331,-5.43453126238711,20.3876609374147,-5.95215716578938,17.9720747956167
-6.02490707601056,18.3251460090139,-6.13344650579917,18.3030078932394,-5.95831765201355,18.3897781524476,-5.97775462138502,18.1244332315727,-5.43757563045432,20.3938881496233,-5.95801265439823,17.9757841893639
-6.03003616181362,18.329691621515,-6.13902802841056,18.307100671921,-5.96372105615802,18.3941033640783,-5.98351608294859,18.1282685663234,-5.4406139215105,20.4001069131223,-5.96385891600954,17.9794889777749
-6.03516459793782,18.334237328117,-6.14460142713886,18.3111883845168,-5.96911769638526,18.3984217482562,-5.98926986267155,18.1320982120707,-5.44364792194707,20.406317147337,-5.96969713005322,17.9831886297086
-6.04028440433084,18.3387698164591,-6.15016714019731,18.3152716520121,-5.97450772165675,18.4027342722109,-5.99501570933471,18.135923846843,-5.44667725041574,20.4125198406484,-5.97552726250892,17.9868845451347
-6.04540421072386,18.3433023048011,-6.15572342928345,18.3193540708593,-5.97988838002954,18.4070455373997,-6.0007510144637,18.1397506950409,-5.44969781920241,20.4187177964612,-5.98134684607221,17.990581968454
-6.05043648713784,18.3479998401072,-6.16126893430867,18.3234386786598,-5.98525739725876,18.4113595031924,-6.00647422262003,18.1435823441987,-5.45270626900054,20.42491343014,-5.98715428242217,17.99428471472
-6.05546792955801,18.3526989479962,-6.16680574044603,18.3275278659775,-5.99061680773639,18.4156785765253,-6.01218796202759,18.1474204240708,-5.45570295644833,20.4311100049569,-5.99295217312722,17.9979944503567
-6.06059842959299,18.3571125252436,-6.17233787432298,18.3316214462209,-5.99597075627757,18.4200025954267,-6.01789718467087,18.1512631680449,-5.45869156770943,20.4373092070968,-5.9987453913805,18.0017093563731
-6.06575286178532,18.3614571187562,-6.17786432888762,18.3357161171586,-6.00131834422154,18.4243282552983,-6.02360136155248,18.1551063953667,-5.46167287791859,20.44350757943,-6.00453316082957,18.0054255042372
-6.07090729397765,18.3658017122688,-6.18338459019159,18.3398067322929,-6.00665954738148,18.4286500565252,-6.02930026036801,18.1589442293041,-5.46464928654644,20.4497001078894,-6.01031510286198,18.0091370488449
-6.07605821535889,18.3701473234366,-6.18889997537963,18.3438903773506,-6.0119962597185,18.4329645822421,-6.03499526057055,18.1627734072084,-5.46762383009114,20.4558845821137,-6.01609251328352,18.0128407172359
-6.08104950300162,18.3745392065657,-6.19441133913146,18.3479655180883,-6.01732946091725,18.4372702607497,-6.04068699115862,18.1665925832125,-5.47059831232346,20.4620598843643,-6.02186601709737,18.0165351124704
-6.08604079064434,18.3789310896949,-6.19990974969635,18.3520267143081,-6.02265059344195,18.4415611093988,-6.04636556919326,18.1703977881977,-5.47356745032169,20.4682169983817,-6.02762580372459,18.0202162388584
-6.09098561150194,18.3832784285698,-6.20538654803806,18.3560685360883,-6.02795145002078,18.4458310699267,-6.05202155185257,18.1741848059606,-5.47652643571719,20.4743469289529,-6.03336256993928,18.0238797285577
-6.09593022697561,18.3876255705584,-6.21084216809234,18.3600936875979,-6.03323213917488,18.4500831231848,-6.05765521878468,18.177956732756,-5.47947466237562,20.4804521393852,-6.0390766630967,18.027528670081
-6.10074295403199,18.3923460468009,-6.21627727410104,18.3641045766829,-6.03849276361729,18.4543202730587,-6.06326743358253,18.1817158089245,-5.48241172379267,20.4865350070321,-6.04476885940658,18.0311654969599
-6.10555465472505,18.3970694283522,-6.2217002740385,18.3681094226528,-6.04374105287591,18.458551487946,-6.06886715078425,18.1854695919264,-5.48534101999634,20.4926068225198,-6.05044807399789,18.0347978847683
-6.1104740301212,18.4011968577729,-6.22712098063684,18.3721146792759,-6.04898658738854,18.4627835687958,-6.07446488130588,18.1892234637476,-5.48826787091883,20.4986780402164,-6.05612487063189,18.0384310817928
-6.11542045247599,18.4051745891479,-6.23253120497628,18.3761136515861,-6.05422144921676,18.4670095040271,-6.08005236493988,18.1929707739269,-5.49118784387259,20.5047390685854,-6.06179080173179,18.0420586886777
-6.12036687483077,18.409152320523,-6.237921009282,18.3800973560793,-6.05943622096422,18.471219735323,-6.08561932878994,18.1967029054137,-5.49409658258246,20.5107772082873,-6.06743553127548,18.0456721247601
-6.12531329718555,18.413130051898,-6.2432887494491,18.384063514208,-6.06462954236201,18.475411686857,-6.09116394934784,18.2004177711815,-5.49699424442702,20.5167894125951,-6.07305731057297,18.0492691571945
-6.13020783575547,18.4173792005041,-6.24863483280688,18.3880115742324,-6.06980200206287,18.4795846289687,-6.09668654028813,18.2041149017622,-5.49988199300261,20.522775120021,-6.07865652463464,18.0528491833279
-6.13510202751606,18.4216301633577,-6.25396504237519,18.3919461815255,-6.07495915740453,18.4837434770513,-6.10219297616894,18.2077988442812,-5.50276295172999,20.528741052086,-6.08423912346194,18.0564166556721
-6.13977648619117,18.4262957289562,-6.2592852375058,18.3958719617691,-6.08010673127379,18.4878930204009,-6.10768926717191,18.2114740329783,-5.50563993983676,20.5346941324804,-6.08981117847429,18.0599759294306
-6.14444969112732,18.4309636601686,-6.26459924586992,18.399793325919,-6.08524829726703,18.4920379065064,-6.11317925417625,18.2151449762335,-5.50851369036953,20.5406403362749,-6.09537654935183,18.0635315487418
-6.14944922966381,18.4347849842497,-6.26991102043528,18.403714485939,-6.09038744367994,18.4961827369109,-6.11866693610356,18.2188159150781,-5.51138503876396,20.5465855699401,-6.10093929643989,18.0670877109667
-6.15453322681991,18.438387197367,-6.27521450194847,18.4076310252691,-6.09551826469581,18.5003228905539,-6.12414609931981,18.2224826529927,-5.51425027379256,20.5525232988591,-6.10649315939122,18.0706402878909
-6.15945037426148,18.442589419382,-6.28050244835077,18.4115367943299,-6.10063392325043,18.5044517459235,-6.12960932777941,18.2261392284272,-5.51710594606895,20.5584446622967,-6.11203069925837,18.0741833178555
-6.16436298455023,18.4468079574696,-6.28577843692399,18.4154339702846,-6.10573780797098,18.5085717455115,-6.13506037941233,18.2297875255562,-5.51995445616694,20.5643531330014,-6.11755572869987,18.0777185810023
-6.16927234427712,18.4510194297993,-6.2910477044308,18.4193260438754,-6.11083490399529,18.5126867216979,-6.14050474283678,18.2334306456198,-5.52279888213704,20.5702542055984,-6.12307375211199,18.0812491382555
-6.17418167966243,18.4552308492177,-6.29631087063748,18.4232134979398,-6.11592581536258,18.5167971765476,-6.14594307084662,18.237069025215,-5.52563942034502,20.5761486572532,-6.12858537415139,18.084775501838
-6.17909301662831,18.4594334522354,-6.30156842736242,18.4270967162395,-6.12101109985183,18.5209034118968,-6.15137582704857,18.2407030927886,-5.52847616204405,20.582037136141,-6.13409106112918,18.0882981000243
-6.18400435752572,18.4636360379357,-6.30682066759217,18.4309762011013,-6.12609110738555,18.5250058445509,-6.15680324201371,18.24433346426,-5.53130895882404,20.5879203064282,-6.13959106416928,18.0918175313396
-6.18891951387107,18.4678296322509,-6.31206803479023,18.4348522450668,-6.13116639669128,18.5291046270283,-6.16222573728123,18.2479604636269,-5.53413794686249,20.5937986910712,-6.14508584613158,18.0953340566872
-6.19383471781676,18.4720231143923,-6.31731088653259,18.4387250835878,-6.13623729711954,18.533200031947,-6.16764368383671,18.2515843051968,-5.53696324541975,20.59967270679,-6.15057578856494,18.0988478729431
-6.19628205716522,18.4739128954977,-6.32254958135705,18.4425949580198,-6.14130404045452,18.5372924595347,-6.17305746051384,18.2552051992402,-5.53978498963402,20.6055427673666,-6.15606127031275,18.1023591891604
-6.19869596680307,18.4757714706531,-6.32758918943685,18.4463178493096,-6.1461783291604,18.5412293210723,-6.1782651835133,18.2586890462969,-5.54250157593014,20.6111888038568,-6.16133814873423,18.1057373725892
-6.20258778867954,18.4796727583863,-6.33223213936352,18.4497477800387,-6.15066892552761,18.544856434676,-6.18306234916164,18.2618997488011,-5.54501659126806,20.6163845816309,-6.16619964417504,18.108849810686
-6.20648467159503,18.48358104129,-6.33667271171439,18.4530282507959,-6.1549634665631,18.5483258854231,-6.187649636246,18.2649717137093,-5.5474458673565,20.6213422815894,-6.17084930088752,18.1118265309699
-6.20577536971134,18.4822164026783,-6.34110849598453,18.4563052191635,-6.15925300506651,18.551792088418,-6.19223169246504,18.268040828334,-5.54989735382836,20.6262824149734,-6.17549422844114,18.11479963571
-6.20380124669767,18.4794038624212,-6.34526709667624,18.45937744289,-6.1632747256453,18.5550414394185,-6.19652741325346,18.2709182058286,-5.55221835664682,20.6309025301511,-6.17984938707275,18.1175862306988
-6.20654058078124,18.482156219131,-6.34880046274501,18.4619877834172,-6.16669264447194,18.5578012191811,-6.20017690972566,18.2733635542584,-5.55421750772439,20.6348143006471,-6.18354995447233,18.1199535824608
-6.20931802416041,18.4849535692074,-6.35197700238551,18.4643345227124,-6.16976538267913,18.5602823216211,-6.20345724536086,18.2755628694991,-5.55604577498544,20.6383150188919,-6.18687686637884,18.1220817851236
-6.20808533582795,18.4833994017811,-6.35514288027346,18.4666733934908,-6.1728276307645,18.562755323033,-6.20672592094535,18.2777557806334,-5.55789772001976,20.6417882592967,-6.19019279749723,18.1242025633151
-6.20563595209062,18.4805249606755,-6.35811878619537,18.4688719239951,-6.17570638985609,18.5650796075523,-6.20979843758263,18.2798171379406,-5.5596599569387,20.6450415766,-6.19331026468065,18.1261952877804
-6.20525679502855,18.4800328929152,-6.36066738785159,18.4707547761023,-6.17817220376366,18.5670696488164,-6.21242962671945,18.2815827387409,-5.56118928145439,20.647816764699,-6.19598042918438,18.1279013721812
-6.20512621971237,18.4798268878034,-6.36287305246564,18.4723842762025,-6.18030637801657,18.5687917194376,-6.21470648056345,18.2831111900941,-5.56253336843721,20.6502070904402,-6.19829142001958,18.1293777015231
-6.2049956443962,18.4796208826915,-6.36489215675936,18.4738759509683,-6.18226012855669,18.5703680235272,-6.21679040509973,18.2845108808753,-5.56378330947203,20.6523841350344,-6.20040707427068,18.130728953848
-6.20486506908002,18.4794148775797,-6.36674146495338,18.4752421848195,-6.18404958095314,18.5718117672211,-6.21869885604448,18.2857932032701,-5.56494407606021,20.6543688659131,-6.20234504111414,18.1319662170563
-6.20621302675983,18.480806280579,-6.36842097729155,18.4764829774776,-6.18567483755007,18.5731228237067,-6.22043198429155,18.286957932678,-5.56601084873637,20.6561639492458,-6.20410533083235,18.1330894749172
-6.20757993261487,18.4822181552005,-6.37000836607956,18.4776557115014,-6.18721126419697,18.5743615736466,-6.22207008754619,18.2880587169358,-5.56702891744552,20.6578547018471,-6.2057693550617,18.1341506684054
-6.20597791031863,18.4805658803805,-6.3715822989376,18.4788185049451,-6.18873490059533,18.5755895334831,-6.22369457471839,18.2891497690251,-5.56804491795988,20.6595271539956,-6.20741961868422,18.135202325769
-6.20364883922175,18.4781632384035,-6.37304757265493,18.479901023275,-6.19015337428311,18.5767326893772,-6.22520726248491,18.2901649777339,-5.56899504213721,20.6610815468188,-6.20895624372934,18.1361809250087
-6.20323457328571,18.4777665927174,-6.37428443094659,18.4808147925287,-6.19135081409959,18.57769753681,-6.22648433428501,18.2910216458726,-5.56980118830062,20.662391096759,-6.2102534813373,18.1370067381056
-6.20285762005997,18.4774090642578,-6.37534589426643,18.4815989831689,-6.19237853144666,18.5785254597497,-6.22758038679682,18.2917567160943,-5.57049764478578,20.6635120819078,-6.21136686828946,18.137715278037
-6.20248342696663,18.4770656581964,-6.37631005133462,18.4823112857204,-6.19331212247717,18.5792773783388,-6.2285760193688,18.2924243159435,-5.57113465461405,20.6645275582766,-6.212378324081,18.1383586527013
-6.20210923387328,18.476722252135,-6.37718601945744,18.4829584358583,-6.19416031138347,18.5799605320788,-6.22948066639353,18.2930307293453,-5.57171685944668,20.6654479717631,-6.2132974190342,18.1389429368105
-6.20270850107864,18.4773925160553,-6.37798140532813,18.4835460532542,-6.19493046862106,18.5805808470929,-6.23030219545013,18.2935812045004,-5.57224810377595,20.6662820654928,-6.21413211459096,18.1394732350424
-6.20332190731341,18.4780775030307,-6.37872870382086,18.4840981445476,-6.19565407359869,18.5811636469469,-6.23107418943798,18.2940982007444,-5.57274914519586,20.6670645086722,-6.21491648071492,18.1399712607618
-6.20271942969383,18.4775071509441,-6.37946088177567,18.4846390650662,-6.19636302865919,18.5817346655869,-6.23183073680549,18.2946044769987,-5.57324132123508,20.6678303038873,-6.21568508644477,18.1404590361168
-6.20178544457683,18.4765945340027,-6.38015079146928,18.4851487585326,-6.19703104754069,18.5822727302567,-6.23254378944312,18.2950812565609,-5.57370587505712,20.6685513812488,-6.21640939604335,18.1409185341259
-6.20085145945983,18.4756819170613,-6.38076328277134,18.4856012566269,-6.19762410647224,18.5827504134406,-6.23317697070404,18.2955043187446,-5.5741189407476,20.6691911287427,-6.2170524743219,18.1413263949455
-6.19991747434283,18.4747693001198,-6.38129082525085,18.4859909959909,-6.19813489829187,18.5831618615619,-6.23372243649041,18.2958685506973,-5.57447537924631,20.6697417188226,-6.21760640368313,18.1416776215138
-6.19956371883825,18.4744564316308,-6.3817334189131,18.4863179766247,-6.19856342784451,18.5835070686117,-6.23418013343607,18.2961740322691,-5.57477509369062,20.6702032128493,-6.21807118288193,18.1419722157791
-6.19923129618145,18.4741656070054,-6.38211139886247,18.4865972217539,-6.19892938387068,18.5838018954613,-6.23457105882637,18.2964348464243,-5.57503167197923,20.6705969313605,-6.21846816010552,18.1422237227735
-6.19893369697908,18.4739086438126,-6.38244585502829,18.4868443122567,-6.19925319096968,18.584062785488,-6.23491701450329,18.2966655612114,-5.57525920681631,20.6709449867316,-6.21881947328825,18.1424461945494
-6.1986386970936,18.4736546131999,-6.38274107790293,18.4870624178749,-6.19953900552405,18.584293082355,-6.23522243207395,18.2968691458718,-5.57546041279721,20.671251976568,-6.21912961435704,18.1426425083896
-6.19878293046978,18.4738961307577,-6.38300066349871,18.4872541952806,-6.19979031237569,18.5844955869752,-6.23549102200035,18.2970480947649,-5.57563758261627,20.6715217433379,-6.21940234637636,18.1428150786667
-6.19892716384596,18.4741376483155,-6.38323486959509,18.4874272227459,-6.2000170452754,18.5846782976523,-6.23573338889557,18.2972094926813,-5.57579760320383,20.6717650218015,-6.21964843499919,18.142970743014
-6.19839402053956,18.4735980594592,-6.38345389362429,18.4875890339595,-6.20022907826097,18.5848491672143,-6.23596007785535,18.2973603784318,-5.57594735934048,20.6719924585921,-6.21987858673233,18.1431162922288
-6.19760545898576,18.4727639390129,-6.38364786838555,18.4877323392016,-6.20041685497266,18.5850005029569,-6.23616086545486,18.2974939708729,-5.57608005053276,20.672193842921,-6.2200824268491,18.1432451790289
-6.19737683395037,18.4725667950454,-6.38380320605532,18.4878471000203,-6.20056722146347,18.5851217042588,-6.23632167238353,18.2976009333376,-5.57618635647181,20.6723550846169,-6.22024567212494,18.1433483818247
-6.19715634102422,18.4723789020592,-6.38392777414542,18.4879391287989,-6.20068779629667,18.5852189061865,-6.23645063417419,18.297686696743,-5.57627164480115,20.6724843610882,-6.22037658806534,18.1434311315782
-6.19696081587849,18.4722131075179,-6.38403332908796,18.4880171109886,-6.20078996145408,18.5853012794129,-6.23655991868881,18.2977593600946,-5.57634394542826,20.6725938859124,-6.22048752826643,18.1435012410611
-6.1967653669809,18.4720473804621,-6.38412324239694,18.4880835374064,-6.2008769821488,18.5853714525617,-6.23665301456387,18.2978212473321,-5.57640554952582,20.6726871693905,-6.22058203409149,18.1435609530461
-6.19658989490369,18.4718977936186,-6.3842007270709,18.4881407817609,-6.20095197007422,18.5854319306722,-6.23673324633638,18.2978745732498,-5.57645864511107,20.6727675537773,-6.22066348045255,18.1436124047816
-6.19641471255224,18.4717484408581,-6.38426959596491,18.4881916609242,-6.20101861636181,18.5854856883338,-6.23680456012362,18.2979219647846,-5.57650583608433,20.6728390004418,-6.22073587345087,18.1436581307875
-6.19634714545728,18.4717925444024,-6.38433370730814,18.4882390252903,-6.20108065537393,18.5855357363954,-6.23687094974833,18.297966079014,-5.57654976007276,20.6729055160846,-6.2208032676363,18.1437006945194
-6.19628054125111,18.4718383788993,-6.38439716707185,18.4882859082805,-6.20114206076683,18.5855852796503,-6.23693666612173,18.2980097426676,-5.5765932246687,20.6729713642834,-6.22086997856019,18.1437428230016
-6.19607679835733,18.4715849727804,-6.38446406231563,18.4883353293447,-6.2012067872162,18.5856375089714,-6.23700594082324,18.2980557690835,-5.5766390222996,20.6730407904473,-6.22094030227662,18.1437872300972
-6.19583616435525,18.4712510691872,-6.38453480945041,18.4883875961202,-6.2012752367743,18.58569275054,-6.23707920420268,18.2981044460816,-5.57668743005606,20.6731142320024,-6.22101467627531,18.1438341926485
-6.19571597445262,18.471148057151,-6.38460989090935,18.4884430650205,-6.20134787540184,18.5857513820517,-6.23715695510291,18.2981561067231,-5.57673877031553,20.6731921948278,-6.22109360758715,18.1438840311114
-6.19559667648681,18.4710467549594,-6.38469050990522,18.4885026249585,-6.20142586670532,18.5858143436693,-6.23724043908499,18.2982115795403,-5.57679385780995,20.6732759335683,-6.22117836112891,18.1439375441553
-6.1954657927172,18.4710326995949,-6.38477777553681,18.4885670953176,-6.20151028313786,18.5858825021873,-6.23733080439062,18.2982716280973,-5.57685344133657,20.6733666061717,-6.22127010297189,18.1439954678283
-6.19533484695846,18.4710191110393,-6.38487474799979,18.488638736918,-6.20160408410906,18.5859582488392,-6.23743121973163,18.298338358426,-5.57691959834731,20.6734674001567,-6.22137205039985,18.1440598331872
-6.19525460628117,18.4709240685385,-6.38498449566666,18.4887198166209,-6.20171023650453,18.5860439817824,-6.23754486228454,18.298413882189,-5.57699440490534,20.6735815160955,-6.22148742928042,18.1441326767355
-6.19518709517234,18.470808576932,-6.38510258654007,18.4888070601425,-6.20182445259493,18.5861362399589,-6.2376671421346,18.2984951504159,-5.57707482380799,20.6737043561807,-6.22161158017145,18.1442110568522
-6.19511958406351,18.4706930853255,-6.38522345553537,18.488896356093,-6.20194134949448,18.586230676158,-6.23779229567584,18.2985783349814,-5.57715705904509,20.6738301355375,-6.22173865246156,18.1442912797535
-6.19505207295468,18.470577593719,-6.38534598589498,18.4889868794312,-6.20205984700628,18.5863264180165,-6.23791916610846,18.2986626679945,-5.57724035191615,20.6739576912563,-6.22186747250155,18.1443726035574
-6.19498393592439,18.4705176128716,-6.38547017761889,18.489078630157,-6.20217994504375,18.5864234656407,-6.23804775406939,18.2987481484968,-5.57732470467083,20.6740870218125,-6.22199804091925,18.1444550272692
-6.1949157908216,18.4704583479453,-6.38559736438701,18.4891725935703,-6.20230293313366,18.5865228614493,-6.2381794415977,18.2988356927251,-5.57741102346961,20.6742195158199,-6.22213176039174,18.1445394352054
-6.1947365355919,18.470399214938,-6.38572889707968,18.4892697676784,-6.20243011733678,18.586625661425,-6.23831562843902,18.2989262289101,-5.57750022214154,20.6743565824222,-6.22227005147668,18.1446267234198
-6.1945567520485,18.470340082558,-6.38586977934163,18.4893738490888,-6.20256633542357,18.5867357767489,-6.23846149611542,18.299023199899,-5.57759568442426,20.6745034418934,-6.22241817499033,18.1447202123304
-6.19457060390102,18.4702987311557,-6.38602502132698,18.4894885392177,-6.2027164307464,18.5868571245702,-6.23862223254202,18.2991300535412,-5.57770078540635,20.6746653297659,-6.22258139841495,18.1448232269573
-6.19469340382463,18.4702673841394,-6.38618621025842,18.4896076228489,-6.20287226891535,18.5869831295222,-6.23878912584729,18.2992410013104,-5.57780981257823,20.6748334840362,-6.22275087592518,18.1449301856238
-6.19466100806936,18.4702291851386,-6.38634016289798,18.4897213604311,-6.20302110443849,18.5871034858262,-6.23894852321713,18.2993469736244,-5.57791385533885,20.6749941475255,-6.22291274613407,18.1450323408406
-6.19461771271623,18.4701905049138,-6.38648892686039,18.4898312647072,-6.20316491670172,18.5872197944646,-6.23910254404596,18.299449380903,-5.57801431595047,20.6751494450848,-6.22306916275336,18.1451310500481
-6.19458246751777,18.4701588088998,-6.38663977368849,18.489942707769,-6.20331073493646,18.58733774091,-6.23925871943139,18.2995532248751,-5.57811611288742,20.675306962402,-6.22322777253692,18.1452311363015
-6.19454759928605,18.4701274399373,-6.38679291291477,18.4900558444154,-6.20345876144037,18.5874574893025,-6.23941726890608,18.2996586458761,-5.57821938592017,20.6754669192839,-6.22338879634868,18.1453327377554
-6.19451273105433,18.4700960709748,-6.38694806436132,18.4901704676558,-6.20360872551324,18.587578820401,-6.23957790328664,18.2997654496887,-5.57832394288494,20.6756290251127,-6.22355193945378,18.1454356687316
-6.19447786282261,18.4700647020123,-6.38710521549506,18.4902865682309,-6.20376061510192,18.5877017243279,-6.23974060939364,18.2998736279912,-5.57842977222298,20.6757932687537,-6.2237171883506,18.1455399214269
-6.1942786741311,18.469982614904,-6.38726436631596,18.4904041461408,-6.20391443021163,18.5878262010755,-6.23990538663935,18.2999831816675,-5.57853687109869,20.6759596519845,-6.22388454277462,18.1456454962603
-6.19407399006969,18.4698988316285,-6.38743155275185,18.4905276606259,-6.20407600429592,18.5879569716672,-6.24007848409607,18.3000982659968,-5.57864929303779,20.6761344903098,-6.22406034963674,18.1457563974758
-6.19417965180174,18.4699191382458,-6.38761301259006,18.490661720057,-6.204251364833,18.5880989163254,-6.24026636005151,18.3002231748808,-5.57877121178906,20.6763243202917,-6.22425116806522,18.1458767632986
-6.19438707543711,18.4699735757773,-6.38779759636321,18.4907980873979,-6.20442973567351,18.5882433153013,-6.24045746881513,18.3003502365251,-5.57889512039481,20.6765174882973,-6.2244452729584,18.1459991990426
-6.19436894281888,18.4699552779461,-6.38797023066211,18.4909256266712,-6.20459655049879,18.5883783770703,-6.24063620094894,18.3004690796643,-5.57901091388004,20.6766982111132,-6.22462681332341,18.1461137065239
-6.19434799928317,18.4699360736754,-6.38813544241236,18.4910476822922,-6.20475618451085,18.5885076422212,-6.24080724387389,18.3005828197842,-5.57912165363717,20.6768712117006,-6.22480055085915,18.1462232864752
-6.19433108923175,18.4699196650154,-6.38830158342232,18.4911704244345,-6.20491670814566,18.5886376446494,-6.24097924812115,18.3006972007599,-5.57923294778242,20.6770452291764,-6.22497526975213,18.1463334762075
-6.19431425610735,18.4699033096736,-6.38846862593653,18.4912938325927,-6.20507809450153,18.58876836274,-6.24115218794154,18.3008121989928,-5.57934477638019,20.67722023529,-6.22515094123975,18.1464442566367
-6.19430197470271,18.4698897996322,-6.38863643690913,18.4914178084748,-6.20524021532331,18.5888996920247,-6.24132592622273,18.3009277219409,-5.57945704731319,20.6773960925602,-6.22532742502628,18.1465555401259
-6.19428979994753,18.4698763562579,-6.38880485381942,18.4915422320134,-6.20540291369921,18.5890315051921,-6.24150029406487,18.3010436586833,-5.57956964918093,20.6775726323347,-6.22550454963937,18.1466672197752
-6.19427928617511,18.4698646021572,-6.38897371288706,18.4916669822103,-6.20556603150231,18.5891636739428,-6.24167512096553,18.3011598978813,-5.57968247066772,20.677749684046,-6.22568214243884,18.1467791876006
-6.19426878013067,18.4698528614478,-6.38914296063138,18.4917920195548,-6.20572951744814,18.5892961559492,-6.24185035069253,18.3012764040154,-5.57979547496455,20.6779271922582,-6.22586014697911,18.1468914084549
-6.19425859052239,18.4698421192662,-6.38931254719651,18.4919173072144,-6.20589332341349,18.5894289121409,-6.24202593087709,18.3013931438951,-5.57990862818582,20.6781051050156,-6.22603851074313,18.1470038494101
-6.1942484009141,18.4698313770847,-6.3894824760196,18.4920428477284,-6.20605745162908,18.5895619465515,-6.2422018646821,18.3015101204817,-5.58002193217507,20.6782834261629,-6.22621723736887,18.1471165127085
-6.19424248033867,18.469823042855,-6.38965275066261,18.4921686437282,-6.20622190479793,18.5896952628778,-6.24237815605734,18.3016273358332,-5.58013538877679,20.6784621597276,-6.2263963307175,18.1472294005293
-6.19423586570875,18.4698144216674,-6.38982321832139,18.4922945823247,-6.20638653576625,18.5898287409549,-6.24255464729835,18.3017446840101,-5.58024889581534,20.6786411454951,-6.22657563019386,18.147342411372
-6.19402285799714,18.4697187079477,-6.38999374952458,18.4924205678668,-6.20655121992997,18.5899622788682,-6.24273120453548,18.3018620756201,-5.58036236714198,20.6788202474385,-6.22675499966366,18.1474554593325
-6.19380985028552,18.469622994228,-6.39017133156618,18.4925517624479,-6.20672270465446,18.5901013485949,-6.24291506248468,18.3019843198598,-5.58048044562743,20.6790068080744,-6.22694178856736,18.1475731763877
-6.19395221426179,18.4696786502548,-6.39036292840726,18.4926933109237,-6.20690771375709,18.5902514050924,-6.24311343203652,18.3021162093643,-5.58060774078679,20.6792081566848,-6.22714332166433,18.1477001792669
-6.19419873100002,18.4697786699091,-6.39055658917848,18.4928363841958,-6.20709470674845,18.590403089227,-6.24331393816871,18.3022495200783,-5.58073629661446,20.6794117441468,-6.22734702759276,18.1478285472934
-6.19421863587956,18.4697829393851,-6.39073686043553,18.4929695655234,-6.20726876277699,18.5905442964899,-6.24350057740093,18.3023736199943,-5.58085587029594,20.6796013150487,-6.2275366510913,18.147948037548
-6.19422017117788,18.4697794471724,-6.39090781402317,18.4930958631159,-6.20743381393383,18.5906782155947,-6.2436775655334,18.3024913120159,-5.58096919043112,20.6797811337295,-6.22771647642806,18.1480613471207
-6.19421688793747,18.4697745526748,-6.39107763835786,18.4932213264356,-6.20759776632149,18.5908112605638,-6.24385338406143,18.3026082273462,-5.58108169757157,20.679959805195,-6.22789511838612,18.148173901108
-6.19421356474196,18.4697696465495,-6.39124714882025,18.4933465578718,-6.207761407163,18.5909440701435,-6.24402888038379,18.3027249224631,-5.58119393221769,20.680138187071,-6.22807343513525,18.1482862391979
-6.19421024154644,18.4697647404242,-6.39141654846425,18.4934717074373,-6.20792493291001,18.5910768028945,-6.24420426552418,18.3028415359514,-5.58130602615707,20.6803164946756,-6.22825163985006,18.1483984966375
-6.19420691835093,18.4697598342989,-6.39158583895975,18.4935967763657,-6.20808834537761,18.5912094598738,-6.2443795405728,18.3029580699209,-5.58141797770933,20.6804947314807,-6.2284297336363,18.1485106755661
-6.19400448652067,18.4696670707054,-6.39175502030672,18.493721764657,-6.20825164473519,18.5913420408715,-6.24455470447338,18.3030745259601,-5.5815297847941,20.680672898753,-6.22860771598128,18.1486227767972
-6.19379462047743,18.4695710267362,-6.39193071709909,18.4938515664482,-6.20842122545168,18.5914797370894,-6.24473661553679,18.3031954649234,-5.58164581785467,20.6808579776462,-6.22879255579353,18.1487391903344
-6.19394682706113,18.4696354191224,-6.39211980127624,18.4939912586108,-6.20860371948561,18.5916279351121,-6.24493238849685,18.303325617428,-5.58177059452666,20.6810572199822,-6.22899148218191,18.1488644700947
-6.19419593856759,18.4697427506083,-6.39231049099926,18.4941321369232,-6.2087877539684,18.5917774027625,-6.24512982241876,18.3034568771547,-5.58189632448344,20.6812582205975,-6.22919209929697,18.1489908110719
-6.19421370760952,18.4697480383533,-6.3924875375994,18.4942629359293,-6.20895861221571,18.5919161879849,-6.24531312597527,18.3035787528487,-5.58201296872972,20.6814448967835,-6.22937836451561,18.1491081104622
-6.19421668665976,18.4697468023236,-6.39265537998899,18.4943869350218,-6.2091205791766,18.5920477689343,-6.24548689580015,18.3036942989029,-5.58212347845745,20.6816219121578,-6.22955494915034,18.1492193071773
-6.19421231374041,18.4697425713589,-6.39282216617486,18.494510153809,-6.20928151848067,18.5921785322385,-6.24565957182087,18.3038091182967,-5.58223323020793,20.6817978526438,-6.22973042699965,18.1493297971122
-6.19420783196037,18.4697382960481,-6.39298867574668,18.4946331682385,-6.20944218247303,18.5923090890037,-6.24583196426087,18.3039237430497,-5.58234273684443,20.6819735406739,-6.22990561868579,18.1494400960718
-6.19420972273589,18.4697368588298,-6.39315520297767,18.4947561957142,-6.20960285550928,18.5924396694535,-6.24600437849464,18.304038374679,-5.5824521889132,20.6821492885703,-6.23008083338347,18.1495503996899
-6.19421219988744,18.4697356827609,-6.39332152484555,18.4948790714712,-6.20976332260979,18.5925700984573,-6.24617658291019,18.3041528607247,-5.58256143695126,20.6823248627186,-6.23025583578949,18.1496605612679
-6.1942192544089,18.4697365805643,-6.39348739311765,18.4950016121194,-6.20992334446448,18.592700181124,-6.24634831940167,18.3042670319629,-5.5826703162158,20.6825000020914,-6.23043036421896,18.1497704171802
-6.19422670298303,18.4697376569013,-6.39365262800027,18.4951236848303,-6.21008274811201,18.5928297758396,-6.24651940079038,18.3043807661777,-5.58277870815567,20.6826745171353,-6.23060422922074,18.1498798487767
-6.19423415155715,18.4697387332384,-6.39381705693909,18.4952451621236,-6.21024136723507,18.5929587470865,-6.2466896475699,18.3044939458701,-5.58288649991544,20.682848225354,-6.23077724910605,18.1499887419721
-6.19424160013128,18.4697398095755,-6.39398066625684,18.4953660338949,-6.21039918765912,18.5930870853415,-6.24685904518677,18.3046065622159,-5.58299368320691,20.6830211118369,-6.23094940949646,18.1500970876869
-6.19424181785155,18.4697382557337,-6.39414345595355,18.4954863001441,-6.21055620875404,18.5932147913782,-6.2470275939485,18.3047186147526,-5.58310025865935,20.6831931761534,-6.23112071050009,18.1502048857491
-6.19424125804418,18.4697363561027,-6.3943056529882,18.4956061285447,-6.21071264993359,18.5933420426296,-6.24719552942197,18.3048302588317,-5.58320637529019,20.683364657885,-6.23129139104251,18.1503122862895
-6.19403935095445,18.4696422995726,-6.39446750986555,18.4957257056429,-6.21086875521369,18.5934690366164,-6.24736311332446,18.3049416678384,-5.58331219841459,20.6835358238791,-6.23146171684358,18.1504194564936
-6.19383744386472,18.4695482430425,-6.39463571474878,18.4958499725395,-6.21103097483405,18.5936010212333,-6.24753727092427,18.3050574446701,-5.58342209457198,20.6837137507711,-6.23163872596974,18.1505308248625
-6.19393589928322,18.4695912587519,-6.39481693025519,18.4959838514624,-6.21120573340506,18.5937432255498,-6.24772490126303,18.3051821743047,-5.5835403972443,20.6839054982704,-6.23182942949721,18.1506508031538
-6.19425921125772,18.4697368891047,-6.39500126033697,18.4961200313805,-6.21138348689822,18.5938878846138,-6.24791575640273,18.305309047725,-5.58366062965426,20.6841006052071,-6.23202341255597,18.1507728405335
-6.19425987464337,18.4697358305673,-6.39517140059439,18.4962457280985,-6.21154754887161,18.5940214175348,-6.24809191575223,18.3054261598751,-5.58377151870177,20.6842807467937,-6.23220246424405,18.1508854809574
-6.19425871301025,18.469733941102,-6.39533055343093,18.4963633074975,-6.21170100805801,18.594146336783,-6.24825669490936,18.3055357152028,-5.58387518010355,20.6844492960573,-6.23236995573544,18.1509908429086
-6.19406200866664,18.4696425386512,-6.3954893897815,18.4964806530821,-6.21185415413871,18.5942710173767,-6.2484211459812,18.3056450532906,-5.58397857675897,20.684617546181,-6.23253711842279,18.1510959885621
-6.19386530432303,18.4695511362005,-6.39565448251787,18.4966026207777,-6.21201332408479,18.5944006193004,-6.24859207792834,18.3057586930716,-5.58408598084684,20.684792463568,-6.23271087021857,18.151205268221
-6.19402096232373,18.4696207169413,-6.39583234433225,18.4967340220502,-6.21218479644905,18.5945402557847,-6.24877623545613,18.305881114983,-5.58420160824894,20.6849809613752,-6.23289806487059,18.1513229936714
-6.19426704904791,18.4697316117008,-6.3960112884792,18.4968662229315,-6.21235730406099,18.5946807520642,-6.24896151604809,18.3060042782202,-5.58431784536537,20.6851706638093,-6.23308640120447,18.1514414314445
-6.19427069340036,18.4697319402402,-6.39617662897846,18.4969883736701,-6.21251668993748,18.5948105766613,-6.24913270916763,18.306118081557,-5.58442516558289,20.6853459939395,-6.233260421679,18.1515508625099
-6.19427225553736,18.469731319182,-6.39633340456869,18.4971041968001,-6.21266781236431,18.5949336847246,-6.24929503110595,18.3062259943527,-5.58452686293855,20.6855122805324,-6.23342543029242,18.151654620597
-6.19427381767436,18.4697306981238,-6.39648972225755,18.4972196816404,-6.21281848644143,18.5950564417638,-6.24945687844565,18.3063335927115,-5.58462820550122,20.6856781167564,-6.23358996086384,18.1517580694214
-6.19427511218884,18.4697299536053,-6.39664565107915,18.4973348791923,-6.21296877779304,18.5951789031168,-6.2496183248692,18.306440920833,-5.58472923686344,20.6858435765316,-6.23375408636793,18.1518612541695
-6.19408266592131,18.4696398320638,-6.39680119990149,18.4974497960071,-6.21311869454637,18.5953010762625,-6.249779380202,18.306547983853,-5.58482996000969,20.6860086709236,-6.23391781580721,18.1519641812368
-6.19389021965378,18.4695497105224,-6.3969627974244,18.4975691814987,-6.21327443289777,18.595428010186,-6.24994670106344,18.3066592060825,-5.58493452963762,20.6861802280509,-6.23408791555252,18.1520711051895
-6.19404110157715,18.4696177392456,-6.39713686347968,18.4976977785291,-6.2134421796406,18.5955647479573,-6.25012693476507,18.3067790059182,-5.58504708030684,20.686365075379,-6.23427114265602,18.152186274701
-6.1942917975513,18.4697317461872,-6.39731204140869,18.4978271969929,-6.21361099043315,18.5957023683115,-6.25030831991551,18.3068995707256,-5.58516025454849,20.686551161479,-6.23445554192983,18.1523021770453
-6.19410341275239,18.4696434150023,-6.39747367288965,18.4979466075721,-6.21376674034817,18.59582935487,-6.25047567481799,18.3070108180118,-5.58526459651554,20.6867229065691,-6.2346256831142,18.1524091144075
-6.19391377840076,18.469554507996,-6.39763299650561,18.4980643131401,-6.21392025836512,18.595954538071,-6.25064063616079,18.3071204828225,-5.5853673799594,20.6868922410871,-6.23479339748023,18.1525145207961
-6.19406235891072,18.4696217760877,-6.39780459388193,18.4981910863526,-6.21408559335909,18.5960893766662,-6.25081830569604,18.3072385956636,-5.58547800437461,20.6870746673619,-6.23497403572546,18.1526280414169
-6.19430200061885,18.4697310928686,-6.39797728070768,18.4983186644319,-6.21425196908295,18.5962250823204,-6.25099710524279,18.3073574553631,-5.58558924581759,20.6872583035442,-6.23515582426491,18.1527422772826
-6.19430749986824,18.4697324817328,-6.3981368088805,18.4984365211229,-6.21440565960313,18.5963504564069,-6.25116227992412,18.3074672586518,-5.58569193710748,20.6874279913061,-6.23532376336364,18.1528478040407
-6.19430942790665,18.4697322244481,-6.39828791781604,18.4985481578252,-6.21455123165509,18.5964692227379,-6.25131873622977,18.3075712686903,-5.58578914992855,20.6875887592479,-6.23548284255476,18.1529477564025
-6.19412404605228,18.4696449198599,-6.39843848772796,18.498659396306,-6.21469627716834,18.5965875743204,-6.25147463559725,18.3076749059674,-5.58588596160923,20.6877489865754,-6.23564135836369,18.1530473457409
-6.193937926079,18.4695572722506,-6.39859486926708,18.4987749283178,-6.21484691393581,18.5967105027378,-6.25163655564621,18.3077825383476,-5.5859864485141,20.6879154354068,-6.23580599671314,18.1531507722627
-6.19407896536422,18.4696214151795,-6.39876331925746,18.4988993762953,-6.21500916854046,18.5968429268355,-6.25181097539103,18.3078984713067,-5.58609461145548,20.6880947771936,-6.23598334420108,18.1532621749866
-6.19431367823758,18.4697290194014,-6.39893301160392,18.4990247421044,-6.21517261177434,18.5969763374341,-6.25198668270986,18.3080152575072,-5.58620348371594,20.6882754949554,-6.23616200183882,18.1533743958715
-6.19432463353063,18.4697329326586,-6.39908998884829,18.499140714213,-6.21532380021533,18.597099761259,-6.25214922168385,18.3081232966999,-5.58630412172773,20.6884427174892,-6.23632727422819,18.1534782054209
-6.19432715205069,18.469732936251,-6.39923855803201,18.49925047459,-6.21546688357742,18.5972165828931,-6.25230305173779,18.3082255535198,-5.58639930834098,20.688601019894,-6.2364836967731,18.153576450676
-6.19432967057076,18.4697329398434,-6.39938641253929,18.4993597069762,-6.2156092719938,18.5973328507236,-6.25245614131695,18.3083273191833,-5.58649398163125,20.6887585941229,-6.23663937053147,18.1536742174928
-6.19433218909083,18.4697329434358,-6.39953383190896,18.4994686178902,-6.21575123382563,18.597448785602,-6.2526087819408,18.3084287829586,-5.58658831991139,20.6889157384726,-6.23679459012049,18.1537716902424
-6.19433633921744,18.4697337376824,-6.39968081614101,18.4995772073319,-6.21589276882269,18.5975643878335,-6.2527609742669,18.3085299438562,-5.58668232080381,20.6890724543415,-6.23694935525536,18.1538688693778
-6.19434056671916,18.469734569424,-6.39982730221551,18.4996854287433,-6.21603381688471,18.597679607138,-6.25291265286871,18.3086307587641,-5.58677594199714,20.6892286757103,-6.23710359915098,18.153965713916
-6.19416304901211,18.469650478947,-6.39997322412395,18.4997932333585,-6.21617431497178,18.5977943909606,-6.25306374873953,18.3087311832444,-5.58686914017349,20.6893843328281,-6.23725725195345,18.1540621807741
-6.19398315787556,18.4695652794619,-6.40012464714804,18.499905102104,-6.21632010308869,18.597913510117,-6.25322054184557,18.3088353920269,-5.58696578340165,20.6895458990217,-6.23741670007602,18.1541622799482
-6.19403668984795,18.4695891126905,-6.40028771880416,18.5000255766601,-6.21647709931182,18.5980418014636,-6.25338939758889,18.3089476160066,-5.587069778356,20.6897199436514,-6.23758841656156,18.1542700757379
-6.19414503935779,18.4696385513739,-6.40045474134623,18.5001489700632,-6.21663789114845,18.5981732109258,-6.25356234359568,18.309062560081,-5.58717620053959,20.6898982601687,-6.23776429503635,18.1543804805548
-6.19425338886764,18.4696879900573,-6.40061611141816,18.5002681875179,-6.21679323294801,18.5983001834698,-6.25372943347762,18.3091736189526,-5.58727893445563,20.6900705936945,-6.2379342227195,18.1544871467824
-6.19436173837749,18.4697374287407,-6.40077000265603,18.5003818797376,-6.21694136734202,18.5984212810967,-6.253888775825,18.3092795361384,-5.58737683361728,20.6902349840472,-6.23809627707589,18.1545888660997
-6.19436394373086,18.4697374231269,-6.40091641505995,18.5004900467225,-6.21708229531663,18.598536502599,-6.25404037257683,18.3093803087213,-5.58746991445343,20.6903914214039,-6.23825045909311,18.1546856369331
-6.19436563981823,18.4697371802856,-6.40105888494581,18.5005953010423,-6.21721942131913,18.5986486302034,-6.25418788778207,18.30947836689,-5.58756043547053,20.6905436780481,-6.23840049335495,18.1547797956315
-6.19436790246738,18.4697371710309,-6.40120096559628,18.5007002678016,-6.217356165721,18.5987604599864,-6.25433500252802,18.3095761533069,-5.58765065624079,20.6906955501799,-6.23855012190135,18.1548736904126
-6.19437016760416,18.4697371628018,-6.40134265990584,18.5008049491389,-6.21749253155301,18.5988719939256,-6.25448172041546,18.3096736690556,-5.58774057628954,20.690847042241,-6.23869934741678,18.1549673237682
-6.19437043858634,18.4697362185201,-6.40148395374041,18.5009093346121,-6.2176285054833,18.5989832205635,-6.25462802622296,18.3097709052906,-5.58783018428524,20.6909981404932,-6.23884815446528,18.1550606872355
-6.19437070333337,18.4697352713116,-6.40162492849548,18.5010134843548,-6.21776416628541,18.5990942034326,-6.25477400323026,18.309867919536,-5.58791953012348,20.6911489329719,-6.23899662832541,18.1551538353075
-6.19437563413957,18.469736443101,-6.40176566588298,18.5011174587344,-6.21789959270252,18.5992050067241,-6.25491973501628,18.3099647695768,-5.58800866444458,20.6912995077263,-6.23914485477216,18.1552468224267
-6.19438078523282,18.4697377149294,-6.40190599123647,18.5012211287103,-6.2180346160475,18.5993154936693,-6.25506503997352,18.3100613363316,-5.58809747602598,20.6914496782019,-6.23929264972622,18.1553395333769
-6.1943844401839,18.4697383413706,-6.40204572137665,18.5013243589528,-6.21816905960179,18.5994255206012,-6.25520972820547,18.3101574940696,-5.58818584889812,20.6915992483544,-6.23943982027316,18.1554318471091
-6.19438807179167,18.469738957723,-6.40218490049157,18.5014271821072,-6.21830296583771,18.5995351223671,-6.25535384564118,18.3102532729391,-5.58827381129036,20.6917482652818,-6.23958641302999,18.155523792695
-6.19439012131631,18.4697388578061,-6.40232358184903,18.5015296375269,-6.21843638612021,18.5996443407729,-6.25549744773856,18.3103487091458,-5.58836139720216,20.6918967857854,-6.23973248417349,18.1556154052104
-6.19439217084096,18.4697387578891,-6.40246182761588,18.5016317711397,-6.21856938052115,18.599753224455,-6.25564059909993,18.3104438451256,-5.58844864620226,20.692044876227,-6.23987809921285,18.1557067256748
-6.19422414967137,18.4696580238419,-6.40259969913728,18.5017336282664,-6.21870200825202,18.5998618214884,-6.25578336332015,18.3105387229844,-5.5885355972791,20.6921926021249,-6.24002332275832,18.1557977946185
-6.19405436014713,18.4695764513802,-6.40274287514828,18.5018394042594,-6.21883973181579,18.5999746051344,-6.25593162099664,18.3106372500984,-5.58862582714405,20.6923460508209,-6.24017413635529,18.1558923630582
-6.19419600677942,18.4696423374962,-6.40289709343,18.5019533380935,-6.21898806970498,18.6000960961531,-6.25609131405556,18.3107433741951,-5.58872293648023,20.6925113807147,-6.24033658372786,18.1559942210384
-6.19441194467695,18.4697434000702,-6.40305200773713,18.5020677861394,-6.21913706977479,18.6002181444097,-6.25625172774088,18.3108499774189,-5.58882039940381,20.6926775064992,-6.24049976611264,18.1560965357834
-6.19440966780618,18.4697413751799,-6.40319473072984,18.5021732274502,-6.2192743372313,18.6003305960351,-6.25639951472688,18.3109481951843,-5.58891012075027,20.6928306005967,-6.24065010816401,18.1561907960097
-6.19440739093542,18.4697393502896,-6.40333008670208,18.5022732261321,-6.21940451262424,18.6004372512866,-6.25653967075935,18.3110413470074,-5.58899515363152,20.6929758258861,-6.24079269242648,18.1562801867458
-6.19441378246855,18.4697412930242,-6.40346538199621,18.502373179986,-6.21953462289726,18.6005438669814,-6.25667976402917,18.3111344569708,-5.58908009562585,20.6931210169572,-6.2409352162702,18.1563695318268
-6.19442086190711,18.4697435506209,-6.40360029429517,18.5024728508896,-6.2196643581301,18.6006501890713,-6.25681946278591,18.3112273002517,-5.58916474353389,20.6932658283832,-6.24107734037199,18.156458618061
-6.19442353066616,18.4697438170783,-6.40373447570354,18.5025719818237,-6.21979338410208,18.6007559429885,-6.25695840704572,18.3113196370543,-5.58924887765134,20.6934098875472,-6.24121869788934,18.1565472162819
-6.1944261675581,18.4697440691498,-6.40386806765226,18.5026706772751,-6.21992183697472,18.6008612399989,-6.25709674272158,18.3114115655138,-5.58933258566247,20.6935533468438,-6.24135943739521,18.1566354205469
-6.19442880445004,18.4697443212213,-6.40400123835728,18.5027690615189,-6.22004987864246,18.6009662125068,-6.25723464337104,18.3115032023349,-5.58941597219694,20.6936963873344,-6.24149973581216,18.1567233423889
-6.19443143143685,18.4697445686347,-6.40413398902525,18.5028671354464,-6.22017751059107,18.6010708610653,-6.25737210967511,18.3115945492032,-5.58949903751546,20.6938390105722,-6.24163959423857,18.1568109828799
-6.19443194323629,18.4697438213262,-6.40426632006249,18.5029648993579,-6.22030473330836,18.6011751858755,-6.2575091415001,18.3116856072328,-5.58958178171502,20.6939812170533,-6.24177901299858,18.156898342454
-6.19443245503573,18.4697430740177,-6.40439831864251,18.5030624176557,-6.22043162989581,18.6012792565228,-6.25764582879704,18.3117764368887,-5.58966425923917,20.6941231004616,-6.24191808390592,18.1569854787051
-6.19443702895666,18.4697442012613,-6.40453007153249,18.5031597544419,-6.22055828333838,18.6013831419378,-6.25778226157212,18.3118670976401,-5.58974652412784,20.694264754131,-6.24205689842577,18.1570724488324
-6.19444174468867,18.4697453939466,-6.40466142599865,18.5032567968794,-6.22068454718213,18.6014867212418,-6.2579182819751,18.3119574839246,-5.58982848100331,20.6944060138245,-6.24219529568481,18.1571591519416
-6.19428132423298,18.4696672160134,-6.40479222397518,18.5033534281918,-6.22081026982092,18.6015898693843,-6.25805372639419,18.312047486872,-5.58991003167086,20.6945467092751,-6.24233310914862,18.1572454836878
-6.19412000513684,18.4695886061601,-6.40492799620981,18.5034537344012,-6.22094076716161,18.601696948231,-6.25819432234075,18.3121409117892,-5.5899946204145,20.6946927920592,-6.24247616622402,18.1573350945606
-6.19414654811636,18.4696002771799,-6.40507430890854,18.5035618277256,-6.22108138838394,18.6018123485968,-6.25834583427305,18.3122415880375,-5.59008570095333,20.6948502592241,-6.24263033168532,18.1574316584416
-6.1942531095804,18.4696504026809,-6.40522489871731,18.5036730809059,-6.22122611317327,18.6019311311543,-6.25850177544729,18.3123452071033,-5.59017936054623,20.6950123778266,-6.24278900563019,18.1575310422423
-6.19435967104444,18.4697005281819,-6.40537079149363,18.5037808639987,-6.22136631695833,18.6020462171914,-6.2586528506372,18.3124455972636,-5.59027001991605,20.6951694853565,-6.24294273187536,18.1576273238025
-6.19446623250848,18.4697506536829,-6.4055093065754,18.5038831965768,-6.22149942393214,18.6021554916987,-6.25879628317092,18.3125409151144,-5.59035602769966,20.6953186867157,-6.24308868624532,18.1577187333551
-6.19446754467614,18.4697503960178,-6.40564044396271,18.5039800786401,-6.22162543470777,18.6022589539284,-6.25893207444657,18.3126311585518,-5.59043739932973,20.6954599729725,-6.24322686950598,18.157805269677
-6.1944685477095,18.4697499903691,-6.40576773041957,18.5040741157018,-6.22174773875355,18.6023593856537,-6.25906387855174,18.3127187512965,-5.59051633294526,20.6955971381845,-6.24336099842866,18.1578892592191
-6.19447043189963,18.4697499648781,-6.40589470306866,18.5041679209276,-6.22186973506597,18.6024595773388,-6.25919535989251,18.312806124811,-5.59059502392177,20.6957339928674,-6.24349480037437,18.157973035787
-6.19447232506546,18.4697499432595,-6.40602134788032,18.5042614839527,-6.22199141036747,18.6025595176659,-6.25932650448602,18.3128932686208,-5.59067346152737,20.6958705230473,-6.24362826024896,18.1580565906184
-6.19431878953961,18.4696746728198,-6.40614764021777,18.5043547865759,-6.22211274121952,18.6026591869106,-6.25945728632474,18.3129801665187,-5.59075162842988,20.6960067033298,-6.24376135162054,18.1581399082085
-6.19416331369145,18.4695984629978,-6.40627881470523,18.5044516960482,-6.22223875673081,18.6027627160509,-6.25959312557063,18.31307042111,-5.59083275880112,20.6961481814371,-6.24389959056039,18.1582264425224
-6.1942803133434,18.4696539384014,-6.40642017156579,18.5045561280839,-6.22237454811573,18.6028742889504,-6.2597395105037,18.313167679855,-5.59092011632133,20.6963006821773,-6.24404856241452,18.1583196905722
-6.19448667025998,18.469752599455,-6.4065626050184,18.5046613554875,-6.22251136716301,18.6029867195654,-6.2598870097638,18.3132656801772,-5.59100806290066,20.696454388046,-6.24419867040168,18.1584136463441
-6.19449033902982,18.4697534980986,-6.40669393629527,18.5047583807931,-6.22263751515842,18.603090394526,-6.26002300918048,18.3133560459499,-5.59108908891302,20.6965961505218,-6.24433707941152,18.1585002763632
-6.19449141236636,18.4697531448889,-6.40681797222749,18.5048500164226,-6.22275664927089,18.603188318294,-6.26015145128766,18.3134413959715,-5.59116556102924,20.6967300684687,-6.24446780209183,18.1585820906769
-6.19434148123661,18.4696791737482,-6.4069416145421,18.5049413612542,-6.22287539882907,18.6032859392069,-6.26027948556036,18.3135264754945,-5.59124174164917,20.6968635893037,-6.24459811303526,18.1586636404055
-6.19418887138419,18.4696038966725,-6.40707004376753,18.5050362425737,-6.2229987393385,18.6033873475373,-6.26041247880105,18.3136148459006,-5.59132081815934,20.6970023100169,-6.24473347247025,18.1587483419646
-6.19427868578322,18.4696465134393,-6.40720844352386,18.5051384899513,-6.2231316486863,18.6034966367136,-6.26055579983374,18.3137100724744,-5.59140596775762,20.6971518378227,-6.24487934347737,18.158839614458
-6.19449289895128,18.4697496268305,-6.40734874822601,18.5052421446704,-6.22326638089367,18.6036074380787,-6.26070109505819,18.3138066074835,-5.59149221612901,20.6973034654213,-6.24502722439445,18.1589321398307
-6.19450605128076,18.4697551652172,-6.40747861676054,18.5053380893269,-6.22339108549071,18.6037100050172,-6.26083558164662,18.3138959639097,-5.59157198497019,20.6974438511234,-6.24516410722466,18.1590177803828
-6.19450652347834,18.4697545499245,-6.40760061809512,18.5054282218304,-6.22350823016727,18.6038063653751,-6.2609619192638,18.3139799103231,-5.59164686957888,20.6975757620373,-6.24529270004916,18.1590982296173
-6.1945110111004,18.4697558243144,-6.40772193233243,18.5055178467182,-6.22362470957779,18.6039021897541,-6.26108754492785,18.3140633846138,-5.59172128493931,20.6977069570022,-6.24542057155391,18.1591782211353
-6.19451583404385,18.4697572565086,-6.40784283835263,18.5056071700222,-6.22374079090577,18.6039976991444,-6.26121274897705,18.3141465763467,-5.59179540190184,20.6978377377126,-6.24554801593158,18.1592579384417
-6.19451144170777,18.46975428314,-6.40796317679583,18.5056960740099,-6.22385632100474,18.6040927678363,-6.26133736689908,18.3142293750994,-5.59186912132866,20.6979679325898,-6.24567486500736,18.15933727678
-6.19450686134543,18.4697512198815,-6.40808329960483,18.5057848186908,-6.22397163817241,18.6041876733603,-6.26146176306731,18.3143120231542,-5.59194265741171,20.6980979231746,-6.2458014894614,18.1594164686689
-6.19451127909304,18.4697523884069,-6.40820357843625,18.5058736786384,-6.22408709952253,18.6042827089546,-6.26158632194461,18.3143947768469,-5.59201623621259,20.6982281124507,-6.24592828081631,18.1594957595252
-6.19451741416928,18.4697543645867,-6.40832368186952,18.5059624090048,-6.22420238715162,18.6043776124592,-6.26171069975486,18.3144774090012,-5.59208965396342,20.6983581422415,-6.24605488952781,18.1595749311538
-6.19452253057195,18.4697559382047,-6.40844320638113,18.5060507116738,-6.22431711382642,18.6044720648828,-6.26183447802377,18.3145596428773,-5.59216266394177,20.6984875756733,-6.2461808901136,18.1596537177175
-6.1945275132314,18.4697574589697,-6.40856211465357,18.5061385590758,-6.22443124320831,18.6045660373654,-6.26195761777702,18.3146414532951,-5.59223524387186,20.6986163720127,-6.24630624321899,18.1597320946418
-6.19453249589085,18.4697589797347,-6.40868043763208,18.5062259740726,-6.224544804618,18.6046595548244,-6.26208015120611,18.3147228613271,-5.59230741318507,20.6987445644429,-6.246430981534,18.1598100822157
-6.1945374785503,18.4697605004997,-6.408798178908,18.5063129593175,-6.22465780178067,18.6047526197593,-6.26220208237658,18.3148038689227,-5.59237917458735,20.6988721565352,-6.24655510891058,18.1598876827006
-6.19453832131904,18.4697600639226,-6.40891533848133,18.5063995148104,-6.22477023503251,18.6048452317611,-6.26232341145708,18.3148844758282,-5.59245052864325,20.6989991479431,-6.24667862536199,18.1599648960752
-6.19453916185618,18.4697596262904,-6.40903207913425,18.5064857608121,-6.22488226063195,18.6049375194521,-6.26244430706212,18.3149647939801,-5.59252157494996,20.6991257148233,-6.24680170248584,18.1600418296468
-6.19454183162116,18.4697600413549,-6.40914856373666,18.5065718176481,-6.22499403491548,18.6050296115319,-6.26256493787715,18.3150449354056,-5.59259241279572,20.6992520336312,-6.2469245119658,18.1601185907909
-6.19454426691155,18.4697603398482,-6.40926472638749,18.5066576366317,-6.22510549470133,18.6051214558324,-6.26268523563113,18.3151248548012,-5.59266300218946,20.6993780328252,-6.24704698429508,18.1601951361236
-6.19440222136779,18.4696892367763,-6.40938050902426,18.5067431748674,-6.22521658431785,18.6052130063968,-6.26280514014703,18.3152045122918,-5.59273330806732,20.6995036492743,-6.24716905822421,18.1602714274375
-6.19426017582403,18.4696181337045,-6.40950083506035,18.506832069689,-6.22533202739172,18.6053081564939,-6.26292975030168,18.3152872948602,-5.59280631636184,20.6996342265817,-6.24729592469382,18.160350708855
-6.19437413747113,18.4696734052829,-6.40963061998276,18.5069279525744,-6.22545653924546,18.6054107939727,-6.26306415694103,18.3153765837681,-5.59288499737485,20.6997751057922,-6.24743276633133,18.1604362192054
-6.1945573588394,18.46976286603,-6.40976116485784,18.5070243968998,-6.22558177397297,18.605514039967,-6.26319935049781,18.3154663956522,-5.59296406852546,20.6999168493122,-6.24757041093605,18.1605222275486
-6.19441927144869,18.469693575481,-6.40988141735831,18.5071132373945,-6.22569712926496,18.6056091528157,-6.26332388331273,18.3155491294142,-5.5930368452214,20.7000474511878,-6.24769720494355,18.1606014523997
-6.19427945965521,18.4696234329441,-6.40999995889072,18.5072008138552,-6.22581083746405,18.605702919424,-6.26344664254749,18.3156306886054,-5.59310853333961,20.700176224419,-6.24782219706161,18.1606795465852
-6.19438357533485,18.4696740816957,-6.41012778294021,18.5072952480811,-6.22593344333092,18.6058040362478,-6.26357901508032,18.3157186336064,-5.59318577619218,20.700315114132,-6.24795697961946,18.1607637515301
-6.19454771852496,18.4697544556776,-6.41025663824205,18.5073904441787,-6.22605703203066,18.60590597652,-6.26371245687004,18.315807286156,-5.59326357847226,20.7004551598068,-6.24809285215613,18.1608486316784
-6.19456531318814,18.4697623023109,-6.41037616987157,18.5074787521062,-6.22617167249902,18.6060005474645,-6.26383624296424,18.3158895242458,-5.59333569479381,20.7005851033972,-6.24821889540226,18.160927366681
-6.19456828511102,18.469762912102,-6.41048931100661,18.5075623388456,-6.22628017851462,18.6060900689927,-6.26395341048942,18.3159673665895,-5.593403908321,20.7007081260542,-6.24833820236039,18.1610018885514
-6.1945712570339,18.469763521893,-6.41060153652445,18.5076452491425,-6.22638780100034,18.6061788726231,-6.26406963040239,18.3160445780914,-5.59347152564417,20.7008301776081,-6.24845654660344,18.1610758028554
-6.19457422895679,18.469764131684,-6.41071334314953,18.5077278499687,-6.22649501660306,18.6062673510522,-6.26418541808713,18.3161214990245,-5.59353884575754,20.7009517984132,-6.24857445199825,18.1611494366505
-6.1945777844022,18.4697650388421,-6.41082473088187,18.507810141324,-6.22660182557689,18.6063555039716,-6.26430077346248,18.316198129511,-5.59360586736517,20.7010729891644,-6.24869191828447,18.161222790353
-6.19458137195944,18.4697659623647,-6.41093567981611,18.5078921085028,-6.22670820843132,18.6064433161159,-6.26441567539665,18.3162744566355,-5.59367257739431,20.7011937287869,-6.24880892417025,18.1612958513351
-6.19458369967811,18.4697662844626,-6.4110461689515,18.5079737359901,-6.2268141448109,18.6065307711283,-6.26453010178041,18.3163504664929,-5.59373896248701,20.7013139948053,-6.24892544732863,18.1613686060551
-6.19458600702015,18.4697665968331,-6.41115624729934,18.5080550599945,-6.22691968218399,18.6066179072244,-6.26464410315853,18.3164261931206,-5.59380505173636,20.7014338407375,-6.24904153936401,18.1614410869193
-6.19445162658693,18.469698331462,-6.41126596577673,18.5081361181328,-6.22702486968228,18.606704764327,-6.26475773193635,18.3165016720376,-5.59387087564194,20.7015533220311,-6.24915725391543,18.1615133275495
-6.19431712190651,18.4696300037546,-6.41138000262632,18.5082203666108,-6.22713419165592,18.606795046746,-6.26487583305609,18.316580121605,-5.59393923719147,20.7016775351852,-6.24927752489281,18.1615884081802
-6.19442018540021,18.4696806992099,-6.41150303953203,18.5083112641765,-6.22725213520287,18.606892462183,-6.26500325543072,18.3166647619386,-5.59401293134739,20.7018115859928,-6.24940728992079,18.1616694111749
-6.19459938645542,18.4697695400665,-6.41162696356908,18.5084028171398,-6.22737092303124,18.6069905874288,-6.26513159640445,18.3167500127832,-5.59408709015804,20.7019466399925,-6.24953799222432,18.161750995609
