Baseline,K=1,K=5,K=10
0,0,0,0
9.54884882387582E-06,1.91E-05,1.91E-05,1.91E-05
1.90583893592032E-05,3.81E-05,3.81E-05,3.81E-05
2.85286216058607E-05,5.71E-05,5.71E-05,5.71E-05
3.79603699145635E-05,7.59E-05,7.59E-05,7.59E-05
4.77827201865765E-05,9.56E-05,9.56E-05,9.56E-05
5.75836905083522E-05,0.000115167381017,0.000115167381017,0.000115167381017
7.73315578240264E-05,0.000154663115648,0.000154663115648,0.000154663115648
9.7868884766271E-05,0.000195737769533,0.000195737769533,0.000195737769533
0.000100256642852,0.000200513285704,0.000200513285704,0.000200513285704
9.81048532123354E-05,0.000196209706425,0.000196209706425,0.000196209706425
0.000108069414736,0.000216138811964,0.00021613882087,0.000216138817715
0.000117510539994,0.000235021027463,0.000235021054873,0.000235021045284
0.000126963829051,0.000253927550813,0.000253927608107,0.000253927588249
0.00013639955248,0.000272798922729,0.000272799022166,0.000272798987948
0.0001456203929,0.000291240520462,0.00029124066976,0.000291240618889
0.000154812716987,0.000309625073672,0.000309625282999,0.000309625212334
0.000164031245797,0.000328062020405,0.000328062302372,0.000328062207911
0.000173374246731,0.000346747881412,0.000346748255207,0.000346748130489
0.000192845976966,0.000385689852872,0.000385690892206,0.000385690517668
0.00021270905164,0.000425414173695,0.000425416023427,0.00042541534385
0.000215145360071,0.000430287394175,0.00043028904994,0.000430288453813
0.000213291365335,0.000426581415851,0.00042658230974,0.000426582018214
0.000222463759487,0.000444926121804,0.000444927127778,0.000444926804194
0.000231623618261,0.000463245636618,0.000463246810128,0.000463246433788
0.000240550378196,0.000481099006484,0.000481100336253,0.000481099912937
0.00024943541871,0.000498868942337,0.000498870437409,0.000498869965119
0.000258283494628,0.000516564950393,0.000516566621591,0.000516566097685
0.000267093988718,0.000534185796894,0.000534187655203,0.000534187077032
0.000276033641391,0.000552064889243,0.000552066975995,0.00055206632919
0.000284945580916,0.000569888547486,0.000569890878657,0.000569890158752
0.000293733448739,0.000587464111559,0.000587466680549,0.000587465891927
0.000302492606127,0.000604982256665,0.000604985076473,0.000604984215952
0.00031125615343,0.000622509165701,0.000622512256926,0.00062251131842
0.000320134390046,0.000640265368075,0.000640268779958,0.000640267746319
0.000338662346807,0.000677315166041,0.000677321290664,0.000677319235651
0.000357561213317,0.000715106504153,0.000715115482326,0.000715112355103
0.000359715080525,0.000719418267146,0.00071942589886,0.00071942333458
0.000357327541724,0.000714651261759,0.000714655920054,0.000714654552172
0.000366529100922,0.000733054114362,0.000733059182546,0.000733057697097
0.000375224485231,0.00075044460698,0.000750450089746,0.000750448484938
0.000393202674543,0.000786393022112,0.000786402066601,0.000786399124342
0.000411731635026,0.000823442580352,0.000823455385811,0.000823451033944
0.000418942139094,0.000837864830775,0.000837877537392,0.000837873279636
0.000423239358087,0.000846463556548,0.000846474953381,0.000846471263118
0.000427188333082,0.000854366348164,0.00085437621174,0.0008543731757
0.000430662190615,0.000861319446859,0.000861327551295,0.000861325256189
0.000439294648012,0.000878584214917,0.000878592815529,0.000878590387388
0.000447707849784,0.000895410440609,0.000895419558645,0.000895416990408
0.000465359860381,0.000930703665029,0.000930717661551,0.000930713267591
0.000483422437296,0.000966817756409,0.000966836790803,0.000966830516372
0.000485684330577,0.000971349194049,0.000971365680576,0.000971360471089
0.000483620578841,0.000967235719505,0.000967247066167,0.000967243926918
0.000492127681688,0.000984250126833,0.000984261968638,0.000984258715674
0.00050035868964,0.001000712060442,0.001000724504606,0.001000721095204
0.000508562699646,0.001017120008604,0.001017133073346,0.00101712950351
0.000516742943465,0.001033480433182,0.001033494138229,0.001033490403486
0.000534005372154,0.001067991719277,0.0010680116394,0.001068005588886
0.000551617112643,0.001103201454466,0.001103227726927,0.001103219316459
0.000558447889066,0.001116865909121,0.001116891779105,0.001116883630226
0.000562503317686,0.001124984606255,0.001125008085498,0.001125000971764
0.000566225914838,0.001132438235548,0.001132459069685,0.001132453087854
0.000569494988465,0.001138985391779,0.001139003322345,0.001138998569108
0.000577685899811,0.001155367301786,0.001155385994995,0.001155381053849
0.000585670614547,0.001171336763563,0.001171356246926,0.00117135110793
0.000602544069671,0.001205067297435,0.001205094382601,0.001205086423317
0.000619754841127,0.001239472328722,0.001239507152013,0.001239496330674
0.000623512504105,0.001246996918824,0.001247028925882,0.001247019325172
0.000620135026164,0.001240266150746,0.001240289189186,0.001240283183158
0.000627972493292,0.001255942352898,0.001255965861627,0.00125595980625
0.000635782781496,0.001271563154365,0.001271587531787,0.001271581269102
0.000643547403766,0.001287092639603,0.00128711790495,0.001287111430993
0.000651286799009,0.001302571687962,0.001302597862724,0.001302591173044
0.000659084389352,0.00131816696742,0.001318194147176,0.001318187208906
0.000666861099937,0.001333720500894,0.001333748710284,0.001333741517941
0.000683120685728,0.001366220034085,0.001366257527773,0.001366246910919
0.00069976156703,0.001399481924652,0.001399528900204,0.00139951479613
0.000702007644248,0.001403989011645,0.001404031107032,0.001404019055963
0.00069966674307,0.001399334489026,0.001399366579768,0.001399358554319
0.000716114406989,0.001432208841029,0.001432250983609,0.001432239265964
0.00073250790493,0.001464974549797,0.001465026909025,0.001465011440507
0.000734731962534,0.001469438800737,0.001469485890123,0.001469472638689
0.000732683018889,0.001465369545305,0.001465406164631,0.001465397130195
0.000740529209801,0.001481062674421,0.001481100400632,0.001481091126816
0.000748035928268,0.001496076523267,0.001496115451725,0.001496105896056
0.000755519747784,0.001511044593268,0.001511084749004,0.001511074906253
0.000762985149053,0.001525975846967,0.001526017255796,0.001526007120588
0.000683402253077,0.001366794794801,0.001366832600923,0.001366822486913
0.000605084310257,0.001210138122731,0.001210170771319,0.001210160750339
0.000504458838941,0.001008846811042,0.001008868424667,0.001008858845783
0.000411869234461,0.000823601240417,0.000823603140744,0.000823594694865
0.000407128236982,0.000814024217935,0.000814040333414,0.000814022978971
0.000407562438794,0.000814779476937,0.000814811675277,0.000814783951369
0.00033260438953,0.000664632979743,0.000664637095961,0.000664603489626
0.000140383750169,0.000278993734594,0.000278652970689,0.00027863852325
4.84298987354528E-05,8.99E-05,8.75E-05,8.77E-05
0.000213330187449,0.000424650338889,0.000423755709889,0.000423869777021
0.00022068916847,0.000438699653527,0.000437667970982,0.000437781246545
0.000221057625617,0.000438537415361,0.000437311415208,0.000437426548434
0.000372451258535,0.000742208097652,0.000741113812732,0.00074124634039
0.000554931123287,0.001107596308118,0.001106519614556,0.001106672772589
0.000630498108734,0.00125847796302,0.001257280088543,0.001257452573499
0.000697935045436,0.001393029246011,0.001391679994046,0.00139187619878
0.000763463911061,0.001523729051828,0.001522213440347,0.001522435753674
0.000824872863758,0.001646145655655,0.001644446403641,0.001644697407934
0.000826930641237,0.001649501158123,0.001647568484917,0.001647842788718
0.000827373900726,0.001649532590081,0.001647344781857,0.001647643660122
0.001272028461522,0.002539662334747,0.002537706615394,0.002537990395365
0.001807576391786,0.003611112990675,0.003609213540393,0.003609503502919
0.001836678548315,0.003668461095022,0.003666255854048,0.003666585585577
0.001837522546668,0.003669011486745,0.003666404630988,0.003666787181343
0.002248481598844,0.004490631502287,0.004487848202667,0.004488268213702
0.002741874716282,0.005477090418351,0.005474111582524,0.00547457370375
0.00295415579967,0.005900617184573,0.005897238911424,0.005897764387842
0.003138934741867,0.006268898940033,0.006265040513036,0.006265642086621
0.0033225236925,0.006634639809286,0.00663025666468,0.006630941559061
0.003492835102775,0.006973637595167,0.006968675822852,0.006969452735678
0.003502507639518,0.006990732684666,0.006985043915118,0.006985927078727
0.003504533882123,0.006992251468143,0.006985763896035,0.006986763285947
0.003789540036264,0.00756059146782,0.007553498733165,0.007554603625944
0.004135314007281,0.008250576624355,0.008242894480784,0.008244107189924
0.00427777929465,0.008533012693023,0.008524509288808,0.008525854086217
0.004404801612805,0.008784276570579,0.00877486803629,0.008776358529434
0.00441172747429,0.008794548909994,0.008784061569585,0.008785714092254
0.004414658142518,0.008796505990428,0.008784859487695,0.008786685795362
0.004663045919277,0.009290516915323,0.009278004778589,0.009279975371815
0.004960781480892,0.009883327205507,0.009869966209479,0.009872083009605
0.005233676933438,0.010426014086764,0.010411669907606,0.01041395468545
0.005479091691124,0.010913212651373,0.010897731723058,0.010900209622601
0.005836174438477,0.011623798187662,0.011607296431601,0.011609942580452
0.006161436056584,0.012270077628701,0.012252378036184,0.012255221020297
0.00618486668049,0.012310209609838,0.012290650478833,0.012293783483599
0.006190418122289,0.012313701465137,0.012292078557262,0.012295533701948
0.006795073618909,0.01351944031354,0.013496909247949,0.013500528925736
0.007536276986873,0.014998634100671,0.014975300151429,0.014979073668474
0.007857217861657,0.015633527463973,0.015608398024292,0.015612468533449
0.008136968407639,0.016184854555827,0.016157652631575,0.016162065901827
0.008412554354838,0.016727090160054,0.016697675109936,0.016702454904358
0.008668211265437,0.01722856800156,0.017196762538203,0.017201938845312
0.008690035685893,0.017259397567339,0.017224533643741,0.017230201291648
0.008699848621088,0.017265019989174,0.017226869607917,0.017233065742519
0.009082976537677,0.018020759922213,0.017980195497085,0.017986807302917
0.009558195165823,0.018961256030006,0.018918435125632,0.018925446335857
0.009823041371894,0.019477765474669,0.019431958098482,0.019439475565732
0.01002627465622,0.019869365496498,0.019820216804617,0.019828297730145
0.010495582140361,0.020795588366936,0.020743858656356,0.020752379627813
0.010967375336872,0.021725894614536,0.021671426077049,0.021680414939871
0.011395626990589,0.022567177179183,0.022509566122681,0.022519091539231
0.01177885466639,0.023316216177545,0.023255027041562,0.023265163194775
0.01220962813798,0.024159224472249,0.024094333519594,0.024105102718442
0.012601666447919,0.024922441316346,0.024853431296678,0.02486490497972
0.013003805997377,0.025704235828986,0.025630881629497,0.025643099676084
0.0133704038905,0.026412563192419,0.026334466606072,0.02634749774306
0.013408361143418,0.026455601145654,0.026371166244373,0.02638526033043
0.01343134160948,0.026465878051743,0.026374664160103,0.026389897260034
0.014031710140805,0.027641747607809,0.027546207510738,0.027562210326816
0.014784388955232,0.029124267657113,0.02902491212382,0.029041613426641
0.015108139995984,0.02973738498868,0.029631917259466,0.02964968039874
0.01539739689398,0.030278269426042,0.030166165943336,0.030185083933103
0.015672332936193,0.030788047401582,0.030668961603208,0.030689097853175
0.015931244759201,0.031263213918533,0.03113678143969,0.031158203203421
0.015979803540277,0.031309203132884,0.031173942666628,0.031196884918123
0.016013933528421,0.031323008283198,0.031178428262511,0.031202979467088
0.016398532125497,0.032047503154876,0.03189553761893,0.031921420220717
0.016861352146226,0.032929752363392,0.032770721349909,0.032797899307796
0.017068423225968,0.033289137103436,0.033121038440152,0.033149830219032
0.017260036627593,0.033614465925908,0.033436828605576,0.033467323292538
0.017687476041598,0.034418552115207,0.034232996632165,0.034264922676116
0.018090000448113,0.035169372964775,0.034975373981386,0.035008829734293
0.018167829755336,0.035252766418497,0.035047129511781,0.035082649615953
0.018215994297938,0.035270982008554,0.035052835905039,0.035090579456789
0.01894100162016,0.036673402275884,0.036448643619669,0.036487646533494
0.019809469712434,0.038366903540711,0.038136430997462,0.038176556122659
0.020225342762732,0.039128139740162,0.038887230155027,0.038929274733652
0.020590239303581,0.039779682025483,0.039527212952625,0.039571382606089
0.020665887035299,0.039832431349248,0.039565104994486,0.039611958629384
0.020728836938025,0.039853549478342,0.039570572558037,0.03962026002557
0.021620193096121,0.04157817236991,0.041287980320123,0.041339111678826
0.021986400284737,0.042217287081587,0.04191395318974,0.041967532613325
0.022318958412002,0.042781895057807,0.042464438669341,0.042520653984336
0.022633863433651,0.043305738509645,0.042973488279395,0.043032472715299
0.022721586322258,0.043354225131033,0.04300395990991,0.043066267569935
0.022800486191401,0.043378617141362,0.04300952881428,0.04307532033468
0.023193564835412,0.044051852841571,0.043667608956489,0.043736286401893
0.023662585740394,0.04487972789147,0.044480983511073,0.04455245769985
0.024104759812954,0.045647141413163,0.045232988994135,0.045307440498013
0.024518189379102,0.046349325034705,0.045918744518665,0.045996375270307
0.024957158605518,0.047098739770976,0.046651585305838,0.046732417144385
0.025366613281237,0.047780370303633,0.04731553613775,0.047399788266628
0.025491211117277,0.047857584841367,0.047369803504329,0.047458421040693
0.025597626768181,0.04788842672272,0.047376459640947,0.047469690689459
0.026231102472173,0.049024340770056,0.048496788966245,0.048593144218866
0.026989469405803,0.050418952658991,0.049877521686452,0.049976723676777
0.027393524831793,0.051058257364182,0.050496023150524,0.050599298528737
0.027761664487488,0.051613420184352,0.051028854500851,0.05113650828775
0.028119334266717,0.052138151450467,0.051530669747968,0.051642755829301
0.028461790298091,0.05262351271704,0.051992123871444,0.052108850260026
0.028805530749736,0.053102504792261,0.052447076156069,0.052568358245443
0.029137658598251,0.053549738943786,0.052869345136157,0.052995379078512
0.029457065096249,0.053959874178605,0.053254280622053,0.053384946222979
0.029766083435431,0.054341071616576,0.053609250505942,0.053744787666325
0.030069094910368,0.054693398645151,0.053936768945749,0.054076352722984
0.030364242055627,0.055022285306638,0.054239827862156,0.054383702123527
0.030652553136184,0.055330704143787,0.05452124766527,0.054669730648526
0.03093391889127,0.055618542716946,0.05478082906546,0.054934271841427
0.031206020185561,0.055869159678547,0.055004696156804,0.055162183586737
0.031472168977389,0.056102198230097,0.055209449704167,0.055371450693893
0.031867503837506,0.056599851332439,0.055684864002674,0.055849496075357
0.03224931847318,0.057064473259731,0.056125276390435,0.056293154668128
0.032451823900085,0.057141121277666,0.056167057880585,0.056341275369788
0.032642171807088,0.057186016957342,0.056174189646342,0.056355679782425
0.033115758609147,0.057792330951908,0.056766145975777,0.056946617927866
0.033654381501207,0.058525441732963,0.05748944851943,0.057667281772455
0.034170847939651,0.059208240366095,0.058159229406208,0.058335485849675
0.034663170564779,0.059836092752456,0.05877043587033,0.058946324137292
0.035049180134792,0.060202923742708,0.059118986413124,0.059293952230811
0.035416287096846,0.060525761805814,0.059419735215959,0.059595073940828
0.03565464108157,0.060593156643433,0.059448203655584,0.059630064703767
0.035884983058193,0.060643931651961,0.059455644857407,0.059645697913179
0.036276439656572,0.060934657044603,0.059737258275307,0.059921226633468
0.036713666927399,0.061291894032035,0.060094133781652,0.060268274930612
0.037139611312845,0.061628620355901,0.06042629754814,0.060592205170888
0.037553129444617,0.061943367439557,0.060731783166086,0.060891259851992
0.037821288654604,0.062014113401049,0.060761645590988,0.06092734423452
0.0380778394248,0.062068596978994,0.060768704926943,0.060943258707169
0.038569042755565,0.062431205152256,0.061149817674218,0.061305212572759
0.039105804008393,0.062850386700811,0.061599615337005,0.061730544154249
0.039601967130904,0.063220041692578,0.061984071380047,0.062097105967184
0.040077214965163,0.063554373687662,0.062325761697502,0.062423797752462
0.04053465934757,0.063861552306958,0.062632823777818,0.06271883745901
0.040973710175101,0.064141841714506,0.062904866850495,0.062982130802089
0.041283381995408,0.064215042942622,0.062934983068972,0.063017631451847
0.041578280776729,0.064274312163919,0.06294135218251,0.063033505088896
0.042093297235158,0.06452705962589,0.063231190776182,0.063293236728411
0.04265757327795,0.064825236037602,0.063585101268139,0.063608693035571
0.043204859648675,0.065108119914916,0.063914574566882,0.063903507457802
0.043733531571152,0.06537356995868,0.064216637785394,0.064175064983974
0.044207002434194,0.065515712259893,0.06438680937391,0.064317413799714
0.044663741107696,0.065647858841378,0.064536002457793,0.064443436575557
0.045131746256445,0.065741007658171,0.064660757651185,0.064537820821414
0.04558450267746,0.065833473058136,0.064772864056296,0.064624745981721
0.045930791919098,0.0658982738035,0.064790765592448,0.064647359415408
0.046258894339232,0.065965781205914,0.064795650663644,0.0646639968725
0.046773514329388,0.065898439166378,0.064821484774839,0.06462880794141
0.047328613592893,0.065805408690821,0.064854875421928,0.064585354024764
0.047680409819349,0.065871776214548,0.064868308027369,0.06460532329535
0.048013426390029,0.06594650819994,0.064872573634498,0.06462411058128
0.04858467576796,0.065933690248332,0.064974423607095,0.064654353918368
0.049208023963401,0.065901559890217,0.065098116119117,0.064686984862661
0.049762468629569,0.066054282467436,0.065311630762454,0.064854751904298
0.050291600278171,0.066199810842027,0.065499672050038,0.065005084746612
0.050844763748028,0.066318329294793,0.065682612545594,0.065139656443626
0.051374065837699,0.066434162417604,0.065844274246112,0.065261185780923
0.051747375849841,0.066517305369743,0.065864740277411,0.065290833041942
0.052095962000567,0.066606073745209,0.065867963124289,0.065313714687729
0.052755803383458,0.066626794509143,0.066048455618712,0.065399538908194
0.053485965699452,0.066641158711886,0.066277480932535,0.065508172023684
0.05403441260722,0.066663768048529,0.066375548617365,0.065549830819248
0.054555802559326,0.066692752135744,0.066456306911757,0.06558488037697
0.054939292163423,0.066774819408334,0.066469061209493,0.065608371551782
0.055298679193668,0.066870834633625,0.066470877278256,0.06563254190986
0.055885640201458,0.066677985242302,0.066431584741684,0.065496304969241
0.05653192795595,0.066416776610403,0.066389075612753,0.065325178730798
0.057074996142599,0.06633882745282,0.066401983749983,0.065271073376173
0.057590131289014,0.066296420405545,0.066418534029441,0.065235611287311
0.058071045231264,0.066125174712344,0.066311315661201,0.065071538280142
0.058534431731355,0.065973740817682,0.066204127634728,0.064916608956213
0.059000577996709,0.065762101369842,0.066054934206799,0.064709816330033
0.05945409000515,0.065578038585116,0.06591604926622,0.064521443845882
0.059910800497525,0.065346134609564,0.065745135495478,0.064292421485264
0.06035412051167,0.06514420611781,0.065585601779113,0.064083562137142
0.060805017721767,0.064890805119154,0.065395411657313,0.063832943675726
0.061242753953194,0.064666937689275,0.065216339762098,0.06360214084026
0.06169976333085,0.064366004390146,0.064998571389789,0.063312738393557
0.062142128860889,0.064101063368178,0.064795372931823,0.063048109078641
0.062568928629251,0.063871874263144,0.064605239400865,0.062807396576746
0.06297961370795,0.06367862082624,0.064427360172069,0.062590332958884
0.063365759789174,0.063746133726126,0.064417541752365,0.062590326405727
0.063730168092469,0.06384561803746,0.06441059246028,0.062607488964096
0.064155368045257,0.063228381676797,0.063935671139459,0.06202259559276
0.06459341966786,0.062449165868588,0.063357225381773,0.061301591839524
0.065028508024575,0.062163366188938,0.063136930720924,0.061013836076946
0.065450902071443,0.061930778555568,0.062944856200805,0.060766890624415
0.065884439015204,0.061657756112928,0.062735682654449,0.060490331375997
0.066301765670592,0.06142208018906,0.062538942413802,0.060238331038545
0.066687611779091,0.061477581517712,0.062521536833417,0.060226058631465
0.067051435336344,0.061570165694075,0.062508803500953,0.06023465624017
0.067505628863095,0.061030807472052,0.062131164269976,0.059733718238375
0.067977147749269,0.060346707904611,0.061670182378689,0.059114984614543
0.068461955091455,0.060172940170296,0.061590479338822,0.058953606795326
0.068927039193355,0.060033536115323,0.061516145627744,0.058811793585298
0.069412646432428,0.059853283270642,0.061434978635523,0.058645433622937
0.069876996297689,0.059703195327358,0.061353650321296,0.0584935733836
0.070271044187543,0.059751631360144,0.06133812113001,0.058476083567246
0.070641285322055,0.059832106949395,0.061318947909187,0.05847266064486
0.071116090817984,0.059409930882316,0.061056439762949,0.058085659981458
0.071621759330684,0.058826165991925,0.060716734712829,0.057574841031073
0.072121463620002,0.058544408605524,0.060585950460554,0.057327383160555
0.072603642991623,0.058335787479738,0.060489146971816,0.057134474722591
0.073066037225858,0.058166274421146,0.060399180853192,0.056964475088675
0.073508107434399,0.058036056089474,0.06031490124714,0.056816950223456
0.073904996127313,0.058062961614387,0.060288817580776,0.056780069806803
0.074278812721259,0.058127530563529,0.060262329795038,0.056762030509459
0.074751932960259,0.057671048581886,0.059990125634502,0.056346117760085
0.075241827117939,0.057108814141322,0.059668782397906,0.055848684050602
0.075640373950639,0.057097165089817,0.059620941188496,0.05577884780505
0.076014593628785,0.057151814616444,0.059590479601117,0.055752194402949
0.076508259490109,0.056847451377083,0.059458049085882,0.055486131514101
0.077017075449477,0.056486588338113,0.059308909063567,0.055181254169608
0.077506139849172,0.056168434336225,0.059168462487354,0.054902192072714
0.077975079508573,0.055893158000358,0.05903534588771,0.054648370216863
0.078373353187463,0.055891103603708,0.059000161851585,0.054587753018078
0.078747790757722,0.055932873721322,0.058965052551878,0.054549660523901
0.079214317172081,0.055543885098979,0.058757402239549,0.054194791644432
0.079694066072096,0.055072888114455,0.058515916402897,0.053777994196664
0.080164419209154,0.054741912013351,0.058360349059728,0.053479441258289
0.080618821808993,0.054487063715894,0.058238483738717,0.053237964158336
0.081053938197023,0.054281078457008,0.058126904061364,0.05302682086688
0.081469175598695,0.054123871713038,0.058023946852044,0.05284519814335
0.081903005276734,0.053871468340982,0.057886246029115,0.05259431372885
0.08231882116318,0.053664399478261,0.057757259246011,0.052371174534859
0.082709101158683,0.053634860261085,0.057711864846585,0.052286262639135
0.083077092296756,0.053653592398154,0.057669197306895,0.052228009304483
0.083491402516255,0.053185297325969,0.057375967370223,0.051775627808062
0.083908280764726,0.052625061168544,0.057032170156523,0.051245411524132
0.084316798995108,0.052349470635769,0.056864816862709,0.050961161231463
0.084708921460764,0.05213176129661,0.056715620794977,0.050716747644642
0.085091379966698,0.052084762387733,0.056664565874632,0.050616425995296
0.085452110094752,0.052089814316236,0.056617947869203,0.050546004925996
0.085804556071099,0.051594375294334,0.056244549236408,0.05002764420893
0.086145832636361,0.050990604066406,0.055791138354592,0.049404911350762
0.086535532323303,0.050700037255577,0.055610595103119,0.049099515085765
0.086911898863847,0.050476159836943,0.055456913793435,0.048843956646049
0.087294647195274,0.050196321437333,0.05528253313327,0.048545851444428
0.087659779219054,0.049973226526595,0.055121327912495,0.048284740153249
0.088032654556478,0.049687071172484,0.054937559823602,0.047975967267376
0.088388410594951,0.049457387346345,0.05476687064793,0.047704096905035
0.088753015115479,0.049383570546717,0.054709011047578,0.047579526348586
0.089097163613499,0.049365619884929,0.054656776973152,0.047488245634909
0.089439096612017,0.048967292560009,0.054373201614089,0.047058308504874
0.089769416734079,0.048515115396869,0.054043697652104,0.046571027435647
0.090086187307814,0.048124566534557,0.053735164226863,0.046127436353133
0.090389607800319,0.047796612002385,0.053447781152425,0.045728564050373
0.090732420313496,0.047504643575229,0.053250851212264,0.045399533891249
0.091060766689574,0.047273796311367,0.053072115785247,0.045113576699253
0.091408920673669,0.047178794400087,0.053010732092202,0.044969416253574
0.091737418357086,0.047142488876143,0.052955534309394,0.044861149839865
0.092048468676555,0.046755581833848,0.052670407530754,0.044423946662634
0.092344407159875,0.046321054360871,0.052337657731493,0.043930316901771
0.09262749663801,0.045950274653111,0.052025845728283,0.04348230871903
0.092898014742202,0.045644098747042,0.051735213900442,0.043081056494114
0.093230189767314,0.045531046583179,0.051666346571208,0.042917046784342
0.093545734830102,0.045481260556046,0.051609797617468,0.042795802958426
0.093786738419833,0.045045440758379,0.051209275811105,0.0422517794509
0.094000513579954,0.044558416501909,0.050736877869905,0.041632585194069
0.094304590084939,0.044287242055859,0.05055153401005,0.04130401280101
0.094596854459293,0.044077848694869,0.050386072018007,0.041021597092106
0.094893011491019,0.043815669064269,0.050204496640459,0.040697428953108
0.09517468478286,0.043614383193225,0.050036076500001,0.040415141830947
0.095460754006727,0.043354189812814,0.049849301539749,0.040085776890777
0.095733297107534,0.043152369253279,0.049675063551708,0.039796664825312
0.096010929038681,0.042897236881564,0.049486979060821,0.039466001337583
0.096275819345014,0.042699307547737,0.049311257406316,0.039175037334786
0.096544103574986,0.042458175423174,0.049124061246255,0.038849563505715
0.096800500791164,0.04227170489401,0.048948445260929,0.038562094672229
0.097061472547505,0.042039384752621,0.0487621968658,0.038238649913241
0.097311957496009,0.041857252224878,0.048586725513188,0.03795024874773
0.097614842230587,0.041697356635659,0.048527790278294,0.037745360929298
0.097905983685055,0.041583593858218,0.048474070412011,0.037570641332523
0.098013629156027,0.041296846403249,0.047977948926527,0.037013548240237
0.098071700932564,0.04100180218066,0.047379907901212,0.036382842986235
0.098280681312527,0.04079686867943,0.047128655340219,0.03602086218685
0.098493092209142,0.040634573902012,0.046910704735299,0.035704173827351
0.098704134213425,0.040419384750194,0.046667090854661,0.035334910473938
0.098912575351779,0.040229321853714,0.046434208415276,0.034985371291218
0.099118477880048,0.040071983520913,0.046215272401306,0.034662842952759
0.099322329683671,0.03994501291601,0.046009408661977,0.034365670649814
0.099628697912859,0.039707539460082,0.045962915453658,0.03409583784833
0.099932194962511,0.039493518292653,0.045925578164384,0.03384480602993
0.100097902528083,0.039331589970692,0.045628782720316,0.033456357355529
0.100224403258401,0.039202346270938,0.045264444895917,0.033041438163796
0.100353232517308,0.039097018133849,0.04491508025675,0.032648457745444
0.100485628153181,0.039013851445819,0.044582752335168,0.032278098176885
0.100709138928469,0.038870172978646,0.044416127525029,0.031972220846677
0.100937059919687,0.038741299386625,0.044267217322802,0.03168502888607
0.10118226594186,0.038602031864602,0.044151583290471,0.031409478542865
0.101427058862489,0.038477014335049,0.044042282911489,0.031144881448622
0.101674945496924,0.038350773544587,0.043939205689211,0.030880227129167
0.10192224463204,0.038236375259665,0.043840047349205,0.030623287347705
0.102174158442145,0.038120886886914,0.04375003588659,0.030368393250791
0.102426141001799,0.038015388572678,0.043663993205597,0.030120030564316
0.102784655021945,0.037644956326138,0.043697015858111,0.029756492359277
0.103143202566922,0.037282373706102,0.043737041440198,0.029398985956984
0.103285599903646,0.037393169443161,0.043497971775747,0.0291894359997
0.103368180686658,0.037642977579651,0.04317980851963,0.029027001816453
0.103632802663075,0.037565604682634,0.043126317768216,0.028804027540449
0.103905882987903,0.037484082398218,0.043089082942631,0.028586177583444
0.10417649493263,0.037415640384652,0.043050281158321,0.028373796776116
0.104448765057166,0.037351225027335,0.043015239998749,0.028163806041252
0.104723207278188,0.0372897310075,0.042984588015823,0.027955823499114
0.10499992952267,0.037230784873592,0.042958353489782,0.027749588396252
0.105401893202764,0.036808972640745,0.043072420145643,0.027354253412614
0.105806495152869,0.036387974538357,0.043197113698701,0.026962025312167
0.105965808626234,0.03658559413667,0.042997000165707,0.026815607980127
0.106055536650685,0.036964321681094,0.04270164325841,0.026744949924676
0.106313147639602,0.037002247145171,0.042657415464215,0.026585278056387
0.10660579834514,0.036977280148153,0.042667998880483,0.026412415695869
0.10689553402585,0.036967257750786,0.042675636840058,0.026246611786766
0.107187041949125,0.036959972773889,0.042686326018638,0.026082289640514
0.107481219580473,0.036953224633661,0.04270125528187,0.025918511109742
0.107778218769329,0.036946599829414,0.042720544029958,0.025754999367638
0.108216468040361,0.036520245133465,0.042916784496496,0.025362443108675
0.108658741973878,0.036090664128222,0.043125399619181,0.024971368152305
0.108796560479852,0.036468366364654,0.042900408203915,0.024932781497334
0.108858090526734,0.037053239656537,0.042564053935217,0.024993493182652
0.109307118560393,0.036639108744364,0.042785009531213,0.02460555987537
0.109762404539992,0.03622087339179,0.043023063872675,0.024222461730747
0.109924222640234,0.036646319891197,0.042849044841592,0.024265189578165
0.110008717055719,0.037297712583182,0.042564115193424,0.024431085254959
0.110315525571729,0.03738015645423,0.042606585472788,0.024338936927391
0.110629981303527,0.037453460042306,0.042660493981637,0.02424531833579
0.110935240695866,0.03756225980615,0.04270022757262,0.024171197144168
0.111246021304617,0.037662628591342,0.042745621589197,0.024091322529292
0.111546697392143,0.037804313690469,0.042775782732434,0.024036414542473
0.111854341332576,0.037935738975304,0.042813868935832,0.023976120807298
0.112216197819615,0.038081440943035,0.042978086244074,0.024037426949675
0.11258186769379,0.038213805656224,0.043140083582103,0.024081447917002
0.112950988955361,0.038380019239431,0.043311980566221,0.024165404224456
0.113322310366207,0.038530830693228,0.043474953599963,0.024223770503866
0.113679207405308,0.038779213488519,0.043624792401559,0.024366455997159
0.114038949263933,0.039019993854946,0.043768977048733,0.024494622953957
0.114404648790662,0.039240101101436,0.043910586240417,0.024597730830167
0.114778808303909,0.039431848939185,0.044052888358247,0.024670617653997
0.115293576054857,0.039131914291408,0.044363705417845,0.024386827525084
0.115819318649162,0.038806032987171,0.044687009845102,0.024082207546267
0.116033028624559,0.039529157391689,0.044580557181127,0.024472263003438
0.116141296325682,0.040607279509625,0.04432979834947,0.025108822293523
0.116671524035063,0.040345138260707,0.044644677189355,0.024850147900327
0.117215976820911,0.040049872573048,0.044976108635312,0.024566296921407
0.117390899842092,0.040898161471528,0.044774174298814,0.025008118048152
0.117473082130342,0.042037666102124,0.044440212794733,0.025651629199875
0.117816883558849,0.04246481552649,0.044488173760969,0.025875605408764
0.118178459474377,0.042849546483462,0.044553183299618,0.026068569155865
0.118512412515309,0.043316810526917,0.044568723134101,0.026307026693595
0.118865181896665,0.043740115629884,0.044602807669242,0.026514157880703
0.119426819932961,0.043553934038724,0.04491700371615,0.02630287657431
0.120011938052897,0.043315445206769,0.045260706282346,0.026055461012295
0.120096641572496,0.044297957653509,0.044801619057214,0.026448868840304
0.120059414409249,0.045588514863941,0.04415044795719,0.027040193326199
0.120269546501014,0.046255045838794,0.0438699106511,0.027267967755034
0.120530435586981,0.046816348766792,0.043666022042017,0.027447136190422
0.120822684083727,0.04731983120125,0.043508216814949,0.027602324600288
0.121146881406036,0.047764002456226,0.043397352740524,0.027730513519142
0.121414948212989,0.048325014555193,0.043184555113655,0.027913612479467
0.121714818995658,0.048826535512456,0.043018096575885,0.028068992464788
0.122315632812629,0.048695173915195,0.043339800408711,0.027880197685488
0.12295096127075,0.048494259413259,0.043712362765581,0.027647429274533
0.123116254283993,0.049274073812013,0.043284875820635,0.027915159159103
0.123176962815695,0.050278035622383,0.042674081425744,0.028315600956466
0.123272925413517,0.051221052030068,0.042119374252552,0.028705803881312
0.123404761004547,0.052102838066879,0.041622645357196,0.029082420784244
0.123690924725546,0.052703534881972,0.041390645388065,0.029329376487156
0.124014175513119,0.053236412398421,0.041215343412305,0.029540830221178
0.124653787645126,0.0531301245329,0.041560863626349,0.029366328642865
0.125327720231092,0.052956171827415,0.041957015015775,0.029144389679779
0.125557672007085,0.053819094437393,0.041651593078822,0.029648569901871
0.125697972760851,0.054895737757216,0.041200567493521,0.030310914224096
0.125869464037213,0.055904514022749,0.04078973688956,0.030929005887554
0.126072626983653,0.056844812165589,0.040417586241555,0.031499196465265
0.126446025921401,0.057525007676606,0.040353472137689,0.0319638013127
0.126853238254925,0.058133415061347,0.040327948725839,0.032368510826999
0.127229708545576,0.058827934225213,0.040249540644014,0.032839794205337
0.127639735005758,0.059452129241343,0.040209100575352,0.033252517719123
0.128326155493199,0.059426101137034,0.040549921703522,0.03314227059242
0.129050679176923,0.059324060862659,0.040939823249757,0.032970651821292
0.129348944125703,0.060199777590833,0.040683622468122,0.033542220210022
0.129519793399036,0.061375614088066,0.04023560630641,0.034351844486631
0.129726626903776,0.062480574002375,0.039839424401492,0.035114891671317
0.129969913696364,0.063513666016838,0.03949360965981,0.035827774429302
0.130675595511873,0.063537054157356,0.039815328785782,0.035752847390335
0.131418821617509,0.063488680377489,0.040186080384319,0.035620203514477
0.131574467607406,0.064680361354668,0.03964749123121,0.036413087455801
0.131606833721005,0.066141349362824,0.038925368601513,0.037425871896171
0.13192182064308,0.067033866310839,0.038636238693975,0.038021866172215
0.132303536628943,0.067798062376719,0.038443375033979,0.038523205232924
0.132723714814529,0.068492133646899,0.038303409627921,0.038972883008577
0.133182490536405,0.06911602401213,0.038216181262627,0.039369949684942
0.133556075062014,0.069802938894413,0.037913761050799,0.039738703665476
0.133968598214263,0.070424966950629,0.037670399122989,0.040065640437328
0.134678414559313,0.070536310800822,0.037932941755092,0.040051551392676
0.135426968636206,0.070581260599293,0.038256766425907,0.039989736074244
0.135717658779578,0.071313096325552,0.037708111515366,0.040303715084196
0.135703622092487,0.072516085030721,0.036580789789274,0.040906063116198
0.135927105241894,0.073409894312338,0.035933384024468,0.04138554013549
0.136285349761408,0.07412215097276,0.035557927757907,0.04178284514691
0.136680927607509,0.074776064002858,0.035249666930561,0.042146542586627
0.137113592532952,0.075370119770506,0.035005921286081,0.042472187933643
0.137508329314398,0.076020886667526,0.034686182774128,0.042835013900958
0.137938842015569,0.076613897525738,0.034428122464916,0.043160211220166
0.138623225769415,0.076805796594735,0.034639348366747,0.043214849823485
0.139344604935093,0.076933464450636,0.03491035291294,0.043219269655922
0.139531706210342,0.077861297514863,0.034136380206789,0.043729521141553
0.139596961657249,0.078979050468215,0.033119438450281,0.044378236014004
0.140003017131975,0.079627119652325,0.032799788287675,0.044759360607152
0.140445861288751,0.080218093147724,0.032548957120339,0.045103664603624
0.140850556708486,0.080805423690303,0.032164788746552,0.045399482129702
0.141290014683842,0.081339435787336,0.031845981979338,0.04566133324184
0.141698432772778,0.081910736962364,0.031458934718024,0.045946378459697
0.142140474531434,0.08243295680392,0.031141983389706,0.046203274469619
0.142552852185071,0.082995419055498,0.030763702338697,0.046489606606276
0.142998468534454,0.083508161775471,0.030454349268892,0.046745547870437
0.143411981165447,0.084067989296161,0.030080764569346,0.047038293693542
0.143857594870725,0.08457901571663,0.029773317818243,0.047299825952628
0.144274824749668,0.085134714027485,0.029411180432343,0.047598919665291
0.144724510341156,0.085640396832304,0.02911545534582,0.047864509074819
0.145348194447863,0.085934520982938,0.029227707817434,0.048013709147146
0.146005679885301,0.086171396328245,0.029403288697924,0.048116624497531
0.146366420985323,0.086782536090338,0.028892365460525,0.048442706881085
0.146670260989858,0.087463222159607,0.028241579308518,0.048812950312329
0.147005662155972,0.088100617568073,0.027658912406408,0.049159982170007
0.147371725857503,0.088695359661289,0.027145129162185,0.049483303738192
0.147799952774815,0.089253722729125,0.026822346226864,0.049822796064433
0.148258759412398,0.089763891371919,0.026565405112588,0.050127551089885
0.148852683153621,0.090101220675846,0.026628863795024,0.050321422160574
0.149479474378691,0.090382389456972,0.026755845152041,0.050468002853893
0.149810218869696,0.091037325837758,0.026173813369595,0.050857152704241
0.150091109036442,0.091753590809158,0.025465996064767,0.051290133497485
0.150501900600839,0.092322106762703,0.025088981676964,0.051643092394492
0.150956187417333,0.092830364314065,0.024816314764092,0.051955835015135
0.151397317344507,0.093358971686411,0.024519497488542,0.052288711762435
0.151867183553765,0.093841307529752,0.024286525447402,0.052586123499543
0.152304786162819,0.09437070230242,0.023984517909848,0.052923566729661
0.152765707594109,0.094861906919167,0.02373441985559,0.053231596310169
0.15317599908237,0.095433125950071,0.023379427928732,0.053610004798763
0.153613349234838,0.09596053135134,0.023084567517673,0.053954295473604
0.154079405156625,0.096440858959834,0.022853103862742,0.054260787311122
0.154573986874595,0.096873986989362,0.022684929809597,0.054528767684163
0.155013317622451,0.097395727222281,0.022402189233982,0.054875595070762
0.155480520097196,0.097871458554586,0.022181586844353,0.055184933396528
0.156018770956096,0.098269048553924,0.022153323488441,0.055447285143784
0.156586605626589,0.098615566562574,0.022187256572297,0.055664836752534
0.156991237692511,0.099163354078586,0.021808795640476,0.056027808600886
0.157379304487906,0.099724818888436,0.021383350052983,0.056399444455357
0.157794316275236,0.100244040617278,0.021022419256412,0.056738587522417
0.158235610108621,0.10072141904763,0.020725559248504,0.057044982522656
0.158660399985374,0.101283384564697,0.020453521447072,0.057456487355976
0.159112561565368,0.101799133227511,0.020242624740996,0.057828438280653
0.159626249736477,0.10222241047901,0.02017303780401,0.058122465423613
0.160169974570131,0.102593119292899,0.020166098022704,0.058368831188594
0.160547770319421,0.103195600710446,0.019764411840421,0.058807803092034
0.160902008065915,0.103826747017391,0.019303843550117,0.059271220422585
0.161291043572971,0.10444864060317,0.018962970038373,0.059748457223807
0.161708961594269,0.105021952187933,0.018685240023285,0.06018307402227
0.162155495316953,0.105545886546365,0.018469535776082,0.060573600932304
0.162630545675438,0.106020306927399,0.018315797839411,0.060919572578845
0.163126385158885,0.106460924854673,0.01821021344313,0.061236329596759
0.163650879920242,0.106851258090593,0.018166690831986,0.061507211837977
0.164044786534519,0.107440637796652,0.017828129679251,0.061956798895925
0.164422350490505,0.108052058220932,0.017453319554762,0.062427476851069
0.164826850517175,0.108617706502334,0.017140577148618,0.062858104297144
0.165257969863174,0.109137628486499,0.016889382254006,0.063248291336473
0.165739287833328,0.109586049982804,0.016761383326099,0.063578017268544
0.166247949763346,0.109986177416972,0.016694625040526,0.063863539814042
0.166644153563261,0.110530987601991,0.016357054550268,0.064273027459209
0.16703359724166,0.111077349301654,0.016005792451903,0.064684131189804
0.167504902128755,0.111528426480345,0.015866572322416,0.065020548977608
0.168002535403678,0.111932969422204,0.015787582834076,0.065314352440664
0.168389326152839,0.112502631396251,0.015463145411363,0.065760536986198
0.168761454380335,0.113090341540138,0.015110250282196,0.066224789265646
0.169136162290257,0.113686321384874,0.014777168966912,0.066702927030595
0.169533438833129,0.114244136822734,0.014497988733625,0.067147094144393
0.169956741830627,0.114755617869188,0.014277971371458,0.067548547079827
0.170406068693147,0.115220437226832,0.014116569154309,0.067906652638384
0.170856155309644,0.115677968014199,0.013959269271428,0.068258332797902
0.171332055734694,0.116088863402267,0.013859647757375,0.068566364052031
0.171717425219499,0.116635229874904,0.013570603344809,0.069003179787133
0.172088171825603,0.117199654408925,0.013257496047988,0.069458661192472
0.172483058843182,0.117721286703723,0.013002378644583,0.069875001032575
0.172901776237929,0.118200158709314,0.012803334824976,0.070251859022499
0.173296847603963,0.118716809138585,0.012563724685128,0.070667326861817
0.173714857424788,0.119191792784712,0.012377074445381,0.071044037605372
0.174108015193162,0.1196997700448,0.01214849706937,0.071453784640866
0.174524284207153,0.120165576971841,0.011972760316353,0.07182410699306
0.174946902462092,0.120620169921485,0.011815081669864,0.072185378998753
0.175393061487552,0.12103120436788,0.0117078983523,0.072505293422492
0.175812840221372,0.121428170824903,0.011579831999702,0.072807333769658
0.176238558293632,0.121799215508749,0.011489812323415,0.073085549255109
0.176659329423603,0.122195581863708,0.011394419988286,0.073393202952431
0.177094477484209,0.122564782435174,0.011334411826478,0.073676382088544
0.177498206198774,0.123004781371292,0.011206698177106,0.074032716819473
0.177920907287245,0.123408205998184,0.011115180396026,0.074354145010902
0.178346140889029,0.123742519622077,0.011112322681437,0.074606862897686
0.178784208782015,0.124037330024684,0.011170234658064,0.07482268827525
0.179235473285238,0.124307313832046,0.011261843199626,0.07501633120853
0.179698406634897,0.124554388044035,0.011377152505231,0.075189217136785
0.18009293557362,0.124934047007207,0.01136646297856,0.075496703153516
0.180500916300334,0.125286552223504,0.011375800058602,0.075778422484528
0.180872732209492,0.125714030845756,0.011300892000735,0.076136005128118
0.181262418658328,0.126105756229099,0.011247970913813,0.076458491462009
0.181684230585899,0.126378049222839,0.01140126785177,0.076667389409828
0.182124802825418,0.126599522480569,0.011628622143806,0.076828658248767
0.182481051494964,0.126997021901008,0.011671819532927,0.077166589427487
0.182846174142504,0.127376176056026,0.011718004150333,0.077486915056048
0.18322632026922,0.127724414783107,0.011775014032618,0.077776741264338
0.183621388917506,0.128041495640603,0.01183847348074,0.078035530927121
0.183976984485485,0.128413857536796,0.01190864564138,0.078354192295667
0.184347230850736,0.128755667394222,0.011984123916005,0.078642384966644
0.184713465529945,0.129085964233253,0.012115272347336,0.078923282229625
0.185092549288774,0.129388650516677,0.012245237447031,0.07917653781302
0.18545370619369,0.129710045104639,0.012396504867457,0.079452340801483
0.185825788048384,0.130006890609608,0.012540016652186,0.079703333250433
0.186180090135485,0.130322573289085,0.012706665322417,0.07997716659547
0.186544547286158,0.130614621327112,0.01286351277903,0.080226998751681
0.186889448590797,0.130929968930269,0.013039397910334,0.080504115361261
0.187245597850266,0.131219731791348,0.013201348020559,0.080754866201159
0.187581848908501,0.131533287901745,0.013386838816804,0.081033749875835
0.18792925212918,0.131821170755377,0.013555910010362,0.081285972108283
0.188256546697039,0.132133742052681,0.013748792968015,0.081567308591461
0.188594725672054,0.132420841941983,0.013922937955799,0.0818219972234
0.188914223131485,0.132729997209937,0.014124602152519,0.082103342067957
0.18924345094392,0.133015340712586,0.01430665892946,0.082359694341048
0.189523124461572,0.13339269243883,0.014418339537718,0.0827081896464
0.189814102140817,0.133743332865298,0.014508440266794,0.083028183230912
0.19017972685298,0.133914356808318,0.014867098743722,0.08318330726859
0.190572145332417,0.134020906369552,0.015277079108013,0.083277366911651
0.190837270524954,0.134387748737454,0.015414577056123,0.083622481313698
0.191112239141011,0.134729715061221,0.015523258077233,0.083940379555699
0.191442036540803,0.134936892351992,0.015845048896999,0.084137263444537
0.191793197286051,0.135091141823181,0.016200812810386,0.084283837472774
0.192057896816632,0.135414342851365,0.016413467718557,0.084595604211768
0.192329920701339,0.135716930221999,0.016590695668511,0.084884095352538
0.192586014938332,0.136036606513525,0.016810405018614,0.085195576571001
0.192851275550927,0.136331986277064,0.016997034362792,0.085480115404167
0.193083014355669,0.136682800586237,0.01717703828659,0.085822889937898
0.193324645288436,0.137007745803343,0.017323806765063,0.0861368900467
0.193605176086155,0.137235693847162,0.017621823075623,0.086366091855329
0.193902715831224,0.137419663036666,0.017936065335484,0.086553058644816
0.19413609983393,0.137719987442569,0.018224355248115,0.086859642224919
0.194361222387844,0.138028852302693,0.018475628274343,0.087172873334277
0.194594211853654,0.138314900736418,0.018686765473543,0.08745989434511
0.194835252477479,0.138577454778994,0.018856649371176,0.087719819332445
0.195050574468076,0.138874082488469,0.019112737210996,0.088025071807189
0.195273389282061,0.139148205125208,0.019326964148495,0.088304200667441
0.195464419505294,0.139473226596253,0.019555808209875,0.088638548565478
0.195663464926371,0.139774512658154,0.019743201124858,0.088945365375898
0.195912483879346,0.139958978214301,0.020070870670477,0.08914874929356
0.19617977402833,0.140096514189855,0.020403903612489,0.089306413620728
0.196374379235564,0.140369060036457,0.020683137222243,0.089598281001054
0.196572295282049,0.140626131812242,0.020914253797351,0.089870391675796
0.19673862307858,0.140933279158183,0.021166734314601,0.090197503479996
0.196911088838356,0.141219320638506,0.021373695781893,0.090499159530041
0.197112964042397,0.141430318567249,0.021713642952722,0.090740983479501
0.197328321741126,0.141602944310696,0.022069949734325,0.09094740434091
0.197547170822959,0.14175910440115,0.022375177512423,0.091132833100647
0.19776892398186,0.141899472450821,0.022628425211772,0.091297637089919
0.197923317639351,0.142160261488787,0.022919364207498,0.091591093127481
0.198080566394469,0.142405242339626,0.023160247069668,0.091863791771484
0.198226916201561,0.14265835075236,0.023457208078808,0.092153098764235
0.198377162755875,0.142893474745118,0.023703517869012,0.092419292876236
0.198516171847992,0.143137516703999,0.024006589563727,0.092703120607786
0.198658699107289,0.143364038723052,0.024258641643123,0.092964189540125
0.19878975871882,0.143600083625134,0.024566698555184,0.093243544288869
0.198924069329095,0.143818863741567,0.024822583606411,0.093500169500422
0.199047193628325,0.144046711203689,0.025135042917791,0.093774829091365
0.199172862253477,0.144258372630756,0.025396661843456,0.09402793940967
0.199258644756234,0.144536852258254,0.025694543824368,0.094354496952139
0.19934911040549,0.144794875963934,0.025941053805756,0.094654882914524
0.199423294347697,0.14507292867812,0.026244060294018,0.094984352075909
0.199503212535067,0.145328297995572,0.026497937429087,0.095285673963081
0.199569425091159,0.145598477146059,0.026805951563495,0.095610623157095
0.199640772913039,0.145846721196888,0.027061907511185,0.095907727663244
0.199706977191851,0.146092502778288,0.027379514460122,0.096212423861297
0.199776844747595,0.146318899277355,0.027646253319943,0.096491984754189
0.199867220100809,0.146491632978897,0.027959109403809,0.096726250628461
0.199965824343485,0.146635746512569,0.028245834114622,0.096929873466367
0.20000303367093,0.146890750959594,0.028554281223012,0.097248163824264
0.20004089193923,0.147132637953139,0.028813331089908,0.097547440066045
0.20006782704152,0.147385111625078,0.029168738570548,0.097872788969312
0.20009577555711,0.147624183449445,0.029484359960135,0.098180279251844
0.200125739882299,0.147847822830326,0.029748398098473,0.098465990959664
0.200157633216629,0.148056349143517,0.029963535619972,0.098730507951511
0.200178938462965,0.148276351802507,0.030282478049505,0.099023412563803
0.200201768520925,0.148482564558145,0.030551578378364,0.099296289192018
0.200216841171611,0.14869524483329,0.030903519489169,0.099589669747825
0.200233209104093,0.148894999941009,0.031206678428785,0.099864009333133
0.200285934293391,0.149012563076996,0.031509074171253,0.100059136265741
0.200347490088347,0.149102507650673,0.031778316580448,0.100223341019228
0.200345581326742,0.149311094248135,0.032109912938759,0.100514720557189
0.2003436986387,0.149509647958676,0.032394178066644,0.100789783992935
0.20033789863592,0.149708251381366,0.032731184012597,0.101074694838631
0.200332271732988,0.149896773481334,0.033021706774422,0.101343301234135
0.200317483653861,0.150097576376292,0.033413271866936,0.101641856448548
0.200302901820505,0.150288678199969,0.033760073709,0.101924780489022
0.200332266799984,0.150382682468083,0.034055993749305,0.102106382114455
0.200372977180851,0.150444731425041,0.034305920313675,0.102250494469224
0.200350729738022,0.150627426845817,0.034647502532553,0.102528090101789
0.200324305799941,0.150809983323356,0.034952707067896,0.102800348206118
0.200296056654905,0.150990434998646,0.035294273799491,0.103078003586085
0.200267192784034,0.151164258454349,0.035602135330209,0.103344438818887
0.200235765218642,0.151339736385085,0.035987401147097,0.103627286492805
0.200203655886979,0.151509116240471,0.036332447399871,0.103898265556959
0.20017102733008,0.151672197406506,0.036637975944072,0.104157152667349
0.200138096823047,0.151828920028986,0.036905193880726,0.104403961157619
0.200102488933151,0.151989534175213,0.037246837326835,0.104668996755099
0.200065900475888,0.152146633400589,0.037554121084015,0.104925340796138
0.199969826763353,0.152420416526468,0.037902738214483,0.105301217646778
0.199877835311894,0.152681792502385,0.038219133642121,0.105659963863981
0.199773843633968,0.152966613792228,0.038573387012198,0.106048723564999
0.19967755891996,0.153232814252137,0.038897236783045,0.10641478225908
0.199573314586603,0.153515427733998,0.039257110417436,0.106803803801384
0.199475777245994,0.153782451149997,0.039588911292458,0.107173379602491
0.199373171796401,0.154060895998859,0.039951197631635,0.107560141499872
0.199276457072159,0.154326352323613,0.040287750936835,0.107930310603721
0.199177340051057,0.154598901718814,0.04065541269544,0.108313736583194
0.199083652411541,0.15486025499073,0.040998122374831,0.108682370497519
0.198988744456444,0.155126895910879,0.041364817796713,0.109061202433447
0.198898751995752,0.15538423169812,0.041708456256772,0.109427336936396
0.198809211894512,0.155644766315883,0.042078128752536,0.109802145558106
0.198724293737432,0.155897712151081,0.042426518602443,0.110166163168368
0.198640310981429,0.156153076838829,0.042787990696412,0.110535546991783
0.198560693922622,0.15640239020856,0.043131281811602,0.110896126946838
0.198495103165347,0.156646568336243,0.043726031597829,0.111303914265273
0.198432435921744,0.156889803409774,0.044303676731701,0.111708453583262
0.198369499532313,0.157117659139174,0.044598135314194,0.112040963258638
0.198310215547868,0.157337799353198,0.044811479835512,0.112349791681783
0.198255933096929,0.15755320212256,0.045010556540164,0.112651491408912
0.198206922520922,0.157763912410549,0.045196322634518,0.112946277237875
0.19797128594259,0.158363542817751,0.045595499346921,0.113641425062746
0.197749953501129,0.158942157162824,0.045986110050553,0.114314819689127
0.19750506095084,0.15957708409548,0.046399613671149,0.115043700337094
0.197287537613082,0.160166560901465,0.04680047506356,0.115728017361235
0.197054000725075,0.160797384687236,0.047210315889619,0.116450967672043
0.196844211915014,0.161391037100474,0.047609392582462,0.11713738951282
0.196785357808147,0.161725608946343,0.048288040219912,0.117651421262408
0.196739157680872,0.162047532470495,0.048957878343342,0.118153302355175
0.196450542250753,0.162805450168977,0.049119700419331,0.118933680149744
0.196121138593631,0.16364438022498,0.049160184038649,0.11975773878698
0.195936831840172,0.164246972317632,0.049565437819305,0.120450251300493
0.195778555869955,0.164812231832258,0.049961537806611,0.121107178105915
0.195623897373263,0.165382786915728,0.050341697855838,0.121764671647031
0.195484461300201,0.165937505905246,0.050716164786447,0.122406343183178
0.195360052001145,0.166477641502574,0.05109034859528,0.123034599197301
0.195250496460623,0.167003585388145,0.051460853038028,0.123649115027174
0.195227741468686,0.167407574829895,0.05217980768358,0.124235180126195
0.195213675586876,0.167811409657002,0.052896305700585,0.124821428645365
0.19505042583887,0.168458987522065,0.052973852406385,0.125474630269347
0.194867871374424,0.169147467813219,0.052892215968661,0.126125947364906
0.194715739535065,0.169836072144408,0.053283283389603,0.126884104126505
0.194590887269981,0.170489689549522,0.053667517268987,0.127609734663649
0.19447198072271,0.171148702566938,0.054038003202639,0.128336152129472
0.194374117668348,0.171785458089174,0.054404761196967,0.129041843856882
0.194287799045452,0.172417510006698,0.054752790121577,0.129738504465669
0.194220836365065,0.173031648320352,0.055098631577633,0.130418673930038
0.194168654568375,0.173635528985761,0.055420561622954,0.131083909931649
0.194134421719132,0.1742254138214,0.05574221259628,0.131736570143065
0.194117454585938,0.174801517198463,0.056042241230617,0.132371897207178
0.194117156003031,0.17536732505278,0.05634435664041,0.13299845785339
0.194134966108012,0.17591833891143,0.056618232050643,0.13360533239642
0.194168355059948,0.176462210338767,0.056895896343535,0.134206590926329
0.194221341425361,0.176989497874361,0.057146994026312,0.134787100404632
0.194288906730354,0.177512484398855,0.057403939534721,0.13536494828965
0.19437385511809,0.178053999119301,0.058092445344131,0.136061361245374
0.194468158765576,0.178602616996111,0.058794368056054,0.136767322318288
0.194615888273478,0.179011748274027,0.05861401864172,0.137143474819563
0.194792359388048,0.179380547702055,0.058210397818111,0.137431573501648
0.194943221125886,0.17986042188032,0.058387614231254,0.137952238677024
0.195107702852502,0.180340606767323,0.058576140298894,0.138475535380891
0.195247848456486,0.180917637421601,0.059230333922514,0.139192262200494
0.195395995323637,0.181506274958607,0.059900769931341,0.139922755529598
0.195417906283461,0.182333823434232,0.059979824176388,0.140705986788928
0.195433884853878,0.183200517782032,0.059932118067682,0.141488946367107
0.195491471129458,0.18402633802755,0.05989642490942,0.142239798586534
0.19559330898168,0.184807419386935,0.059870777875537,0.142955215362217
0.195745462549106,0.185535276753437,0.060017717368744,0.143668714774212
0.195931326085276,0.186235900901256,0.060178762055008,0.144362704386701
0.196147029207984,0.186914371273276,0.060279616929056,0.145022863416835
0.19638680559888,0.187583669638721,0.060401545321639,0.145680014459657
0.196654205857178,0.188236535716539,0.060982658067634,0.146437963862125
0.196934605610886,0.188899190637697,0.061587622822175,0.147209838748187
0.197284111897353,0.189457921211448,0.061423545586214,0.147703700513745
0.197668868253317,0.189990230255517,0.061076498044523,0.148129348327559
0.198077702990833,0.190521082739812,0.060759010489558,0.148560585063065
0.198510933270506,0.191050192812344,0.060472010812086,0.148997457290646
0.198961600661407,0.19158373410544,0.060378157748502,0.149486162618751
0.199430134779657,0.192124453701773,0.060320221370489,0.149989194963063
0.199979800773992,0.192547612979898,0.060160675522427,0.150371638198115
0.200539566652462,0.19299202786511,0.060041949213655,0.150781001828803
0.200990755331551,0.193666455205488,0.060489726722503,0.151518206046234
0.201442597946104,0.194377252497365,0.060993768390536,0.152298507939115
0.202183756000143,0.19459588552015,0.060526918433461,0.152437068295736
0.203021331054941,0.194683323809871,0.059795054275674,0.152402832377406
0.203863573739562,0.194807529800557,0.059118613339281,0.152411800118629
0.204708358199721,0.194971448869565,0.058500805024587,0.152467045016506
0.20550826223673,0.195250454130934,0.058144124984412,0.152680314004222
0.206307184783409,0.195571944224811,0.05784892009156,0.152942622266044
0.206914585978671,0.196270592453561,0.058209624779204,0.153672267223444
0.207516104458142,0.197018974735249,0.058640086869916,0.154458766897712
0.208532849325677,0.197063335432995,0.057937683067536,0.154394928727727
0.209659673169017,0.196956996680938,0.056987554992084,0.154147644917848
0.210781348536718,0.196905601202409,0.056112996697937,0.153963080925905
0.211895353804649,0.19691252209519,0.055317273468909,0.153844635599938
0.212622784269282,0.197638792622432,0.055629798461685,0.15457990661382
0.213336117749952,0.198429737958691,0.056027275698995,0.155387455578152
0.214684117464291,0.198124054797801,0.054880729122496,0.154929803129659
0.216195494054153,0.197573675033064,0.053384755296132,0.154188640630342
0.217022555315619,0.198283917368417,0.053619999494287,0.154888602739012
0.217804815088279,0.199111701736118,0.05400779430024,0.155719818154198
0.219201585352209,0.198919108500237,0.052824091072787,0.155340370745534
0.220759315871709,0.198499394794806,0.051286286316618,0.154690765640803
0.22195150792203,0.198782302125484,0.050665067134845,0.154831206700936
0.223123494463317,0.199144061120066,0.050162960084803,0.155063954187053
0.224039739467217,0.199959152769139,0.050438369619561,0.155852885692633
0.224937386874288,0.200845827998323,0.050810458210482,0.15672222858933
0.22634694670527,0.200925182763837,0.049879064576325,0.156620238355633
0.227883274096719,0.200841749556661,0.048672534589788,0.156319301927036
0.229405298961332,0.200828669117509,0.047567280486261,0.156099680999712
0.230911660872964,0.200886598099916,0.046565310984275,0.155962268458862
0.232330460837114,0.201110173497079,0.045885789091064,0.156037398958494
0.233727283403873,0.20141007454175,0.04530907365759,0.156198382568433
0.235206313161768,0.201600517313423,0.044601005013349,0.156239267415891
0.236659096543833,0.201872169810158,0.043995078131211,0.156369567422321
0.238190485763433,0.202036461327554,0.04326563076724,0.156383505238946
0.239693464965809,0.202283415541261,0.042637223106188,0.156487652340749
0.241264608415213,0.202437212917061,0.041907230047783,0.15649223823931
0.242802424106578,0.202680290051042,0.041283100334859,0.156593373610699
0.244437055407817,0.202746478499586,0.040543115037251,0.156525467434028
0.246032850978608,0.202907944060803,0.039908551282954,0.156558450045563
0.247694177067224,0.202961457132419,0.039175835336195,0.156480734019402
0.249311694914483,0.20311536182366,0.038547701240384,0.156507564919249
0.25099919982682,0.203151631179084,0.037807852152038,0.156412492763919
0.252644857416399,0.203282190811155,0.037165807903,0.156415385963215
0.254338929558918,0.203333019281083,0.036452326459851,0.156336217328835
0.255986741484599,0.203484932935787,0.035842395375353,0.156361787581622
0.2577023344139,0.203520023031803,0.035121753001645,0.156265916258873
0.259372742852853,0.203652976608173,0.034500588947497,0.156271168473617
0.261100361890901,0.203687143661275,0.033788865502815,0.156174006227438
0.262780423638155,0.203822694144335,0.033178887163937,0.156181307312438
0.264100929650045,0.204655745813065,0.033242180339072,0.156909936328226
0.265374323955406,0.205589911903097,0.033406029778062,0.157742824123959
0.267431531617326,0.205025969038493,0.032165635409857,0.157032139019113
0.269665293636699,0.204131278204837,0.030632720618343,0.155979878812936
0.271027409835816,0.204930956312949,0.030648037499009,0.156666421349705
0.272333947658683,0.20584523677477,0.030767823681895,0.157469527642369
0.274169296126165,0.205723795727372,0.030004936143833,0.157220313131431
0.2761840068712,0.205254138444304,0.028964564861119,0.15661749490468
0.278147605287103,0.204889015051161,0.028033065078592,0.15612047206424
0.28005938610528,0.20462886114277,0.027206110494352,0.155729204881241
0.281461734477551,0.20539437706588,0.027169887410778,0.156369400995737
0.282808273095524,0.206273466636149,0.027228463595191,0.157124391212514
0.284700519666274,0.206080081185993,0.0264284599188,0.156789076446275
0.286684028606418,0.20571044574434,0.025510958356485,0.156274307350701
0.288616312262951,0.205445055576253,0.024698461865802,0.155864662097537
0.290497070262342,0.205284128602147,0.023986003995899,0.15556009011819
0.291935086292847,0.206009661338868,0.023908760111807,0.156149927107396
0.29331840582793,0.206846123634553,0.023913788307084,0.15685140040029
0.295168174322126,0.206735393911745,0.023321076681937,0.156605517035632
0.297140766272883,0.206374861849825,0.022609771221242,0.156109858647116
0.299060913607752,0.206119576258894,0.022003499431245,0.155719101691577
0.300928299683993,0.205969563908443,0.021493316059011,0.155432932111945
0.302693513465502,0.206038399088185,0.021082795660124,0.155357348880667
0.304404980987502,0.206214088306827,0.020744394354328,0.155387604881369
0.305874101012928,0.206877893491475,0.020655817862277,0.155906311293063
0.307289149798862,0.20764930620458,0.02062126968696,0.156531935476921
0.309225742257869,0.207313635485529,0.020250770717736,0.156073898475501
0.311268329222423,0.20674781552117,0.019900974047294,0.155391160591293
0.313065339142808,0.206698687363433,0.01971822591615,0.155211092292863
0.31480106242472,0.206770177884355,0.019593459511536,0.155148430100989
0.316482936239798,0.206945780148619,0.019511395230269,0.155186963050344
0.31810921460786,0.207228730025355,0.019460557819724,0.155329634165472
0.31958222396547,0.207828096087105,0.019432010538459,0.155779183002078
0.32100150230941,0.208531209788741,0.019416200240716,0.156329889512699
0.322818675677268,0.208314191005344,0.019640536034302,0.156018973655496
0.324749007035162,0.20782463822372,0.020030453128463,0.155454754678037
0.326215074751009,0.208392100720643,0.020058037953429,0.155871916850166
0.327627619854059,0.209060869634789,0.020072653019434,0.156386233409625
0.329431168483313,0.208838133282164,0.020409017578155,0.156060468973116
0.331303698119187,0.208445148873293,0.020881589336928,0.155575589336125
0.332953760212958,0.208551208959411,0.021127340202753,0.155551070048643
0.334551225337788,0.208755886840796,0.021354866031505,0.15561983788132
0.336185872310438,0.208858441451135,0.021663656797694,0.155593703327545
0.337772221555096,0.209050897890352,0.021955053129695,0.155653112571443
0.339429707727071,0.209063445751142,0.022380606728565,0.155545328909606
0.341037748188157,0.209168814301809,0.022781761894228,0.155525499865917
0.342594365902475,0.209371346866609,0.023146522240388,0.155597487865321
0.344099716848308,0.209670502105538,0.023467223924758,0.155760575091497
0.345678034876337,0.209784898761255,0.02393258057949,0.155752230110563
0.347206494151559,0.209992840456676,0.024351309911675,0.155831733290119
0.348626445948102,0.210435458117581,0.024584414712972,0.156125349410588
0.349994913222273,0.210975335597816,0.024757525599485,0.156510448962771
0.351633281389151,0.210864486228329,0.025506560344329,0.156303609996837
0.353303700593478,0.21065900013202,0.026371099151513,0.156012882786793
0.354843655044146,0.2107597840196,0.0269126716503,0.155989563408798
0.356334660133415,0.210952445478988,0.027390952913392,0.156051581849404
0.357853162452947,0.211061112455646,0.027958660519576,0.156037772716966
0.359322333203763,0.211262435227814,0.028457376888882,0.156109803298967
0.360823785209614,0.211367605439045,0.029058074921287,0.156095245121559
0.36227940081268,0.211557091979684,0.029591545875863,0.156158425573498
0.363757903195968,0.211670664434566,0.030210661449522,0.156154019150019
0.365188577867578,0.211872827105252,0.030752979601988,0.156230763787331
0.366680394346852,0.21190802691894,0.031476693472402,0.156158722752193
0.368134155278359,0.212008994568526,0.032142792650092,0.156146841213617
0.369540165258302,0.212197954536747,0.032725098400917,0.156214772264016
0.370898506519236,0.212474269200987,0.033221458477258,0.156361695776527
0.372315227851214,0.212587990986153,0.03389944543031,0.156364803284912
0.373685632289147,0.212785904774568,0.034491349823745,0.156443603660901
0.375002707125087,0.213091653980826,0.034943945564551,0.156613841671555
0.376272355392004,0.213483662450423,0.035305980950464,0.156861514669482
0.377675710451551,0.213517146159846,0.036133460612466,0.156805001357154
0.379077906461211,0.213525325776475,0.037007393822871,0.156729910678515
0.380434736874338,0.213616095012367,0.037788266016646,0.156728029943045
0.381746323407969,0.213788377666286,0.038474817376571,0.156797961708196
0.383086393917737,0.21388528439632,0.039187664716213,0.156789518075767
0.384382047893969,0.214061074534563,0.039806461277497,0.156849952430028
0.385632832386119,0.214317797777668,0.040322785508869,0.156979864462692
0.38683819409589,0.21465500554518,0.040743012043268,0.157180149851372
0.38814415014589,0.214698545001707,0.04161724076298,0.157147427432417
0.389446362623856,0.21471820183716,0.042542701441448,0.157099636803656
0.390715044294094,0.214815949297527,0.043273857237207,0.157098975729136
0.391940876471215,0.214987436703967,0.043905866974033,0.157160742655277
0.3931344796246,0.215208875343279,0.044463431362365,0.157263414871644
0.394284520097542,0.215505356291941,0.044922175247043,0.157429977347323
0.395507516334602,0.215574643297505,0.045762281014132,0.157423883156976
0.396720519269738,0.215634172746026,0.046633256221917,0.157414590799861
0.397892841164946,0.215762866611262,0.0474035399182,0.157462550263485
0.399024758466547,0.215959114735221,0.048072996916933,0.157565841744696
0.40019247369516,0.216053355307906,0.048817766998023,0.157571614899853
0.401321280514112,0.21621108433361,0.04946485644464,0.157628720343282
0.402467092092523,0.216295847447247,0.050211887846752,0.157626592012692
0.403572839127711,0.216446669051917,0.050858347935123,0.157678003485834
0.404658337067065,0.216616626169159,0.051466680498251,0.157743691913693
0.40570367110389,0.216852542659629,0.051974603461398,0.157862750562083
0.40680256412024,0.216910340565259,0.052812296144323,0.157855020241108
0.407888140037218,0.216966236758185,0.053664112295986,0.157849732435342
0.408936223495911,0.217082526985495,0.054414703957874,0.157891593212825
0.409947072671216,0.217257718928206,0.055064172648987,0.157978848238661
0.410986035160061,0.217339595630411,0.055816846662976,0.157985093231289
0.411988225494402,0.217478806034956,0.056468569520673,0.158034949694422
0.412996483882567,0.217566049059897,0.057215218117149,0.158048911717204
0.413969117215069,0.217707651203066,0.057863543655292,0.158103676061444
0.414946337169327,0.217800776228468,0.058602467059774,0.158125647796822
0.415889440435355,0.217944742972193,0.059245652713812,0.158184997012203
0.416831458278288,0.218063973172206,0.059894915484431,0.158219195824039
0.417739336600313,0.218234669912722,0.06044708175127,0.158291016001283
0.418648058400164,0.218347813998867,0.061214884857238,0.158348440209157
0.419534850636727,0.21847894376974,0.06197375169768,0.158425752135985
0.420392060496707,0.218653301347731,0.0626416490489,0.158532744787178
0.4212208059805,0.218868426413042,0.063221080637183,0.158667122152215
0.422094391108371,0.218966675420893,0.06388790125911,0.15869054474608
0.422942160598079,0.219101773181407,0.064474220887754,0.158738561413286
0.423718272817729,0.219343162407643,0.065108798820809,0.158919322974321
0.424452113528054,0.21964708295575,0.065719914833324,0.159166560144721
0.4252936085895,0.219725507301063,0.066394853172784,0.159174472997723
0.426117413945143,0.219827566638136,0.067003203594908,0.159195011385448
0.426939742620478,0.219909373034018,0.067671451507804,0.159207482683181
0.427743924942769,0.2200174939608,0.068278396665985,0.159236618654991
0.42856354771197,0.220068196167697,0.069021242896461,0.159233075812387
0.429367130544348,0.220143520721261,0.06970830162737,0.159245389119098
0.430066684491549,0.220420473925786,0.070235889627905,0.159449545120385
0.430702973389942,0.220817894633898,0.070655395954081,0.15976542854198
0.431487056606144,0.220905763949991,0.071295649371666,0.159783234823061
0.43226879283664,0.220992956485711,0.071905235239013,0.159793911510452
0.433047313896893,0.221076034355365,0.072548585275059,0.159808275335355
0.433816811773502,0.221173925644132,0.073154611175804,0.15983125952648
0.4345859672893,0.221263268338237,0.073808961546608,0.159856173512852
0.435348326213149,0.221364437785471,0.074433977246513,0.159888056025662
0.436104343595497,0.221477585877647,0.07502774379617,0.159926560779037
0.436854655469058,0.221601990471443,0.07559227366559,0.159971274845225
0.437613787743639,0.221704355610894,0.076204595001438,0.160002388007326
0.438368524312879,0.221817120886057,0.076792185406487,0.160039648885058
0.439124716534115,0.221926992821308,0.077393588308893,0.160076900876326
0.439877587155026,0.222046688746265,0.077973927845988,0.160120369568737
0.440631735973189,0.222166119975816,0.078561509215554,0.160165179517855
0.441384122830592,0.222293602133185,0.079132300455031,0.160215100576118
0.442212092910893,0.222250996385458,0.080129053378967,0.160172038829209
0.443040951125217,0.222214746720793,0.081116035651743,0.16013404156662
0.443696770124889,0.22256843770863,0.08130954788663,0.160350463142178
0.444304940002496,0.223033948703096,0.081279758327991,0.160641030914732
0.445070027300175,0.223166622658187,0.081829238104671,0.160690817144327
0.445838090239833,0.223300836587213,0.082373607314661,0.160740907726791
0.446605157914619,0.223445556109984,0.082904255423499,0.160799323017064
0.447374877497023,0.223593529349393,0.083430375595472,0.160860003636436
0.448144382866774,0.223751225958462,0.083943280005235,0.160928198530115
0.448917331409115,0.223911314483984,0.084453875762811,0.160998157310515
0.449690261024189,0.224081662568178,0.084947661090217,0.161075361477015
0.450467411334013,0.224253582679644,0.085441378018135,0.161153881248093
0.451358847844069,0.224185137797249,0.086530398287733,0.161099292196611
0.452259280143422,0.224112597657498,0.087637109843364,0.161044201826352
0.453070668912875,0.224268503162127,0.087730381028226,0.161009891641077
0.453837032093951,0.224549512770008,0.087387399067229,0.16101397995831
0.454759147853915,0.22451360805208,0.087886750219635,0.160854412770942
0.455674877428326,0.224513523621439,0.088388235888765,0.160733798058229
0.456594585237208,0.22452787105289,0.08885102347363,0.160619013651438
0.457516038447207,0.224559109214451,0.089317523178242,0.160522782431015
0.458434197136854,0.224621049993488,0.089705171281132,0.160441430441806
0.459355477525557,0.224697415792024,0.090095388182145,0.160375660704894
0.460281401863455,0.224784793574364,0.090496006372413,0.1603235089738
0.461212587176686,0.224882344577248,0.090908481129824,0.160284370366606
0.462135350531394,0.225021714254686,0.09124240557883,0.160272885218109
0.463065096355027,0.225168638067939,0.091591626392912,0.160272295143206
0.464100528037659,0.225097110786228,0.092689053982102,0.160198651749554
0.465149705701379,0.225022702949545,0.0938154097207,0.160127890585455
0.465940812109952,0.225536721205766,0.093420697181791,0.160364839710253
0.466663763949495,0.22623055500229,0.092608488206031,0.160708535917026
0.467595899434301,0.226497490452191,0.092773847758951,0.160795439293474
0.468546303455096,0.226751944869447,0.092994926413374,0.16087989825315
0.469482898689601,0.227063230342887,0.093134298442051,0.161008866372504
0.470434546457284,0.227369799124902,0.093305293626326,0.161138709816917
0.471554298542818,0.227329381404629,0.094341028374669,0.161073272114901
0.47269415035226,0.227277329371794,0.095415003678852,0.161002479490688
0.473055687780421,0.228858790233753,0.094526529847328,0.16233559264087
0.47323948405965,0.230824688953261,0.093159292327531,0.163999791038678
0.473934850031978,0.231726692793448,0.09305380040076,0.16474490156391
0.474682195789901,0.23252215852386,0.093018757244657,0.165386549435264
0.475397329414504,0.233392150908607,0.092911127728055,0.166096948194472
0.476145580915567,0.234204942381098,0.092858218838709,0.166754966865395
0.476861051670381,0.235098113800346,0.092711340826052,0.167483652633589
0.477608577670396,0.235939598044623,0.092618642753153,0.168165957741707
0.478330071483712,0.236851339008077,0.09243746383645,0.168908792875371
0.479084053253238,0.237713358793694,0.092312593545271,0.169607792943993
0.480240572731985,0.237757839767281,0.093178148287462,0.16959515449213
0.481430010843469,0.237759155472756,0.094106071153024,0.16954637678687
0.481815840806284,0.239452335712909,0.093058909739403,0.170984243367138
0.482020856046762,0.241547077170708,0.091555498470115,0.172781600259344
0.483199674616035,0.241638410829373,0.092362854974536,0.172805744412183
0.484422156622208,0.241662116717362,0.093248120650689,0.172769605798997
0.484941777603049,0.243185607202439,0.092228437403661,0.174026170376837
0.485303092704086,0.245074654975071,0.090767295618521,0.175606493677241
0.48611561858764,0.246063749970865,0.09025407501617,0.176370084669315
0.487003708266448,0.246927509751857,0.089898288854785,0.177024751805382
0.487926588339499,0.247752949436666,0.089618736159471,0.177651163590732
0.488885459241425,0.248538169345336,0.089417440825454,0.17824727669367
0.489805637727972,0.249446954515672,0.089038336752584,0.178947087879081
0.490763564977908,0.250312960259589,0.088738346706888,0.17961397734181
0.492059973869931,0.250487780421125,0.089412117506861,0.179691820885933
0.493409339092591,0.250587244704544,0.090201683270255,0.179706088056764
0.494047889747972,0.252247852672913,0.088913690519076,0.181072520563588
0.494529509534767,0.254291100777253,0.087141229119583,0.182780463223341
0.495485342525481,0.255357556521752,0.086646034390359,0.183635000795741
0.496491954398335,0.256353675441503,0.086257275187085,0.184430536393909
0.497468630359421,0.257451336060276,0.085767096259556,0.185321261107093
0.498493216838707,0.258483808021832,0.085371935607199,0.18615648230734
0.499484116786782,0.259624629066391,0.084870586265538,0.187093916350817
0.500524095392245,0.260696718083466,0.084464992314051,0.187971861378776
0.501517070998302,0.261904633469646,0.083922194067223,0.188977540876072
0.502555828259146,0.263049763366868,0.083465346561552,0.189928575504777
0.503567075591058,0.264286734189945,0.082929110275002,0.190968634296895
0.504629389604903,0.265448307049724,0.082489515094689,0.191941642757433
0.505662387789043,0.266709933932562,0.081925802373751,0.193005568053293
0.506746740742981,0.267895465794737,0.081459374530195,0.19400159636887
0.508238400207497,0.268233600944828,0.081987260563235,0.194220244381026
0.50978350573215,0.268489970988959,0.08261450964562,0.194363700850877
0.510478570425889,0.270600816669101,0.081208205001954,0.196232639154747
0.510989710208587,0.273142957966822,0.079344377640482,0.198509047760252
0.512063057551365,0.274513922749563,0.078753277128904,0.199692653543514
0.513189612782837,0.27580265066581,0.078259497782634,0.200801036312254
0.514724837422639,0.276239880395863,0.078697157602164,0.201112722829995
0.516317131064927,0.276583755833712,0.079236948393147,0.20133661517171
0.517041534513012,0.278796029300997,0.077921371070564,0.203339017835078
0.517556519130626,0.281481953582612,0.076149387535759,0.205796531881017
0.519101922748225,0.282007429763034,0.076505447509377,0.206193150487959
0.520714477597019,0.28241565432859,0.07698085087325,0.206478172146353
0.521452735073116,0.284698483598829,0.075655707006458,0.208560727175823
0.522019162328336,0.287370722932499,0.07396798995303,0.211019978606572
0.523121486099149,0.288932956451947,0.073335110957161,0.212413728077295
0.524286382941147,0.290385023447559,0.072807578370264,0.21370239457365
0.525854511595223,0.291000198403457,0.073086240203898,0.214187978608003
0.527481740669716,0.291511078026624,0.073461859987968,0.214573025715745
0.528461124855006,0.293410273745332,0.072553201630066,0.216299540554874
0.529307614302234,0.295611793734757,0.071370270764662,0.218319805478213
0.53020944892987,0.297718738783805,0.070280862065125,0.220250355020529
0.531166861850983,0.299730305448639,0.069283757137566,0.22209006072583
0.532736790246994,0.300463629834918,0.069462717203761,0.222693625058375
0.534367953154147,0.301086660367133,0.069737954786861,0.223190074690483
0.535190035356314,0.303394841900681,0.068685186266019,0.225345584203744
0.535771857543963,0.306214115204998,0.067249603822025,0.228005827336261
0.536850574002149,0.308029608271706,0.066571631563375,0.229675195420389
0.537989262411597,0.309735192615046,0.06598257896068,0.231237324566932
0.539183397209804,0.311338994557719,0.065472636519635,0.232699946258857
0.540432888799928,0.312840584428255,0.065039710424266,0.234062452703651
0.541574041141118,0.314566320716371,0.064489090475247,0.235652266040124
0.542770020999239,0.316189589449413,0.064013576168745,0.237141394360267
0.543908671400586,0.317932814884234,0.06348613663003,0.238753402303136
0.545101205712935,0.319574121292335,0.06303014928318,0.240264958722229
0.54664051004272,0.32051173961468,0.063063936176719,0.241080134770594
0.548236223894531,0.321341225146887,0.06316687146724,0.241788344981166
0.549068326138433,0.323711244408591,0.062348934117157,0.244038834787996
0.549737045352956,0.326413908702331,0.061359922285798,0.246623097976398
0.550876156821604,0.328162130915785,0.060992179798356,0.248258932544661
0.552067671007087,0.329805248143421,0.060681013894693,0.249789792349922
0.553567828129729,0.330831277933268,0.060670312436637,0.250700072617464
0.555122532501804,0.331746981963296,0.060710715865524,0.251500091544471
0.555987588235583,0.333997930089299,0.060284363169625,0.253662420480308
0.556704241795709,0.336530960582497,0.059795605616183,0.256113316910017
0.558153615531826,0.337634196315168,0.059763025648278,0.257107017348613
0.559670858304564,0.338596905177567,0.059774348403928,0.257958794184917
0.560546720310432,0.340792029373032,0.059452225351749,0.260071128183275
0.561285441893824,0.343244258969172,0.059096663389117,0.262447267689608
0.562389610836431,0.344984399595877,0.058901578846342,0.264094351769032
0.563547355868099,0.34660989746442,0.058736937265101,0.265625280480812
0.564954355343088,0.34774242206917,0.058696557234753,0.266655369466872
0.566412930247616,0.348766712535516,0.058683724736117,0.267576541504058
0.567411294359217,0.350662933847742,0.058554918120887,0.269394106714231
0.568321294736002,0.352718819120194,0.058430461034042,0.271377002761418
0.569277229333898,0.35467533370189,0.05833929953694,0.273259160511563
0.570278325717047,0.356532996590457,0.058273527953958,0.275040989519129
0.571377259114946,0.358168923385812,0.058371389051685,0.276607782539529
0.572518252080952,0.359708144760334,0.058473426940058,0.278075879531589
0.573606695036724,0.361318487526467,0.058626931535989,0.279622167925799
0.574731526672996,0.362839415053768,0.0587734434679,0.281076705385627
0.576031071934692,0.36402529009922,0.058780304300445,0.28217696005762
0.577372157372583,0.365115103834351,0.058778911856679,0.283179283401944
0.578285721160274,0.366951371194759,0.059189016359368,0.284981142536933
0.579115278245402,0.368917139343873,0.059713404448603,0.286924269351564
0.580168729149557,0.370462787672211,0.059964667583901,0.288416162783905
0.581256539589673,0.371919856891715,0.060186140104365,0.289816139545613
0.582293077591096,0.373449797722686,0.060448755718742,0.291294494784347
0.583364229672985,0.374894347172913,0.060693742946601,0.292685193259487
0.584384433535549,0.376411735170248,0.060980944202741,0.294154156986903
0.585439830584103,0.377843067650455,0.06124582531637,0.295534609353987
0.586612380052501,0.379048954387708,0.06132916388099,0.296672687821191
0.587822263284561,0.380165837108047,0.06138773315222,0.297719656849849
0.5887260030113,0.381794323712231,0.061980313272429,0.299328771519038
0.589569186382646,0.383506073161099,0.062709646837854,0.301033325666722
0.590542838457764,0.384988566243995,0.063044400474794,0.302475194479198
0.591550344021394,0.386385875884424,0.063335910419052,0.303828398307452
0.592474758743428,0.387910702604503,0.063746164798343,0.305320555180427
0.593425154948877,0.389365302701018,0.064131487900716,0.306740597803338
0.594407689544826,0.390737825746003,0.064478111941379,0.30807572316852
0.595421885004084,0.39202872641597,0.064782719702908,0.309326336980165
0.596358205506812,0.393433970031454,0.065217089740001,0.310703280247485
0.597322258943933,0.394764208533723,0.065610253326633,0.312002513102858
0.59824265519067,0.39614853461905,0.066063153955561,0.313361813503465
0.599192446258406,0.397454453831572,0.066466481946181,0.314639482954327
0.600193199267201,0.398652114879062,0.066703924854676,0.31579652653785
0.601224581059798,0.399769544166726,0.06689187235844,0.316870401794543
0.602079750715285,0.401165052903049,0.067517056691439,0.318258648776958
0.602911627883363,0.402574555794975,0.068216137399385,0.319667720175727
0.603769922767378,0.403910517860686,0.068859607889311,0.320999845968574
0.604653635241841,0.405173861837207,0.069443941184762,0.322255821569108
0.605580726318733,0.406351667886522,0.069751091214489,0.323405329869609
0.606534933296824,0.407453784407608,0.069998931914301,0.3244757518735
0.607326043368316,0.408806097877133,0.070723156744253,0.325835147948674
0.608095700002796,0.410167095763756,0.071521091217394,0.327210225822167
0.608893343468835,0.411471047390742,0.072048108754447,0.328507625728714
0.609714129961315,0.412705558304798,0.072510199743753,0.329731764951232
0.610444445969577,0.414095653860436,0.072957346854811,0.331110291883587
0.611203512200432,0.415408674117593,0.073350181333448,0.33240868782029
0.611910425778087,0.416798523685766,0.07381842137888,0.333790275287224
0.612650298618622,0.41810532869809,0.074234445045488,0.335086067177757
0.613339626097242,0.419483105015702,0.074735672511244,0.336459995643858
0.614060278490069,0.420779594996423,0.07517909375027,0.337749576398234
0.614732611974687,0.42214027015407,0.075713445226105,0.339111022959952
0.615434038323815,0.423422434801747,0.076186042514429,0.34039070235081
0.616089901153776,0.424761199735829,0.076752930233758,0.341735031330831
0.616773672667655,0.426022334412407,0.077252449236761,0.342998153202044
0.617412631583324,0.427336533700482,0.077850589529151,0.344322818522716
0.6180777888334,0.428575018757833,0.078377289701411,0.345567970314498
0.618789714246628,0.429688020958115,0.0789023232549,0.346690665450574
0.619525435380266,0.430727686457407,0.07935048116835,0.347736031631589
0.620112876660225,0.432008167159077,0.080092832447732,0.349044202826997
0.620664929057098,0.433323938971514,0.080885067952504,0.350392406759276
0.621208207103437,0.434629907506711,0.081643115444442,0.351729181784349
0.621773413983374,0.435865781829967,0.082323415390135,0.352991705889267
0.622359347050074,0.43703231543612,0.082921078521335,0.354180371576443
0.622965557126042,0.438129759191766,0.083434665902037,0.355295357835723
0.623508605047938,0.43930442494398,0.084132602142891,0.356503121004157
0.624070369786843,0.440412307194658,0.084747364394079,0.35763960900277
0.624656436144302,0.441434861921058,0.085363324602985,0.358694145040608
0.625259050927066,0.442395388163915,0.085894237065089,0.359681968941795
0.625741657723009,0.443548413806773,0.086642160493589,0.360877976314235
0.626203960953538,0.444710184071511,0.087389667239459,0.362083617368538
0.626696891300351,0.445784264683283,0.088070710590569,0.363199038314516
0.627205149758084,0.44680354558409,0.088677230669732,0.364255545497454
0.627690287192507,0.44783603727934,0.089347574042986,0.365331711583898
0.628187283643991,0.448823170993466,0.089950670893116,0.366358717343067
0.628680254815037,0.449788865391679,0.090633271440394,0.367373057829677
0.629183300131917,0.45071729313081,0.091257112204581,0.368346788513071
0.629664096633415,0.451671587052696,0.091896536928032,0.369347875384631
0.630143856051632,0.452614824569771,0.092509324418929,0.370336520152607
0.630631956269783,0.453531506400768,0.093078626256631,0.371296069335507
0.631127992741229,0.454424818672813,0.093609510187666,0.372229998884996
0.63157450075743,0.455395203019159,0.094366874698553,0.373260169895117
0.632025480142579,0.456352780991554,0.095103462505621,0.374276555895116
0.632548910156192,0.457177436274122,0.095580860287136,0.37514052751362
0.633096541201551,0.457957190977886,0.095972063211766,0.375953344829438
0.633520719455432,0.458959245665754,0.096808325873272,0.377023346694258
0.633949218148526,0.459956303756375,0.097630344170214,0.378087545691937
0.634604106052286,0.460542473608607,0.09773686722485,0.378687266754628
0.635122768573286,0.461378702966057,0.098300600263357,0.379572106849057
0.635638163267664,0.462224698230704,0.098852395349381,0.380465386567014
0.63615415609169,0.4630753177386,0.099395996213254,0.381362489656314
0.636560280574835,0.464131423427364,0.100334480002709,0.38249589106801
0.63696725034894,0.465194730769822,0.101271703999568,0.38363632514476
0.637555311413412,0.465930321581843,0.101688890023844,0.384410865642667
0.638195830925406,0.466577411111297,0.101959793985282,0.385086047687015
0.638836720358632,0.467233189639406,0.102230698833033,0.385769613196983
0.639477299142242,0.467899685678003,0.102503375246177,0.386463650630622
0.640036152932275,0.46873324749625,0.102957383182318,0.387336072673946
0.640594256728598,0.469580440092301,0.103418934708145,0.388222268999811
0.641170294299208,0.470407383440599,0.10383853479578,0.389084780678254
0.641747472704924,0.471246298119558,0.104267214874466,0.389959575885802
0.642347375868461,0.47205823153466,0.104636694196901,0.39080244325132
0.642948491794341,0.472883782607035,0.105018251772302,0.391659410462583
0.643570373537649,0.473687714023206,0.105349910501875,0.39249045599203
0.644192785838407,0.474508486747072,0.10569909102817,0.393339172818756
0.644626968110714,0.475694544262916,0.106724156082866,0.39460564713195
0.64505936157566,0.476905209408732,0.107776358674834,0.395898264900496
0.645877295923394,0.477428779690281,0.107445113669188,0.39639277872818
0.646804673811833,0.477776101264632,0.106769868252366,0.396683522129131
0.647264691378086,0.47901140416072,0.107781040858758,0.39799454285875
0.647727107678765,0.480270092743539,0.108835525563499,0.399332061984013
0.6484273987669,0.481139790014934,0.108673138363838,0.400172975611693
0.649199526179353,0.481913228159973,0.108209108261257,0.400890614753588
0.6499852387642,0.482695134461622,0.107788352051124,0.401620354509993
0.650785415993703,0.483485672818522,0.107414146050665,0.402362640875583
0.651536239363058,0.484395666465321,0.107403223198472,0.403255483041738
0.652295182618858,0.485326153827865,0.107445031267836,0.404172636157254
0.652858689460834,0.486636387372644,0.108393461430517,0.405543944586524
0.653415471089385,0.487994541710156,0.109418303398405,0.40696812293327
0.654501074029064,0.488429123755032,0.108550635331247,0.407317164734229
0.655738964739993,0.48863006354585,0.107194910985467,0.407393152819743
0.656724459440495,0.489330437854202,0.106810196681743,0.408043848490944
0.657695056900738,0.490100360232932,0.106548843978925,0.408772637192178
0.658662075348339,0.490919471796739,0.106357355815679,0.409554548732351
0.659623865778836,0.491792209830733,0.106239945321999,0.410394153797298
0.66031894063615,0.493187143953142,0.107114000205134,0.411831175995673
0.661002097024963,0.494650168603152,0.108072005681728,0.413340461919002
0.662445942422042,0.494702205289801,0.107556859959124,0.413355614905887
0.664057996421785,0.494470355651008,0.106734714733243,0.413067745406476
0.665629345597303,0.49434416874129,0.105982169259089,0.412885911342615
0.667155181196606,0.494328735692935,0.105295797288969,0.412814699298774
0.668456661654915,0.494757109460096,0.105083705598812,0.413213336021673
0.669717623257669,0.495286657506829,0.104937638440712,0.413713781281143
0.671043636912642,0.495717359212465,0.104701544945976,0.414109488782468
0.672331040311489,0.496249704563819,0.10454806819752,0.414609244779504
0.673130054003079,0.497742173635671,0.105343137739969,0.416119947583749
0.673900229439063,0.499322196205506,0.106216008135265,0.41772055909495
0.675721781687303,0.498917875228222,0.105241002301962,0.41724023019314
0.677783015563379,0.498084531809299,0.103869505722588,0.416308115248461
0.679194643242752,0.498525878944738,0.103581373767086,0.41670108463871
0.680553288383954,0.499092361620617,0.103383833548391,0.417221526433348
0.681416417424076,0.50063301629435,0.10410221351074,0.418763996577072
0.682246664996897,0.502266330860544,0.104900710164174,0.420401535558132
0.684093052483029,0.501984020894938,0.103914032652276,0.420028304921519
0.686185520520844,0.501259709876945,0.102516702812,0.419189289576824
0.687142491626917,0.502732658980948,0.103104662604786,0.420649642093786
0.688018374874271,0.504385890785265,0.103841916081862,0.422295889691019
0.689915913933933,0.504107565841562,0.102849245835065,0.421920693286764
0.692063069583233,0.503379588342149,0.101460147258543,0.421073513151651
0.693541643590503,0.503969525462817,0.101114739918923,0.421590906684887
0.694989392887336,0.504645189512051,0.100837286341528,0.422196079388681
0.696496720522718,0.505235187346028,0.100479196594887,0.422710018862456
0.697973507789764,0.505911429936084,0.100191923189768,0.423312530706851
0.698988488272737,0.507495077782797,0.100725882143545,0.424865067584511
0.699969523523124,0.509170236853595,0.101333401568673,0.426511066689599
0.701968083739938,0.508917269899449,0.100310898007871,0.426147281398739
0.704171619627576,0.508297566306976,0.098985153850971,0.425399841139836
0.705242626510039,0.50987774657639,0.099454950867522,0.426938727193817
0.706279448089129,0.511547688175126,0.099992224624396,0.428568885575064
0.708291427398729,0.511366393084391,0.099023642282257,0.428274142719553
0.710540880124528,0.510752750975513,0.09770920088936,0.427528375367303
0.711675910850615,0.512302303849166,0.098101590188585,0.429026394062257
0.712768000181173,0.513955698233968,0.098567244987917,0.430629900935089
0.714796861339022,0.51382111176946,0.097691755291329,0.430384133382275
0.717091487913746,0.513194315067383,0.096455106353967,0.429627916558758
0.718278203559503,0.514724149536208,0.096787379900195,0.431097427747182
0.719422804824364,0.51635355527319,0.09718360889781,0.432667575434978
0.72151462710593,0.516132357799991,0.096599586894502,0.432361429004058
0.723794919033638,0.51554749723487,0.095831536558743,0.431684824956663
0.725523645074623,0.516046157588068,0.095603884631854,0.432102978671374
0.727181780899157,0.516682397861773,0.095425290184805,0.432657550558615
0.728927238013837,0.517143815994521,0.095199639000388,0.433037776003311
0.73063452235875,0.517683200923192,0.095006922435731,0.43349530631347
0.732297476665464,0.518313204876425,0.094850152461242,0.434042761090834
0.733916149318505,0.519033415565731,0.094727219193431,0.434679649437556
0.73517904536576,0.52045864206601,0.094924704839538,0.43602768637584
0.736397147549263,0.521976984193902,0.095161228391831,0.437468364320892
0.738404965681294,0.521923251103659,0.094827732981774,0.437334429180512
0.740595805537405,0.52150637833509,0.09437867690629,0.436835977904411
0.742342723128746,0.521979868134155,0.094194058007696,0.437223102972113
0.744006088812404,0.522619405136903,0.094056221828312,0.437774589651443
0.745713478067434,0.523170153202323,0.093898621771603,0.438237137344833
0.7473876857956,0.523787538966723,0.09376319237155,0.438765427117504
0.749132560681296,0.524261295219584,0.09360205912614,0.439150875170941
0.750839341025954,0.524811270919112,0.093465050952463,0.439611558065688
0.75250273295819,0.525448104497787,0.093352966791505,0.440158003970661
0.754122682860048,0.526171534624037,0.093263742634046,0.440789880523975
0.755464180416247,0.527451633131523,0.09333600178593,0.441977294353528
0.756761517450342,0.528819974976115,0.093431246756918,0.44325183717152
0.758722406771414,0.528852144780483,0.09319348015417,0.443195345589787
0.760826428455994,0.52859604801572,0.092899610426685,0.442851107686454
0.762532288466368,0.529146977782904,0.092757087253321,0.443305547691954
0.76419100537415,0.529792480746701,0.092636357797825,0.443853277791482
0.765869314268969,0.530395392686817,0.092523752430989,0.444359317191038
0.767504798242519,0.531083068461734,0.092427856583894,0.444948752444793
0.769205679130371,0.531635356519968,0.092315281235528,0.445403617225242
0.77090137786233,0.532195075237668,0.092206419834132,0.445865171086282
0.772639739850143,0.532661763587045,0.092111287761164,0.446236077743378
0.774342041171577,0.53319737347735,0.092028543317928,0.446674562447208
0.776000455038917,0.533817577500374,0.091955735179067,0.4471958721086
0.777614873905549,0.534522144443598,0.091890686953468,0.447799713926635
0.779300525287665,0.535072980431352,0.091835710363199,0.448253084925325
0.780942043842914,0.535707548209716,0.091786233683624,0.448788203940414
0.782620338346735,0.536258002320988,0.09174906554755,0.449241152775386
0.7842544816525,0.536891335717682,0.091714449887937,0.4497748587941
0.785939262027151,0.537417758256831,0.091636748338254,0.450199068919409
0.787583151303245,0.53802158200592,0.091561407577768,0.450698695913541
0.78926518774914,0.538541863274619,0.091494851342013,0.451116172387636
0.790904214769873,0.539145043416915,0.091432978394801,0.451614727909235
0.792339640666959,0.540153154162696,0.091426803545073,0.452515755619284
0.793729371789598,0.541247207617719,0.091416796522632,0.453500501691529
0.795484628765951,0.541580721088459,0.09141279687938,0.453736970273678
0.79729075235507,0.541800737500321,0.091411736072807,0.453860889268912
0.799052351338646,0.542104514104422,0.091411757355903,0.454066279434687
0.800769370925524,0.542492232278375,0.091410530262315,0.454353308860187
0.802431073502961,0.542984805749981,0.091411339431801,0.454743087088683
0.804047874942738,0.543560465243107,0.091403191099223,0.455213392035526
0.805697208211131,0.544053845740653,0.0914324005606,0.455604983473124
0.807301904582148,0.544627690763281,0.091447318982174,0.45607420681001
0.808740999803825,0.545525128296066,0.091465928751594,0.456863166994685
0.810135169647909,0.546501844438427,0.091463185434386,0.457728374468641
0.811820749332295,0.546854765694855,0.091578796747008,0.457986289512737
0.813553651782411,0.547093439109061,0.091715059520171,0.458132061107069
0.815241744150121,0.547410439224613,0.091832390168789,0.458352915335686
0.81688497158127,0.547805656631438,0.091928232001036,0.458648708818742
0.818482370924802,0.548275071698203,0.092046488190435,0.459019338179315
0.820035018713785,0.548821221631446,0.092139008312001,0.459463400289475
0.821452115117721,0.549628297393329,0.092193904606201,0.460162909876315
0.822824588071623,0.55051057117355,0.092215313000761,0.460934055200978
0.824455317880461,0.550832592466562,0.092380528328839,0.461160637641152
0.826125610009039,0.551053969170878,0.092567618647138,0.461288336133206
0.827751017612013,0.551353440607264,0.092729198776714,0.461490743392472
0.829331536441391,0.551731365342998,0.092863444783661,0.461768227744004
0.830880116685886,0.552154905244661,0.093022951301255,0.462092643215601
0.832384411735834,0.552654205413984,0.093148503574237,0.462489215926068
0.833914353450777,0.55307486823638,0.093336597084909,0.462812257327304
0.835400514230204,0.553568218837629,0.09348473869011,0.463204060294677
0.836911081026075,0.553983655724983,0.093697960244009,0.463523225422788
0.838378058532112,0.554470142008246,0.09386794172393,0.463909368826318
0.839866135860435,0.554883933796327,0.094103873326586,0.464228121525128
0.841310640956286,0.555367725900067,0.094292903375092,0.464612627478993
0.842778248308516,0.555773207092435,0.094551346007824,0.464924390219878
0.844205052267012,0.556241664958795,0.094764260118617,0.465295112701414
0.845649977540178,0.556640974197708,0.095044954582848,0.465602081316415
0.847053066901186,0.557104731212656,0.095274929883137,0.465969164078779
0.848369541192314,0.55772274456377,0.095446778090106,0.466485779118696
0.84964341247521,0.55840584043235,0.095561434825251,0.467062903660882
0.851082498645083,0.558690219686974,0.096021084348244,0.467269045963967
0.852535616759199,0.55891332956601,0.096533120022299,0.467417868027315
0.853815539005879,0.559491857542024,0.096731598978878,0.467897077387842
0.855053674032909,0.560132725196685,0.096868945924151,0.46843388849869
0.856437712824278,0.560412303908732,0.09735903069737,0.468637279071828
0.857825389427062,0.560651578384863,0.097886358845343,0.468803162330614
0.859064683455435,0.561192486660229,0.098111442217519,0.469247065604605
0.86026330847354,0.561792129813858,0.098271072383927,0.469744771704809
0.861609901720613,0.562030986143161,0.098741130905634,0.469905590539784
0.86296647200031,0.56221581094428,0.099245685895911,0.470014890489795
0.86416282578758,0.562717310798272,0.099499690312227,0.470422111521195
0.865319641529858,0.563274014448015,0.099684265427064,0.470879427136979
0.866579524110385,0.563555660439094,0.100207866833955,0.471087902408422
0.867839520988341,0.563800809497608,0.100772542555847,0.471263103819944
0.868989678765809,0.564263781232184,0.101054298827715,0.471634686516648
0.870101287438661,0.564778902504279,0.10126243693529,0.472053096850204
0.871300167500575,0.565056233969069,0.101754085514499,0.472255360894006
0.872502982732935,0.565287918761236,0.102289786976891,0.472415418902862
0.873668845191343,0.565567877702694,0.102751108196894,0.472618302312509
0.87479795524384,0.565895353644593,0.103136980326559,0.47286323668318
0.87593651642903,0.566165135886812,0.103568744113851,0.473054029344674
0.877039480559927,0.566479429969226,0.103925504895808,0.473283956909069
0.878088133546597,0.566869417083248,0.104257756278589,0.473588627489862
0.879101162745076,0.56730365891153,0.104511372451215,0.473932035235049
0.88018225805134,0.56753792402075,0.105045121227775,0.474096650138523
0.881259494914143,0.567741931966595,0.105606190130428,0.474233287120608
0.882302610410767,0.567986718015113,0.106087358379057,0.474405040912021
0.883311923452188,0.568271378619636,0.106488031555999,0.474611010969122
0.884322558701299,0.568509797189187,0.106963264948536,0.474776728464553
0.885300370077732,0.56878573620139,0.10735806640956,0.474974351861579
0.88627778767535,0.569016802465998,0.107844445677812,0.475134479030392
0.887223436105969,0.569282809421088,0.108251176140354,0.475324026103097
0.888133883733284,0.569583477882711,0.108643003826369,0.475547962362579
0.889012657613731,0.569918762441588,0.10895195995871,0.475800833582673
0.889912146915225,0.570147471199604,0.109541060236085,0.47596893374271
0.890793420302559,0.57037530553445,0.110131727802211,0.476136834907365
0.891678267467166,0.570567644212438,0.110639121302824,0.476262732754844
0.892533758297238,0.570789303949343,0.111062260401164,0.476412153098127
0.893356047056745,0.571039185441585,0.111484956448,0.476590728323427
0.894149249744576,0.571317787210779,0.111823161393115,0.476792275790244
0.894838502181064,0.571736706520054,0.11243670919563,0.477158523068888
0.895485200369412,0.572198993186372,0.113060029910415,0.477570276205004
0.896235867275007,0.572431438743819,0.113497185765561,0.477735557682811
0.896966285056832,0.572672199642053,0.113851026070289,0.477903486906061
0.897600799637261,0.573047945041609,0.114395280042214,0.478223881955071
0.898197316743376,0.573463497323079,0.114931335921765,0.478584680056523
0.898864002520649,0.573709052547593,0.115407295608834,0.478769475685762
0.899515191466934,0.57395741524299,0.115809986317875,0.478952109798976
0.900155339134467,0.574190821738581,0.116271811406369,0.479124951793215
0.900779943839553,0.57443184448609,0.116669877911037,0.479301104241434
0.901394544716853,0.57466201169731,0.117108246940232,0.479470049941244
0.901996085033789,0.574898393475968,0.117490390704303,0.479641425864798
0.902591108143374,0.575120784933764,0.117916260943315,0.479802612432181
0.903175791432152,0.575347854699334,0.118294822851778,0.479965302919205
0.903756165079923,0.575561734227621,0.118710509281797,0.480118002981522
0.904328372534425,0.575779457977896,0.11908537028438,0.480271804526519
0.904897830121854,0.575985754293886,0.119492436417188,0.480416924221592
0.905461222395254,0.576194984419413,0.119865999272762,0.480562729675558
0.906022462907986,0.576396093595599,0.120262114521823,0.480702371917214
0.906579965572588,0.576597856955186,0.120635277905015,0.48084115712018
0.907173487636366,0.576700136532716,0.121241981352247,0.480897552092168
0.90776394865724,0.576805035692121,0.12182665224081,0.480955040752861
0.908261365747334,0.577123942158855,0.122029268897824,0.481199851231465
0.908718133864984,0.577536045954043,0.122065162181195,0.481526378111636
0.90931099257535,0.577624025341022,0.122718909721972,0.481572322304642
0.909904111869534,0.577713269172529,0.123367505318974,0.481619149827516
0.910456902808957,0.577934513013764,0.123448901107761,0.481755903080604
0.910998465407543,0.578193875650827,0.123393038633829,0.481920801815878
0.911606077210476,0.578297057133463,0.123691676089436,0.48195460183634
0.91221307090423,0.578407596827361,0.123991306730286,0.481995843962674
0.912818786684148,0.578529243019422,0.124268544546429,0.482046567060581
0.913425811123334,0.57865581128518,0.124546150825438,0.482102238181544
0.914031613132169,0.578795632006789,0.124795450463042,0.482169108509252
0.914639940528942,0.578939353794198,0.125048491412556,0.482240135651435
0.915247209051096,0.579099052236019,0.125261199187718,0.482324202111649
0.915858224465026,0.579261904611583,0.125480555510005,0.482411873085488
0.916497146763082,0.579332459826445,0.126249646486667,0.482447495671871
0.91714255418788,0.579402420472752,0.127031478152523,0.482483279876846
0.91780003959226,0.579561561074557,0.12669429024893,0.482524364025777
0.918458795430751,0.579763125938681,0.12607420998427,0.482587080592477
0.919224055072835,0.579716960228409,0.126148810097059,0.482450017156907
0.919983113735484,0.579706753875777,0.126247113760835,0.482350555224865
0.920683758060993,0.579774882266494,0.127020474292359,0.482380785416436
0.921389886316038,0.579854766579012,0.127822716755405,0.482424602416228
0.922179277182206,0.579891854099566,0.127557462041103,0.482344341222629
0.922993516015256,0.579932215571525,0.127030947349033,0.482247564156822
0.923807322038305,0.580003510854399,0.126540897483755,0.482184543402888
0.924620530064114,0.580108308106562,0.126090602740873,0.482158054642825
0.92541803048251,0.580253391931942,0.1259229969432,0.482192881856016
0.926221428918376,0.580418769284733,0.125804162889198,0.482251373085138
0.927024206581549,0.580535638340963,0.126535357817634,0.482322278881731
0.927843705686703,0.580649609879925,0.127321555702125,0.48239363514117
0.928595756312658,0.581113177307128,0.126271422405394,0.482686314312462
0.929342855596947,0.581669413639329,0.124835829282505,0.483046045308801
0.930156945799853,0.582030379047809,0.124463428152235,0.483283567810742
0.930988517302594,0.582396026960899,0.124156451696817,0.483530108475278
0.93180436033103,0.58285089573982,0.12372899349509,0.483858722212572
0.932644744753445,0.583297665102068,0.123373126953609,0.484183845233929
0.933580227808053,0.583497257954644,0.124009544049715,0.484326356432177
0.934548958572604,0.583669362744276,0.124751208744056,0.484447462693484
0.935200596422578,0.584671692997181,0.123994006731172,0.48530965992747
0.935783889636669,0.585898912430462,0.122840338801351,0.486374156470112
0.93641179641989,0.587073603913055,0.121767108683588,0.487391643326457
0.93708604462952,0.588190007805176,0.120773691501143,0.488356109229384
0.937801343175196,0.589202230863424,0.120307205217632,0.489250745086081
0.938562836587484,0.590153052570422,0.119922002971127,0.490088505694277
0.939291281297583,0.591217564195943,0.119442386704357,0.491036155058884
0.940063746344953,0.592225486053709,0.119041260362343,0.491931554664407
0.94081008099806,0.593333103907565,0.118553789840585,0.492923150438381
0.94160047835878,0.594383989763001,0.118145761976649,0.493862340632673
0.942369825495425,0.595524303505888,0.117657939884008,0.494887726183697
0.943183454901331,0.596607326434312,0.117250541607024,0.495860128639413
0.943973006818688,0.597787890109499,0.116748306025276,0.49692607372527
0.944805703645751,0.59891358489413,0.116323569840506,0.497941266248524
0.945620200797531,0.600123527314644,0.115819145986748,0.499037482380278
0.946478283537617,0.601277310079129,0.115392888513939,0.500081619508995
0.947698703561105,0.601640425816325,0.115924727327127,0.50038006791896
0.948966495224685,0.601939775961714,0.116547331051005,0.500618862901257
0.949599306566948,0.603760838604974,0.1152821770427,0.502290741160808
0.950061229975125,0.606031472964348,0.113492610244715,0.504389286008027
0.95098343707101,0.607327986457016,0.112673722960692,0.505555685389582
0.95197384039824,0.608520788640313,0.112000975146087,0.506625492909736
0.953004075008312,0.609673707934969,0.111415986790277,0.507659999259195
0.954074897634134,0.610785070293493,0.110918741031939,0.508657395939904
0.955102311658965,0.612055849261246,0.110241414714927,0.509806555196179
0.956169392875877,0.613287246465159,0.109642880873831,0.510920346653978
0.957211667849215,0.614628370900106,0.108948266337086,0.512140426123414
0.958295767226303,0.615923744144647,0.108333738250667,0.513318733573567
0.959359721499498,0.617313936469347,0.107652942132958,0.51458995643642
0.960468738269945,0.618649628167999,0.107055618832797,0.515810663637553
0.961544760285145,0.620107170507875,0.106366454102741,0.517150424590904
0.962666331931524,0.621507780337096,0.105757872990445,0.518437017006697
0.964124724738057,0.622160951539523,0.106043640068993,0.519012646864171
0.965635721085905,0.622737875111568,0.106420117757688,0.519515536138399
0.966570172269226,0.624661122718255,0.105524719875386,0.521318265112881
0.967108938455434,0.627525036524457,0.103764790715767,0.524031095627791
0.96809599944685,0.629441032663071,0.10280736476351,0.525824149734981
0.96921715828874,0.631101885081789,0.102082624306214,0.527370710255346
0.970387019284492,0.632694478673939,0.101433105225625,0.528852264319408
0.971605948451706,0.634217081144753,0.100856914412704,0.530266922094527
0.972704907374664,0.635999104724752,0.10032416351092,0.531947178642288
0.973852409007713,0.637705359089217,0.099854845166522,0.533554161810402
0.974951162948395,0.639528483276877,0.099370295779019,0.535279387279263
0.97609946775095,0.641266881490413,0.098936864182941,0.536921780310702
0.97720712371622,0.643105028706757,0.098490103108155,0.538665050014601
0.97836740993632,0.644850745932038,0.098097968064554,0.540317821792512
0.979908551649317,0.645792762411446,0.098199206624006,0.541181068634816
0.981498711474423,0.64665234067316,0.098352204070636,0.541963633283824
0.983137559724391,0.647433102266824,0.098562731969618,0.542669322905032
0.982458273063027,0.652796397540546,0.098381041906955,0.547992015893657
0.983958008191114,0.653904156856494,0.098451363896875,0.549022945629417
0.985550285081016,0.654834315927487,0.098554424071581,0.549876578521248
0.986484416841738,0.657214656220258,0.097803171755772,0.552155996490269
0.987199186864623,0.660092120657023,0.096772777457445,0.554924694020317
0.988383334014804,0.66196621997667,0.09631733447464,0.556707266707783
0.989619008938135,0.66374553973578,0.095901193033422,0.558396536404058
0.990804387418785,0.665638470478599,0.095489689450226,0.560201031533859
0.992036522526207,0.667448879241523,0.095116273408351,0.56192444143003
0.993570087369397,0.668618668413361,0.095105445695824,0.563018565978442
0.995153777959256,0.669699184717054,0.095132384843785,0.564024798701325
0.996059721577567,0.672235414020479,0.094551248867438,0.566471832822122
0.996846386823723,0.675042603416063,0.093879046916579,0.569187647656239
0.998047058122676,0.676991898874984,0.093540323012393,0.571054193986192
0.99929525085429,0.678856895410694,0.093235304369643,0.5728376963597
1.00049602461015,0.680829917273714,0.092935611277652,0.574730418444741
1.0017440314862,0.682718577972723,0.092667290571633,0.576539947957908
1.00294547034516,0.684712129209784,0.092407047063233,0.578455572228694
1.00419329576666,0.686622070257539,0.092175011762883,0.580288653943035
1.00539820937175,0.68862770485831,0.091956157435869,0.582218717224614
1.00665004114288,0.690547678819738,0.091762389476155,0.584064087279539
1.00785699926764,0.692565892838058,0.091583503277404,0.586008989067938
1.00911086506681,0.694497489212397,0.091426392753047,0.587868145000096
1.01061554383002,0.695914228559454,0.091395049837099,0.589216246588692
1.01216805503637,0.697241458763016,0.091377172149316,0.590475610891775
1.0132754579442,0.699482693085617,0.091278206493859,0.592648881336798
1.01429703029954,0.701905738098085,0.09117886489267,0.595004442583981
1.01536484917226,0.704241013660569,0.091101150115813,0.597272885528431
1.01647906601468,0.706487675780182,0.091040686633933,0.599453323601328
1.01769317492591,0.708535300635261,0.091002818614992,0.601435573329588
1.0189530252808,0.710494705522158,0.090972309150368,0.603330130198099
1.02016376880186,0.712549187640342,0.090990580720668,0.605322021918505
1.02141881951769,0.714516894349538,0.091012119664552,0.607227570967741
1.0226251968114,0.716578147923545,0.091073328984189,0.609228515702554
1.02387396359821,0.718554975546719,0.091133827764209,0.61114538149653
1.02507858870891,0.720614834427878,0.091235609350172,0.613147130280302
1.02633063493461,0.72257939737214,0.091331609890341,0.615053817120459
1.02776853544519,0.724169375960551,0.091395036792539,0.616585710381642
1.0292502807659,0.725670704682697,0.091445158037336,0.61802916731466
1.03028217268287,0.728045160830155,0.091741424584949,0.620353886907533
1.03122194623095,0.730594981405129,0.092108817850409,0.622856232404317
1.03241463814388,0.732653941009692,0.09231156508101,0.624862953270961
1.03365204226521,0.734620345406939,0.092496081593769,0.626777096019169
1.03504601849187,0.736269234325968,0.092626824587223,0.628373280012033
1.03648479975248,0.737824831754807,0.092733333305674,0.629876180436783
1.03725947357604,0.740672407834973,0.0932442279804,0.632681509976344
1.03842004564998,0.742753708528297,0.093557196982509,0.634716457580685
1.03962189983511,0.74474706891446,0.093845379174839,0.636663333907563
1.04086493502278,0.746652542174601,0.094106441971439,0.638522188784386
1.04221617229229,0.748334450813342,0.0943128776291,0.640157156576924
1.04360887391845,0.749927074247014,0.094485596754158,0.64170266393029
1.04469185848503,0.752031151279945,0.095296252087934,0.643781374734615
1.04571933447643,0.754206432398709,0.096235554971685,0.645936262383671
1.04687344130772,0.756155675515973,0.096802033044812,0.647853006284366
1.04806656253296,0.758010020962993,0.097275929736629,0.649672637519923
1.04918486690241,0.759975194604442,0.097865588551949,0.651607336933367
1.05031926297241,0.761888763278702,0.098430802270497,0.653490451633461
1.05148633537584,0.763721269345439,0.098944717420598,0.655291757333808
1.05268573318512,0.765473242538908,0.099405601668109,0.657011763815135
1.05392897521299,0.767135107034442,0.099735740394165,0.658638004694091
1.05520579015594,0.768716038234307,0.100013944819229,0.660182642272405
1.05625062503572,0.770656948121887,0.100870623874289,0.662107178175656
1.0572543413628,0.77264103048585,0.101845273216038,0.66407971248443
1.05845826701778,0.774290826345791,0.102222567349278,0.665698370706944
1.05969286579414,0.775862712230174,0.102541904572278,0.667238268474408
1.06096094316567,0.777354634455197,0.102809470193788,0.668697607105195
1.06188882358835,0.77918753440959,0.104920806281138,0.670568254788811
1.06293840146726,0.781046508595695,0.105452931988587,0.672402747150101
1.06401545394626,0.782831431333441,0.105918117378585,0.674161908267204
1.06515678623219,0.784461982812345,0.10635305173918,0.675767786944694
1.06632822056453,0.78601704018453,0.106731940190263,0.677297401455664
1.06741433764158,0.787695062874186,0.107313024679837,0.678957323014653
1.06849169763441,0.789367725488448,0.107913175651185,0.680613254887175
1.06958496389527,0.790992952784718,0.108462294629447,0.682220760844294
1.07068781532903,0.792585736828495,0.108969543198868,0.683794926090194
1.07183868472854,0.794069602356012,0.109417335187626,0.685259445521259
1.07299263536589,0.795538896918033,0.109839153578702,0.686708794439605
1.07412266864711,0.797041169805573,0.110311351936779,0.68819296066472
1.07525023497697,0.798544712155973,0.110774112449089,0.689678120486237
1.07634079838653,0.800109227176371,0.111308481203554,0.691226512964244
1.07742827547749,0.801678182087706,0.111837710038533,0.692779156503652
1.07851849961006,0.803238660148365,0.112367163236756,0.694323529015214
1.07960821226062,0.804798959272468,0.112888652629625,0.695867502816793
1.08060763856929,0.806529206936187,0.113521284336986,0.697583803183315
1.08160881845819,0.808255996854411,0.114147674103877,0.69929650782195
1.08276383685173,0.809684301724134,0.114610202941587,0.700708240875056
1.08395649678622,0.81104028390934,0.115028606090303,0.702046977278505
1.0851476045733,0.812399885191697,0.115442111673091,0.703389186674057
1.0863346990465,0.813767649214608,0.115856333544357,0.704739557961538
1.0874733601837,0.81520792921753,0.116434817859718,0.706168408661426
1.08860451965385,0.816659662813813,0.11700421039665,0.707608271236213
1.08973936700485,0.818086664383649,0.117592314924046,0.709024724216687
1.09086439467903,0.819525175190468,0.118164118033195,0.710451968596125
1.0917830498139,0.821359453097008,0.118935948090741,0.712277478810083
1.09269642662749,0.823200865476912,0.119701657531596,0.714109765740141
1.09391130984803,0.8244384249207,0.12021765332399,0.715337258064047
1.09519831000589,0.82552877136238,0.120662614107104,0.716417026540297
1.09647636178617,0.826629410328508,0.121091558274744,0.717506407720921
1.09774399769571,0.82774195088499,0.121503378348398,0.71860692698919
1.09886334978021,0.829142719040905,0.122013979131273,0.71999539563551
1.09997375015991,0.830554997301979,0.122513489374912,0.72139481288833
1.10084887557348,0.832413359495908,0.123320506204944,0.723246369544751
1.10172027697222,0.834278396097853,0.124126972258547,0.725104436616854
1.10304438095565,0.835263003679013,0.124404255960713,0.726074001423174
1.10448333119717,0.83602259663588,0.124538798327148,0.72681625719273
1.10560501235746,0.837405684029022,0.124971477401605,0.728184550960048
1.10671359459789,0.838811436586029,0.125403505321857,0.729575183671274
1.10782263609835,0.840214726180942,0.125832066866436,0.730963322417864
1.10892959769349,0.841621785010049,0.126256287253635,0.732355046297892
1.11003926624229,0.843023418098038,0.126672375557407,0.733741151264624
1.11114748535587,0.844428202387853,0.127084660602245,0.735130252805811
1.11225933796435,0.845826565282837,0.127487514173205,0.73651269645012
1.11337021238208,0.847227680498593,0.127887149847817,0.737897765204426
1.11521682984978,0.846695527865916,0.130093431323035,0.737466524679497
1.11698234828935,0.846229984307418,0.13221565206573,0.73709657471258
1.11780334755921,0.847737664667348,0.133053229924633,0.738601318367505
1.11852081630365,0.849337918830587,0.133725086640843,0.74018256563597
1.12107036317952,0.846433630649666,0.137791307773783,0.737488718524147
1.12400030914706,0.842457801024619,0.142876324803653,0.73378285388557
1.1246624168566,0.843465785195466,0.143682426954326,0.734778656228044
1.12513667664526,0.844645245081389,0.144141351272265,0.735924157875197
1.127096534907,0.842221448742738,0.148005678038626,0.733679517652912
1.12942653224166,0.838817287042708,0.152927459798719,0.73051790459745
1.13071988980558,0.837565680079025,0.155687301387112,0.729375188713512
1.13175480963279,0.836677579164213,0.157922309098902,0.728567496480123
1.1327017931908,0.835861555301101,0.159999684082215,0.727823390455694
1.13356999438441,0.835109697203205,0.1619301667566,0.727135908856064
1.13380331356164,0.835700309367731,0.162265554463686,0.727693654044752
1.13398632995933,0.836338619018854,0.162492497950823,0.728292484037047
1.13521261606074,0.834558562357314,0.165613607082193,0.726650716519064
1.1366527375774,0.832241007526725,0.169407646772587,0.724516160591618
1.1373018593224,0.831581521534017,0.171077015779145,0.723914962529231
1.13786263912949,0.83100836221768,0.172539155437836,0.72339252710638
1.13837503010361,0.8304803497376,0.173905755934902,0.722911993777812
1.13884972905743,0.829980592290028,0.175187815894579,0.722457328359009
1.13893785741407,0.830290566295523,0.175380891160094,0.722747176833314
1.13900023257155,0.83062559558986,0.175510091975593,0.723059686236537
1.13949091739994,0.829996624677543,0.17688528792141,0.722486488010705
1.14008319497279,0.829119470440252,0.178570355124725,0.72168625783358
1.14064415044117,0.828267621937484,0.180185064488406,0.720910196730983
1.14117064162032,0.827442392695513,0.181720166403805,0.720159348183504
1.14145354190885,0.827099559547486,0.182555459723896,0.719850382431261
1.14170220870667,0.826791462023463,0.183302146746506,0.719573211488819
1.14192146859873,0.82652081979132,0.183967507103767,0.719330165819299
1.14212360818574,0.826263301537342,0.184589966807152,0.719099148969454
1.14213270437587,0.826400082013479,0.184701410525523,0.719231188950361
1.1421313980932,0.826543437430101,0.184786209407112,0.719369135745062
1.14240730260458,0.82608159769227,0.185587995284188,0.718948658143532
1.14278013366066,0.825397993576972,0.186643593781,0.718323892236412
1.14290705311565,0.825218843210953,0.187051543528361,0.718163630938083
1.1430181359949,0.82505482702256,0.187418485978133,0.718017207010541
1.14311426264127,0.8249116079184,0.187738892412332,0.717889469661785
1.14320402638021,0.824772500087758,0.188042898855432,0.717765472754664
1.14328369927925,0.824647775627816,0.188312662904719,0.717654256453103
1.14335981504208,0.824525467535459,0.188573160094782,0.717545239285324
1.14335549076362,0.824568102563234,0.188704621485813,0.717592422028551
1.1433502076878,0.824612402896661,0.188834282197174,0.717641167702548
1.14347178316159,0.824396116393925,0.189130472602183,0.717441179555008
1.14362871410996,0.824109197047449,0.189475167808554,0.717173845746149
1.14369261205949,0.82401836157973,0.189684024028296,0.717092796588444
1.14375809106635,0.823927730136946,0.189897828408585,0.717012004518775
1.14378274568845,0.823923149378265,0.190122281367675,0.717016772762037
1.14381116076378,0.823916791713528,0.190357099428586,0.71701997604237
1.1438908938229,0.823816488779253,0.190562639507442,0.716927938133774
1.14398564176338,0.823691442307921,0.190766452132764,0.716810942162522
1.14408156880793,0.823565834339676,0.190973403947317,0.716693440689345
1.14417821785729,0.823439935666481,0.191182308550152,0.716575679237832
1.14424877823537,0.823367882984451,0.191388399955596,0.716511007927577
1.14432025922971,0.82329591993607,0.19159771785356,0.716446472421659
1.14437851521354,0.823249074431744,0.191922327798015,0.716413244543823
1.14444059190515,0.823200337630785,0.192257532181223,0.716378359607028
1.1445261545764,0.823120400518678,0.192413727902588,0.716301658637308
1.14462407081575,0.823023380470409,0.192466983530242,0.71620183395367
1.14470144467568,0.822957795755293,0.192667701739162,0.716141918559366
1.14477548855039,0.822895618322841,0.192873850644442,0.716085892518834
1.14484814989643,0.822837964272484,0.193073590912948,0.716033870698636
1.1449216879066,0.822780114060774,0.19327545606529,0.715981659889497
1.14499609545774,0.822721906710732,0.19347955681952,0.715929118484805
1.14507136896246,0.822663348364254,0.193685881960868,0.715876252036071
1.14514984348427,0.822593942007211,0.194063176120888,0.715822427714714
1.14523178214649,0.822522597369503,0.194454867854193,0.715767167634839
1.14531124322143,0.822475851834797,0.19454233412308,0.715718002484506
1.14538927712383,0.822437521305348,0.194528378107515,0.715671123609917
1.14546714017276,0.822384739999777,0.194733700679183,0.715623142624167
1.14554202889146,0.82233354502797,0.194934022512588,0.715576749234424
1.14561653483914,0.822284008029242,0.195131103088205,0.715531747454166
1.14569143654698,0.822234410669706,0.195329142204939,0.71548667941214
1.14576593574486,0.822186430432481,0.195523242520644,0.715442927867341
1.14584070786064,0.822138461916649,0.195717951029118,0.71539917364379
1.1459151125257,0.822091747417733,0.195911366614278,0.715356544117106
1.14598971342959,0.822045065530955,0.196105259705782,0.715313934518533
1.14606405694159,0.821999310673196,0.196299159288014,0.715272205779135
1.1461385832413,0.821953588462579,0.196493494829867,0.715230496539053
1.14621270588036,0.821909213266691,0.196683755370032,0.715189845334187
1.146286994506,0.821864790169148,0.196875011429078,0.71514917294759
1.14637568120327,0.821785518969343,0.19728143544147,0.715086537899497
1.14646737802531,0.821704989699651,0.197695623984992,0.715022786741997
1.14653958533135,0.821682852303605,0.197754502443902,0.714995395772419
1.14660525914187,0.821678272819413,0.197707022274268,0.714979036376519
1.14668120413054,0.821638385042749,0.197881358935877,0.714941293523887
1.14675457487339,0.821597523733269,0.198064848220201,0.714903536180293
1.14682753848638,0.821556813967983,0.198252127998341,0.714866181410451
1.14690040487256,0.821516275092851,0.198439169526179,0.714828973501273
1.14697325987426,0.821475864660306,0.198626150778603,0.714791871251185
1.14704610537132,0.82143558213244,0.198813073281915,0.714754874217956
1.14713469478475,0.821358564430315,0.19920818736633,0.714693721400467
1.14722667069517,0.821279061806381,0.199618279206024,0.71463067701782
1.14729531082869,0.821264315023798,0.199664054417529,0.714609641811188
1.14735690735369,0.821267323548107,0.19961016519711,0.714600208902566
1.14743112410671,0.821230681348454,0.199783612596288,0.714565532695567
1.14750267941207,0.821193361209,0.199962624381651,0.71453093761261
1.14757428584619,0.821155254408954,0.200148211644421,0.714495980046446
1.14764581559227,0.821117291866688,0.200333667958673,0.714461148336971
1.14771686833678,0.82108061991062,0.200512521620889,0.714427180978594
1.14778782175392,0.821044199329847,0.200690590913254,0.714393403098786
1.14785822986266,0.82100885937737,0.20086341858072,0.714360384741064
1.14792837295719,0.820973822702903,0.201035195881199,0.714327612699275
1.1479982115905,0.820939047489017,0.201206148104796,0.71429506766818
1.14806773960473,0.820904535396418,0.201376259548092,0.714262751249568
1.14813726205774,0.820869516157788,0.201553036957576,0.71423034618335
1.14820663279679,0.820834571332871,0.201730035568633,0.714198035267426
1.14829353736486,0.820760176654273,0.202118259830049,0.714139187302013
1.14838318890815,0.820684753834607,0.202513521930174,0.714079417279878
1.14845224326527,0.820665357238241,0.202607397580513,0.714056534978904
1.14850307956127,0.82068915717754,0.202468369047811,0.714062392661701
1.1485757722855,0.820653612722201,0.202652944530991,0.714029418824898
1.14864400062838,0.820620028349115,0.202827533054028,0.713998335981275
1.14872930643707,0.820548433751294,0.203207466026702,0.713941835491032
1.1488173224904,0.82047584209571,0.203594339936988,0.713884436611072
1.14887996079035,0.820469092998301,0.203624569298789,0.71387028536781
1.14893518362442,0.820479687883223,0.203560863798394,0.713867618818157
1.14900578792588,0.820446308937941,0.203737379940414,0.713836419777858
1.14907296466309,0.820414318491534,0.203906798260769,0.713806600279995
1.14913997565424,0.820382508999319,0.204075761130947,0.713776934870445
1.14920687474512,0.820350813714447,0.204244625210602,0.713747375042391
1.14929105207615,0.820281207036257,0.204617198968215,0.713692456731442
1.14937786254583,0.820210664274408,0.204996494107086,0.71363669097065
1.14943926222717,0.820204864589809,0.205027747168358,0.71362350231265
1.14949223101935,0.820218380332414,0.204955053052837,0.713623123235159
1.1495788550685,0.820148886146448,0.205330303213971,0.713568090333217
1.14966466215649,0.820079838301406,0.205704469602888,0.71351355868746
1.14972521082283,0.820074609683239,0.205735519053171,0.71350093977356
1.14977803813873,0.820086997268409,0.205671750532615,0.71349998252455
1.14984632412511,0.820056451436641,0.205840494290427,0.713471162272916
1.14991135937349,0.820026907786681,0.206003840648931,0.713443448821639
1.14999339325783,0.819960612199461,0.206364316006151,0.71339120751605
1.1500780342128,0.81989330158452,0.206732038690549,0.713338076040797
1.15013793005055,0.819887926056078,0.206767704769864,0.713325588559458
1.15018981834241,0.819900706637652,0.206705856124047,0.713325107022152
1.15025671613734,0.81987225255706,0.20686630550751,0.713297864880804
1.15032080696726,0.819843813494508,0.207026494369293,0.713271068928395
1.15038461819291,0.819815591210919,0.207185937644169,0.71324446142271
1.15044827005744,0.819787532910151,0.207344940981248,0.713217992842078
1.15051159765515,0.819759988108095,0.207501775615855,0.713191905035304
1.15057473258511,0.819732633537554,0.207658017998137,0.713165976676406
1.15065462604756,0.819669620582366,0.208005802378402,0.713116330537832
1.15073715983865,0.819605346859176,0.208362228912615,0.713065644282461
1.15080295209793,0.819584942513219,0.208484688369347,0.713043553003077
1.15086536417102,0.819574641148795,0.20855353936856,0.713027965507792
1.15092537712523,0.81956542511348,0.208616206789376,0.713013374528895
1.15098219661829,0.819557620010003,0.208670682989688,0.713000087780747
1.15104567055749,0.819530571631951,0.208829229922839,0.712974461631727
1.15110751632148,0.819504216524489,0.208984021393985,0.712949501593358
1.15116918161286,0.819478091069073,0.209137823850489,0.712924710821405
1.15123070641824,0.819452113776933,0.209291232299541,0.712900044635377
1.15129227458704,0.819425893449094,0.209446344743391,0.712875244099997
1.15135373383887,0.819399807542225,0.209601146129311,0.71285055606169
1.15141471156622,0.819374690509394,0.209750788815486,0.712826507227178
1.15147552066587,0.819349762622212,0.209899777203691,0.712802609604357
1.15153621545954,0.819324777122506,0.210049718431882,0.712778727697349
1.15159670237252,0.819299960764293,0.210199109375746,0.712754992113898
1.15165713987855,0.819275023163839,0.210349655774315,0.712731216257396
1.15171741745249,0.819250237561334,0.210499753835097,0.71270756945829
1.15179409771915,0.81919164063176,0.210829822402848,0.71266142331669
1.15187330040809,0.819131967351283,0.211167692656509,0.712614366464945
1.15192712683537,0.819132303394619,0.211187462527331,0.712606619518623
1.15197408404355,0.819147304909075,0.211129206526498,0.712608559311665
1.15203682728127,0.819121396517108,0.211288966919056,0.712584020703479
1.15209639391636,0.81909683070208,0.211440643878475,0.712560744949226
1.15215518369086,0.819073932584466,0.211583107340255,0.712538541041131
1.15221377015441,0.819051296594823,0.211724448352734,0.712516531257502
1.15227244538849,0.819028079114029,0.211869677190937,0.712494208483284
1.15233089284383,0.819005027964817,0.212014318001609,0.712472030877541
1.15238918334471,0.818982119624643,0.212158522160962,0.712449974233669
1.15244731852188,0.818959351406473,0.212302301191757,0.712428036659147
1.15250550003495,0.818936315597307,0.212447889430872,0.712405951582554
1.15256356361477,0.818913407014601,0.21259313850783,0.712383973003812
1.15262117549195,0.818891360006329,0.212733837771847,0.712362564201924
1.15267862740007,0.818869474762162,0.212873973365909,0.712341286376234
1.15275251233836,0.81881432594523,0.213189117454899,0.712297841068423
1.1528287078499,0.818758355981507,0.213510786638539,0.712253667856727
1.15289060513812,0.818738688531018,0.213644347428793,0.71223318914288
1.1529463359906,0.818734511327619,0.213697539633078,0.712222807007019
1.15300004184175,0.818731149767812,0.213745554907257,0.712213185943388
1.15305054195506,0.818729035398469,0.213785428867401,0.712204742707177
1.15310835759644,0.818707178314537,0.213929111075423,0.712183591776479
1.15316453760475,0.818685951968007,0.214068891233159,0.71216305187614
1.15322053411564,0.818664978951511,0.214207418494273,0.712142686706757
1.15327640912364,0.818644127110421,0.214345598263506,0.712122422201753
1.15334812914886,0.818591753158839,0.214648951243107,0.712081145014442
1.15342223482409,0.818538375519036,0.21495984188772,0.712039019995872
1.15347293519595,0.818538594121499,0.214991819126323,0.712032051339177
1.15351498525752,0.81855675243977,0.21492981029022,0.712036942322728
1.1535728485117,0.818535921155094,0.215071403270756,0.712016510783509
1.15362778887393,0.818515784601469,0.215207709931394,0.711996897779767
1.1536983701106,0.818464730593932,0.215504613753896,0.711956618050041
1.15377137914844,0.818412541926794,0.215809741882456,0.711915405345308
1.15382358750112,0.818408335243212,0.215867464265027,0.711905700785044
1.15386371891404,0.818429229829503,0.215794650983469,0.711912610888352
1.15392009793056,0.818411003897286,0.215924658469652,0.711894021884215
1.15397434064189,0.818391486185399,0.216059491871567,0.711874956028765
1.1540279138316,0.818372893261401,0.216189313285871,0.71185652246507
1.1540812958847,0.818354487783719,0.216318346578106,0.71183823444679
1.15413537268233,0.818334434029908,0.21645659043567,0.71181890599459
1.15418939627987,0.818314441221547,0.216594818088348,0.711799633610084
1.15424264448041,0.818296172433351,0.216723663697753,0.711781456855779
1.15429567313185,0.81827831223203,0.216850507466521,0.711763553838563
1.1543485306419,0.818260483115155,0.21697780098394,0.71174573065453
1.1544011469136,0.818242791475255,0.217104571695014,0.71172803479965
1.15445352733198,0.81822524724347,0.217230712902314,0.711710467521682
1.15450567323261,0.818207849169343,0.21735622825997,0.71169302772584
1.15455798942864,0.818189816916414,0.217485527906485,0.711675217709332
1.15461014325667,0.818171906486807,0.217614384909095,0.711657511875698
1.1546620335025,0.818154425866301,0.217741030453967,0.711640093773863
1.15471382966297,0.81813700213797,0.217867588749433,0.711622731151865
1.15478112595157,0.818089631133476,0.218148248885404,0.711585340014088
1.15485047945104,0.818041744153949,0.218434013880502,0.711547437328875
1.15489640014468,0.818045577947367,0.218456527842896,0.711543630973955
1.15493520122346,0.818063677002747,0.218405814500397,0.711549299471441
1.15500424603714,0.818016701939248,0.21868737370434,0.711511991790982
1.15507275076115,0.81796976134365,0.218968932377531,0.711474832499899
1.15511884770386,0.817972254673139,0.218999806564907,0.711470270420786
1.15515889042171,0.817987105972656,0.218967590469382,0.711473901865225
1.15521074093441,0.817972936602277,0.219081848740594,0.711458599081004
1.15526135090483,0.817956699626167,0.219204667117169,0.711442217998951
1.15531157153825,0.817940648480135,0.21932648475771,0.711426005865192
1.1553616247762,0.817924712349652,0.219447853919846,0.711409892060757
1.15541144340865,0.817909019502198,0.219568148155962,0.711393964453493
1.15546108287399,0.817893450307814,0.219687936736366,0.711378141793528
1.15551066435426,0.817877761587369,0.219808575711139,0.711362270046352
1.15556008538583,0.817862181046245,0.219928796172414,0.711346491743472
1.15562471604475,0.817817693723922,0.220195188690536,0.711311277822958
1.15569132849349,0.81777271951765,0.220466574091741,0.711275578949226
1.15573538996276,0.817776746457834,0.220493279053268,0.711272355609209
1.15577134670297,0.817796758263241,0.220439332527679,0.7112798045118
