gt_x,gt_y,K=1_pred_x,K=1_pred_y,K=5_pred_x,K=5_pred_y,K=10_pred_x,K=10_pred_y,baseline_pred_x,baseline_pred_y
11.5316959761622,20.0419251499854,11.5316959761622,20.0419251499854,11.5316959761622,20.0419251499854,11.5316959761622,20.0419251499854,11.5316959761622,20.0419251499854
11.5267618788095,20.0295778174317,11.5272947591501,20.0309114171763,11.5270283189798,20.030244617304,11.5272947591501,20.0309114171763,11.5272947591501,20.0309114171763
11.5221353824007,20.0180003614634,11.5228464715332,20.019779893524,11.5224909269669,20.0188901274937,11.5228464715332,20.019779893524,11.5228464715332,20.019779893524
11.5176585381721,20.0067974612685,11.5183628847835,20.0085600363004,11.5180107114778,20.0076787487845,11.5183628847835,20.0085600363004,11.5183628847835,20.0085600363004
11.5129187689993,19.9949365461484,11.513861497335,19.9972956340927,11.5133901331671,19.9961160901205,11.513861497335,19.9972956340927,11.513861497335,19.9972956340927
11.5079157602359,19.9824168286463,11.5093392444599,19.985979017638,11.5086275023479,19.9841979231421,11.5093392444599,19.985979017638,11.5093392444599,19.985979017638
11.5029127514725,19.9698971111442,11.5047785322314,19.9745661593843,11.503845641852,19.9722316352642,11.5047785322314,19.9745661593843,11.5047785322314,19.9745661593843
11.4979097427092,19.957377393642,11.500170558446,19.963035032443,11.4990401505776,19.9602062130425,11.500170558446,19.963035032443,11.500170558446,19.963035032443
11.4929249434702,19.9449032787572,11.4955153231387,19.9513856369017,11.4942201333045,19.9481444578294,11.4955153231387,19.9513856369017,11.4955153231387,19.9513856369017
11.48794736407,19.9324472447146,11.4908183145439,19.9396317066771,11.4893828393069,19.9360394756958,11.4908183145439,19.9396317066771,11.4908183145439,19.9396317066771
11.4831324419266,19.9203983041679,11.4860871968916,19.9277924209598,11.4846098194091,19.9240953625638,11.4860871968916,19.9277924209598,11.4860871968916,19.9277924209598
11.4783855304092,19.9085195784893,11.4813322014644,19.9158897919403,11.4798549003205,19.9122062709761,11.4813309640792,19.9158902863393,11.4813329651522,19.9158894868821
11.4733736590904,19.8959777204055,11.4765630239456,19.903948003923,11.4749554134309,19.8999680350607,11.4765592847028,19.9039494977899,11.4765645795208,19.9039473826402
11.4680945965543,19.8827671452048,11.471775449441,19.891956479827,11.4699076611103,19.8873727682194,11.4717679336117,19.8919594821725,11.4717777200286,19.8919555731027
11.4631224882381,19.8703248284597,11.4669552864201,19.8798796491159,11.4649908133581,19.8751215024352,11.4669426994967,19.8798846766955,11.4669583231164,19.8798784366468
11.4582743166561,19.8581927059972,11.4621054700744,19.8677248520754,11.4601138981901,19.8629892578513,11.4620865158342,19.8677324221755,11.4621095282402,19.8677232320853
11.453290620699,19.8457213810676,11.4572401087128,19.8555274695563,11.4551540029485,19.8506691304895,11.4572135170083,19.8555380889039,11.4572457056354,19.8555252358906
11.4481706888986,19.8329090729447,11.4523616036358,19.8432935067951,11.4501122918368,19.8381631112769,11.4523261029421,19.8433076825176,11.4523694241558,19.8432903866655
11.4430507570982,19.8200967648218,11.447466638595,19.8310145968875,11.4450555702958,19.8256373747879,11.4474209338192,19.831032845364,11.4474774243598,19.8310102950834
11.4379308252978,19.8072844566989,11.4425535570381,19.8186865431735,11.4399831700871,19.813089763771,11.4424963353683,19.8187093876975,11.4425680756115,19.8186807543933
11.4328617550883,19.7945994599289,11.4376223695954,19.8063093416136,11.4349205550428,19.8005839266942,11.4375523076047,19.8063373095568,11.4376414140089,19.8063017506571
11.4278130410525,19.7819654165789,11.4326756537504,19.7938894364588,11.4298538641044,19.7880848706725,11.4325914259865,19.7939230558427,11.4327000531859,19.7938797139914
11.4228171082363,19.7694635088472,11.4277170129885,19.7814358532595,11.4248013750593,19.7756375971511,11.4276172967311,19.7814756508579,11.4277476657123,19.78142364274
11.4178425650667,19.7570151492183,11.4227472696651,19.7689506298388,11.4197481476218,19.7632036944198,11.4226307352233,19.7689971350449,11.4227851345879,19.768935550916
11.4128401405091,19.7444969580897,11.4177661319523,19.7564330046458,11.4146697107077,19.7507209679598,11.4176314388003,19.7564867510116,11.4178122071479,19.7564146617279
11.4078085916106,19.7319058223714,11.4127750820451,19.7438866796683,11.4095664852903,19.7381895914209,11.4126208871537,19.7439482015813,11.4128304096526,19.7438646600014
11.4027770427122,19.7193146866532,11.4077773173112,19.7313196749118,11.4044550291539,19.7256498861674,11.4076022840828,19.7313895040334,11.4078430146264,19.7312935362754
11.3977454938138,19.706723550935,11.4027744736608,19.7187360869546,11.3993366241986,19.7131037105725,11.4025772664165,19.7188147544167,11.4028517415079,19.7187053543921
11.3927132418997,19.6941306889298,11.3977665568917,19.7061359136645,11.3942113444647,19.7005500265069,11.3975458341602,19.7062239527443,11.3978566595708,19.7061000874871
11.3876806998902,19.6815371145819,11.392753607773,19.6935192441299,11.3890797464614,19.6879892496344,11.3925080235681,19.6936171897398,11.3928578523054,19.6934778081789
11.382643029631,19.6689307612759,11.3877356811669,19.680886205215,11.383939669846,19.6754153148146,11.3874638858526,19.6809945935585,11.387855406228,19.6808386312716
11.3776033286671,19.6563193477073,11.3827105163562,19.6682310940864,11.3787915482915,19.6628292242099,11.3824111445377,19.6683504674813,11.3828470566539,19.6681768559776
11.3725965295266,19.6437901824242,11.3776749360683,19.6555458975489,11.3736509919586,19.650270737834,11.3773466008184,19.6556768067257,11.3778295794969,19.6554844880736
11.3676222739094,19.6313423697446,11.3726324660981,19.6428394844139,11.3685194644317,19.6377438949033,11.3722737962081,19.6429824736774,11.3728064934072,19.6427703996559
11.362587356594,19.618742877535,11.3675919040611,19.6301340202048,11.3633552571775,19.6251430581412,11.367201580019,19.6302896131113,11.3677867301209,19.6300567037745
11.3575281838348,19.6060827366063,11.3625513782365,19.617424777245,11.3581761851016,19.6125111494652,11.3621280653634,19.6175935032253,11.3627685478587,19.6173386220015
11.3524577975751,19.5933944777424,11.3575021480099,19.6046897069598,11.3529843247049,19.5998534390925,11.3570444509575,19.6048721194317,11.3577431752704,19.6045941184255
11.3473733737793,19.5806710196535,11.3524405128637,19.5919194673572,11.34777584334,19.5871619549506,11.3519470080557,19.5921161308097,11.3527067906086,19.5918138993585
11.3422889499835,19.5679475615647,11.3473637618551,19.5791072034601,11.3425555877461,19.5744512134864,11.3468330011655,19.579318691984,11.3476565649623,19.5789911567543
11.3371034809585,19.554971258672,11.3422703923578,19.5662491027887,11.3372714758836,19.5615932284954,11.3417009095815,19.5664759974971,11.3425909123765,19.5661221113511
11.3319206988475,19.5420017087736,11.3371625750484,19.5533506247843,11.3319759603842,19.5487207431492,11.3365529133948,19.5535935028722,11.3375119805826,19.5532122320205
11.3267473211213,19.5290557088489,11.332043436881,19.5404196498479,11.3266738481765,19.5358461497793,11.33139215861,19.5406790807623,11.3324229404586,19.5402693822957
11.3215722317591,19.5161054278131,11.3269143403497,19.5274596022205,11.3213603739609,19.5229572019205,11.3262200127295,19.5277361532448,11.3273252225419,19.5272969600942
11.3163951133475,19.5031500717572,11.3217760436599,19.5144723778666,11.3160359732015,19.5100543629361,11.3210372334192,19.5147666163251,11.3222196494501,19.5142968365296
11.3112179949358,19.4901947157013,11.3166293250807,19.5014599243289,11.3107022976187,19.4971410419039,11.3158445988811,19.5017724173979,11.3171070560471,19.501270937409
11.3060378334397,19.4772317057407,11.3114746093527,19.4884232970693,11.3053582707663,19.4842138432457,11.3106425312364,19.4887546127918,11.3119879185222,19.4882202985149
11.3008105519664,19.4641507958415,11.3063135656603,19.4753667026083,11.2999829918759,19.4712196209904,11.3054327097842,19.4757174048335,11.3068639629581,19.4751491046027
11.2955498649968,19.4509863065168,11.3011443637385,19.4622854933015,11.2945825317552,19.4581731574902,11.3002132809094,19.4626561549829,11.3017333974988,19.4620526935102
11.2902747137175,19.4377856231046,11.2959607827896,19.4491639088171,11.2891628696335,19.4450904267558,11.2949779571189,19.4495551292352,11.2965899673874,19.4489153186763
11.2849914303949,19.4245645908551,11.2907610866656,19.4359975369349,11.2837257465846,19.4319773856682,11.2897249788797,19.4364099244844,11.2914318599073,19.435732598337
11.2796979733977,19.4113180985547,11.2855468201749,19.4227902716629,11.2782705056091,19.4188336053821,11.2844559006763,19.4232244307171,11.2862605838415,19.4225084410915
11.2743956502444,19.398049418324,11.2803191493939,19.4095450494525,11.2727981626064,19.4056622897688,11.2791718948792,19.4100015817074,11.2810773204547,19.4092457779404
11.2690872800044,19.384765602745,11.2750792153432,19.3962647434292,11.2673106575712,19.392468423685,11.2738741085872,19.3967442479886,11.275883250754,19.3959474668871
11.2637714833104,19.3714631993779,11.269827980564,19.3829517734934,11.2618078656752,19.3792514593269,11.2685635081453,19.3834548477702,11.2706793897574,19.3826159078655
11.2584526007781,19.3581530770619,11.264566404132,19.3696085510686,11.2562926040661,19.3660179687988,11.2632410564999,19.3701357907574,11.2654667513117,19.3692534914798
11.2531316666253,19.3448378228002,11.2592955001925,19.3562376282608,11.2507661236741,19.3527704274848,11.2579077726585,19.3567896269438,11.2602464074347,19.3558627478531
11.2478083543434,19.331516616425,11.2540160787106,19.3428410405084,11.2452289172723,19.3395093376223,11.252564469475,19.3434183904386,11.2550192267052,19.3424456901946
11.2424834458027,19.3181914148443,11.2487289214539,19.3294207535593,11.239682030599,19.3262365490036,11.2472119319066,19.3300240455411,11.2497860472783,19.3290042629363
11.2371573527969,19.3048632497941,11.243434794069,19.3159786942917,11.2341263254404,19.3129534248989,11.2418509292972,19.3166085174805,11.244547691178,19.3155403716902
11.231830628616,19.2915335055773,11.2381343924085,19.3025166143797,11.2285626986261,19.2996614170698,11.2364821610079,19.3031735563575,11.2393049085795,19.3020557477078
11.226501798438,19.2781984951998,11.2328283120057,19.2890360125396,11.2229909678745,19.2863593211294,11.2311062254195,19.289720659578,11.2340583466829,19.2885518703581
11.2211719692409,19.2648609867205,11.2275169483888,19.2755378809907,11.2174121112241,19.2730489197737,11.225723518839,19.2762508188718,11.2288084501178,19.2750297135465
11.2158462027932,19.2515336385174,11.222200579523,19.2620229144708,11.2118289889777,19.2597368076196,11.2203343188761,19.2627647289376,11.2235555389485,19.2614899564512
11.2105265650542,19.2382216172191,11.2168798090219,19.2484926369941,11.2062431255659,19.2464262485134,11.2149392337443,19.2492639117867,11.2183002560133,19.2479341086875
11.2052024016689,19.2248982793201,11.2115559236135,19.2349503119373,11.20065009138,19.2331054431012,11.2095395650926,19.2357516247028,11.2130439349805,19.2343654163044
11.1998763040768,19.2115701048427,11.2062295017422,19.2213974021035,11.1950517259512,19.2197782522318,11.2041358965776,19.222229328245,11.2077872109297,19.2207853210483
11.1945518695901,19.1982460915651,11.2009002659948,19.207833193819,11.1894498684252,19.2064487393112,11.1987279440089,19.2086963112476,11.2025298529789,19.2071930921135
11.1892282566863,19.1849241339429,11.195568383212,19.1942581049223,11.1838443244791,19.1931159981612,11.1933158742807,19.1951529913511,11.1972720570717,19.1935891369989
11.1839076856503,19.1716097874961,11.1902342264823,19.1806730790142,11.1782365181756,19.1797832230583,11.1879000638613,19.1816003106405,11.1920142214039,19.179974390544
11.1785887860919,19.1582996233185,11.1848982379694,19.1670792364532,11.1726261161935,19.1664492029295,11.1824809596405,19.1680393874261,11.1867568160732,19.1663499632836
11.1732698865334,19.1449894591408,11.1795609113573,19.1534778298759,11.1670126754704,19.1531124094907,11.1770590611854,19.1544714718387,11.1815003654808,19.1527170969888
11.167950986975,19.1316792949632,11.1742224227213,19.1398693032213,11.1613964149631,19.1397730073186,11.171634545657,19.1408970072117,11.1762450788878,19.1390762237963
11.1626344861771,19.1183751335401,11.1688827735412,19.1262536560848,11.1557786353445,19.12643395331,11.1662074130578,19.1273159935507,11.1709909836657,19.1254273343284
11.1573190674327,19.1050736798912,11.1635421899033,19.1126314611159,11.1501588832906,19.1130938460589,11.1607778917889,19.1137290024137,11.1657383256662,19.1117709946538
11.1519259894931,19.0915779398609,11.1582009990879,19.0990035495092,11.1444980472622,19.099654562406,11.1553463132796,19.1001368631787,11.1604874515091,19.0981080295776
11.1465022793948,19.0780055648455,11.152855692966,19.0853609663554,11.1388176165158,19.0861705654437,11.1499091085902,19.0865306448279,11.1552348617397,19.0844294816519
11.1412939840968,19.0649721790882,11.147501239431,19.0716908636036,11.1332373640832,19.072943561783,11.1444611573719,19.0728975340521,11.1499754544593,19.0707225302417
11.1363729918499,19.052657654143,11.1421444344519,19.0580105805039,11.1277966490636,19.0600721596299,11.1390093703719,19.0592548245053,11.1447158989941,19.0570045645914
11.1311014187137,19.0394659447139,11.1368044381273,19.0443690717806,11.1221880000146,19.0467820036883,11.1335732554448,19.0456513332073,11.1394755390285,19.0433244714475
11.1256951044654,19.0259371010701,11.1314784329265,19.0307591344008,11.1165194241213,19.0333388489593,11.1281499424231,19.0320798777676,11.1342520795234,19.0296748488271
11.1204621562662,19.0128420419639,11.1261473602907,19.0171320664887,11.1109349421416,19.0201039987129,11.1227200244408,19.0184918938836,11.1290266389242,19.0160069270439
11.1155959046607,19.0006645057139,11.1208114681393,19.003488507629,11.1055306241908,19.0073199615064,11.1172837559817,19.0048880183824,11.1237991124953,19.0023214818248
11.110520540784,18.9879637305563,11.1154880113882,18.9898725708991,11.1000280914434,18.994288040355,11.1118587141734,18.9913122367772,11.1185865631622,18.9886627024407
11.1052745448849,18.9748360014351,11.1101838787015,18.9763018963773,11.0944516093439,18.981064506958,11.1064519262535,18.9777821342305,11.1133962627968,18.9750480848312
11.1000285489858,18.9617082723139,11.1048903245722,18.9627541173054,11.0888828241714,18.9678513307103,11.1010544804061,18.9642754095564,11.108219845182,18.9614551184965
11.0947825530867,18.9485805431927,11.0996034147138,18.9492191854392,11.0833198608489,18.9546434423144,11.0956623722483,18.9507820420712,11.1030533552139,18.9478737644446
11.0895646469055,18.9355231085243,11.0943231443642,18.9356971027941,11.077776563607,18.9414760791915,11.0902756017755,18.9373020317634,11.0978966342393,18.9343040849047
11.0843582105906,18.9224943771691,11.0890496938563,18.9221883398672,11.0722444494413,18.9283287988309,11.0848943559026,18.9238358463743,11.092749744745,18.9207465967667
11.0791643691802,18.9094971632341,11.0837833187017,18.908693558606,11.0667240047326,18.9152034306228,11.0795188978693,18.9103841446423,11.0876128633304,18.9072019934913
11.0739756156521,18.8965126811884,11.0785238406952,18.8952123095738,11.0612112279438,18.9020904277564,11.0741490482111,18.8969464774706,11.0824857681422,18.893669843651
11.0687951154293,18.8835488526975,11.0732709055606,18.881743692352,11.0557074023861,18.8889933549741,11.0687844478116,18.8835219461958,11.0773680719583,18.8801492607063
11.0636178125983,18.8705930255475,11.0680241119864,18.8682866858032,11.0502096796058,18.8759054284785,11.063424689478,18.8701095318467,11.0722593362763,18.8666392389522
11.0584489282741,18.8576582642936,11.0627830449208,18.8548402325242,11.0447203135121,18.8628327174742,11.0580693516273,18.856708179442,11.0671591030011,18.8531387385797
11.0532836442888,18.8447325122819,11.0575474770842,18.841403755101,11.0392366258189,18.8497689735049,11.052718203935,18.8433173126109,11.0620671006908,18.8396472001727
11.0481226773895,18.8318175636966,11.0523172492635,18.8279768507818,11.0337587641142,18.8367149501211,11.0473710856379,18.8299365290549,11.056983136496,18.8261642349677
11.0429634129988,18.8189068756071,11.0470921037211,18.8145588634178,11.0282851776919,18.8236670980831,11.0420277350849,18.8165651740111,11.051906923877,18.8126891989274
11.0378073451293,18.8060041867303,11.0418717475222,18.8011490463508,11.0228163540943,18.810626962915,11.0366878545888,18.8032025025378,11.0468381412806,18.7992213573927
11.0326525133305,18.7931045910891,11.0366559207277,18.7877467366868,11.0173510701666,18.7975918096278,11.0313511798699,18.7898478532941,11.041776500562,18.785760059286
11.0273799123814,18.7799103338721,11.0314443777858,18.7743513080264,11.0118295880548,18.7844124967977,11.0260174612051,18.7765006013659,11.0367217267752,18.7723046904396
11.0220596019131,18.766596706157,11.0262322084168,18.7609501456655,11.0062839081733,18.7711706079179,11.020681675349,18.7631481764381,11.0316689254338,18.7588426303907
11.0169820466522,18.7538904801484,11.0210126120172,18.7475257689634,11.0008546861149,18.7582212952416,11.0153368619391,18.7497731606987,11.0266112363018,18.7453564205058
11.0121408095771,18.741775549671,11.0157910687538,18.7340922544262,10.9955409632522,18.7455637615122,11.0099886263149,18.736389581111,11.0215538365521,18.7318602531001
11.0070751255555,18.7290990144605,11.0105822443971,18.7206873350821,10.9901207705768,18.7326399692818,11.0046519908119,18.7230350300025,11.0165112425187,18.718391921384
11.001911425675,18.7161772267702,11.0053876022762,18.7073147859553,10.9846593284853,18.7196094260342,10.9993284577707,18.7097132668733,11.0114852776575,18.7049550670599
10.9967504575983,18.7032622754726,11.0001988581571,18.6939532866515,10.9792033083416,18.7065873122079,10.9940095393132,18.6964030514122,11.0064680019494,18.6915282404189
10.9915905766256,18.6903500446742,10.9950133755939,18.6805960619138,10.9737505126061,18.6935682041039,10.9886925375794,18.6830976324157,11.0014567447633,18.6781046796572
10.9863285474166,18.6771822421002,10.9898309915248,18.6672426988252,10.9682489519422,18.6804228763008,10.9833772877744,18.6697965974964,10.9964512145164,18.6646840210533
10.9810260387192,18.6639131610795,10.9846473216942,18.6538819066156,10.9627265207695,18.6672231515593,10.9780592952809,18.6564886991943,10.9914469921216,18.6512549868511
10.9758602507586,18.6509861615427,10.979456312086,18.6404980832239,10.9572675608579,18.654183439196,10.9727323498519,18.6431583968073,10.9864379554742,18.6378019997777
10.9708313346674,18.6384016216305,10.9742609400841,18.627098887396,10.9518729084159,18.641308079919,10.9673995006401,18.6298133206232,10.9814268052308,18.6243328233993
10.9658024185761,18.6258170817183,10.9690705894599,18.6137085108831,10.9464791982067,18.6284377868808,10.9620703763485,18.6164775657873,10.9764227176209,18.6108717302063
10.9607735024848,18.6132325418061,10.9638899501988,18.6003390580511,10.9410897089736,18.6155782101163,10.9567497939823,18.6031631865128,10.9714305054478,18.5974307812145
10.9556476319907,18.6004054086583,10.9587190208506,18.5869905296077,10.9356569052659,18.602607640759,10.9514377535342,18.5898701827814,10.9664504064859,18.5840098894313
10.9504831258797,18.5874816038894,10.9535551851826,18.5736561803642,10.9302091810145,18.5895954260183,10.9461315702603,18.5765918362119,10.9614799939812,18.5706022398205
10.9453875378366,18.5747302614883,10.9483947852625,18.5603265768422,10.9247984560154,18.5766714236896,10.9408274895711,18.5633187512113,10.9565156808448,18.5571983727488
10.9403198168144,18.5620486542462,10.9432413570786,18.5470108588192,10.9194061602834,18.5637887632819,10.9355291479677,18.5500600278652,10.9515608464192,18.5438074883744
10.9351133767238,18.5490199582134,10.9381013257912,18.5337256383365,10.9139529759614,18.5507470149523,10.930243154809,18.5368322056244,10.9466218480466,18.530446227207
10.929850435053,18.5358498896548,10.9329680634586,18.5204538001261,10.9084767522078,18.537640447207,10.924962699312,18.5236182409884,10.9416923467315,18.5170973662652
10.92489081712,18.523438795951,10.9278296406465,18.5071645258717,10.9031502277514,18.5249043367714,10.9196755184798,18.5103874466792,10.9367605643083,18.50373002841
10.9202591355019,18.5118482625462,10.9226941365878,18.4938786938564,10.897989345163,18.5125801022453,10.9143899196112,18.4971606111213,10.931834049247,18.4903652918385
10.9153584742173,18.4995846864183,10.9175855193103,18.4806583297206,10.8927096867706,18.4999510913842,10.909130577775,18.4839994819212,10.9269363909499,18.477065331629
10.9103480607646,18.48704648768,10.9125058278541,18.4675087452958,10.8873942234024,18.4872181567321,10.9038996042601,18.4709093424291,10.9220703695018,18.4638351891088
10.9053493398193,18.4745375483323,10.9074404134433,18.4543920456686,10.8820971575567,18.4745139271625,10.898681922884,18.4578524655698,10.9172220759466,18.4506366936693
10.9003554448565,18.4620406855482,10.9023846111836,18.4412961914763,10.8768124782242,18.4618238977929,10.8934727423861,18.444816861554,10.9123867313485,18.4374578478878
10.8952273661136,18.4492080825175,10.8973378357582,18.4282196852279,10.8714696573838,18.4489737317303,10.8882714660871,18.4318010372343,10.9075634256604,18.4242972749482
10.8900445907387,18.4362386234476,10.892293875129,18.4151464478066,10.866103986817,18.4360554088463,10.8830716974856,18.4187889858206,10.9027458294004,18.4111389375997
10.8852357189481,18.4242047592552,10.887244229523,18.4020544602601,10.8609235348512,18.4235949917115,10.8778646780953,18.4057587898231,10.8979253289188,18.3979608560333
10.8808087211726,18.4131264338364,10.8822015438044,18.3889764647595,10.8559381928504,18.4116190171244,10.8726634324046,18.3927430420984,10.8931138323034,18.3847960489367
10.8760832330915,18.4013012180537,10.8771962971292,18.3759915534097,10.8508258486617,18.39931463301,10.8674994137032,18.3798204522692,10.8883413843382,18.3717237822067
10.8712473021366,18.3891996491812,10.8722296596847,18.3631028149757,10.8456843448515,18.3869172663887,10.8623738475919,18.366994087314,10.8836103280865,18.3587467188768
10.8664113711816,18.3770980803087,10.867282149134,18.3502597265016,10.8405603970751,18.3745392902097,10.8572666403567,18.3542136641418,10.8789022607491,18.3458139355665
10.8615754402267,18.3649965114362,10.8623484895781,18.3374486485339,10.8354510760976,18.3621740157387,10.8521723651693,18.3414656025,10.8742116784679,18.3329118755306
10.8567574007052,18.3529397145285,10.8574286734782,18.3246695841021,10.8303644124317,18.3498442291307,10.847091022019,18.3287499023621,10.8695380801035,18.3200407234245
10.8519465583152,18.3409009279006,10.8525217553382,18.3119200899048,10.8252936306061,18.3375357409146,10.8420216386744,18.3160641307882,10.8648802019545,18.3071981528458
10.8469775363218,18.3284663515178,10.8476264120984,18.2991967386634,10.8201545303181,18.325040302617,10.8369628518129,18.3034048761602,10.8602365018398,18.294380816871
10.8419402068734,18.3158608593514,10.8427357494746,18.2864816297987,10.8149873367694,18.312461933963,10.8319075432035,18.2907543256107,10.8556000842785,18.2815708127126
10.8371065088202,18.303764890177,10.8378404438983,18.2737505386848,10.8099214242902,18.3001295530457,10.8268460807043,18.2780883753895,10.8509616236404,18.2687439120525
10.8324737583474,18.2921717285986,10.8329441542821,18.2610129484844,10.8049559221918,18.2880451196104,10.8217822361175,18.2654164641634,10.8463242380731,18.2559097969205
10.8278410078745,18.2805785670203,10.8280597157216,18.2483022244356,10.7999969259117,18.275973858312,10.8167292750584,18.2527717881917,10.8417001703927,18.243102055356
10.8232082574016,18.268985405442,10.823193492089,18.2356349428117,10.795048698203,18.2639236072717,10.8116937863251,18.2401708354739,10.837095813584,18.2303372578818
10.8183244699303,18.2567641109494,10.8183454755227,18.223011106751,10.7899869794624,18.251579771249,10.8066757699034,18.2276136059743,10.8325114898474,18.2176152895831
10.8133339221967,18.2442756859737,10.8135067676662,18.2104075746047,10.7848797907169,18.2391111367208,10.8016660253783,18.2150770763078,10.8279387737349,18.2049128337718
10.8086090594994,18.2324520498088,10.8086646899344,18.1977913615304,10.7799058280013,18.2269676622619,10.7966514396231,18.2025284318073,10.8233652974647,18.1921967862765
10.8041627462351,18.2213253913472,10.8038229766466,18.1851721820485,10.7750722768669,18.215170769834,10.7916358746147,18.1899773367951,10.8187942359841,18.1794770663385
10.7994561889883,18.2095475486412,10.7989970076916,18.1725901034338,10.7701178436319,18.2030662500109,10.7866352561859,18.1774636445363,10.8142402413621,18.1667940141979
10.7946476720628,18.197514581741,10.7941880327408,18.1600484031246,10.7651232081227,18.1908533911333,10.7816508858802,18.164990612051,10.8097048012657,18.1541508235462
10.7898430642189,18.1854913964486,10.7893868460108,18.1475230969829,10.7601369386926,18.1786525502095,10.7766732305357,18.1525343832786,10.8051792346463,18.141523316479
10.7850401015362,18.1734723278063,10.7845907110516,18.1350070661179,10.7551562387882,18.166457458808,10.7716994599793,18.1400878759125,10.8006607904187,18.1289043782937
10.7801301632848,18.1611856037598,10.7797994246456,18.1224997874057,10.7501261961219,18.1541321789745,10.7667293659057,18.1276505686835,10.796149110819,18.1162935419456
10.775176793047,18.1487902118554,10.775008795208,18.1099903255248,10.7450756852477,18.1417510686968,10.7617586024955,18.1152115864872,10.7916400624619,18.1036798489942
10.7703635869818,18.136745521989,10.7702130169133,18.0974635221779,10.7400924313031,18.1295367173873,10.7567811462839,18.1027558560307,10.7871279321984,18.0910481043788
10.765690034813,18.1250502574085,10.7654147140317,18.084926212174,10.7351766892442,18.117492239313,10.7517997140018,18.0902901757406,10.7826150305772,18.0784052577202
10.7610164826442,18.1133549928281,10.7606224599768,18.0724007832845,10.7302630568466,18.1054540635499,10.7468232015773,18.0778368070445,10.7781095031676,18.0657738567466
10.7563429304754,18.1016597282476,10.7558405281617,18.0598984111404,10.7253543973778,18.093427478182,10.7418560488574,18.0654068603441,10.7736155840635,18.0531650950231
10.7514797598021,18.0894900265574,10.7510689149597,18.0474190972643,10.7203567080991,18.0811749290304,10.7368982558348,18.0530003356208,10.7691334502866,18.040578910368
10.746543040565,18.0771363018568,10.7463015171762,18.0349468940324,10.7153251628902,18.0688335664246,10.7319434860485,18.0406013763319,10.7646573572152,18.0279992233329
10.7418836181816,18.0654764309503,10.7415298674645,18.0224596668744,10.7104302108683,18.0568315640363,10.7269829452818,18.0281879755742,10.760179139452,18.0154037857171
10.7375836919282,18.0547160933435,10.7367622644961,18.0099791183448,10.7057168867237,18.0452827071465,10.7220252555494,18.0157817093276,10.7557064970532,18.0028145204631
10.7328689374935,18.0429177786784,10.7320231673533,17.9975693049888,10.70081216236,18.033249493258,10.7170958607761,18.0034462492053,10.7512629720001,17.990295830661
10.7279874542855,18.0307022776951,10.7273090180976,17.9852209402949,10.6958402870973,18.0210368520338,10.7121910706107,17.9911723603656,10.7468458134322,17.9778381413085
10.723338498229,18.0190685899062,10.7225954752176,17.9728703065522,10.6909885097,18.0091124989924,10.7072855740465,17.9788967038134,10.7424319566778,17.965377262171
10.7189239484511,18.0080214171321,10.71788537642,17.960524851094,10.6862583474342,17.9974828611338,10.7023823284076,17.9666266800417,10.7380236271324,17.9529208609341
10.7143324690726,17.9965315492735,10.7131984283104,17.9482362132437,10.6814546541909,17.9856588898901,10.6975018438859,17.9544136143483,10.7336394293053,17.9405209854424
10.7096707781228,17.9848660052287,10.7085357242269,17.9360072953134,10.6766325467732,17.973775049804,10.6926452712926,17.9422603865564,10.7292807974351,17.9281804193558
10.7048930186245,17.972910048296,10.7038849849682,17.9238059357692,10.6717632235532,17.9617577801721,10.6877998358155,17.9301350286064,10.7249362234847,17.9158667185487
10.7000681944823,17.9608363318213,10.6992375387225,17.9116094241242,10.66687590095,17.9496824427316,10.6829565165256,17.9180149662646,10.720597222339,17.9035570994656
10.6954775123241,17.9493484929245,10.6945861089647,17.8993986796001,10.6621057259672,17.9378920600769,10.6781077354893,17.9058812362903,10.7162565102088,17.891232477815
10.6911241057569,17.9384543726178,10.689937998987,17.8871928341267,10.6574568126741,17.9264005747904,10.6732610918102,17.8937528549007,10.7119206279404,17.8789122621092
10.6867706991897,17.927560252311,10.6853121066248,17.8750415036195,10.6528207834699,17.9149356126499,10.6684362871803,17.8816791241797,10.7076075091732,17.8666464266407
10.6824172926225,17.9166661320042,10.6807179233653,17.8629696686738,10.6482044817258,17.9035088126154,10.6636432379097,17.8696848589888,10.7033267165955,17.854459936839
10.677809034149,17.9051343268415,10.6761554314508,17.8509773361275,10.6434828206156,17.8918003825639,10.6588819439738,17.8577700592663,10.6990788840635,17.8423525716777
10.6730884861202,17.893321553214,10.6716116574552,17.8390304642203,10.6387215558599,17.8799712724675,10.6541388868517,17.8459008958743,10.6948519603899,17.8302899539374
10.6687189067988,17.8823869908791,10.6670679183061,17.8270800096528,10.6341414814153,17.8685771588188,10.6493945916876,17.8340286343703,10.6906279049514,17.8182227966302
10.6647421108176,17.8724352704833,10.6625307772739,17.8151432064055,10.6297650779388,17.8576796721613,10.6446559016763,17.8221703993629,10.6864122043939,17.806168718925
10.6604614916559,17.8617233072153,10.6580262136509,17.8032883768822,10.6252577327105,17.8464411603439,10.6399499408371,17.8103940667827,10.6822293058989,17.7941966081404
10.6560530043003,17.8506913852041,10.6535564925046,17.7915215419796,10.6207104288419,17.8350840289393,10.6352790962113,17.7987056100312,10.6780820295541,17.7823122945435
10.6514894012668,17.8392713379655,10.6491053614878,17.779799980409,10.6161022357307,17.8235525110621,10.6306264063267,17.7870625842294,10.6739553261355,17.7704726200598
10.6468626984968,17.82769340469,10.6446612223921,17.7680932132303,10.6114723743149,17.8119468895612,10.6259797698123,17.7754347065563,10.6698378996068,17.7586469882011
10.6425358825383,17.8168658518798,10.6402145433266,17.7563761601225,10.6069952694167,17.800709679579,10.6213292303366,17.7637970619997,10.6657202171604,17.7468103087887
10.6385152774143,17.8068045035831,10.6357718238085,17.7446658922127,10.6026755430158,17.7898580437969,10.6166815661978,17.7521666127698,10.661607846023,17.7349799861023
10.634230595045,17.7960823740138,10.6313517322994,17.7330115837144,10.5982375371105,17.7787030207477,10.6120562956333,17.7405922018678,10.6575182322507,17.7232056421835
10.6298421285299,17.7851005529296,10.6269554124886,17.721416284006,10.5937631075275,17.7674462316499,10.6074546271159,17.7290768534119,10.6534528027817,17.7114902298375
10.6254595171196,17.7741333833688,10.6225713349972,17.7098496275937,10.5893018538575,17.7562094516495,10.602864507698,17.7175904057564,10.6494008922522,17.699803070342
10.6210793306732,17.7631722819171,10.618195888454,17.6983021191641,10.5848499435243,17.7449837678349,10.5982821675739,17.706123425231,10.6453589485868,17.6881346439361
10.6165759674577,17.751902979718,10.6138285703974,17.6867724441143,10.5803436608926,17.7336116527779,10.5937070844551,17.6946746048455,10.6413262932055,17.6764836970073
10.6120225268146,17.7405083787245,10.6094646493461,17.6752481217757,10.5758162919906,17.7221786714983,10.5891343053284,17.6832315500365,10.6372983426319,17.664837692264
10.6076896592772,17.7296656843723,10.6050976806737,17.6637121377029,10.5713987209961,17.7110153980626,10.5845570786876,17.6717773656398,10.6332688918901,17.6531795247136
10.6035815489914,17.7193853660155,10.600732018917,17.6521759681239,10.5670943285705,17.7001331543415,10.5799799593387,17.6603234497332,10.6292418072514,17.6415208455242
10.5992999512874,17.7086709504711,10.5963801973503,17.6406727194037,10.562710473408,17.689050174228,10.575416083219,17.6489026740665,10.6252287892443,17.6298950651829
10.5949189723731,17.6977078649979,10.5920439260139,17.6292069315127,10.5582859246452,17.6778611045063,10.5708672505132,17.6375195434742,10.6212316378704,17.6183066950663
10.5905369980889,17.6867422896079,10.5877159555755,17.6177594611481,10.5538667624399,17.6666792631747,10.5663258651858,17.6261550494172,10.6172436933364,17.6067363794157
10.5861545394277,17.6757755025489,10.5833933437874,17.606322546499,10.5494516964249,17.655501438353,10.5617888469452,17.6148014836845,10.6132621519801,17.5951763051171
10.581815622164,17.6649176739285,10.5790756435709,17.5948950129572,10.5450621799216,17.6443822597651,10.5572557293643,17.6034576790755,10.6092864998841,17.5836253203789
10.577501025627,17.6541207057433,10.5747653427505,17.5834834468898,10.5406896536392,17.6333010476159,10.5527291250039,17.5921301733379,10.6053189903495,17.5720900960046
10.5731864290899,17.643323737558,10.5704665430018,17.5720987142836,10.5363241949514,17.6222327327047,10.5482133436699,17.5808297514547,10.6013634579588,17.5605815956983
10.5688718325529,17.6325267693728,10.5661807089726,17.5607447114248,10.5319669804548,17.6111790910414,10.5437099299233,17.5695602785802,10.5974213470278,17.5491037250051
10.5646280857094,17.621907097842,10.561907833282,17.5494214412167,10.5276538991894,17.6002285915824,10.5392188837551,17.5583217546919,10.5934927194255,17.5376564633222
10.5604137109676,17.6113609280459,10.5576497695546,17.5381338395296,10.5233656062678,17.5893316251764,10.5347421616139,17.547119075663,10.5895793486562,17.5262447768659
10.5560466081489,17.6004326064891,10.5534091413967,17.5268888878638,10.5190129080524,17.5782636470902,10.5302825310337,17.5359591670511,10.5856837452706,17.5148756898577
10.5516176229078,17.5893494445309,10.5491787025389,17.5156674066764,10.514637712711,17.5671286836824,10.5258323838049,17.5248229898519,10.5817991976689,17.5035298296921
10.5474878200955,17.5790149096411,10.544947194566,17.5044395685213,10.5104140345308,17.5563639002544,10.5213798893071,17.513680938779,10.5779150972315,17.492177130755
10.5437557749145,17.5696756609064,10.5407208138611,17.49322179216,10.5063933134143,17.5461012021033,10.5169315596089,17.5025493098214,10.5740369220766,17.4808342670151
10.5395847876485,17.559238079523,10.5365215248638,17.4820723719286,10.5021687875818,17.5353226954887,10.5125105110789,17.4914859500481,10.5701851396396,17.4695600765059
10.5352134707958,17.5482992280789,10.5323468477592,17.4709847678998,10.4978599798381,17.5243230835145,10.5081141482333,17.4804843644461,10.5663578468498,17.4583478188417
10.5310866148955,17.5379720698054,10.528174928242,17.4599009964142,10.4936785346361,17.5136297911283,10.5037194769002,17.4694870117338,10.5625348057888,17.4471389268425
10.527316437544,17.5285373969383,10.5240068786342,17.4488240235915,10.4896801421059,17.5033850739469,10.4993276725481,17.4584968334377,10.5587167082119,17.4359365121323
10.5232896029247,17.518460511055,10.5198622657615,17.4378058284199,10.485567921456,17.4928475733847,10.4949593448516,17.4475654038039,10.554921578605,17.4247931090627
10.5191549907006,17.5081139418648,10.5157443653885,17.4268551603573,10.4814190665283,17.4822075060837,10.4906179605986,17.4367013982227,10.5511527697141,17.4137174459203
10.514901560593,17.4974700775348,10.5116413597735,17.4159406449761,10.4772228695448,17.4714351088181,10.4862910788037,17.4258736840126,10.5473994781006,17.4026777854569
10.5106004253321,17.486706849774,10.5075443229764,17.4050385841827,10.4730099309584,17.4606076904925,10.4819693024373,17.4150587457743,10.5436532637623,17.3916502509097
10.5065306717131,17.4765225802589,10.5034456517026,17.3941287660679,10.4689145806792,17.4500648439963,10.4776446180932,17.4042365305283,10.5399068081984,17.3806145221972
10.50272869089,17.4670083261645,10.4993501633963,17.3832239780082,10.464956115972,17.4398589871617,10.4733220964277,17.3934197272322,10.5361642700051,17.3695836185639
10.4985957098104,17.4566658561011,10.4952729224488,17.3723643072202,10.46084257511,17.4292610891756,10.4690176286292,17.382648102455,10.532439521611,17.3585980556394
10.4943295040718,17.445990036477,10.491211319528,17.3615428301188,10.4566722104201,17.4185148699688,10.4647284690463,17.3719147853995,10.5287303286767,17.3476507786849
10.4901883589672,17.4356271346136,10.4871503733212,17.3507196714675,10.4525666638534,17.4079235306295,10.4604388108757,17.3611802206638,10.5250228789382,17.3367014926934
10.486210363568,17.4256724542576,10.4830894117631,17.3398930440893,10.4485438311277,17.3975341360932,10.4561479455443,17.350442635094,10.5213163619107,17.3257484565534
10.4822323681689,17.4157177739016,10.4790367902339,17.3290852030429,10.4445258277236,17.3871538866816,10.4518646942528,17.339724103118,10.5176183600033,17.3148142006922
10.4782543727697,17.4057630935456,10.4749972314823,17.3183087491288,10.4405152349593,17.3767890005073,10.4475940504885,17.3290371205829,10.5139332818263,17.3039114399089
10.4740973977889,17.3953605904047,10.4709707285313,17.3075636850736,10.4364231015523,17.3662153647349,10.4433360142426,17.3183816874666,10.5102612185187,17.2930401438209
10.4698670442901,17.3847744877048,10.4669514232171,17.2968344045664,10.4322995676026,17.3555571880174,10.4390843997225,17.3077423242627,10.5065968044478,17.2821845302994
10.465800536233,17.3745983377089,10.4629310623334,17.2860989004336,10.4282586747708,17.3451004098156,10.434830485076,17.2970972051559,10.5029323640385,17.2713223837755
10.4619030353632,17.3648450554636,10.4589118854296,17.2753631418268,10.4243033727202,17.3348547534597,10.4305766360569,17.2864522502771,10.4992698055106,17.2604597892016
10.4578477811227,17.3546970542572,10.4549033060226,17.2646522589775,10.4202748020969,17.324424060298,10.4263328107233,17.275832378959,10.4956177445092,17.2496221616607
10.4537279130723,17.3443873810953,10.4509060952783,17.2539683260905,10.416220313951,17.3139257433179,10.422099830197,17.2652396460005,10.4919769792603,17.2388115675942
10.4495454375319,17.3339210739825,10.4469146089715,17.2432962783603,10.4121383674956,17.3033546856453,10.4178717247078,17.2546591124759,10.4883423621076,17.2280127656307
10.4453377347745,17.3233916523976,10.4429245731623,17.2326247038477,10.4080453034676,17.2927520206455,10.4136439722257,17.2440794623264,10.4847099143284,17.2172142374224
10.4412732690576,17.3132206108602,10.4389322960311,17.2219437322728,10.4040229089519,17.2823237838823,10.4094126622206,17.2334909097285,10.4810761573194,17.2064060349596
10.4373417201796,17.3033821281555,10.4349406623103,17.2112610655882,10.4000668896631,17.2720611304878,10.4051808465772,17.2229010918067,10.4774436491778,17.1955959752069
10.4332736845926,17.293202143323,10.4309572674334,17.2005970221064,10.3960463027867,17.2616372035191,10.4009565745553,17.2123301512615,10.4738193604439,17.1848045995161
10.4291507885484,17.2828848926497,10.4269825988681,17.1899529174177,10.3920026229776,17.2511546232757,10.3967403667302,17.2017793907959,10.4702038181325,17.1740332110902
10.4249769886485,17.2724402954568,10.4230122191863,17.1793168839715,10.3879359111965,17.2406123034682,10.3925275214648,17.1912370448967,10.4665929866133,17.1632698000125
10.4207833048313,17.2619459545334,10.4190426290516,17.1686795588512,10.383859819009,17.2300444045582,10.3883143295926,17.180693831639,10.4629836248475,17.1525049108261
10.4166353651319,17.2515660576758,10.4150707340964,17.158032652411,10.3798051705537,17.2195290402929,10.3840975076221,17.1701415343179,10.4593728335791,17.1417301833262
10.4125861888421,17.2414332502071,10.4110964165362,17.1473758388203,10.3757978828914,17.2091325688649,10.379876926947,17.1595798311058,10.4557604378564,17.130945310906
10.4085370125522,17.2313004427383,10.4071220417945,17.1367154475665,10.3717894228159,17.1987347346255,10.3756550949229,17.1490149964819,10.4521485702566,17.1201567054024
10.4044878362624,17.2211676352695,10.4031492249263,17.1260558051598,10.3677805415881,17.1883377217807,10.3714337251967,17.1384513187254,10.4485387171465,17.1093687393925
10.4003307822136,17.2107649315932,10.3991779661105,17.1153969116673,10.3637173870676,17.1778065500142,10.367212817768,17.1278887978357,10.444930898371,17.0985814065085
10.3961282857524,17.2002485368756,10.3952066230737,17.1047343607058,10.3596303987473,17.167217102715,10.3629906275961,17.1173230669724,10.441323618137,17.0877902486543
10.3919198544141,17.1897172518415,10.3912328632492,17.0940618891369,10.355538036606,17.1566156961722,10.3587646745611,17.1067479198114,10.4377147290009,17.0769889368943
10.3877049351037,17.1791696888023,10.3872554985686,17.0833763002022,10.3514391635452,17.1460001375308,10.3545336930888,17.0961601893433,10.4341031170584,17.066174247816
10.3834900157932,17.1686221257631,10.383273488227,17.072674788447,10.3473361926648,17.1353772789878,10.3502965727512,17.0855570968014,10.4304878059053,17.0553433528634
10.3792750964827,17.1580745627239,10.3792862910895,17.0619558878558,10.343228556453,17.1247464986381,10.3460527336175,17.0749371909495,10.4268682812087,17.044494776373
10.3750439056723,17.1474863380442,10.3752939112748,17.051219597045,10.3391078832465,17.114087554311,10.3418021756923,17.0643004717991,10.4232445360006,17.0336285209175
10.370805922355,17.1368811392396,10.3712970802289,17.040467870915,10.3349791375523,17.1034133204263,10.3375456734664,17.053648877459,10.4196172374124,17.0227465643775
10.3666576544074,17.1265004115017,10.3672968322264,17.0297034813068,10.3308910652443,17.0928459156132,10.3332843247383,17.0429851550913,10.4159873402615,17.0118517071324
10.3626243655469,17.1164073655563,10.3632982291981,17.0189400433993,10.3268590573005,17.0824236680055,10.3290235196587,17.0323227931654,10.4123595013942,17.0009577084671
10.3585910766864,17.1063143196108,10.3593121166237,17.0082067622209,10.3228318644192,17.07201703314,10.3247748187209,17.0216907209943,10.4087437528488,16.9900940635554
10.3545577878259,17.0962212736653,10.3553445784639,16.9975200455815,10.3188139394085,17.0616336858369,10.3205447155709,17.0111051884654,10.4051458803409,16.9792772902382
10.3505260641358,17.0861321656782,10.3513956049652,16.9868798972006,10.3148075837258,17.0512750259357,10.3163332101958,17.0005661955468,10.4015660829563,16.9685073227384
10.3464950341913,17.0760448031506,10.3474635337449,16.9762818752904,10.3108126937946,17.0409373019922,10.3121385426435,16.990069338083,10.3980029600434,16.9577796292493
10.3424841447614,17.0660078410612,10.3435459712038,16.9657195671594,10.3068384050047,17.030641410092,10.3079581728878,16.9796082598392,10.3944543462337,16.9470877169157
10.3384812210478,17.0559908127021,10.3396414585233,16.9551890717443,10.302878035446,17.0203701191876,10.3037905553756,16.9691790931787,10.3909188598224,16.9364276564658
10.33449441694,17.0460141221859,10.3357489872598,16.9446876928852,10.2989350243069,17.0101323361468,10.2996346218821,16.9587791649445,10.387395505927,16.9257967455073
10.3305142270269,17.0360539830885,10.3318677560373,16.9342132868649,10.2950039690325,16.9999151913299,10.295489523109,16.948406349828,10.3838834760019,16.9151928413638
10.3265451022814,17.026121533799,10.3279970382979,16.9237639078183,10.2910864495477,16.9897233881169,10.2913544882494,16.9380587189402,10.3803820366196,16.904613999247
10.3225804264849,17.0162002176936,10.32413613695,16.9133376870501,10.2871785261133,16.9795478206667,10.2872287771484,16.9277344200955,10.376890488094,16.8940583501614
10.3186240260697,17.0062996100026,10.3202843712136,16.9029327982008,10.2832814953441,16.9693924671491,10.283111666485,16.9174316432349,10.3734081531429,16.8835240654424
10.3146710269981,16.996407513875,10.3164411555534,16.8925476701028,10.2793923660417,16.9592505413508,10.2790025340155,16.9071488312376,10.3699344476408,16.8730095724775
10.310723525764,16.9865291756941,10.3126059393314,16.8821808247806,10.2755116731456,16.9491240162387,10.274900794423,16.8968845193894,10.366468826186,16.862513390632
10.3067782813053,16.9766564849329,10.3087782145583,16.8718308983852,10.2716373279221,16.9390082343071,10.2708059076006,16.8866373561116,10.3630107885419,16.8520341526358
10.302748643375,16.9665726392996,10.3049574910884,16.8614965744278,10.267725567736,16.9287942075784,10.266717352222,16.8764060368219,10.3595598551742,16.841570537659
10.2986838398463,16.9564008083364,10.3011403418668,16.8511685945122,10.263799011242,16.9185389955113,10.2626314648255,16.8661813939676,10.3561128684551,16.8311131919214
10.2947241010557,16.9464918566457,10.2973221170537,16.8408343840147,10.2599249102011,16.9084119406858,10.2585432703744,16.8559509778734,10.3526655324151,16.8206494152821
10.2908723695276,16.9368531466282,10.2935045218543,16.8304985451984,10.2561049983445,16.8984192416247,10.2544545900865,16.8457193460071,10.3492193162482,16.8101838913452
10.2870206379996,16.9272144366108,10.2896937794065,16.8201779152725,10.2522882123699,16.8884342587959,10.2503720849711,16.8355031670711,10.3457798622322,16.7997336609103
10.2831689064715,16.9175757265933,10.2858930388018,16.8098810311669,10.2484764548732,16.8784611405767,10.2462991315228,16.8253108905032,10.3423500943873,16.7893073411397
10.2792559934127,16.9077839347881,10.2821022943428,16.7996078950965,10.2446396384061,16.8684231620636,10.2422357297353,16.8151425162877,10.3389300726072,16.7789049126109
10.275318262181,16.8979300456437,10.2783194696704,16.7893529002252,10.2407952673319,16.8583628803844,10.238179660896,16.804992492254,10.3355179379821,16.7685206928707
10.2713151037962,16.8879124626286,10.2745416503432,16.7791081637262,10.236921625021,16.8482255397759,10.2341278062799,16.7948530140143,10.3321110261523,16.7581467111574
10.2672848071341,16.877826981662,10.2707657235021,16.7688652547562,10.2330360227851,16.8380549240884,10.2300768308893,16.7847157359742,10.3287064586124,16.7477744535659
10.2633250707592,16.8679180402143,10.2669884774777,16.758615463021,10.2291851838134,16.8279690867961,10.2260232897467,16.7745720373219,10.3253012534539,16.7373951281557
10.2594600620903,16.8582461043727,10.2632109338184,16.7483615484335,10.225381165389,16.8179998367744,10.2219682748586,16.7644246507262,10.3218962714177,16.7270115498804
10.2555950534214,16.848574168531,10.2594376833452,16.7381159609244,10.2215786882782,16.808034973022,10.2179167101791,16.7542858980323,10.3184956599953,16.7166363234012
10.2517300447525,16.8389022326894,10.2556713531634,16.7278858371299,10.2177792538649,16.7980779953323,10.213871417658,16.744162840969,10.3151018388831,16.7062766586313
10.2477589658739,16.8289649171807,10.2519119397346,16.7176711784703,10.2139301693515,16.7879960891025,10.2098323972911,16.7340554795261,10.3117148474018,16.6959325429335
10.2437440833694,16.8189180083026,10.2481562314168,16.707463272744,10.2100611562924,16.7778627206251,10.2057962034404,16.7239551912389,10.3083317856852,16.6855951555602
10.2400193010258,16.8095970041234,10.2443996946093,16.6972498082447,10.2063367260305,16.7680895463483,10.2017579675326,16.713849792849,10.3049485135906,16.6752520469463
10.2365874898871,16.8010090887276,10.2406530954245,16.6870600466113,10.2027636415141,16.758694809469,10.1977292595566,16.7037682374313,10.3015747664009,16.6649328377955
10.2329636649013,16.791940707385,10.2369407041269,16.6769600445857,10.1991127790781,16.7491043122778,10.1937361939435,16.6937758744939,10.298232896015,16.654704260554
10.2292348223969,16.7826095463402,10.2332650428393,16.6669567396603,10.1954313739228,16.7394294685034,10.1897815098426,16.6838795585634,10.2949257885271,16.6445731384347
10.2255286663598,16.7733351569173,10.2296111623404,16.6570095145365,10.1917777139288,16.7298090582496,10.1858491465096,16.6740390987683,10.2916400774359,16.6344983067741
10.2218321539134,16.7640849000437,10.2259725520656,16.6471007086452,10.1881422695228,16.7202178510649,10.1819321192894,16.6642370165058,10.2883696711898,16.6244619547521
10.2181356414669,16.75483464317,10.2223474733473,16.6372256164894,10.1845186825109,16.7106416761942,10.1780285666448,16.6544686534111,10.2851127216882,16.614459409039
10.2144391290205,16.7455843862964,10.2187354072649,16.6273828346645,10.1809058843269,16.7010801284552,10.1741379333004,16.644732619947,10.2818685432053,16.6044893197011
10.2107060358827,16.7362425893608,10.2151363516087,16.6175723640774,10.1772849372674,16.691487674074,10.170260219248,16.635028916093,10.2786369907501,16.5945517343059
10.2069589775127,16.7268658456222,10.2115459343465,16.6077823033948,10.1736643980114,16.6818868637183,10.1663907195344,16.6253457680381,10.2754140049498,16.584634640638
10.2031405727077,16.7173105937736,10.2079581189612,16.5979962060514,10.1700117664211,16.6721979767766,10.1625229330254,16.6156669071561,10.2721940040352,16.5747214315429
10.1992925554205,16.7076812517731,10.204370336625,16.5882070574767,10.1663456270085,16.6624700702477,10.1586540876591,16.6059853965591,10.2689745319451,16.5648050505817
10.1955700379425,16.6983659137952,10.2007813125484,16.5784113616001,10.1627419781376,16.6528957698397,10.1547828025199,16.5962977806036,10.2657543371485,16.5548819917286
10.1919763952135,16.689373024034,10.1971921457936,16.5686120967339,10.1592023669273,16.643481031451,10.150910255604,16.5866070071414,10.2625343494325,16.544955290916
10.1882411807289,16.6800259024011,10.1936058148667,16.5588173805788,10.1555927269215,16.6338916919201,10.1470396555516,16.5769211055669,10.2593172383028,16.5350331726918
10.1844498422357,16.6705383508317,10.1900226312369,16.5490280634208,10.1519559263173,16.62423508137,10.1431713383467,16.5672409166562,10.2561032969621,16.5251164939936
10.1806531321078,16.6610451585287,10.1864409254962,16.5392395884923,10.1483165483796,16.6145763010085,10.1393035031172,16.5575619338544,10.2528910266662,16.5152006391648
10.1768541620684,16.6515495931011,10.1828602399159,16.5294507060457,10.1446758729715,16.6049163763764,10.1354356559374,16.547882921148,10.2496800084273,16.5052843449656
10.1730442972509,16.6420502679411,10.1792805975021,16.5196614784193,10.1410295199244,16.5952546716046,10.1315678214218,16.5382039401329,10.2464702558586,16.495367676887
10.1692301326529,16.6325494589488,10.1757017243976,16.5098720200491,10.1373805789844,16.5855924053999,10.1276997289534,16.5285251133167,10.2432614867631,16.485450740426
10.1653865314422,16.6229595094791,10.1721229907326,16.5000825518744,10.1337161008718,16.5758858799371,10.1238307552558,16.5188466803694,10.2400530607483,16.4755337336046
10.1615310367077,16.6133335438278,10.1685429665967,16.4902907610032,10.13004407655,16.5661605215939,10.1199594021191,16.5091663722044,10.236843628265,16.4656142938818
10.157728821246,16.6039261403438,10.1649596254169,16.4804934107895,10.1263959463305,16.5565420448083,10.1160835466556,16.4994810147176,10.2336312705999,16.4556891156238
10.1539817691836,16.5947450280883,10.1613730594326,16.4706938273367,10.1227725316238,16.5470360321936,10.1122033793324,16.4897939308968,10.2304159493891,16.4457615277537
10.1501386553544,16.5853133004332,10.1577854155764,16.4609003940566,10.119099272928,16.5374082266082,10.1083212976377,16.4801134368202,10.2271995135406,16.4358399822953
10.1462582887123,16.5757843839702,10.1541959523134,16.4511143113173,10.1154053460315,16.5277358870674,10.1044365979435,16.4704407551764,10.2239811981788,16.4259256437833
10.1423610921706,16.5662647407127,10.1506021382971,16.4413313228049,10.111699816079,16.5180700709502,10.1005466230709,16.4607717087442,10.2207586353761,16.4160141629455
10.1384568593901,16.5567489743939,10.1470024314007,16.431550584742,10.1079867914551,16.5084076609134,10.0966498071709,16.4511055020096,10.2175303087265,16.4061046405635
10.1345269283761,16.5472450953092,10.1433956364085,16.4217725931229,10.104256266913,16.4987529340161,10.0927449713055,16.4414426687251,10.2142949980959,16.3961975292114
10.1305864262778,16.5377461060921,10.1397807624529,16.4119977351893,10.1005152402814,16.4891026084401,10.0888311375531,16.4317836280535,10.2110516945775,16.3862931794789
10.1266472273201,16.5281826769989,10.1361567710278,16.4022264035436,10.0967690690947,16.4794222357138,10.0849072805672,16.4221288063392,10.207799342583,16.376391945087
10.12270857664,16.5185921357647,10.1325212634356,16.3924567413014,10.0930160876866,16.4697295805931,10.080970946352,16.4124764237979,10.2045356074824,16.3664918820078
10.1187482290294,16.509220401794,10.1288717141045,16.3826857832304,10.0892437709784,16.4601461701621,10.0770195192064,16.402823597504,10.2012580635818,16.3565899358392
10.1147615461325,16.5001142515641,10.1252076302735,16.3729166117359,10.0854493908802,16.4506969929971,10.0730526017574,16.3931734271448,10.1979660958772,16.3466891696748
10.110687786662,16.4907752929395,10.1215307871939,16.3631575343053,10.0816034430689,16.4411370163146,10.0690722273769,16.3835341643556,10.1946611818121,16.3367979457693
10.106568925032,16.4813157489391,10.1178405056399,16.3534104686934,10.0777267107654,16.4315232621484,10.0650777794465,16.3739077500843,10.1913425907767,16.326918147212
10.102450063402,16.4718562049386,10.114133854992,16.3436715813312,10.0738403892108,16.42191406736,10.0610662115501,16.3642904474951,10.1880075406625,16.3170458310291
10.0983312017721,16.4623966609382,10.1104092042084,16.3339398306904,10.0699436610897,16.4123089146457,10.0570358630371,16.3546812703785,10.1846544344884,16.3071798960517
10.0941471033866,16.4529744329601,10.1066652637436,16.3242157517195,10.0660031995412,16.4027267563875,10.0529854637086,16.3450807981341,10.1812819569361,16.2973208293009
10.0899359779921,16.443567664679,10.1029009661421,16.3144997754104,10.0620375133486,16.3931569080685,10.048913962042,16.3354894996689,10.1778890207367,16.2874690215472
10.085675002169,16.4341879076211,10.0991148717247,16.3047924745846,10.0580344033868,16.3836054622283,10.0448199390885,16.3259079978911,10.1744741623919,16.2776249907292
10.0813936591671,16.4248191864246,10.0953053478226,16.2950945411605,10.0540077266712,16.3740648087441,10.040701787002,16.3163370413845,10.1710357218357,16.2677893661125
10.0771658502932,16.4153761168881,10.0914710564733,16.2854065775255,10.0499937143151,16.3644925835835,10.0365581898854,16.3067772802745,10.1675723376238,16.2579626983484
10.0729597264585,16.4059029311115,10.0876095785324,16.2757268918297,10.0459751625895,16.354910092372,10.0323866778804,16.2972271067342,10.1640816503499,16.2481432060288
10.0685930144248,16.3966075690687,10.0837179870391,16.2660529004622,10.041859337157,16.3454200761401,10.0281842442775,16.2876840388238,10.1605608203121,16.2383281997031
10.0640260834212,16.3875339150034,10.0797955203422,16.2563866804922,10.0376258982347,16.336045585205,10.0239501961442,16.2781501838899,10.1570090008458,16.2285197272443
10.0594591524176,16.378460260938,10.0758427793346,16.2467343520279,10.0333752049301,16.3266788600021,10.0196853340352,16.2686316463212,10.1534265693887,16.2187239224734
10.054892221414,16.3693866068727,10.0718597276871,16.2370995253047,10.0291073219312,16.3173216871519,10.0153897422639,16.2591320422375,10.1498133685507,16.2089443843392
10.0503123127061,16.3603496860354,10.0678447086546,16.2274830169944,10.0248150427524,16.3079928111821,10.0110617958063,16.2496522484964,10.1461677221892,16.1991818604586
10.0457273572034,16.3513270500871,10.0637986894757,16.217894172604,10.0205029598637,16.2986856359255,10.0067027721581,16.2402015807542,10.1424902671004,16.1894457148142
10.0410871732286,16.3423921753228,10.0597245638831,16.2083452952214,10.0161477712651,16.2894429214377,10.0023159749415,16.230792246623,10.1387834800456,16.1797483291695
10.0364225952302,16.3334960640498,10.0556211104327,16.1988393546229,10.0117647319693,16.2802414741235,9.99790029093719,16.2214272601491,10.1350460711026,16.1700926048945
10.0318220099107,16.3244080369445,10.0514859546622,16.1893754388304,10.0073972187088,16.270965346579,9.99345332767145,16.2121057938971,10.1312757201653,16.1604775297942
10.0272510896493,16.3152310435015,10.0473128572503,16.1799440257215,10.0030250456536,16.2616612159679,9.9889685444349,16.2028185437895,10.1274665300686,16.1508933571097
10.0224293988003,16.3066156034799,10.0430932863755,16.1705318101498,9.99850341050078,16.2526478385316,9.9844369808058,16.1935525030271,10.1236104225958,16.1413264863833
10.0173578864859,16.2985595914996,10.0388295160896,16.1611489782054,9.99383353152419,16.2439294340638,9.97986125187867,16.1843177871607,10.1197092419866,16.1317871959379
10.0125139869321,16.2898344773771,10.0345321502574,16.1518238859275,9.98925953126841,16.2349058842426,9.97525290998863,16.1751423915773,10.1157725627225,16.1223041977064
10.0077607687363,16.2808427916852,10.030196870159,16.1425518646887,9.98471120655469,16.2257759385569,9.97060749478914,16.1660218022867,10.1117962889511,16.112872640132
10.0027207005967,16.2724001993379,10.0258096117156,16.1333069935807,9.97999276638967,16.2169344767743,9.96591009123515,16.1569305934394,10.1077673052303,16.1034661015216
9.9973384525436,16.2646126139631,10.021369544699,16.1240927499112,9.97507574058395,16.2084363946034,9.96115999367147,16.1478722793221,10.1036845926596,16.0940880452423
9.99224707389851,16.2561066324789,10.0168857107135,16.1149317629868,9.97028107975983,16.1996063699588,9.95636700988108,16.1388691823536,10.0995563341492,16.0847614204342
9.98727670561109,16.2473017767654,10.0123551399982,16.1058217036498,9.96552254650881,16.1906529315693,9.95152810402073,16.1299190850242,10.0953796707247,16.075483773385
9.9819179952959,16.2390354454516,10.0077658154292,16.0967424245194,9.96053935410656,16.1819847756884,9.94663059178066,16.1210022703808,10.0911433258073,16.0662345252389
9.97614553458963,16.2313428730024,10.003117284726,16.0876968549436,9.95531823238165,16.1736211812007,9.94167412814004,16.1121216941141,10.0868466938706,16.0570166013594
9.97044011928696,16.223343445197,9.99841674892157,16.078702631626,9.95010308844945,16.165130736032,9.93666652064281,16.1032947491676,10.0824963024584,16.0478478945533
9.96476603373666,16.2152006264681,9.99366380856708,16.0697623472781,9.94487602705001,16.1565964136577,9.93160747035952,16.0945240515633,10.0780916739978,16.0387309666519
9.95909194818636,16.2070578077393,9.98885212596432,16.0608667804963,9.93961828584786,16.1480852893717,9.92649033764718,16.0858006147038,10.0736268166523,16.0296563621579
9.95341786263607,16.1989149890105,9.98397873202236,16.0520139373367,9.93432826494847,16.1395964601208,9.92131209682225,16.0771225606314,10.0690988168912,16.0206219823404
9.94787251452256,16.1905912233913,9.97904267457576,16.0432049835754,9.92906970239588,16.1310401557615,9.91607184598682,16.0684911006931,10.0645066609603,16.0116289609687
9.94238136980087,16.1821912722007,9.97404053406909,16.0344371060425,9.92380344222065,16.1224674916954,9.91076607913976,16.0599035559774,10.0598470213182,16.0026743618998
9.93633218199261,16.1743620278819,9.96896776613819,16.0257058939331,9.91822083791182,16.114199900134,9.90539010951744,16.0513556913318,10.0551155037897,15.9937536118608
9.92972050977429,16.1671080325462,9.96382554024145,16.0170164160444,9.91232005683141,16.1062423552855,9.89994529067241,16.0428525471546,10.0503130707104,15.9848718243341
9.92369553552681,16.1592020477522,9.9586192104826,16.0083810124484,9.90667840405136,16.0979874442285,9.89443741590721,16.0344062828684,10.0454446133607,15.9760415249135
9.91790798171663,16.1510322208624,9.95334630567701,15.9997989322856,9.90112014111162,16.0896288414613,9.88886400112075,16.0260162487428,10.0405077001524,15.9672618601714
9.91165914255058,16.1434600707922,9.94799929114506,15.9912608502804,9.89529212318441,16.0815927184056,9.88321719908992,16.0176734053692,10.0354951442785,15.9585232279933
9.90475113190538,16.1367419940373,9.94257712473246,15.9827694357351,9.88909475957938,16.0740087554453,9.8774960732673,16.0093804729018,10.0304057876491,15.949828260559
9.89803729410669,16.1295580780782,9.93708469792318,15.9743357232242,9.88295718861608,16.0662225706191,9.87170591472801,16.0011483211138,10.0252441009975,15.9411881650802
9.89141853451914,16.1221460604097,9.93152203799836,15.9659631041228,9.87683001255272,16.0583547102501,9.86584688470422,15.9929803529921,10.020009992239,15.9326063213645
9.88485946294148,16.1151639709197,9.92588405845185,15.9576479074118,9.87069305979849,16.0507323829302,9.85991378260273,15.9848730964178,10.0146985145086,15.9240788648839
9.87832483811544,16.1083579695152,9.92017959326084,15.9494062902033,9.86453335067721,16.0432366648405,9.85391603040683,15.976842396204,10.009317893082,15.9156222644801
9.8717902132894,16.1015519681107,9.91442393028391,15.9412624839556,9.85834693353647,16.0357912469511,9.84786979783778,15.9689119291165,10.0038825537939,15.9072612643408
9.86525558846336,16.0947459667062,9.9086220973351,15.9332239734991,9.85213715112458,16.0283993116434,9.84178040359443,15.9610890016802,9.99839731255065,15.8990034774443
9.85877582337065,16.0876044497831,9.90277458211519,15.9252916290294,9.84593242347094,16.0208930005843,9.83564839203933,15.9533744727042,9.9928626661832,15.8908497535944
9.85232323355718,16.0802967321266,9.89686901343028,15.9174495736248,9.8397129740416,16.0133488436159,9.82946084906959,15.9457529317538,9.98726682745227,15.8827837655359
9.84563253131338,16.074128126346,9.89088626780572,15.9096739475862,9.83333612676653,16.0064079317943,9.82319781933855,15.9382012389576,9.98159152165746,15.8747809841672
9.83870184133886,16.0691076037365,9.8848354405586,15.9019796280964,9.8268050187858,16.0000825868779,9.81686894594444,15.9307339486628,9.97584518622302,15.8668566739853
9.8319626359275,16.0627624308963,9.87874953384337,15.8944103655522,9.82035227579852,15.9931580349721,9.81050882683364,15.9233935889369,9.97005919044419,15.8590557606505
9.8253000820444,16.0558869987865,9.87262253583585,15.88695811712,9.81391807272254,15.9860269630957,9.80411118683822,15.9161723484778,9.96422789954591,15.8513699192691
9.81830219945361,16.0500384165225,9.86642047692875,15.8795832199261,9.80727924236131,15.9794482558022,9.7976406480267,15.9090318463388,9.95831881992137,15.8437582557651
9.81095555228895,16.0452578276651,9.86014196462239,15.8722868142631,9.80042776936278,15.9734435901442,9.79109587860144,15.9019732880193,9.95233042631799,15.836221917501
9.8036262289683,16.0398538641717,9.85380509183261,15.8650927384821,9.79355552908381,15.9671794306676,9.78449585296589,15.895019846806,9.94627984069785,15.8287854467823
9.7963056641212,16.0341347390865,9.84740945788181,15.8580027778057,9.78665807813923,15.9608107857701,9.77784025767006,15.8881733347535,9.94016659873802,15.8214506019464
9.78887587401653,16.0285459079344,9.84094007863472,15.8510022229962,9.77966878716216,15.9545532083153,9.77111359463173,15.8814196217116,9.9339762723491,15.8142021197134
9.78139802800449,16.0230144022886,9.83439084248961,15.8440877227442,9.77261487166363,15.9483688992578,9.76430965118978,15.8747556017944,9.92770285100616,15.8070364381357
9.77380537247109,16.0176346316858,9.82776080112904,15.8372611536165,9.76546218322349,15.9423063715718,9.75742756710837,15.8681832039675,9.92134528827096,15.7999554148646
9.7661563204434,16.0123293960554,9.82104915157267,15.8305246732996,9.75823931808039,15.936328412741,9.75046663852894,15.8617046331267,9.91490268252452,15.7929611859562
9.75839390250314,16.0071814198359,9.8142550432492,15.8238807258985,9.75091724041391,15.9304778549526,9.74342612609222,15.8553223819872,9.90837407954151,15.786056166907
9.7505779775651,16.0021076676822,9.80737798486316,15.8173315286484,9.74352557445481,15.9247144809043,9.73630564220294,15.8490387026631,9.90175889726218,15.7792425569918
9.74259839405755,15.9972829065884,9.80041739266978,15.8108795312946,9.73600894289528,15.9191270524257,9.7291047168262,15.8428560828903,9.89505645429109,15.7725227823113
9.73455005086412,15.9925627568641,9.79337229186672,15.8045275647189,9.72841432757557,15.9136449329135,9.72182250478823,15.8367774060163,9.88826566339719,15.765899634741
9.72650170767068,15.9878426071397,9.78624206866809,15.7982781669188,9.72077583590309,15.9082172116699,9.71445851155101,15.8308052490083,9.88138580998155,15.7593756273294
9.71845336447725,15.9831224574153,9.77902623578289,15.7921345266713,9.71309327471488,15.9028456047181,9.70701239472168,15.8249428344987,9.87441628108956,15.7529539276524
9.71052821714246,15.9780945947608,9.771724836396,15.7860996556189,9.70542833148687,15.8973778648252,9.69948433624161,15.8191931878012,9.86735700120652,15.7466375466349
9.70265290597185,15.9729422536355,9.76433618430858,15.7801746360448,9.69774353681399,15.8919062741179,9.6918727168418,15.8135574725197,9.86020624059472,15.7404275016032
9.6944310763722,15.9685727895096,9.75685793988642,15.7743597779892,9.68983956769153,15.8868848331578,9.68417523492562,15.8080361062037,9.85296164537197,15.7343240145751
9.68576903222134,15.9651978867635,9.74929174079312,15.7686582742475,9.68167044624021,15.8824211214242,9.67639367451894,15.8026322343258,9.84562472583277,15.7283303408009
9.67710698807047,15.9618229840174,9.74164258427257,15.7630753494179,9.673458901004,15.8780205166679,9.66853325636704,15.7973509019554,9.83820027393594,15.7224518920973
9.6684449439196,15.9584480812713,9.73391404801758,15.7576145649743,9.66520688381659,15.8736847814774,9.66059771992312,15.7921955454468,9.83069172866501,15.716692361969
9.65976145520858,15.9549431209685,9.72610767269444,15.7522776342334,9.65690460412124,15.8693497171209,9.65258869840717,15.7871678322712,9.82310056317497,15.7110535206056
9.65106967860652,15.9513878960367,9.71822372198739,15.7470652126366,9.64855890428654,15.8650555569982,9.64450650830773,15.7822684220158,9.81542701381809,15.7055360340473
9.64255420169925,15.9474423875308,9.71026195881625,15.7419775760476,9.6402620561926,15.8606324919431,9.6363509509852,15.7774976145775,9.80767083014483,15.7001401714025
9.63411057354465,15.9433378237978,9.70222204460377,15.7370149505185,9.63196173338987,15.8561963613507,9.62812172441496,15.7728556642608,9.79983166203826,15.6948661486415
9.62528680275866,15.9403814140678,9.69410356084591,15.7321775570319,9.62343178111834,15.8524010324597,9.61981844644822,15.768342823772,9.79190907999757,15.6897141734786
9.61608631850436,15.9385628011565,9.68590995775762,15.7274679049442,9.61467572654674,15.8492426792026,9.61144469091313,15.7639614800747,9.78390643310364,15.6846868882225
9.60700881537293,15.9361206273051,9.6776477634886,15.7228899653992,9.60594683355827,15.845842587685,9.60300716582523,15.759715357725,9.77583009210648,15.6797885108672
9.5979804269929,15.9334294230348,9.66931937877493,15.7184450353858,9.59720952148305,15.8423886392741,9.59450835022731,15.7556056706086,9.76768240644939,15.6750204281083
9.58889538023547,15.93095545753,9.66092410260536,15.7141327073227,9.58841067071195,15.8391137934373,9.58594755651574,15.7516320518152,9.7594626896493,15.670382207435
9.57978741302375,15.9285693733134,9.65246313893571,15.7099536593988,9.57956786138808,15.8359537584711,9.57732604371694,15.7477951435769,9.75117211652542,15.6658745755682
9.57082894124825,15.9257777723293,9.64393848584636,15.7059089439238,9.57076840874522,15.8326624143682,9.56864587942617,15.7440959299505,9.74281264148542,15.6614986630207
9.56192995971114,15.9228247999363,9.63535090082569,15.7019989905088,9.56196778700274,15.8293621279369,9.55990786692085,15.7405348220258,9.73438500343467,15.6572549301026
9.55277210601884,15.9210309798143,9.62670062143165,15.6982240444268,9.55300702371347,15.8267133910394,9.55111228269541,15.7371120673384,9.72588942873854,15.6531436332148
9.54334965170368,15.9204219623322,9.61799118207324,15.6945858109679,9.54388513995064,15.8247299309976,9.54226275631718,15.7338292393625,9.7173293822825,15.6491666140661
9.53400192228584,15.9191877085533,9.60922875640861,15.6910868894874,9.53477504401343,15.8225079703932,9.53336559111037,15.7306886969988,9.70871093317249,15.645326706516
9.52468430402686,15.9177015094371,9.60041594072266,15.6877281724799,9.52565587787023,15.820234547218,9.52442344758903,15.7276912364912,9.70003664126937,15.6416249015197
9.51548816418817,15.9158245457915,9.59155260301044,15.6845094879798,9.51657338427909,15.8178401754063,9.51543621725597,15.7248367004076,9.69130637997293,15.6380610239955
9.50634160350677,15.9137880988729,9.5826390841965,15.6814309507087,9.50749189672009,15.8154406047709,9.50640427578233,15.7221251985004,9.6825204837923,15.6346352047242
9.49700323987774,15.9129051087233,9.57367590114534,15.6784928206021,9.49829108784775,15.8136925221782,9.49732818052914,15.7195569785162,9.67367945765933,15.6313477260782
9.48747491158818,15.9131645203265,9.56466661153441,15.6756963751065,9.48897378213187,15.8125910685631,9.48821156881707,15.7171331803409,9.66478680630649,15.6282000033108
9.47813606575569,15.912240246757,9.55561715501501,15.6730434532395,9.47973282744445,15.8109740457679,9.47906048137274,15.7148554059195,9.65584839388326,15.6251941022677
9.46887464972961,15.910832273983,9.54652904958884,15.6705343786951,9.4705130941719,15.8091915761894,9.4698764791522,15.7127239232149,9.64686572432947,15.6223304048336
9.45953339843611,15.9103371084523,9.5374008664509,15.6681687238324,9.46123534981867,15.8079417610125,9.46065814793483,15.7107383704213,9.63783738501834,15.6196084313561
9.45011174624139,15.910761217415,9.52823639331728,15.6659475343631,9.4519013415973,15.8072283428216,9.45140934638305,15.7088996425102,9.62876711936294,15.6170293750527
9.44069009404668,15.9111853263777,9.51904318461784,15.6638725635392,9.44255520906999,15.806592410376,9.44213772624657,15.7072091839463,9.61966240839065,15.6145952780492
9.43126844185197,15.9116094353403,9.50982624108142,15.6619446424947,9.43319960898677,15.8060342009109,9.43284834990384,15.7056676214693,9.61052821701958,15.6123071618581
9.4218816825809,15.9119965107165,9.50058793548744,15.6601638828999,9.42385331488138,15.8055351090575,9.42354362426618,15.7042749708346,9.60136691121996,15.6101652302466
9.41251101683603,15.9123665052369,9.49132894792514,15.6585300597094,9.41450739067557,15.8051049269557,9.41422425096111,15.7030309812457,9.59217917797798,15.6081692876696
9.40316023021914,15.9129442227214,9.48204915505532,15.6570428906689,9.40516377905217,15.8048559245361,9.4048901263812,15.7019353783119,9.58296490348205,15.6063190517453
9.39381741853833,15.9136052727025,9.47274993090155,15.6557024308262,9.39581732799361,15.8047259575928,9.39554265700828,15.7009881619826,9.57372545734685,15.6046146346699
9.38449938075947,15.9144838335509,9.46343335623031,15.6545088492659,9.38647759369555,15.8047822192186,9.38618396021309,15.7001894161898,9.56446291128802,15.6030562890555
9.3751912501387,15.9154493776511,9.45410156295681,15.6534622989212,9.37713832796738,15.8049595319817,9.37681620380972,15.6995392060004,9.55517938901978,15.601644252364
9.36591376049902,15.9166293473249,9.44475670344254,15.6525629097776,9.36781109564437,15.8053216792103,9.36744157509875,15.6990375719662,9.54587703569682,15.6003787394925
9.35664819136,15.9178927366576,9.43540093699756,15.6518107862553,9.35848773961587,15.8058031963827,9.35806226725772,15.6986845280751,9.53655800445073,15.5992599400465
9.34741923242377,15.9193715496163,9.42603642643011,15.6512060064805,9.34918181069899,15.8064701028232,9.34868047584886,15.6984800611958,9.52722445295162,15.5982880176436
9.33820468633629,15.9209351713961,9.41666535833534,15.6507486230979,9.33988342878666,15.8072570888385,9.33929841911246,15.698424130968,9.51787856369314,15.5974631111254
9.32896476559009,15.9221978044186,9.40728992743082,15.6504386608628,9.33057392313335,15.8079712327184,9.32991832219862,15.6985166680933,9.50852252840538,15.5967853317168
9.3197149534005,15.923343107262,9.39791093564905,15.6502760918801,9.32126156278197,15.8087043567907,9.32054101647316,15.6987576096798,9.49915714911236,15.5962546847395
9.31069819936403,15.92544038065,9.38852864053249,15.6502609464158,9.3120680823514,15.8099911715179,9.3111667918979,15.6991469741001,9.48978268163189,15.5958712131016
9.30191301981608,15.9284835642711,9.37914693585087,15.6503932960213,9.30299481908283,15.8118286278958,9.30179957308319,15.699684664372,9.48040301378933,15.5956351404128
9.29287108224368,15.9306199817153,9.36977243186129,15.6506729951578,9.29380103363489,15.8132901222775,9.29244598918241,15.7003702479692,9.47102475632935,15.5955465759055
9.28372664067928,15.9323943962458,9.36040652790028,15.6510998294388,9.28456467168743,15.8146478328033,9.28310746017854,15.7012034469575,9.46164931559639,15.5956053600269
9.27478573896046,15.9350784625534,9.351047267405,15.6516738118246,9.27543790750656,15.8165376336558,9.2737820630813,15.7021843556059,9.45227473580108,15.5958114339434
9.26604758385388,15.9386686355527,9.34169767032725,15.6523948038217,9.26642198255538,15.8189576265523,9.26447284014664,15.7033127010002,9.44290403986484,15.5961647788836
9.25712375794428,15.9414038428792,9.3323638762331,15.6532622950183,9.25732586904595,15.8210268344569,9.25518593399423,15.7045877018961,9.4335433823406,15.5966651226476
9.24812597764174,15.9437985094945,9.32304736237843,15.654276002956,9.24820627923404,15.8230022379368,9.24592283908758,15.7060090065565,9.42419425018826,15.5973122410179
9.23942068430297,15.9470025369006,9.3137466176734,15.6554360335253,9.23924581290938,15.8254588736452,9.23668208130187,15.7075767815837,9.41485512942667,15.5981061845866
9.23100888605197,15.9510187147466,9.30446455723494,15.6567420754493,9.23044655734295,15.8283979161004,9.22746659019171,15.70929058294,9.40552894515734,15.5990467580632
9.22249180492834,15.9548431512551,9.29520685882808,15.6581933076709,9.22161206408823,15.8313168223106,9.21828203271115,15.7111493348437,9.39622140258032,15.6001333609945
9.21391936717517,15.9585667721806,9.28597760189441,15.6597889302448,9.21276942680774,15.8342604599615,9.20913247961549,15.7131520512729,9.38693660888548,15.6013653516562
9.20534692942201,15.962290393106,9.27677921559341,15.6615283007197,9.20394762816124,15.8372787505142,9.20002035961278,15.715297975141,9.37767701630866,15.6027421833462
9.19677449166885,15.9660140140314,9.26761398820963,15.6634107561905,9.19514790024712,15.840371208801,9.19094795949044,15.7175863342946,9.36844493728066,15.6042632844002
9.18837379052896,15.969999147105,9.25848412751703,15.6654356101932,9.1864573033198,15.8436681085582,9.18191748431294,15.7200163359545,9.35924260486062,15.6059280570663
9.18004162025859,15.9740886356481,9.24939278753652,15.6676019135353,9.17782588901434,15.8470902302667,9.1729320724865,15.7225868820289,9.35007320774751,15.6077356768806
9.17164138772944,15.9780214056004,9.24034347422584,15.6699085261391,9.16918717869464,15.8505062759233,9.16399520512091,15.7252966670367,9.34094029372795,15.609685142092
9.16321307669364,15.9818895226293,9.23133534698301,15.6723553621612,9.1605608530766,15.8539622068841,9.15510606793035,15.7281456322786,9.33184302695239,15.6117763379595
9.15522255591434,15.9863786841603,9.22236584196243,15.6749429970303,9.15217872341578,15.8578012614281,9.14626215474863,15.7311344571587,9.32277882440938,15.6140097449509
9.14769655469644,15.9915268080949,9.21344017295557,15.6776699126705,9.14405684958985,15.8620414966488,9.13746863534903,15.7342613809981,9.31375295568642,15.6163840511495
9.13991017819112,15.9964594292675,9.204569475433,15.6805324346583,9.13583831596823,15.8662433803699,9.12873649730955,15.7375222201428,9.30477668939961,15.6188960125776
9.13202110302409,16.001307050648,9.19575628545009,15.6835291522375,9.1276032366967,15.870471189537,9.1200682384796,15.7409154373155,9.29585261402092,15.6215443162911
9.12433235476537,16.0062773132973,9.18699692991951,15.6866608004689,9.11950139373766,15.8748291106665,9.11146025060825,15.7444419192399,9.28697703247051,15.6243295599248
9.11673099639957,16.0113010765343,9.17829785552109,15.6899246775908,9.11147952788044,15.8792809099056,9.10291887891253,15.7480986607965,9.27815649226612,15.6272492961729
9.10901386079376,16.0162510535472,9.16966955969817,15.6933161349391,9.10344116753008,15.883760069612,9.09445442554589,15.7518805255426,9.26940166185478,15.6302992824388
9.10124725792353,16.021169504479,9.16110825539944,15.6968357410871,9.09541762787908,15.8882879461357,9.0860631595216,15.755788237564,9.26070873627747,15.6334799433198
9.09405981944537,16.0264993341503,9.15260424714677,15.7004869704973,9.08771863009059,15.8930880649835,9.07773558050227,15.7598256947147,9.2520678962658,15.6367943839152
9.08745637152273,16.0322439705706,9.14416639110968,15.7042657997279,9.08035100700296,15.8981598616566,9.06948037830221,15.7639884583992,9.24348815015436,15.6402389334532
9.08062817445916,16.0379875491534,9.13581700701038,15.708161370289,9.07292113159574,15.9032889629102,9.06131937629105,15.768264640225,9.23499221620881,15.6438035920941
9.07370312523343,16.0437306718774,9.12755827531928,15.7121710132073,9.06549382909368,15.9084738568594,9.05325465312703,15.7726514529365,9.22658237302563,15.6474857685039
9.0667780760077,16.0494737946014,9.11937815656932,15.7162991424766,9.05811164829127,15.9137171778767,9.04527440875545,15.7771538405028,9.21824642464497,15.6512894192005
9.05985302678196,16.0552169173254,9.11127422557379,15.7205461359421,9.05077348970572,15.9190191968251,9.03737626168878,15.7817722735693,9.20998193847124,15.6552148388419
9.05290465221927,16.0610089008791,9.10324810243755,15.7249104473521,9.0434685865372,15.9244035781337,9.029561782985,15.7865051151333,9.20179059780995,15.6592605532228
9.04594690014842,16.0668205280002,9.09529675510193,15.7293931164329,9.03620261341974,15.9298564404426,9.0218280163869,15.7913535273214,9.19366933659163,15.663427490079
9.03950211310087,16.0729109067187,9.08741544060664,15.7339965214868,9.02923469273608,15.9355088582844,9.01417035930649,15.7963200899458,9.18561332736655,15.6677178480628
9.03366098020721,16.0793293186403,9.07960927045054,15.7387175722541,9.02261281510911,15.941383856578,9.00659379896568,15.8014014624233,9.17762780167597,15.6721287427905
9.0273175731894,16.0856071844398,9.07189097869343,15.7435480909838,9.01579013739636,15.9472425085945,8.99911069752644,15.8065888636703,9.1697258004428,15.6766524929336
9.02077992429705,16.0918306975642,9.06426001066408,15.7484875197164,9.00892038790552,15.9531274846107,8.99172049711327,15.8118817425771,9.16190679164663,15.6812885182479
9.01469320424441,16.0982903551589,9.05670701603705,15.7535413191395,9.00232180163931,15.9591870696687,8.98441413629447,15.8172859731449,9.15416122493561,15.6860419183752
9.00919857053515,16.1050600792288,9.04923422996314,15.7587078573015,8.99606617664043,15.9654573581949,8.97719379418293,15.8227998019488,9.14649140132523,15.6909111538461
9.00327477681683,16.1117189123485,9.04185133359701,15.7639800937638,8.9896475345765,15.9717239199003,8.97006883209365,15.828415721401,9.13890726870026,15.6958895640737
8.99717379066401,16.118331960593,9.03455861205258,15.7693571321168,8.9831920066652,15.9780187244673,8.96303951394602,15.8341328024179,9.13140914785454,15.7009762636675
8.99153124634385,16.1252000391688,9.02734963063183,15.7748432550892,8.97701448319543,15.984494525867,8.95609963651156,15.8399556075484,9.12399044689273,15.7061752861171
8.98632757099597,16.1323122597306,9.02022663746609,15.7804366432993,8.97110637950654,15.9911448825611,8.9492513811216,15.8458821935321,9.11665348668037,15.7114849036317
8.9809605518193,16.1394557405737,9.01319678731198,15.7861313973074,8.96517000732872,15.9978600509004,8.9425016354107,15.8519063075117,9.10940564650213,15.716899497721
8.97552917748639,16.1466115375252,9.00626161800407,15.7919257020622,8.9592555929791,16.0046294662002,8.9358518694047,15.8580260422271,9.10224853474806,15.7224173136169
8.97010754172402,16.1537611855555,8.99941899274475,15.7978208476825,8.95339923856212,16.0114445317932,8.92930003048636,15.8642427671778,9.0951799695856,15.7280395595087
8.96468985208566,16.1609083420082,8.99266798286318,15.8038173773175,8.94759772717052,16.0183073407796,8.92284523738443,15.8705570484587,9.08819900575213,15.7337667443355
8.95967697584614,16.1682654356855,8.98600815618323,15.80991559356,8.94205144741786,16.0253242623776,8.91648709353862,15.8769691884747,9.08130520291247,15.7395991550854
8.95507884573986,16.1758376177281,8.97944227327553,15.8161129572273,8.9367667788735,16.0324964581652,8.91022825480246,15.8834764976311,9.07450142051524,15.745534361895
8.95037776507277,16.1834399411863,8.97297532407095,15.8224045735349,8.93148722792859,16.0397287077368,8.90407348923382,15.890073825012,9.06779283559416,15.7515676658102
8.94563357592735,16.1910548857567,8.96660881386899,15.8287885766264,8.92624342027817,16.047011126195,8.89802422904729,15.8967592119731,9.06118102618477,15.7576972599206
8.94107546227828,16.1987366079285,8.96034184124033,15.8352655164658,8.92114957615615,16.0543709923069,8.89207961897676,15.903533229003,9.05466507330338,15.7639236596556
8.93659533585846,16.2064463176657,8.95417653974164,15.8418329365742,8.91615266825079,16.0617874893091,8.88624168915667,15.9103932964127,9.04824720694299,15.7702444935269
8.93237842528797,16.2142748198109,8.94811617078449,15.8484869882976,8.91134679873179,16.069303833594,8.88051352768232,15.9173353884863,9.04193083699442,15.7766560414608
8.92827010701186,16.2221523309355,8.94216203071614,15.8552257283339,8.90665523134306,16.0768839732375,8.87489635163067,15.9243574775227,9.03571733620482,15.7831564113862
8.92416178873574,16.2300298420601,8.93631463398488,15.8620480543993,8.90202390220198,16.0845027070802,8.86939063755299,15.9314584136561,9.02960726428587,15.7897445220881
8.92005347045963,16.2379073531846,8.93057490152065,15.8689524097377,8.89745323873423,16.0921591055528,8.86399724535835,15.9386365730326,9.02360160481889,15.7964188539473
8.9162108818771,16.245899570742,8.92494389718531,15.875937035934,8.89307660213485,16.0999094915431,8.85871716735762,15.945890123145,9.01770149179393,15.8031776910677
8.91247484301294,16.2539377821737,8.91942234141347,15.8830005644804,8.88881475294819,16.1077186938966,8.85355107147513,15.9532176375258,9.01190770092641,15.8100196937753
8.90878270868236,16.2620209748286,8.91401082603128,15.8901417969689,8.8846366723778,16.1155854880654,8.84849950519396,15.9606178657853,9.00622087309568,15.8169436875224
8.90510780707318,16.2701218228103,8.90870893131996,15.8973609340666,8.88052891679097,16.1234962518323,8.84356207447581,15.9680910047422,9.00064058432953,15.8239498566077
8.90170046185398,16.278304687344,8.90351593906427,15.9046587959023,8.87661646048227,16.1314835490295,8.83873811800287,15.9756378848848,8.99516608877817,15.8310389929724
8.89874864106658,16.2866271880242,8.89843201180657,15.9120351995629,8.87299351431434,16.1395760395322,8.83402780465659,15.9832582914032,8.98979755903472,15.8382109198907
8.89579682027918,16.2949496887044,8.89345701226343,15.9194905489274,8.86943243803025,16.1477040639848,8.8294310331243,15.9909526104816,8.98453484498844,15.845466035015
8.89284499949178,16.3032721893846,8.88859138885026,15.9270245541588,8.86593361515023,16.1558674021024,8.82494825264865,15.9987205062864,8.97937840828338,15.8528040651684
8.88993074824063,16.3116726755971,8.88383645574924,15.9346356561927,8.8625165615092,16.1641041347622,8.8205807136082,16.0065603319028,8.97432962416136,15.8602235019297
8.88703293898582,16.3201072915318,8.87919436893128,15.9423208439562,8.85917174509792,16.1723906304561,8.81633043378431,16.01446894761,8.96939076461777,15.8677214181332
8.88444541771406,16.3286914576384,8.8746675443691,15.9500764016202,8.85604715557879,16.1807825024582,8.81219965412214,16.0224424960471,8.96456438865567,15.875294192418
8.88217758288841,16.3374297037146,8.87025654581515,15.9579015438608,8.8531477679454,16.1892814626278,8.80818891179952,16.0304801390691,8.95985109214335,15.8829410607519
8.87990974806277,16.3461679497908,8.86596073307321,15.9657977701568,8.85031357276178,16.197811133071,8.80429765647565,16.0385833809411,8.9552501805773,15.8906634962222
8.87764191323713,16.3549061958671,8.86178047166627,15.9737650716657,8.84754486553794,16.2063713874558,8.80052626648668,16.0467521688755,8.95076202194383,15.898461503073
8.87549742452266,16.363618669399,8.85771704030042,15.9818018136498,8.84490398823236,16.2149483545754,8.79687594999525,16.0549847799859,8.94638795875529,15.9063334956674
8.87340022711564,16.372321261652,8.85377283838326,15.9899039894933,8.84235397060394,16.2235477369479,8.79334891353298,16.0632770653136,8.9421305443049,15.9142755611645
8.87159040380276,16.3811139276353,8.84995052482166,15.9980665944494,8.84001591536093,16.2322167329988,8.78994757059194,16.0716238651093,8.93799262948309,15.9222827992376
8.87009406149843,16.3900048502269,8.84625086990909,16.0062882145184,8.83790316429034,16.2409585348775,8.78667262983206,16.0800237011822,8.93397504104798,15.9303538255786
8.86856326795916,16.3988543403621,8.84267361871067,16.0145698003102,8.83584169568569,16.2497036439505,8.7835238962217,16.0884775089641,8.9300774911901,15.9384895796597
8.86701831102343,16.4076867970207,8.83922002836464,16.0229090485318,8.83384219221755,16.25846291228,8.78050251858511,16.0969828969245,8.92630132746962,15.946687807196
8.86572372140302,16.4165630215268,8.83589220447121,16.0313013404414,8.8320377204504,16.2672641868416,8.77761037370088,16.1055351172988,8.92264883354255,15.9549439723756
8.8647878106543,16.4255019483156,8.83269102113824,16.0397447044158,8.8304827503621,16.276115760629,8.77484824297069,16.1141321286263,8.91912096083757,15.9632561372028
8.86381620031309,16.4344295619858,8.82961663745733,16.048239037537,8.82898017634241,16.2849804268864,8.77221628924362,16.122773792226,8.915717875279,15.9716242038177
8.86282964168619,16.4433524385786,8.82666998711918,16.0567822504862,8.82754074350835,16.2938602475161,8.76971534640797,16.1314579456472,8.91244059281528,15.9800461190016
8.86211230797213,16.4523316272078,8.82385248974496,16.0653706302845,8.82630703654768,16.302783682668,8.76734664905936,16.1401807795838,8.90929067690738,15.9885182255157
8.8616918531141,16.4613729120701,8.82116488778316,16.0740021462173,8.82529312651559,16.3117524328063,8.765110841461,16.1489401994268,8.90626894968611,15.9970385210625
8.86134186378806,16.470435802515,8.81860758332954,16.082675792699,8.82438595147126,16.3207455928593,8.76300828048794,16.1577351517696,8.90337585424445,16.0056060147521
8.86102077912536,16.4795075554787,8.81618127873363,16.0913895932139,8.82356497663254,16.3297556337608,8.76103957204784,16.1665635978663,8.90061217094485,16.0142187569418
8.86082631145175,16.4885208126552,8.81388683419273,16.1001408403997,8.82287933001413,16.3387473455326,8.7592054409732,16.1754227607083,8.89797886544299,16.0228740735271
8.86068862298316,16.4975078384048,8.81172494318047,16.1089271796889,8.82229429151203,16.3477355136991,8.75750646310598,16.1843102240731,8.89547672324126,16.0315696364909
8.86084659819341,16.506512546618,8.8096962127621,16.1177463900752,8.82192946035855,16.3567408201313,8.75594313424445,16.1932237094643,8.89310643853033,16.0403032479625
8.86131130378479,16.5155355991501,8.80780117172496,16.126596401458,8.82179049516534,16.3657624011036,8.75451587915424,16.2021610930252,8.89086862146609,16.0490728578053
8.86177600937618,16.5245586516822,8.80604029905456,16.1354752151167,8.8217241361723,16.3747899291858,8.75322507599516,16.2111203246748,8.88876382968644,16.0578764852458
8.86224071496756,16.5335817042143,8.80441404690139,16.1443808125853,8.82173047462551,16.3838222416779,8.75207107442564,16.2200993359074,8.88679259476468,16.0667121286984
8.86287813336963,16.5425648499541,8.80292283958912,16.1533111554341,8.82189594332429,16.3928382148407,8.75105419461463,16.2290960396425,8.88495542112116,16.075577765486
8.86358632943739,16.5515316419008,8.80156707330801,16.1622641807637,8.82216963425017,16.4018484447945,8.75017472663773,16.2381083257475,8.88325278590195,16.0844713473331
8.86457907374599,16.5606902352792,8.80034711315733,16.1712378118208,8.82265847333726,16.410955824139,8.74943292817878,16.2471340718199,8.88168513561999,16.0933908108658
8.86585576346531,16.5700402237483,8.79926226262997,16.1802385119388,8.82336231242147,16.4201632665339,8.74882844944942,16.2561797397746,8.88025152903396,16.1023425858539
8.86721668810777,16.5792211567289,8.79831141771444,16.1892813289712,8.82418204092103,16.4292979344299,8.74836099157954,16.2652603856259,8.87895028383852,16.1113416639665
8.86861184353507,16.5883333901507,8.79749597080887,16.1983648321922,8.8250936559306,16.4384090411672,8.74803187643288,16.2743744773327,8.87778284467053,16.1203866664657
8.87021302171106,16.5974205910294,8.79681819831901,16.2074757476831,8.82618352512264,16.4475115182423,8.74784267642842,16.2835086089275,8.87675199179633,16.1294644139277
8.87190024045528,16.6064973376536,8.79627922465388,16.2166080999536,8.82739183735568,16.4566094506859,8.74779419895194,16.2926567235167,8.87585907520846,16.1385689760023
8.87371411607757,16.6154597615268,8.79587977432944,16.2257588727433,8.8287389849804,16.4656492003401,8.74788700863005,16.3018157403621,8.87510493702307,16.1476973646229
8.87558037199782,16.6243749060114,8.79562056260571,16.2349222798126,8.83018766520617,16.4746612221452,8.74812151066251,16.310979813072,8.87449051696652,16.1568438233818
8.87771301330988,16.6333093078746,8.7955020622627,16.2440913788784,8.83184445297936,16.4836751750588,8.7484978039877,16.320141953834,8.87401655653553,16.166001431231
8.8801065194931,16.6422625680301,8.79552443836247,16.2532673335538,8.83370658562365,16.4926912909306,8.7490161158544,16.3293032854896,8.8736831821329,16.1751713552439
8.88261889747663,16.651204450017,8.79568813593569,16.2624573316304,8.83570377090118,16.5016978288959,8.74967727874161,16.3384709310532,8.87349056821862,16.1843607927361
8.88517800898488,16.6601418587654,8.79599384914404,16.2716596898558,8.8378002483107,16.5106971903281,8.7504818955593,16.34764314176,8.87343947409543,16.1935680858706
8.88785674877579,16.6689447719471,8.79644196549783,16.2808664589612,8.84003212447087,16.5196202377866,8.75142992281717,16.3568119284816,8.87353059033731,16.2027853036426
8.89058247191327,16.6776948627387,8.79703258569014,16.290071269231,8.84236259831244,16.5285045034662,8.75252111378299,16.3659708949403,8.87376426055728,16.2120060824896
8.89355572043968,16.6864151389365,8.79776556881598,16.2992683787879,8.84489130573617,16.5373585357342,8.75375501254037,16.3751142850293,8.87414056461592,16.2212246769442
8.89679764455492,16.6951030529853,8.79864103553248,16.3084574533965,8.84762870418549,16.5461807684666,8.75513171789004,16.3842417280729,8.87465963952385,16.2304407550349
8.90007337154274,16.7037162853352,8.79965964295619,16.3176422427103,8.850457896408,16.5549517115578,8.75665208747897,16.3933569018033,8.87532200292825,16.2396580860229
8.90336252172899,16.7122998614106,8.80082148463612,16.3268193543108,8.85336848726763,16.5636920406411,8.75831602578225,16.4024563832578,8.87612787966967,16.2488732808714
8.90691173021766,16.7208697239124,8.80212586786704,16.3359806217851,8.85648278731044,16.5724056031144,8.76012238918137,16.4115320258587,8.87707688884108,16.2580781501774
8.91072432612403,16.7294256972874,8.80357264075942,16.3451238826587,8.85980211220597,16.5810911342046,8.7620709018607,16.4205816484775,8.87816896198435,16.2672705245962
8.91463545646657,16.737910897197,8.80516221743057,16.354250399808,8.86324425350151,16.5897206589073,8.76416204123367,16.4296064590236,8.87940446746066,16.276451678962
8.91861323066836,16.7463482294062,8.80689460186071,16.3633582871468,8.86679308499737,16.5983045587264,8.7663957015406,16.4386045437767,8.88078348312805,16.2856197258303
8.92284181935517,16.7546451854992,8.80876923254234,16.3724429742416,8.87054001531966,16.6067942283963,8.76877106332794,16.4475713400932,8.88230562284439,16.2947700739376
8.92719912751558,16.7628700997412,8.81078561183783,16.3815010111857,8.87442340435363,16.6152220456904,8.77128743159321,16.4565034008576,8.88397052127924,16.3038992541827
8.93155643567599,16.7710950139832,8.81294331846864,16.390529748254,8.87837838212013,16.6236226401576,8.77394423092597,16.4653980738846,8.88577785952825,16.3130045998327
8.93591374383641,16.7793199282251,8.81524194105265,16.3995268240233,8.88240446305127,16.6319947655257,8.77674091096145,16.4742529944919,8.88772731760728,16.3220837325765
8.94047297356639,16.7873708695171,8.81768106314687,16.4084900258953,8.8866021357517,16.6402502633865,8.77967692383414,16.4830659470505,8.88981856468958,16.3311344226072
8.94511275517687,16.7953524083757,8.82026009321783,16.417416660799,8.89091012080972,16.648440024712,8.78275151930438,16.4918342461732,8.89205111314462,16.3401539533159
8.95000349778656,16.8031897001616,8.82297831576402,16.426303857213,8.89541294901192,16.6565251582856,8.78596381249944,16.5005550354919,8.89442435806476,16.3491394250598
8.9551518659137,16.8108789142507,8.82583513948317,16.435149385089,8.90011338889593,16.6645025897249,8.78931307764683,16.5092260924136,8.8969377941556,16.3580885839133
8.96030023404084,16.8185681283398,8.82883004966863,16.4439513583729,8.90488213469876,16.6724453614746,8.79279868410587,16.5178455337135,8.89959097960075,16.3669995225677
8.96544860216797,16.8262573424289,8.83196246519592,16.4527077534315,8.90971865674712,16.6803524120211,8.79641992653211,16.5264113427674,8.90238341144198,16.3758701936736
8.9707702469547,16.8338184930285,8.83523172602745,16.4614164092476,8.91470901725048,16.688158585453,8.80017601246008,16.5349213704413,8.90531451304481,16.3846984095694
8.97616446097473,16.841326009923,8.83863706122188,16.4700749785815,8.91980221418233,16.6958998914875,8.80406602745864,16.5433732882122,8.90838360388759,16.3934817922945
8.98175537121873,16.8486916687029,8.8421776201419,16.4786810474281,8.92505961220081,16.7035309903451,8.80808897309013,16.5517647056673,8.91158992621061,16.4022178941494
8.98754395019106,16.8559147679941,8.8458525118446,16.4872322439172,8.93048097566631,16.7110503328087,8.81224381224639,16.5600932770939,8.91493268014399,16.4109043080564
8.99348456511413,16.862964651385,8.84966075715096,16.4957261266151,8.93604271070826,16.7184413703378,8.81652941496997,16.5683565927053,8.91841098025793,16.4195385540522
8.99948872813551,16.8699421338667,8.85359936320455,16.5041560824228,8.94169841185164,16.7257514328144,8.82094240255072,16.5765481928651,8.92202208547033,16.4281139077889
9.00549289115689,16.8769196163484,8.85766422370829,16.5125140030584,8.94741337912433,16.7330130685553,8.82547819716415,16.5846601898751,8.92576219550721,16.4366221100184
9.01149705417827,16.88389709883,8.86185299404745,16.5207962840511,8.95318587797446,16.7402247497116,8.83013423470816,16.5926890932738,8.92962910023348,16.4450594688015
9.01769451050552,16.8906953290341,8.86616413005413,16.5290011881761,8.95911138885761,16.747296178226,8.83490885603335,16.6006332317776,8.93362132013664,16.4534241879009
9.02397302097608,16.8974183929528,8.87059846161134,16.5371314018443,8.9651342593128,16.7542806483474,8.83980302532355,16.6084952148359,8.93773958317718,16.4617189802539
9.03021217815114,16.9037793688994,8.87515810203544,16.5451913178893,8.97119566868702,16.7610365766411,8.84481908691696,16.6162792814814,8.94198583800989,16.4699483111712
9.03641166793922,16.9097753669316,8.87983672596905,16.5531701386329,8.97729137408812,16.7675576419684,8.84995008775507,16.6239749902058,8.94635417371435,16.4781011478275
9.04285985126257,16.9158541517009,8.88461986229592,16.5610449520656,8.98355613648446,16.774057827819,8.85518023912261,16.6315602783607,8.95083097376612,16.4861540566818
9.04942684143257,16.9219724856736,8.8895040184663,16.5688132589123,8.98992255871232,16.7805149285042,8.8605058856297,16.6390328322777,8.95541282150301,16.4941044179364
9.05609681782854,16.9279406851209,8.89449521745254,16.5764874377938,8.99638641753141,16.7868399024911,8.86593373262008,16.6464046411382,8.96010526928329,16.5019648264916
9.06281618626982,16.9338368802666,8.89959472346762,16.5840710949582,9.00292177824286,16.7930734655137,8.87146522890815,16.653679210981,8.96490944984083,16.5097389288034
9.06965283662273,16.9394997658606,8.90480136395172,16.5915637569917,9.009562019575,16.7991346960214,8.87709915563354,16.6608561155458,8.96982421663393,16.5174262011967
9.07653896231916,16.9450642298818,8.91011215745476,16.5989641698466,9.01627170874514,16.8050905398523,8.8828324431364,16.6679342545996,8.97484664402121,16.5250252709552
9.0834250880156,16.9506286939029,8.91552183544545,16.606271905435,9.02302346199472,16.8109903785854,8.88865978636202,16.6749134871021,8.97997148665039,16.5325355042018
9.09031121371203,16.9561931579241,8.92102628817214,16.6134870792558,9.02981521176441,16.8168345918457,8.89457706860578,16.6817941486933,8.98519463492545,16.5399568555062
9.09743534245121,16.9616006526397,8.92662017809442,16.6206114619222,9.03676340038977,16.822546041106,8.90057904432868,16.6885783008335,8.99051068830769,16.5472908864085
9.10465922400568,16.9669423577337,8.93230302875898,16.6276512596927,9.04379917423708,16.8281733701351,8.90666558125061,16.6952721496982,8.99591893811546,16.554543773995
9.11180885770215,16.9722266007789,8.93807454829743,16.6346161668706,9.05083629290276,16.833725398627,8.91283693825083,16.7018853730087,9.0014187306114,16.5617251841825
9.11812728640173,16.9768675560135,8.94392776816861,16.6415115432339,9.0574933918397,16.8389123031015,8.9190864579237,16.7084237139229,9.00700290599352,16.5688401953106
9.12507194907305,16.9818376421388,8.94984429096116,16.6483262223516,9.06448906084097,16.8442164533015,8.92539510181078,16.7148770933274,9.012653500923,16.5758769467184
9.1323115951202,16.9869627631959,8.9558083831326,16.6550617096062,9.07164970792218,16.8495533355471,8.93174723483915,16.7212479323598,9.01835472161598,16.5828363480286
9.13955831545846,16.9920407866092,8.96182171323836,16.6617340763004,9.07883332088521,16.8548300021095,8.93814545607775,16.7275521675429,9.0241076239727,16.5897345166795
9.14680792612958,16.9970995674064,8.96787308414887,16.668359691561,9.08603343216065,16.8600698637413,8.94457954391778,16.7338067963205,9.0299003992891,16.5965873716767
9.1540575368007,17.0021583482036,8.97395011728702,16.6749508922361,9.09324327539526,16.8652901773621,8.95103786378036,16.7400248637578,9.03572021267489,16.6034067580315
9.16130714747181,17.0072171290008,8.98004389715557,16.6815161129697,9.1004589632446,16.8704962507573,8.95751201046828,16.7462153161669,9.04155783667274,16.6102007570326
9.16860697958438,17.0121777110486,8.98614438895758,16.688064579433,9.10770116219366,16.8756448946308,8.96399251149334,16.7523879590135,9.04740289380053,16.6169781990589
9.17592740397155,17.0170980287081,8.99224772738269,16.6946006518694,9.11495344590585,16.8807677152699,8.97047576568853,16.7585473743969,9.05325135532224,16.6237432918634
9.18326892878132,17.0219719235164,8.9983510556376,16.7011280993672,9.1222149974014,16.8858637565728,8.97695914472869,16.7646974949523,9.05910022253761,16.6304996917125
9.19061915378605,17.0268266771035,9.00445618942747,16.7076459604192,9.12948067437922,16.8909456840947,8.98344440232685,16.7708372510688,9.06495134504458,16.6372465084948
9.19818932444314,17.0313964087979,9.01056460864391,16.7141534306689,9.1368570139729,16.895879678364,8.9899329659072,16.7769657498278,9.07080623183398,16.6439829953432
9.20584906744097,17.0358500660083,9.01668075662509,16.7206492249648,9.14428120713995,16.9007487605834,8.99642919156311,16.7830814396409,9.07666937227988,16.6507080376311
9.21308550229994,17.0407222029685,9.02280904305699,16.72713300682,9.15149922152476,16.9058192725179,9.00293745827938,16.789183716764,9.08254518788926,16.6574214654189
9.21988041747482,17.0460308234969,9.02894812534296,16.7336037861027,9.15850131212658,16.9110996920318,9.00945636362664,16.7952716711752,9.08843237844329,16.6641222342717
9.22701939375537,17.0510837668845,9.03509080541082,16.7400615408333,9.16567657909417,16.9162447774224,9.01597871843764,16.8013457144988,9.09432375479519,16.6708100440221
9.23434929235174,17.0559948329397,9.04123367429486,16.7465087848467,9.17294677690698,16.9213132841432,9.02250126903037,16.8074085626132,9.10021581493544,16.6774872755441
9.24168160126754,17.0608847093446,9.04737443229499,16.7529520175498,9.18021683046628,16.926369342869,9.02902211140527,16.813466843822,9.10610601461296,16.6841603336318
9.24901522584868,17.0657630194448,9.05351170716401,16.7593943752118,9.18748566484872,16.9314196213584,9.03554006535898,16.8195237730209,9.11199286363536,16.6908322991331
9.25634885042983,17.0706413295451,9.05964384568895,16.7658378784374,9.19475193863369,16.9364711203996,9.0420536036623,16.8255814685794,9.11787463319704,16.6975051278834
9.26368247501097,17.0755196396453,9.06577208326927,16.7722815072433,9.20201628336989,16.9415230655886,9.04856389784787,16.8316388374509,9.12375259557175,16.7041778489438
9.2713123939985,17.0799314851267,9.07189869850347,16.7787230938992,9.20942796719955,16.9463406807441,9.05507309029411,16.8376935766336,9.12962910852244,16.7108483847854
9.2790713868059,17.0841401260624,9.07802625572936,16.7851615873654,9.21690471890105,16.951054607167,9.06158367597977,16.8437444798473,9.13550677416271,16.7175157832505
9.28649924842798,17.0889736199246,9.08415676253919,16.7915970690198,9.22421754954562,16.9560785661062,9.06809766303562,16.8497915047774,9.14138759697977,16.7241802007691
9.2936174048443,17.0943915353476,9.09029245612923,16.7980341852763,9.23137872897199,16.9613943738703,9.07461756879148,16.8558391514656,9.14727364040648,16.7308463611565
9.30073556126061,17.0998094507706,9.09643836722014,16.8044800925081,9.23854633432381,16.9667127410261,9.08114885443056,16.8618942527099,9.15316966438914,16.7375216023038
9.30785371767693,17.1052273661936,9.10259526259871,16.8109398363873,9.24572132464735,16.9720359084644,9.08769259786036,16.8679617953437,9.15907624758579,16.7442109914111
9.31522840382161,17.1104048709294,9.10876138247123,16.8174150927423,9.25303138250558,16.9772444761628,9.09424714937205,16.8740435577219,9.16499156974157,16.7509161344325
9.3227093639551,17.1154827794007,9.11493559921408,16.8239052479364,9.26040091011069,16.9824084600502,9.10081134926533,16.8801389942603,9.17091452689152,16.7576363759037
9.33046573975656,17.1199421247936,9.12111648401214,16.8304092765369,9.26791377534346,16.9872678764457,9.10738371140666,16.8862471675393,9.1768437294819,16.7643706376721
9.33833251522834,17.1241535207491,9.12730158072025,16.8369221314787,9.27548586795854,16.9920056842231,9.11396147435972,16.892363190374,9.18277691296243,16.7711137849023
9.34582138615633,17.12907211371,9.13348748538613,16.8434376877981,9.28287077848938,16.9970967888195,9.12054086193607,16.8984811597925,9.1887109058868,16.7778595701538
9.35293137537728,17.1346997323045,9.13967410856215,16.8499537565206,9.29006767885073,17.0025411659226,9.12712164906931,16.9045988961897,9.1946457017703,16.784605802861
9.36004136459823,17.1403273508989,9.14586170839247,16.8564709001675,9.29726604797871,17.0079847490445,9.13370412823163,16.9107169449843,9.20058153826428,16.7913530540118
9.36715135381918,17.1459549694934,9.15204972761125,16.8629900520643,9.30446555461334,17.0134282470937,9.14028780135704,16.9168362726829,9.20651782358037,16.7981022346992
9.37438577630756,17.1511649855502,9.15823754168541,16.8695118046428,9.31172804947535,17.0186633658181,9.14687208232182,16.9229575098036,9.21245391094209,16.8048539134938
9.38166723943992,17.1562171315075,9.16442089975757,16.8760314222623,9.31901221236532,17.0238181725086,9.15345243222716,16.9290761964337,9.21838572768205,16.8116032009464
9.38934546921619,17.1606715672326,9.17059387666161,16.8825424432281,9.32648922014402,17.0286703655682,9.16002253132854,16.9351862566358,9.22430758830875,16.8183434238353
9.39718477680176,17.1648833468364,9.17675937856137,16.8890467722784,9.33404265796279,17.0333983806856,9.16658539778932,16.9412894110569,9.23022232094101,16.825076599012
9.40447611329886,17.1697628806525,9.18292298720523,16.8955503283918,9.34132121705171,17.0384599184743,9.17314697316808,16.9473912175258,9.2361352812692,16.8318088507743
9.41125279294238,17.1752695721584,9.18908287676967,16.9020512121946,9.34834048834673,17.0438339070974,9.17970531506716,16.9534898961695,9.24204471669278,16.8385382120099
9.4180294725859,17.1807762636643,9.19523238879412,16.9085424188875,9.35535381929896,17.0492040266122,9.18625333531404,16.959578877473,9.24794423210072,16.8452574366988
9.42480615222942,17.1862829551702,9.20136835332752,16.9150205038128,9.36235916792539,17.054569107147,9.19278765013689,16.9656549267528,9.25383078036283,16.8519629713242
9.43228298785946,17.1908665161232,9.20749081162906,16.9214854278094,9.36970643733219,17.0594678254195,9.19930829510918,16.9717180057627,9.25970439670648,16.8586547849037
9.44004183336264,17.1950782571744,9.21360442471297,16.927942156215,9.3771891979368,17.064177992007,9.20582023390202,16.9777727774184,9.26556955094461,16.86533801559
9.44712021578091,17.2001207264582,9.21971574299033,16.9343976429407,9.38433014075747,17.0693036009148,9.21233044366526,16.9838257674887,9.27143253266431,16.8720198540576
9.45350820904586,17.2060060419946,9.2258237884385,16.9408508879644,9.39112388510944,17.0748500950813,9.2188378846232,16.9898760404339,9.27729240918779,16.8786992580477
9.46028247531313,17.2114725483926,9.23192281157762,16.9472958448281,9.3981054488295,17.0801841090952,9.22533643342379,16.9959179288567,9.28314366359801,16.8853699682088
9.46740130709127,17.2165654662048,9.23801171913613,16.9537313777523,9.40525329654172,17.0853278505945,9.23182492496841,17.0019503708787,9.28898524372085,16.8920308105686
9.47452385423901,17.2216384597636,9.24409391836135,16.9601611018223,9.41239897598292,17.0904596622559,9.2383069888354,17.0079767584415,9.29482041914273,16.8986855252003
9.48164862972978,17.2266995034827,9.25017126268259,16.9665869883312,9.41954286634498,17.0955842874023,9.24478459964531,17.0139989415689,9.30065097040105,16.9053361494904
9.48876217839942,17.2317654840115,9.25624414655141,16.9730094649383,9.42667853967622,17.1007102514491,9.25125817773427,17.0200173226618,9.3064772783952,16.9119831231935
9.49586959696897,17.2368341601507,9.26231287317894,16.9794288611438,9.43380879293711,17.1058364721969,9.25772804633959,17.0260322117507,9.31229963631575,16.9186267847418
9.50297401593052,17.2418951777096,9.26837768287511,16.9858454383198,9.44093539298997,17.1109577968449,9.26419446165004,17.0320438548155,9.31811827662535,16.9252674025032
9.51007715505577,17.2469529275984,9.27443890817911,16.9922595540001,9.44805944410955,17.1160764996913,9.27065777813953,17.038052587802,9.32393351991687,16.9319053447752
9.51718029418103,17.2520106774873,9.28049690243078,16.9986715865572,9.45518183424825,17.1211943134879,9.27711837241474,17.0440587660776,9.32974570644374,16.9385410017618
9.52428343330628,17.2570684273762,9.28655177008728,17.0050816502063,9.46230265808505,17.1263112395344,9.28357635574327,17.0500624973883,9.33555493737768,16.9451744906085
9.53138008533963,17.2621276665627,9.29260350968459,17.0114897462003,9.46941869767601,17.1314279871603,9.29003172636499,17.0560637836303,9.34136121206107,16.9518058117983
9.53847416614545,17.2671874960481,9.29865230815878,17.0178960745977,9.47653204251475,17.1365441587155,9.29648468343541,17.0620628128488,9.3471647105507,16.9584351716315
9.54593669221615,17.2717109016073,9.30469842718374,17.0243009141953,9.48382837386097,17.1413913342415,9.30293550587967,17.0680598467262,9.35296568449995,16.9650628580133
9.55354303032424,17.2760249294784,9.31074263607469,17.0307050811083,9.49119585217479,17.1461333342975,9.30938501422258,17.074055650017,9.35876487291406,16.9716897146365
9.5605156215399,17.281115071492,9.31678590092528,17.0371096001915,9.49824630471563,17.1512632677846,9.31583423926795,17.0800511826085,9.36456320401765,16.9783168008103
9.56684775539232,17.2869895455839,9.32282765932898,17.0435138769167,9.50497608104629,17.1567849538097,9.32228258104535,17.0860458880477,9.37036013871297,16.9849435008276
9.57381558357807,17.2924279127601,9.32886623610307,17.0499161366553,9.51202227407487,17.1620874499203,9.3287282517431,17.092038105373,9.37615406903011,16.9915679789729
9.58112328360598,17.2976331168373,9.33490899800115,17.0563241891034,9.51924137121712,17.1672753062593,9.33517911399004,17.0980351449598,9.38195206690761,16.9981983129122
9.58847449332593,17.302882826975,9.34096853951611,17.0627513911039,9.52649287412281,17.1724923988555,9.34164861310454,17.1040495069487,9.38776621981982,17.004848320043
9.59585044344442,17.3081578440645,9.34704790869691,17.0692009850192,9.53376958815035,17.1777298978704,9.34814000813359,17.1100842216799,9.39359945306784,17.0115213539245
9.6032263935629,17.313432861154,9.35314500578459,17.0756707560313,9.54105824000201,17.1829737945478,9.35465106367471,17.1161372114854,9.39944974937434,17.0182151243845
9.61060234368138,17.3187078782436,9.35925906666744,17.0821599039639,9.54835859601044,17.1882234667973,9.36118096928686,17.122207723331,9.40531637144871,17.0249288064449
9.61801319259549,17.3240044139056,9.36539008673888,17.0886684330011,9.55568823563387,17.1934894920205,9.36772972479879,17.1282957573806,9.41119931197559,17.0316624063811
9.62543838840434,17.3293097958529,9.37153665159632,17.0951948501222,9.56303611755127,17.1987648353044,9.3742958238946,17.1343999135589,9.41709721212725,17.038414380447
9.63287594492433,17.3346314670839,9.37769676787716,17.1017370462345,9.57040008085595,17.2040523545003,9.3808771410942,17.1405182161407,9.42300815928861,17.0451825460936
9.64031861212282,17.3399598733071,9.38386917898633,17.1082936934001,9.57777572351584,17.2093467848888,9.38747233738238,17.1466494204985,9.42893094983659,17.0519655272288
9.6477453291138,17.3452758967743,9.39005292979913,17.1148637829586,9.58515189380331,17.2146382397122,9.39408039536824,17.1527925809698,9.43486467001353,17.0587622776129
9.65516593254326,17.3505871740499,9.39624551943455,17.1214446631427,9.59253194854385,17.2199295851483,9.40069864543936,17.1589452158839,9.44080692202776,17.0655700519473
9.66280350303335,17.3553927759953,9.40244387564696,17.1280330732483,9.60002548573824,17.2249692194443,9.40732380642442,17.1651042750148,9.44675475943643,17.072385475457
9.67052774018186,17.3599963878737,9.4086453215101,17.1346261706764,9.60756560765866,17.2299080706065,9.41395301858577,17.1712670999035,9.45270561482956,17.07920560629
9.67786420950604,17.3653281702586,9.41484730270293,17.1412212412154,9.61491339725128,17.2352103906422,9.42058355220968,17.1774311529527,9.45865703727394,17.0860276365611
9.68475834724239,17.3714905858115,9.42105120193349,17.1478197557104,9.62204222978235,17.2409282262142,9.42721688586006,17.1835978087633,9.46461035532815,17.0928530862422
9.69203780654396,17.3770519487999,9.4272615389726,17.1544265222574,9.62936854924967,17.2463477461101,9.43385785266188,17.1897715604819,9.4705699088574,17.0996869264567
9.69947211934379,17.3823717600541,9.43347855443278,17.1610417998262,9.6367772882487,17.251648771301,9.44050671156702,17.1959526488815,9.47653592899202,17.1065294247065
9.70710622556496,17.3872449390193,9.43969920997108,17.1676623590559,9.64428912887462,17.2567274499526,9.44716021517422,17.2021380550597,9.48250549831473,17.1133772420187
9.71482592003106,17.3919267879924,9.44592161916558,17.1742861944523,9.65184581162023,17.2617106840498,9.45381634703517,17.2083259044593,9.48847680475326,17.1202283055098
9.72216542702435,17.3972979377668,9.4521443319434,17.1809117634536,9.65921351210505,17.2670382785809,9.4604735566317,17.2145147556688,9.49444845511172,17.1270810210958
9.72912516391262,17.4033576316315,9.45836813966405,17.1875399088881,9.66639283421938,17.2727102962408,9.46713269077171,17.2207053959387,9.50042120871431,17.1339362606137
9.73641976949627,17.408891721089,9.46459549282937,17.1941732408963,9.67374252841135,17.2781207390032,9.47379637165995,17.2269002630071,9.50639741846256,17.140796722553
9.74384949621707,17.4142137266277,9.47082643662734,17.2008118094587,9.68116276704877,17.2834263603366,9.48046464870561,17.2330994028195,9.51237712813192,17.1476624581612
9.75127320100811,17.4195327165772,9.47705931624325,17.2074538535792,9.68858200637436,17.2887309766227,9.48713575212539,17.2393011701134,9.51835874867826,17.1545316469084
9.75869451830241,17.4248505109449,9.4832935408038,17.2140987449473,9.69600169668892,17.2940352695013,9.49380905029545,17.2455049777103,9.52434171221874,17.1614036396644
9.76611089510682,17.4301654512865,9.48952894959236,17.2207463131164,9.70342043811796,17.2993383809111,9.50048437170945,17.2517106661767,9.5303258639485,17.1682782606284
9.77352530656766,17.435479256287,9.49576539887748,17.2273964056175,9.71083960433152,17.3046411494059,9.50716156297569,17.2579180929184,9.53631106541131,17.175155352558
9.78113702263632,17.4404200790181,9.50200275154371,17.2340488769582,9.71835872480511,17.3097576272602,9.51384047774474,17.2641271218867,9.5422971845086,17.1820347654235
9.78882876785329,17.4452096156052,9.50824063068619,17.2407033258156,9.72591891562127,17.3147985336265,9.52052071285889,17.2703373782914,9.54828385893238,17.188916084711
9.79627390604152,17.4503701822731,9.51447856153054,17.2473592461393,9.73335655127648,17.3200248601556,9.52720176017871,17.2765483897457,9.55427063220513,17.1957987878395
9.80344419668049,17.4559442680078,9.52071660443237,17.2540167026123,9.74065752323782,17.3254579111203,9.53388368457255,17.2827602165567,9.56025756175602,17.202682942144
9.81061448731946,17.4615183537426,9.52695517670003,17.2606761408705,9.74795948944727,17.330891124416,9.54056693326177,17.2889732744843,9.56624504805752,17.2095690084843
9.81778477795842,17.4670924394773,9.53319449805892,17.267337795946,9.75526257856038,17.3363245967248,9.54725174196641,17.2951877826665,9.5722333020756,17.2164572298207
9.82512890925412,17.4724888522457,9.53943456811196,17.2740016680683,9.76265371499919,17.3416694857371,9.5539381106849,17.3014037411033,9.5782223235093,17.2233476063122
9.83254807022715,17.4778085813109,9.54567516774973,17.2806675239427,9.77008336601872,17.3469761889168,9.56062580508367,17.3076209319486,9.58421190193822,17.2302398968329
9.8399642630707,17.4831197314217,9.55191598357416,17.2873350293854,9.77751234263974,17.3522786306648,9.56731448969161,17.3138390433338,9.59020173623538,17.2371337561349
9.84737933679879,17.4884276468891,9.55815687452054,17.2940040341513,9.78494147652416,17.3575794359028,9.57400401364388,17.3200579350086,9.59619169072594,17.2440290291224
9.85496613848982,17.493425771314,9.56439777645341,17.30067447007,9.79245714263401,17.3627253140084,9.58069430846468,17.3262775433156,9.60218170362715,17.2509256455193
9.8626204448299,17.4983021197902,9.57063864670419,17.3073462917824,9.80000719428264,17.3678102680882,9.58738532861973,17.3324978259245,9.60817173370321,17.2578235586919
9.87004782954248,17.5034557136425,9.57687945025713,17.3140194621393,9.80744438973601,17.3730338050064,9.59407703679495,17.3387187481468,9.61416174721269,17.2647227303635
9.87719627246603,17.5089501093924,9.58311948922011,17.320693235091,9.81474228960016,17.378427425386,9.60076868485322,17.3449396144799,9.62015107345595,17.2716223899799
9.88434471538958,17.5144445051422,9.58935723017983,17.3273659706553,9.8220394153054,17.3838201264346,9.60745862848763,17.3511588963002,9.62613823875821,17.2785208437078
9.89149315831314,17.519938900892,9.59559182806619,17.3340367640072,9.82933520548692,17.3892116295021,9.61414596099995,17.3573757506992,9.63212242991409,17.2854171580102
9.89881474618052,17.5252804144036,9.60182328352944,17.3407056144007,9.83671617375158,17.3945255763074,9.62083068239151,17.3635901776783,9.63810364602186,17.2923113335689
9.90620234420372,17.5305636427575,9.60805185310589,17.347372795009,9.84412886176432,17.3998094354872,9.62751306720089,17.3698024324615,9.64408213246264,17.2992036536507
9.91374603271586,17.5355882009296,9.61427789078247,17.3540386835318,9.85161849769436,17.4049631968855,9.63419349463172,17.3760128675743,9.65005822873673,17.3060945090599
9.92135145934409,17.5405104478729,9.62050232190258,17.3607042697321,9.85913845880015,17.4100654308047,9.64087295712607,17.3822224056368,9.656032823743,17.3129849224491
9.92863077653691,17.5457626888557,9.62672630115362,17.3673707896526,9.86649553982975,17.4153327388784,9.64755269360026,17.3884321984032,9.66200702745612,17.3198761701998
9.93554878171603,17.551380545788,9.63294909135516,17.3740374540206,9.87367173339741,17.4207825713857,9.65423191314134,17.3946415106044,9.66798013293515,17.3267674358764
9.9429361721874,17.5565213316132,9.63916844954613,17.380701859914,9.88108104504501,17.4259926376179,9.66090820836278,17.4008481042221,9.67394998553587,17.3336562370888
9.9505186535233,17.5614638321144,9.64538477321755,17.3873644320538,9.88858653351229,17.4311025428595,9.66758200538465,17.4070523753974,9.67991696611886,17.3405430135647
9.95779042933107,17.5666404360995,9.65160029329709,17.394027560195,9.89593662904588,17.4363294341162,9.67425569868016,17.4132565501436,9.68588321767063,17.34743023426
9.96462929606885,17.5721432187724,9.65781303845027,17.4006891309971,9.90306905883361,17.4417185023787,9.68092717165222,17.4194586607741,9.69184684723217,17.3543157153864
9.97178633712234,17.5774876788695,9.66401672482261,17.4073424057896,9.91035553133957,17.4470249381211,9.68758967608623,17.4256524338357,9.69780181527481,17.3611924984775
9.97913028751367,17.5827391334462,9.67021022462447,17.4139861708136,9.91772957788751,17.4522811465584,9.69424199858801,17.4318367413007,9.70374703204636,17.3680593355245
9.98646221089501,17.5879806457998,9.67639755332239,17.4206247282679,9.92509401086272,17.4575305298541,9.70088844938936,17.4380155901607,9.70968635177391,17.3749206737805
9.99378782310227,17.5932169409713,9.68258038856681,17.4272598748564,9.93245267178721,17.4627761881668,9.70753082893842,17.4441906541958,9.71562138632511,17.3817783692233
10.0011008863936,17.5984413244072,9.6887590227507,17.4338919225239,9.9398026501844,17.4680148499978,9.71416945045005,17.4503622245849,9.7215524182875,17.3886327427544
10.0084080195998,17.6036600788624,9.69493380271171,17.4405212421885,9.94714750966409,17.4732497373843,9.72080468592269,17.4565306471551,9.7274797827164,17.3954841760138
10.015715152806,17.6088788333175,9.70110509099129,17.4471482219685,9.95449047957402,17.4784837513959,9.72743692441202,17.4626962835906,9.73340382978025,17.4023330683637
10.0230222860122,17.6140975877726,9.70727300419508,17.4537729860776,9.96183167163815,17.4837168819763,9.7340662907707,17.4688592499602,9.73932467326366,17.4091795466727
10.0303194234019,17.6193092913628,9.71343754273332,17.4603955339976,9.96916611961333,17.4889455591595,9.74069278500027,17.4750195462655,9.74524231480334,17.4160236094245
10.0376121441769,17.6245178795544,9.71959889783274,17.4670160701245,9.97649675100142,17.4941717983371,9.7473166121754,17.4811773631532,9.75115693908192,17.4228654669875
10.0449037048473,17.6297186886769,9.72575734501255,17.4736348894123,9.9838253813287,17.4993933526543,9.75393806798139,17.4873329755062,9.75706881171945,17.4297054232994
10.0521947940334,17.6349163362676,9.73191310154998,17.4802522244513,9.99115250771942,17.5046125907029,9.76055738560713,17.4934866001076,9.76297814234302,17.4365437179075
10.0594789589868,17.6401162005652,9.73806635423257,17.48686827528,9.99847503635579,17.5098322514353,9.76717476557594,17.4996384233733,9.76888511110467,17.4433805568842
10.0667594886101,17.6453172286683,9.74421721446984,17.4934831609068,10.0057946960643,17.5150518305054,9.7737903273566,17.505788556367,9.77478982569824,17.4502160626506
10.0740399346827,17.6505135105603,9.75036576978417,17.5000969747377,10.0131133302447,17.5202683885145,9.78040416477266,17.5119370863114,9.7806923706743,17.4570503313495
10.0813203434597,17.6557076738224,9.75651213844442,17.5067098433602,10.0204310458882,17.5254832708925,9.78701640477893,17.5180841312296,9.78659286015427,17.4638834933572
10.0887149336554,17.6607623369811,9.76265644795237,17.5133219033309,10.0278050406588,17.5306278240163,9.79362718428183,17.5242298183961,9.79249141700056,17.4707156894547
10.0961598831978,17.6657554740687,9.76879931698901,17.5199338198189,10.0352037903445,17.5357412748013,9.80023716867903,17.5303747663955,9.79838863602603,17.477547606273
10.1033741704877,17.6709384551074,9.77494158016115,17.526546490852,10.0424873128135,17.5409496226933,9.80684725595218,17.5365198100332,9.80428531980954,17.4843801706104
10.110353562489,17.6763147640494,9.78108271117485,17.5331593500463,10.0496532054684,17.5462543450255,9.81345687991296,17.5426644229541,9.81018096365504,17.4912127967892
10.117654136336,17.6814262423711,9.78722113278192,17.5397706990275,10.0569785633244,17.5514256897443,9.82006434307867,17.5488070270998,9.81607405245874,17.498043730805
10.1250833357662,17.6864316624162,9.79335716967511,17.5463808865521,10.0643672824444,17.556543209237,9.82666999451576,17.5549479469786,9.82196489752334,17.5048733334501
10.1323207464656,17.6916161908416,9.79949239053,17.5529916015832,10.0716600930628,17.5617501574679,9.83327552253232,17.5610887521199,9.8278550059282,17.5117033489069
10.1393660230568,17.6969801501898,9.80562664758754,17.5596026847954,10.0788567522792,17.5670466070683,9.83988076805537,17.5672292946421,9.83374423632384,17.5185336121693
10.1465774772178,17.7022387980197,9.81175874748731,17.5662128501485,10.0861357069293,17.5722896702617,9.84648444621669,17.5733683800722,9.83963144248744,17.525362795046
10.1538793498822,17.7074401450367,9.81788856439581,17.5728219613597,10.0934589894582,17.5775033162146,9.85308642123698,17.5795058821834,9.8455165031288,17.5321907572296
10.1611759345765,17.7126389432846,9.82401682586184,17.5794308020424,10.1007791739031,17.5827152427285,9.85968747633804,17.585642529095,9.8514001171021,17.5390183080627
10.1684696023959,17.7178363356166,9.83014382354523,17.5860396862315,10.1080976254506,17.5879261384717,9.86628792548859,17.5917786126869,9.85728256483869,17.5458457716813
10.1757632702153,17.7230337279486,9.83626961222078,17.5926486727259,10.1154158460575,17.5931367146244,9.87288782761799,17.5979141877426,9.86316389921579,17.5526732086328
10.1830569380347,17.7282311202806,9.84239421130873,17.5992577823892,10.1227338579746,17.5983469645751,9.87948720367616,17.6040492737381,9.86904413924747,17.5595006401922
10.1904247698857,17.7333132876031,9.84851762083568,17.6058670150589,10.1300887519942,17.6034992634729,9.8860860536634,17.6101838706737,9.87492328518415,17.5663280660447
10.1978234965334,17.7383474551987,9.85464012076645,17.6124766726914,10.1374590705777,17.6086273302919,9.89268467923785,17.6163182589847,9.88080160619863,17.5731557978403
10.2050392167118,17.7435116082578,9.86076210754374,17.6190871832252,10.1447381145485,17.6138203073963,9.89928350772025,17.6224528359284,9.88667948351191,17.5799842771665
10.2120683054553,17.7488083215134,9.86688333004149,17.6256982756354,10.1519239339939,17.6190793567033,9.90588226857427,17.6285873500016,9.89255667622648,17.5868132239022
10.2193532080203,17.7539259308074,9.87300304582731,17.6323091481337,10.1592373065327,17.6242483292092,9.91248016155408,17.6347210572587,9.89843247104189,17.5936418102695
10.2267421635467,17.7589706890823,9.87912140502414,17.63891996253,10.1666024324981,17.6293804283195,9.91907734839267,17.6408541080542,9.90430701207778,17.6004702034817
10.2340357195074,17.7641838745113,9.88523914588915,17.6455315161376,10.1739200276859,17.634596609053,9.92567462500213,17.6469872423048,9.91018100863131,17.6072992267565
10.2412326367948,17.7695676747291,9.89135814342571,17.6521458351547,10.1811906256854,17.63989872549,9.93227401334944,17.6531223397249,9.91605626255546,17.6141309716462
10.2485698182267,17.7747298597948,9.8974817415522,17.6587665349732,10.1885347673536,17.6450919733059,9.93887912037637,17.6592627534947,9.92193598762926,17.6209691697392
10.2559674938456,17.7797964649923,9.90360929795685,17.6653929240655,10.1959122872945,17.6502389500905,9.94548925491245,17.6654078410701,9.92781956882124,17.6278131051752
10.2633179233205,17.785036244164,9.90973748581652,17.6720214076609,10.2032673654262,17.6554725488614,9.95210082975385,17.6715542676201,9.93370381067789,17.6346590659544
10.2706202793921,17.7904522295107,9.91586801476072,17.6786538358933,10.2106006198233,17.6607950082142,9.95871568996055,17.6777037483981,9.93959035565648,17.6415089621294
10.2779948125755,17.795787744184,9.92200635520736,17.6852961280242,10.217975525231,17.6660802332222,9.96533973873622,17.6838617712959,9.94548445967291,17.64836890426
10.2854165100174,17.8010706751563,9.92815321042036,17.6919490490893,10.2253801234951,17.6713422923891,9.97197373723643,17.6900290439189,9.95138679941848,17.6552396810164
10.2928381456646,17.80634832606,9.93430518272406,17.6986089267381,10.2327888471488,17.6766032688382,9.97861402130997,17.6962021599024,9.95729411141806,17.6621175003264
10.3002597547795,17.8116237099046,9.94046064794677,17.7052740058435,10.2402007467603,17.6818639653923,9.98525883962865,17.7023794911304,9.96320483493536,17.6690005504564
10.3076810598073,17.8168982560335,9.94661920348524,17.7119438525081,10.2476154083543,17.6871249728081,9.99190775875398,17.7085606346585,9.96911858320756,17.6758883833683
10.3151022383447,17.8221724536999,9.95278053257023,17.7186181252754,10.2550326857356,17.6923864642381,9.99856043763664,17.7147452734312,9.97503505185103,17.6827806465566
10.3225227221959,17.8274472437278,9.95894435794386,17.7252965251741,10.2624520838179,17.6976488550075,10.0052165777199,17.7209331298966,9.98095397420798,17.6896770315934
10.3299429048242,17.8327222906095,9.9651104506471,17.7319788054408,10.2698736223538,17.7029119358592,10.0118759325374,17.727123974928,9.98687512991126,17.6965772840471
10.3373624555899,17.8379937689104,9.97127859929143,17.7386647381503,10.2772969765519,17.7081737501906,10.0185382744896,17.7333175969383,9.99279831545126,17.7034811689646
10.3447817626136,17.8432638706251,9.97744857438688,17.7453540757826,10.2847221748928,17.7134353357008,10.0252033564394,17.7395137661774,9.99872330995015,17.7103884311447
10.3521998416654,17.8485355717601,9.98362014658341,17.7520465708021,10.2921485610864,17.7186981202213,10.0318709313109,17.7457122529521,10.0046498925951,17.7172988154405
10.3596173208905,17.8538080541633,9.98979315843025,17.7587420534586,10.2995763303476,17.7239616621838,10.0385408296076,17.7519128996907,10.010577911635,17.72421214702
10.3670339797076,17.8590784795009,9.99596747069685,17.7654403735672,10.3070052684157,17.7292245120542,10.0452129014139,17.7581155670245,10.0165072328994,17.7311282711937
10.3744502787607,17.8643480027769,10.0021429319055,17.7721413677081,10.3144354979428,17.734487206601,10.0518869836075,17.7643201033076,10.0224377105667,17.7380470195092
10.3818651029257,17.8696158951165,10.0083193899171,17.7788448716588,10.3218663547014,17.7397493383505,10.0585629123057,17.770526356187,10.028369198147,17.7449682227189
10.3892792864024,17.8748830789806,10.014496675385,17.7855507023731,10.3292981394402,17.7450113171229,10.065240504947,17.7767341559451,10.0343015326222,17.7518916921524
10.396693469879,17.8801502628447,10.020674611985,17.7922586690408,10.3367310518001,17.7502734428777,10.0719195713255,17.7829433257576,10.0402345442058,17.7588172311925
10.4041076533557,17.8854174467088,10.0268531460583,17.7989687140174,10.3441650460864,17.7555357120662,10.078600053838,17.7891538120739,10.0461681810924,17.7657447805559
10.4115445996472,17.8906162608026,10.0330322772667,17.8056808374733,10.3516114930097,17.7607639548742,10.0852819524836,17.7953656148932,10.05210244266,17.7726743406735
10.4189916036802,17.8957848657386,10.0392117263124,17.8123947365898,10.3590638613972,17.7659771475169,10.0919649656222,17.801578453797,10.0580370603293,17.7796055992155
10.4263227755113,17.901000399078,10.0453910907609,17.8191099745616,10.3664589489019,17.7712137084726,10.0986486583347,17.8077919244641,10.0639716470544,17.7865381057181
10.4335226135833,17.9062691411412,10.0515704805629,17.8258266710998,10.3737890556587,17.7764768467524,10.1053331497421,17.8140061376351,10.069906308084,17.7934719840825
10.4408970821892,17.9114739407043,10.0577503933977,17.8325453674252,10.3812074582632,17.7817082071358,10.1120189784237,17.8202215939981,10.0758415215765,17.800407792886
10.4483442065131,17.9166521367398,10.0639307437625,17.8392659711332,10.3886631199336,17.7869264199221,10.11870605225,17.8264382079054,10.0817772054682,17.8073454366912
10.4557740417708,17.9219071158995,10.0701110362047,17.8459879440078,10.3961107671934,17.7921829707416,10.1253938355166,17.8326554813413,10.0877128834573,17.8142843602971
10.4631878290215,17.9272333664688,10.0762918959581,17.8527119663683,10.4035513968273,17.7974753718614,10.1320830050276,17.8388740434941,10.0936491563652,17.8212252657105
10.4706016162722,17.932559617038,10.0824748089972,17.8594396552635,10.4109939514056,17.802768590324,10.1387751693023,17.8450953897183,10.099587452663,17.828169821031
10.478015403523,17.9378858676072,10.0886604899636,17.8661717896741,10.4184389072522,17.8080628677356,10.1454711026585,17.8513202398554,10.1055284600987,17.8351188291178
10.4854730014261,17.9431972345512,10.0948489378668,17.8729083703666,10.4259082170159,17.8133506949315,10.1521708050943,17.8575485939036,10.1114721784932,17.8420722900204
10.492948257521,17.9485026025451,10.1010398146169,17.87964903121,10.4333886348091,17.8186363223012,10.1588739116913,17.863780112618,10.1174182834508,17.8490298254585
10.5004148512133,17.9537374251994,10.1072326464591,17.8863932580038,10.4408667292318,17.823887254357,10.1655799104496,17.8700143200197,10.1233663198608,17.8559909046952
10.5078778854199,17.9589432599234,10.1134265956195,17.8931401396355,10.4483445387094,17.8291239234034,10.1722878949259,17.8762503734368,10.1293154823115,17.8629545879224
10.515290319021,17.9642147778427,10.1196206723133,17.8998885988161,10.4557979147664,17.8343932862355,10.1789967937292,17.8824872768548,10.1352648189106,17.8699197642611
10.5226513417599,17.9695530307285,10.1258153932099,17.9066391987498,10.4632267311685,17.8396961364672,10.1857071667056,17.8887255507323,10.141214825613,17.8768870152753
10.5300775829418,17.9748551459887,10.1320123806787,17.9133937077981,10.4706902788246,17.8449817354942,10.1924207715679,17.8949668291209,10.1471670616438,17.8838581652813
10.537530768754,17.9801423311936,10.13821018018,17.9201505419739,10.4781685455946,17.8502600624102,10.1991360333556,17.9012096478641,10.1531201292784,17.8908315799738
10.5449677341675,17.985419334634,10.1444055817661,17.9269062025608,10.4856379651397,17.8555321853122,10.2058494746068,17.9074507741523,10.1590709418387,17.8978036514487
10.5523959913999,17.990690871831,10.1505977903669,17.9336598216667,10.4931017266759,17.8608002452247,10.212560233348,17.9136894066548,10.1650187328024,17.9047734865283
10.5598242486323,17.995962409028,10.1567870260248,17.9404116377906,10.5005642325853,17.8660671889252,10.219268547318,17.9199257663845,10.1709637118004,17.9117413329468
10.5672525058647,18.001233946225,10.1629733660115,17.9471617337848,10.5080254671215,17.8713331375203,10.2259744995657,17.9261599305477,10.1769059516765,17.9187072775071
10.5746945454834,18.0064635815943,10.1691568109244,17.9539101089641,10.5154922802246,17.8765771988679,10.2326780900923,17.9323918991455,10.182845451895,17.9256713205646
10.5821422982429,18.011675847617,10.1753383153139,17.9606578039018,10.5229611992495,17.881812067594,10.2393803531789,17.9386226336935,10.1887831296466,17.9326345357995
10.5895385669495,18.016907676318,10.1815192288142,17.9674062911208,10.5304044620318,17.887056756547,10.2460827518404,17.9448534942781,10.1947202828799,17.9395984415231
10.5968821456844,18.0221595259167,10.18769916758,17.9741551516972,10.5378212669259,17.8923112834962,10.2527848700129,17.9510840941073,10.200656543819,17.9465626046669
10.6042257244193,18.0274113755154,10.1938765552316,17.9809026643482,10.5452370130024,17.8975649543742,10.2594849983121,17.9573128440579,10.2065903973355,17.9535252498264
10.6115693031542,18.0326632251141,10.2000505949574,17.9876479579423,10.5526511931485,17.9028174642782,10.2661822721529,17.9635389403716,10.212521076693,17.9604854793172
10.6189766199918,18.0378856279692,10.2062212873651,17.9943910317864,10.5600956414784,17.9080541396164,10.2728766915369,17.9697623830499,10.218448581554,17.967443293326
10.6264096194929,18.0430961655385,10.2123897433704,18.0011330984063,10.5675519854833,17.9132842689501,10.2795694609661,17.9759842918537,10.2243739795074,17.974399942727
10.6337535732398,18.0483113775822,10.2185575208305,18.00787585959,10.5749638237938,17.9185167584411,10.286262270284,17.98220623774,10.2302987687778,17.9813571820703
10.6410072456688,18.0535313289615,10.2247242599461,18.0146189220496,10.5823303568079,17.9237514357348,10.2929547291676,17.9884278578462,10.236222604751,17.9883146047265
10.6483693984468,18.058776752556,10.2308883355954,18.0213605089868,10.5897499920054,17.928997958462,10.2996450741365,17.9946475127594,10.2421439255839,17.9952703780577
10.6557837986006,18.0640344443301,10.2370496065453,18.028100465113,10.5971945114411,17.9342496865587,10.3063331515301,18.0008650596293,10.2480625949409,18.0022243424914
10.6631932124024,18.0692886500081,10.2432090753508,18.0348398860246,10.6046358952178,17.9394991849577,10.3130200490935,18.0070815096745,10.2539795763908,18.0091776280968
10.6705999752093,18.0745410023026,10.2493671012872,18.0415791641914,10.6120755358741,17.9447474128219,10.3197061565995,18.0132972252456,10.2598952156915,18.016130639337
10.6780029479866,18.0797905322516,10.2555237354944,18.0483183552426,10.6195129098364,17.9499938860627,10.3263915294661,18.0195122578619,10.2658095625584,18.0230834331586
10.6854037855635,18.0850384721672,10.2616790252291,18.0550575106948,10.6269488882019,17.9552392195259,10.3330762189692,18.0257266551917,10.2717226628933,18.0300360623271
10.6928015584115,18.0902846314758,10.2678330166445,18.0617966808789,10.634383046714,17.9604833197269,10.3397602751987,18.0319404638011,10.2776345614525,18.0369885784571
10.7001975069361,18.0955297308527,10.2739857444794,18.0685359036029,10.6418160361777,17.9657265481687,10.346443735834,18.0381537187185,10.2835452919156,18.0439410203393
10.7075916164229,18.1007720156153,10.2801372375782,18.0752752102865,10.6492478735036,17.9709680301351,10.3531266321889,18.0443664490546,10.2894548822078,18.0508934202486
10.7149848256574,18.1060129225578,10.286287544822,18.0820146542505,10.6566790631223,17.9762084971371,10.3598090173173,18.0505787041309,10.295363379554,18.057845833013
10.7223756086097,18.111253603912,10.2924367229659,18.0887542974653,10.6641088817329,17.9814485419206,10.3664909528399,18.0567905412329,10.3012708387166,18.0647983224054
10.7297647532803,18.1164941329438,10.2985847899006,18.0954941594077,10.6715377391975,17.9866882016114,10.3731724582013,18.063001978437,10.3071772770812,18.0717509083906
10.7371530813096,18.1217326921302,10.3047317443638,18.1022342385925,10.6789660493175,17.9919265615797,10.3798535320502,18.0692130144871,10.3130826936135,18.0787035893246
10.7445410482526,18.1269703803292,10.3108776154351,18.1089745666424,10.6863940601065,17.9971641798873,10.3865342059261,18.0754236787036,10.318987116288,18.0856563978454
10.751836891755,18.1321421021398,10.3170224457011,18.1157151900838,10.6937759185697,18.0023685236501,10.3932145260993,18.0816340141019,10.3248905861305,18.0926093818951
10.7590943307871,18.1372863238464,10.3231609798418,18.122450344023,10.7011352387325,18.007556660843,10.3998887793376,18.087838709396,10.3307880489279,18.099556599506
10.7663117938347,18.1424031302535,10.3292857557172,18.1291718377886,10.7084665107514,18.012725721388,10.4065488505755,18.0940302204451,10.3366723210355,18.1064896147035
10.7735037037942,18.1475024125003,10.3353952930656,18.1358780398271,10.7157757634445,18.0178804187853,10.4131931264244,18.100207047368,10.3425419672369,18.1134067561552
10.7806956137538,18.1526016947471,10.3414907629171,18.1425702273554,10.7230762320548,18.0230303695858,10.4198228760567,18.1063703700464,10.348398103846,18.1203093491925
10.7878875237133,18.1577009769939,10.3475726240386,18.1492488964157,10.7303680253232,18.0281760063032,10.4264385943911,18.1125206485797,10.3542411652092,18.1271979113811
10.7950546704428,18.162781802886,10.3536408798434,18.1559140437766,10.7376386612761,18.033308242726,10.4330402814354,18.1186578829751,10.3600711502942,18.1340724434934
10.8022119616495,18.1678552833299,10.3596966160057,18.1625668552138,10.7448962060652,18.0384331600869,10.439629114752,18.1247831679492,10.3658891012378,18.1409341697562
10.8094581364348,18.1729696077574,10.3657413484289,18.1692089901713,10.7521909592308,18.0435754832564,10.446206740558,18.1308980339017,10.3716964771774,18.1477847997679
10.8167409120297,18.1781007510718,10.3717790432621,18.1758448016925,10.7594992737737,18.0487247705723,10.4527774719729,18.1370064905085,10.3774970968134,18.1546288165184
10.8238882551768,18.1831587795004,10.3778146892433,18.1824797695914,10.7667383494441,18.0538379225856,10.4593467365437,18.1431135834691,10.3832957656414,18.1614718612541
10.8308769887802,18.1881311806005,10.3838466878282,18.1891121376846,10.7738958332785,18.0589077063001,10.4659127950618,18.1492176959344,10.3890909581296,18.1683121139889
10.8378657223836,18.1931035817007,10.3898684121273,18.1957346202434,10.7810470798987,18.0639739920594,10.4724684343821,18.1553121222304,10.3948763071891,18.1751420609166
10.8448544559871,18.1980759828009,10.3958762901745,18.2023432847981,10.7881898324274,18.0690353708643,10.4790097636583,18.1613932452457,10.4006483738565,18.1819576527627
10.8519295845772,18.2030959389918,10.4018703253334,18.2089381281689,10.7953671386841,18.0741158319097,10.4855367828978,18.1674610649874,10.4064071552846,18.1887588918436
10.8590404701177,18.2081355771697,10.4078529402945,18.2155218085707,10.8025550420706,18.0792026263048,10.4920521263249,18.1735180303525,10.4121549773379,18.1955485215132
10.8662185869448,18.2132052652931,10.4138275579501,18.2220980867108,10.8097713522513,18.0843024103648,10.4985595184053,18.179567603777,10.4178951317698,18.2023304178117
10.8734236852801,18.2182870131715,10.4197973997222,18.2286705045121,10.8169979976697,18.0894074309456,10.5050624657807,18.1856130451976,10.4236307203439,18.2091082279482
10.8805204457192,18.2233109503895,10.4257655748746,18.2352424835271,10.8241693771995,18.0944838452459,10.511564354604,18.1916575025391,10.4293647392834,18.215885472936
10.887504630071,18.2282748153873,10.4317312021518,18.241813054362,10.8312830086749,18.0995299014897,10.5180642254372,18.1977000838634,10.4350963488276,18.2226611472155
10.8944888144228,18.2332386803851,10.4376906705935,18.2483782406313,10.8383930702984,18.1045739680191,10.5245581444214,18.2037371320729,10.4408220810032,18.2294311491291
10.9014729987746,18.238202545383,10.4436421414394,18.2549360147049,10.8454984280794,18.1096152780156,10.5310441068946,18.2097667835409,10.4465401675697,18.2361933892941
10.9085479969071,18.2432203365218,10.4495856164775,18.2614863748334,10.8526444316648,18.1146808752631,10.5375221128612,18.2157890382713,10.4522506088131,18.2429478673751
10.915661125613,18.2482607699807,10.455522490704,18.2680308544618,10.8598055466123,18.1197557714848,10.5439936806842,18.2218053078049,10.4579547451818,18.2496961647511
10.9228083253514,18.2533115866955,10.461454743427,18.2745716322282,10.8669809551218,18.1248346722659,10.5504609662489,18.2278175963528,10.4636544802975,18.2564405265274
10.929969301107,18.2583666016957,10.467384085385,18.2811105924154,10.8741616082897,18.129915135696,10.5569258336056,18.2338276368222,10.469351460855,18.2631828932418
10.9370022378283,18.2633517107601,10.4733120966762,18.2876494767805,10.8812776510769,18.1349606582265,10.5633900052036,18.2398370304822,10.4750472086476,18.2699250578566
10.9439029185267,18.2682646115242,10.4792379012247,18.2941873194456,10.8883265295929,18.1399695896813,10.5698525260613,18.2458448895373,10.4807408842194,18.2766660225312
10.9509529005722,18.2732677460713,10.4851587943356,18.3007211363614,10.8954474069218,18.1450219482739,10.5763104465825,18.2518484719063,10.4864298882445,18.2834027110294
10.9580787478626,18.2783167315648,10.4910746158757,18.3072507489267,10.9026034429935,18.1500955073748,10.5827635911562,18.2578476143332,10.4921140661426,18.2901349399598
10.9652045951531,18.2833657170582,10.4969871961702,18.3137781750489,10.9097578020628,18.1551681496411,10.5892139551653,18.2638441718182,10.4977951776009,18.2968647891496
10.9723304424436,18.2884147025517,10.5028971520767,18.3203040943817,10.9169108762748,18.1602401155274,10.5956622109134,18.269838769366,10.5034738164302,18.3035929585143
10.9794640785622,18.29345857682,10.5088044839671,18.3268285064566,10.9240665886215,18.1653088091361,10.6021083584017,18.2758314069778,10.509149983732,18.3103194470297
10.9866010386336,18.2985002698268,10.5147097873305,18.3333520681495,10.9312230988873,18.1703759088303,10.6085530470629,18.2818226883962,10.5148242526741,18.317044931172
10.9936517569239,18.3034971227588,10.5206139113748,18.3398757170922,10.9383361785046,18.1754203971334,10.6149972034803,18.2878134750162,10.5204974405903,18.3237703765197
11.0006168964538,18.3084494803435,10.5265164747928,18.3463990320131,10.9454059632544,18.1804422313949,10.6214404115674,18.2938033800243,10.5261691818144,18.3304953481886
11.0076928986944,18.3134687801133,10.5324162123507,18.3529206144432,10.9525299149492,18.1854965705807,10.6278812901789,18.2997911194439,10.5318382602089,18.3372184048448
11.0148283909789,18.3185240017318,10.5383130390127,18.3594403694514,10.9596822825919,18.1905678856201,10.6343197460454,18.3057766065673,10.5375045938558,18.3439394488895
11.0219736433412,18.3235861285062,10.5442077921505,18.3659592217065,10.9668387024376,18.1956420397037,10.6407566928936,18.3117606908375,10.5431689877973,18.3506594333058
11.0291243603412,18.3286521214562,10.5501017532111,18.3724785874664,10.9739978230514,18.200718041455,10.6471935296419,18.3177446727536,10.5488326744341,18.3573798172662
11.0362750773411,18.3337181144062,10.5559964644936,18.3790001726713,10.9811578980628,18.2057945554167,10.6536319407121,18.3237301182323,10.5544971373934,18.3641023580114
11.0434257943411,18.3387841073562,10.5618924790393,18.385524590038,10.9883193300279,18.2108717274905,10.6600725306963,18.3297175893306,10.5601629094402,18.3708276860043
11.050565571882,18.3438346379545,10.5677897960929,18.3920518401137,10.9954767100865,18.2159417406658,10.6665152995934,18.3357070860474,10.5658299908467,18.3775558009196
11.0577008602755,18.3488788233783,10.573687627741,18.3985810521943,11.0026328221402,18.2210087607979,10.6729593874327,18.3416978089139,10.5714976247113,18.3842858049999
11.0648551358613,18.3539480635367,10.5795848634757,18.4051109976622,11.0097987327619,18.2260880034159,10.679403581344,18.3476886303899,10.5771647434987,18.3910164321455
11.0720288902192,18.3590430070984,10.5854834253316,18.4116438047499,11.0169758595569,18.2311806191608,10.6858499816913,18.3536815030712,10.5828331952604,18.3977498751754
11.0791886681157,18.3641125672171,10.5913878606494,18.4181845102786,11.0241503085546,18.2362629341777,10.6923035585156,18.3596810473381,10.5885073521961,18.4044913237071
11.0863422871242,18.3691709418308,10.5972973311695,18.42473218919,11.0313255825347,18.2413415407624,10.698763397588,18.3656864132813,10.5941864094885,18.4112398234829
11.0934955767201,18.3742386717379,10.603207313297,18.4312818328492,11.0385018797571,18.2464247061349,10.7052245559906,18.3716930057351,10.5998660182559,18.417990213476
11.1006484870252,18.3793171734774,10.6091179871993,18.4378336417341,11.045679254372,18.2515132599362,10.711687231207,18.3777010082894,10.6055463516188,18.4247427003165
11.107842117635,18.3844164682382,10.6150327160859,18.444391344314,11.0528802969946,18.2566136749803,10.7181551008564,18.3837138398293,10.6112306435332,18.4315011251596
11.115054352307,18.3895252627968,10.6209508413154,18.4509542124108,11.0600935746161,18.2617199844145,10.7246274458961,18.3897308318996,10.6169182610374,18.4382647374351
11.1222561484541,18.3946267073909,10.6268687819595,18.4575182771691,11.0673023719503,18.2668222366113,10.7311003513171,18.3957483449264,10.6226057607664,18.4450294484009
11.1294524758812,18.3997243013551,10.6327854535996,18.4640823359482,11.0745084480831,18.2719218051852,10.7375726311761,18.4017652764017,10.6282920992691,18.4517940197387
11.1366488033084,18.4048218953193,10.6387009146907,18.4706464530121,11.0817144982396,18.2770207460068,10.744044349171,18.4077816855421,10.6339773322011,18.4585585181871
11.1438451307356,18.4099194892834,10.6446151854703,18.4772106502392,11.0889204742764,18.2821191530107,10.7505155272005,18.4137975927057,10.6396614784391,18.4653229668443
11.1510324099915,18.4150105570724,10.6505282661384,18.4837749273157,11.0961218080872,18.2872138253506,10.756986165265,18.4198129978926,10.6453445374852,18.4720873660344
11.1582159633254,18.4200989374652,10.6564401949728,18.490339326324,11.1033211548065,18.2923067402357,10.7634563051007,18.4258279399031,10.6510265455683,18.478851759653
11.1653951173042,18.4251841326591,10.6623510259242,18.4969039068112,11.1105181940045,18.2973976953999,10.7699260056306,18.4318424735145,10.6567075542411,18.4856162093695
11.1725724964494,18.430268042847,10.6682607954007,18.5034687089584,11.117714252119,18.3024876679246,10.7763953066399,18.437856635713,10.6623875983315,18.4923807567771
11.1797378349069,18.4353398066341,10.6741695323833,18.5100337648086,11.1249042096569,18.3075712456037,10.7828642398444,18.4438704559831,10.6680667056129,18.4991454350054
11.1868979472932,18.4404062984669,10.6800773073622,18.5165991525683,11.1320915154645,18.3126518981677,10.7893328824285,18.449884006079,10.6737449438679,18.5059103246539
11.1940464970681,18.4454686293229,10.6859842094976,18.5231649711629,11.1392730578568,18.3177302164792,10.7958013320029,18.4558973767442,10.6794223988876,18.5126755276186
11.2011833819189,18.4505267623834,10.6918902290833,18.5297312097345,11.1464487837433,18.3228061723108,10.8022695779741,18.4619105581303,10.6850990614293,18.5194410326784
11.2083202667697,18.4555848954439,10.6977952924715,18.5362977863225,11.1536244831276,18.3278818292397,10.8087375397125,18.4679234752805,10.6907748607323,18.5262067554022
11.2154571516205,18.4606430285044,10.703699362673,18.5428646597026,11.1608001337553,18.3329571708372,10.815205176726,18.4739360905514,10.696449761275,18.5329726533297
11.222623343349,18.465719666546,10.709602439686,18.5494318297429,11.1679903883712,18.338041450557,10.8216724890147,18.479948403943,10.7021237630817,18.5397387263456
11.229801217677,18.4708036812275,10.7155045677633,18.555999345503,11.175186461475,18.3431291238394,10.8281395250406,18.485960460508,10.707796908729,18.5465050250062
11.2369643457393,18.4758748307403,10.7214058087715,18.5625672756762,11.1823751772236,18.3482100953304,10.8346063525839,18.4919723232578,10.7134692577152,18.5532716201009
11.2441215481341,18.4809408104893,10.727306188038,18.5691356483557,11.1895609632671,18.3532882210113,10.8410729994201,18.497984018014,10.7191408344515,18.5600385405579
11.2512780002007,18.486008869694,10.7332057163247,18.5757044755001,11.1967464159307,18.3583671272417,10.847539477405,18.5039955557981,10.7248116493625,18.5668057986661
11.2584336963866,18.4910790237427,10.7391044064224,18.5822737712526,11.2039315421504,18.3634468245529,10.8540058005775,18.5100069496614,10.7304817148016,18.573573408988
11.2655893925725,18.4961491777914,10.7450022777875,18.5888435572049,11.2111167334321,18.3685262715668,10.8604719902974,18.5160182194611,10.7361510495147,18.5803413937699
11.2727450887584,18.5012193318402,10.7508993401562,18.5954138441512,11.2183019972598,18.3736054703455,10.8669380572841,18.5220293751621,10.7418196629236,18.5871097641172
11.2799008789298,18.5062864870081,10.7567955934838,18.6019846319983,11.2254873818098,18.378682919747,10.8734040015374,18.5280404167647,10.7474875550008,18.5938785199584
11.2870567059598,18.5113524660951,10.7626910239017,18.6085559052346,11.2326728508728,18.383759524023,10.879869807891,18.5340513301691,10.7531547124747,18.6006476453024
11.2941949851828,18.5164076414447,10.7685856121021,18.6151276423175,11.2398496004667,18.3888304608283,10.8863354552301,18.5400620957464,10.7588211168236,18.6074171179623
11.301313344567,18.5214505526575,10.774479379969,18.6216998675379,11.2470164578554,18.3938950095594,10.8928009675733,18.5460727358252,10.7644867891089,18.6141869629807
11.3084317039512,18.5264934638702,10.7803723857755,18.6282726458487,11.2541834193389,18.3989593264647,10.8992664089039,18.5520833098875,10.7701517854245,18.6209572472363
11.3155500633354,18.531536375083,10.7862646604723,18.6348460117471,11.2613505054957,18.4040234226328,10.9057318132391,18.5580938495571,10.775816135569,18.6277280062615
11.3226944026546,18.5365958141331,10.792156204009,18.6414199651449,11.2685307081594,18.4090955593092,10.9121971805788,18.564104354834,10.7814798395036,18.6344992399942
11.3298492829957,18.5416619591389,10.7980469753053,18.6479944602205,11.2757162836489,18.4141708065722,10.9186624659237,18.5701147838846,10.7871428577845,18.6412709012315
11.3369751348163,18.5467089084415,10.803936916675,18.6545694325591,11.2828874114773,18.4192361892799,10.9251276060163,18.5761250779021,10.7928051349364,18.6480429236804
11.3440711512809,18.5517361285044,10.8098246204282,18.6611433107668,11.2900428103759,18.4242908552187,10.9315910557772,18.5821338005087,10.7984653167121,18.6548136896962
11.3512010126072,18.5567861768274,10.8157072666219,18.6677129454225,11.2972125337362,18.4293549492981,10.9380497191263,18.588138073445,10.8041206892209,18.6615799580575
11.3583446630178,18.5618455258472,10.8215847950466,18.6742782669177,11.3043864294671,18.4344218042526,10.9445035287393,18.5941378341232,10.8097711927578,18.668341658768
11.3654883134283,18.5669048748671,10.8274591320562,18.6808414243733,11.3115587271266,18.4394876798346,10.9509545984691,18.6001350476789,10.815418679295,18.6751010054007
11.3726319638388,18.5719642238869,10.833330835578,18.6874030395683,11.3187297590582,18.4445528296442,10.9574035402346,18.6061302829803,10.8210636854325,18.6818586382646
11.3797671112231,18.5770173953733,10.8391999060056,18.6939631120195,11.3258952851679,18.4496141486994,10.963850354037,18.6121235400286,10.8267062117816,18.688614556755
11.3868990099348,18.5820682066667,10.8450669720156,18.700522343519,11.3330583386186,18.4546737874624,10.9702957300188,18.6181154604121,10.8323468634562,18.6953694831139
11.3939619329451,18.5870703217182,10.8509329020243,18.70708170444,11.3401866221105,18.4597089048209,10.9767406219978,18.6241069308442,10.8379864765774,18.7021244157119
11.4009558436595,18.5920237146924,10.8567951356951,18.7136383319397,11.3472785596239,18.4647183646687,10.983182217094,18.6300953363412,10.8436225886799,18.7088764071328
11.4079710602664,18.596992080318,10.8626480724747,18.7201859606708,11.3543757954199,18.4697317078563,10.9896143605645,18.6360749551687,10.8492498093404,18.7156190103827
11.4150038537811,18.6019727980622,10.8684895844851,18.7267222055261,11.3614749918854,18.4747469402095,10.9960347114795,18.6420436110897,10.8548660862681,18.7223497750382
11.4220255723436,18.6069456840587,10.8743208988699,18.7332484334849,11.3685624109533,18.4797547300301,11.0024446153174,18.6480025549235,10.8604725956353,18.7290701121978
11.4290426906625,18.6119153169534,10.8801433373782,18.7397661182636,11.37564200084,18.4847580759709,11.0088455220166,18.6539531345999,10.86607060637,18.7357815413207
11.4360477829993,18.6168763868046,10.8859579859221,18.7462764708168,11.3827106816911,18.4897548363314,11.0152386229224,18.6598964576488,10.8716611621813,18.7424853099457
11.4430449456335,18.6218318103486,10.8917653657995,18.752780071209,11.3897708309481,18.4947466788845,11.021624489295,18.6658330551402,10.8772447650017,18.7491820150046
11.4500344016874,18.6267817481421,10.8975658128956,18.759277292586,11.3968227946485,18.4997337867896,11.0280034889065,18.671763268972,10.8828217391173,18.7558720398064
11.4570191080829,18.6317283050012,10.9033597094285,18.7657685603485,11.4038683199458,18.5047173274727,11.0343760406781,18.677687488593,10.8883924536611,18.7625558211966
11.4639992154767,18.636671602996,10.9091474575073,18.7722543223674,11.4109077651114,18.5096974828781,11.0407425855093,18.6836061238835,10.8939572969859,18.7692338190672
11.4709771544228,18.6416133644231,10.9149295154018,18.7787350897927,11.4179426646057,18.5146752571401,11.047103626265,18.6895196423303,10.8995167115002,18.7759065583977
11.4779513186145,18.6465524375073,10.9207063318788,18.7852113634362,11.424972531315,18.5196502096978,11.0534596555266,18.6954285018598,10.9050711304573,18.782574553521
11.4849237152098,18.6514902517266,10.9264782858651,18.791683566103,11.4319986425539,18.524623159821,11.0598110891912,18.7013330891091,10.9106209199603,18.7892382384365
11.491893269695,18.6564260276847,10.9322457225277,18.7981520830301,11.4390207121771,18.5295938106407,11.0661583061634,18.7072337563257,10.9161664133709,18.7958980086822
11.498861299977,18.661360710538,10.9380089272026,18.8046172326191,11.4460396097399,18.5345627072033,11.072501619649,18.7131307946803,10.9217078863741,18.8025541910931
11.5058265718559,18.6662933866546,10.9437681690902,18.811079315318,11.4530549151297,18.5395294635338,11.0788413251747,18.7190244789079,10.9272455989343,18.8092070941833
11.5127901787095,18.671224851466,10.9495237285485,18.8175386443262,11.4600673761936,18.5444945569835,11.0851777306759,18.7249150952797,10.9327798216802,18.8158570396353
11.519753785563,18.6761563162774,10.9552759044452,18.8239955537328,11.4670780365027,18.5494586830256,11.0915111645293,18.7308029490699,10.9383108428971,18.8225043707485
11.5267173924166,18.6810877810889,10.9610248095489,18.8304501689706,11.4740869903308,18.5544218545169,11.0978417503402,18.7366881551879,10.9438387717678,18.8291492161313
11.5337050905729,18.6860376893483,10.9667704443487,18.836902489477,11.4811063032773,18.5593932649961,11.1041694881103,18.7425707136349,10.9493636093255,18.8357915748336
11.5407024446078,18.6909949898062,10.9725135518063,18.8433533483785,11.4881292347451,18.564367680945,11.1104951954783,18.7484513845261,10.9548860708097,18.8424323039345
11.5476055916048,18.69588338758,10.9782551721234,18.8498039132547,11.4951045264992,18.5693073572265,11.1168200177948,18.7543312326323,10.9604071576494,18.8490726044696
11.5544139597679,18.70070246446,10.9839948548258,18.8562536778936,11.5020316524456,18.5742118377444,11.1231434588367,18.7602097966417,10.9659264372729,18.8557119548791
11.5613489213539,18.7056144288197,10.9897310997311,18.8627009561844,11.5090203864812,18.5791615623617,11.1294638657328,18.7660855399683,10.9714424666616,18.8623486199117
11.5683370506339,18.7105654047882,10.9954642057668,18.8691460828133,11.5160341862401,18.5841297407024,11.1357815672151,18.7719587682169,10.9769555332785,18.8689829441845
11.5752554990729,18.7154647454492,11.0011956653392,18.8755907341077,11.5230125456709,18.5890716945538,11.1420982071579,18.7778310096091,10.9824670730117,18.8756166527179
11.5820887226932,18.7203009323127,11.006925496939,18.8820349304533,11.5299477251269,18.5939816428965,11.1484138057887,18.7837022829495,10.987977104118,18.8822497661581
11.5890263229358,18.7252147491641,11.0126527608082,18.8884776146616,11.5369339600693,18.5989295521428,11.1547273272022,18.7895716252122,10.9934847226883,18.8888811965407
11.596007760003,18.7301611696011,11.0183775985968,18.8949189451757,11.5439410661822,18.6038929721952,11.1610389271257,18.7954391811688,10.9989900649499,18.8955111070289
11.5987318209035,18.7320913008449,11.0241009453119,18.9013599731255,11.5488190175131,18.6073478540812,11.1673496359783,18.8013059087446,11.0044940306147,18.9021405791521
11.5959162135891,18.7300966575993,11.0296243939831,18.907577215985,11.5508027253452,18.6087564207179,11.1734405777712,18.8069683306711,11.0098040720324,18.9085410521142
11.5957324033598,18.7299668711924,11.0344913367086,18.9130551481278,11.5536908869277,18.6108229403075,11.1788073753906,18.8119575545955,11.0144742940002,18.9141876350478
11.5967370639672,18.7306792196066,11.0386592637162,18.9177440605228,11.5567329370362,18.613020093075,11.1834021334401,18.8162290547364,11.0184653766986,18.9190279629172
11.5977417245747,18.7313915680207,11.0424409444609,18.9219952000545,11.5595237132338,18.6150663381486,11.1875693135877,18.8201030586329,11.0220784242424,18.9234233222902
11.5987463851821,18.7321039164348,11.0459332474888,18.9259182225958,11.5621208820281,18.6170062494781,11.1914160766049,18.8236791879074,11.0254075308348,18.9274857520553
11.6015712355741,18.7341074170124,11.049135697253,18.9295135509218,11.5654354472866,18.619483594816,11.194942422597,18.8269574426577,11.0284537110245,18.9312144055006
11.6051539554832,18.7366485125566,11.0521475109452,18.9328933545456,11.5689976810027,18.6221639403337,11.1982580305838,18.8300397855863,11.0313125504966,18.9347245523814
11.6049722041495,18.736520145525,11.0551094178861,18.9362163280098,11.5706333165146,18.6235043636996,11.2015182463857,18.8330706333713,11.034118413291,18.9381802982269
11.6009846874335,18.7336930334094,11.057954585611,18.9394081913213,11.5702871447677,18.6234532323385,11.204649889007,18.8359819535658,11.0368086053387,18.9415038261009
11.5992133260092,18.7324375520735,11.0604657697205,18.9422254455904,11.570845468306,18.6240402317815,11.2074139590897,18.8385515612841,11.0391786065479,18.9444408418511
11.5988461013971,18.7321778423972,11.0626171057277,18.9446387757344,11.5718882545642,18.6249634908077,11.2097818244821,18.8407528387503,11.0412050873228,18.9469599259443
11.5984059447579,18.7318664443349,11.0645444843154,18.9468005067913,11.5727559307255,18.6257636984326,11.2119029904077,18.8427247729528,11.0430170264428,18.9492192944419
11.5979308675998,18.7315302974025,11.066313598619,18.9487844867345,11.5735068177305,18.6264841632736,11.2138498464598,18.8445346606142,11.0446769339894,18.9512955046363
11.5974557904417,18.7311941504701,11.0679437106012,18.9506125056877,11.574171767889,18.6271438842689,11.2156436930053,18.8462023035432,11.046203494777,18.9532108454752
11.5969807132835,18.7308580035377,11.069441025377,18.9522916470036,11.5747565380032,18.6277433882823,11.2172914266953,18.8477341131866,11.0476030558796,18.9549722925556
11.5978873584596,18.7315033785912,11.0708055118053,18.9538219384871,11.5759537919354,18.6287713913161,11.2187930475505,18.8491300895634,11.0488760939823,18.9565794606321
11.5993617606432,18.7325520662149,11.0720793497758,18.9552507082158,11.5773810471278,18.6299589371081,11.2201949870686,18.8504333975471,11.0500624686603,18.9580816461188
11.5992326019495,18.7324616399981,11.0733220536909,18.9566447293017,11.5779863249214,18.6305642571376,11.2215627556807,18.851704938672,11.0512184129959,18.9595484114379
11.5975107649283,18.7312398305256,11.0745210501535,18.9579899307228,11.5777694734179,18.6305834059987,11.2228825328624,18.852931864738,11.0523329511023,18.9609643790188
11.5957889279071,18.7300180210531,11.0756167620251,18.959219475959,11.5774953899693,18.6305501829294,11.2240887429547,18.8540532135716,11.0533510098947,18.9622589531915
11.5940670908859,18.7287962115806,11.0765795308755,18.9603000349499,11.5771483330314,18.6304487673315,11.2251487097731,18.8550386078764,11.0542450928057,18.9633969985949
11.5931694631314,18.7281598022745,11.077409389284,18.9612315786779,11.5771405576989,18.6305716915439,11.2260624333312,18.8558880476652,11.0550152180814,18.9643785003805
11.5926427083596,18.727786807995,11.0781299203317,18.9620405257964,11.5772582640705,18.6307701168347,11.2268558504042,18.8566256449669,11.055683365565,18.9652312250556
11.5929397649771,18.7280004242177,11.0787752939403,18.9627652048848,11.5777465028777,18.6312233545871,11.2275665686411,18.8572863615957,11.0562814146441,18.965995426714
11.5935958797548,18.7284697146038,11.0793732221832,18.9634367154113,11.5783880311884,18.6317802529786,11.2282250961732,18.8578985593254,11.0568352198922,18.9667037658405
11.5933716225924,18.7283118516069,11.0799482674297,18.9640826346299,11.5785764861147,18.6320121618301,11.2288584804676,18.8584873827354,11.0573676346037,18.9673852518987
11.5922566125704,18.7275194401379,11.080495327241,18.9646972294352,11.5783043539227,18.6319122881005,11.2294611004599,18.8590476062236,11.0578739910051,18.9680337921107
11.5911416025484,18.726727028669,11.0809891463561,18.9652521168497,11.5780040277174,18.6317840346047,11.2300051304993,18.8595533617748,11.0583309528341,18.9686194056762
11.5900265925264,18.7259346172,11.0814170340182,18.9657330125169,11.5776689898657,18.6316204132346,11.2304765762166,18.8599916395744,11.0587268068016,18.9691269961908
11.5899311251786,18.7258695252741,11.0817790048601,18.9661399034144,11.5778090934674,18.6317850041051,11.2308754376148,18.8603624396254,11.0590615936456,18.9695565318259
11.5902390053763,18.7260921727043,11.0820929590181,18.9664928852709,11.5781256269813,18.6320676585894,11.2312214250295,18.8606840855694,11.0593518941106,18.9699292100308
11.5897990872562,18.7257800099683,11.082383865646,18.9668200151896,11.5780560591317,18.6320706138407,11.2315420465209,18.8609821501749,11.0596208122876,18.9702746426059
11.5886002658219,18.7249250949983,11.082650244163,18.9671196192299,11.5775941710673,18.6317889903154,11.2318356653505,18.861255111854,11.0598669929955,18.9705910523946
11.5883531187515,18.724751528464,11.0828748553883,18.9673722952656,11.5775864228879,18.6318253262277,11.2320832724845,18.8614852989273,11.0600745223885,18.9708579361381
11.5885063563967,18.7248646161782,11.0830610947162,18.9675818455763,11.5777589713197,18.6319840787687,11.2322886014385,18.861676182244,11.060246555913,18.9710792975766
11.588324397514,18.7247366874766,11.0832261179988,18.9677675599722,11.5777529051257,18.6320107806772,11.2324705592226,18.8618453386375,11.0603989534139,18.9712755054316
11.5877966713648,18.7243601416795,11.0833730956943,18.9679329980266,11.5775646064898,18.6319033351491,11.2326326370431,18.8619960136949,11.0605346516596,18.97145031441
11.5872689452157,18.7239835958824,11.0834981489789,18.9680737853648,11.5773649930981,18.6317838868675,11.2327705529931,18.8621242267571,11.0606500791664,18.9715990957571
11.5867412190666,18.7236070500853,11.0835993113481,18.9681876981702,11.5771530750349,18.6316513293514,11.2328821328848,18.8622279565984,11.060743431545,18.9717194921258
11.5865811689225,18.7234959927877,11.0836765880163,18.9682747318108,11.5771127086855,18.631638389671,11.2329673767184,18.8623072032189,11.0608147245342,18.9718114912983
11.5865791565374,18.7234990501098,11.0837383063833,18.9683442563286,11.577143361327,18.6316739539322,11.2330354656361,18.8623705018341,11.0608716495543,18.9718849920295
11.5863519024645,18.7233374439551,11.0837963678123,18.9684096740699,11.5770595072574,18.6316251855712,11.2330995270997,18.8624300563411,11.060925187823,18.9719541604052
11.5858977535106,18.7230099657529,11.0838570951617,18.9684781087893,11.5768635690736,18.6314949623125,11.2331665372577,18.8624923520913,11.0609811697187,18.9720265285552
11.5856486244119,18.7228318237306,11.0839259988847,18.9685557727485,11.5767743369004,18.6314439238741,11.2332425780057,18.8625630430966,11.0610446724104,18.9721086675942
11.5854816247889,18.722713504705,11.0840058327919,18.9686457741878,11.5767317870719,18.6314288271216,11.2333306907593,18.8626449567981,11.0611182292602,18.9722038679181
11.5853637338908,18.7226331114424,11.0840965808918,18.9687481000636,11.5767194116679,18.6314387072468,11.2334308606004,18.8627380793273,11.0612018203783,18.9723121191421
11.5852659923604,18.7225682791652,11.084200082415,18.9688648296237,11.5767236862964,18.631463388884,11.2335451206551,18.8628443007723,11.0612971342853,18.9724356246668
11.5851304839711,18.7224722622387,11.0843189370053,18.9689989010933,11.576717001311,18.6314809238783,11.2336763442608,18.8629662923209,11.0614065581686,18.9725774978016
11.5849417259861,18.7223322763403,11.0844501023297,18.9691468889628,11.5766900655536,18.6314832330591,11.2338211759445,18.86310093457,11.0615272846378,18.9727341179519
11.5847891391526,18.7222254583511,11.0845844285789,18.9692984735924,11.5766828901941,18.6315038379446,11.2339695145764,18.8632388370407,11.0616508889643,18.9728945654873
11.5846512858423,18.7221321505805,11.0847230308454,18.9694549149939,11.5766853295027,18.6315335255573,11.2341225924777,18.8633811453558,11.0617783957626,18.9730601750184
11.5845510823029,18.7220606480856,11.0848750079554,18.9696264868628,11.5767135314704,18.6315814523342,11.234290460832,18.8635372035621,11.0619181710093,18.9732418253102
11.5844907824554,18.7220122562492,11.0850374966181,18.9698099621713,11.5767671574583,18.6316466881508,11.234469959934,18.8637040742506,11.062067575732,18.973436103418
11.5843523782833,18.7219155915414,11.0851991792699,18.9699925640439,11.576781369545,18.6316873122849,11.2346485887573,18.8638701358877,11.0622162021416,18.9736294810645
11.5841817895703,18.7217990349747,11.0853622042839,18.9701767188839,11.5767802306147,18.631718702303,11.2348287208855,18.8640375950668,11.0623660252458,18.9738245277197
11.58404501651,18.7217048472897,11.085537823704,18.9703751399808,11.5768025520854,18.6317681762434,11.2350227906706,18.864218011338,11.0625273820608,18.9740347111888
11.5841446987498,18.721767073579,11.0857272067852,18.9705891543073,11.5769502701653,18.6319033908844,11.2352320934495,18.8644125889065,11.0627013404169,18.9742614413671
11.5841264571813,18.721751755372,11.0859134783735,18.9707996947918,11.5770374770242,18.6319980894148,11.2354379806823,18.8646039912251,11.0628723982073,18.9744845190051
11.5840594298129,18.7217043565332,11.0860895001543,18.9709986901497,11.5770950365822,18.6320710924747,11.2356325607341,18.8647848818639,11.0630340040038,18.974695389549
11.5840006291492,18.7216626796159,11.0862660461495,18.9711983180462,11.5771570181818,18.6321472297295,11.2358277421619,18.8649663315697,11.063196051322,18.9749069562103
11.5839461023653,18.7216239753112,11.0864459480165,18.9714017810714,11.5772229100734,18.6322266832664,11.236026655916,18.8651512510192,11.063361137951,18.9751226140162
11.5838951262196,18.7215878336791,11.0866287185998,18.9716085296991,11.5772921009757,18.6323089788388,11.2362287641456,18.8653391402011,11.0635288153189,18.9753417814899
11.5838458605212,18.721552926562,11.0868141273006,18.9718183043766,11.5773635541022,18.6323933237857,11.2364338125686,18.8655297627232,11.0636988706018,18.9755641842831
11.5838056807018,18.721524361259,11.0870020792002,18.9720309989256,11.5774409103992,18.6324822179665,11.2366416968802,18.8657230216188,11.063871215568,18.9757897105572
11.5837709286679,18.7214995844727,11.087192209071,18.9722462011474,11.5775221532788,18.6325741830796,11.2368520137308,18.8659185419155,11.0640455142896,18.9760179238779
11.583736176634,18.7214748076864,11.0873839829725,18.9724633075887,11.5776042927563,18.6326670314452,11.2370641729836,18.8661157749947,11.0642212764791,18.9762481847927
11.5837014246001,18.7214500309001,11.0875772010561,18.9726820927162,11.5776872252937,18.6327606535888,11.2372779539409,18.8663145156855,11.0643983183117,18.9764802545006
11.5835404045731,18.7213387614317,11.0877718629959,18.9729025568139,11.5777078168754,18.6328118031687,11.2374933566024,18.8665147639879,11.0645766388324,18.9767141337025
11.5833254381663,18.7211905390748,11.0879728248306,18.9731302012109,11.5777047537454,18.6328479115706,11.2377157553019,18.8667215161315,11.0647606843153,18.9769556598723
11.5833195130572,18.7211857733055,11.0881870155519,18.9733728791345,11.5778131413188,18.6329629753075,11.2379528204882,18.8669419029214,11.0649567953203,18.9772131685389
11.5835318969356,18.7213308241645,11.0884085981345,18.9736239821911,11.5780345914174,18.6331569645307,11.238198094493,18.8671699210095,11.0651596230892,18.9774796502121
11.5835761312668,18.7213605792255,11.0886214054059,18.9738651894943,11.5781674612289,18.63328846464,11.2384336816577,18.8673889337619,11.0653543705175,18.9777356606358
11.5835532516516,18.7213443159881,11.088823577283,18.9740943882338,11.57826128263,18.6333911096456,11.2386575203228,18.8675970245644,11.0655393403468,18.9779789540643
11.5833836855159,18.7212269913895,11.0890240626146,18.9743217203957,11.5782809163641,18.6334422913332,11.2388795166488,18.867803402643,11.065722722281,18.9782202947907
11.5831537943513,18.7210681051702,11.0892304334902,18.974555772689,11.5782734878494,18.6334759076494,11.239108055527,18.8680158629814,11.0659114405814,18.9784687999565
11.5829239031868,18.7209092189509,11.0894497719993,18.9748045812215,11.5782728621432,18.6335166091725,11.2393509820293,18.8682416987224,11.0661119663076,18.97873300537
11.583292017876,18.7211624321106,11.089684139101,18.9750704902747,11.5785791367208,18.6337715584135,11.23961058228,18.8684830351531,11.0663261767388,18.9790154048284
11.5835117468734,18.7213134963988,11.0899130743632,18.975330288788,11.5788084524044,18.6339724223966,11.2398641946288,18.8687188049525,11.0665353706396,18.9792913478182
11.5834905284298,18.7212985622222,11.0901212004709,18.9755665206433,11.5789064830252,18.63407887579,11.2400947810699,18.8689331688005,11.0667255040651,18.9795422885416
11.5834751762307,18.7212876999521,11.0903218383357,18.9757942986833,11.5790035656321,18.6341832636447,11.24031709625,18.8691398433006,11.0669087523511,18.9797842770826
11.5834622709895,18.7212785361765,11.0905230830178,18.9760228110228,11.5791022111812,18.6342888348439,11.2405401087608,18.8693471660717,11.0670925094615,18.9800270746028
11.5834493657483,18.7212693724008,11.0907247267196,18.9762518219205,11.5792010908206,18.6343946235066,11.2407635884467,18.8695549231504,11.0672765850154,18.9802704310578
11.5834364605071,18.7212602086252,11.0909267081841,18.9764812620656,11.5793001770084,18.6345005919827,11.2409874675622,18.8697630515574,11.067460922832,18.9805142729359
11.5834261912334,18.7212528908816,11.0911290272874,18.9767111315631,11.5794007912817,18.6346076598889,11.2412117461074,18.8699715512927,11.0676455226367,18.9807586004161
11.5834170145873,18.7212463383315,11.0913316219903,18.9769413601327,11.5795021319897,18.6347152506169,11.2414363554253,18.8701803585297,11.0678303276896,18.9810033388485
11.5832573130357,18.7211358451859,11.0915344046195,18.9771718482918,11.5795283459871,18.634770961966,11.2416611984,18.870389382985,11.0680152579175,18.9812483825119
11.5830343468974,18.7209816665198,11.0917423893941,18.9774082964512,11.5795256899692,18.6348076620109,11.2418918353538,18.8706037937918,11.0682048844801,18.9814997928644
11.5830509293098,18.7209929252586,11.0919627325238,18.9776588439774,11.5796493266522,18.634933818184,11.2421362039939,18.870830970211,11.0684057271199,18.9817662274562
11.5833103635587,18.7211719027228,11.0921895548349,18.9779168103733,11.5798978429788,18.6351473452373,11.2423877866256,18.8710648530912,11.0686124229463,18.9820405846279
11.5833945912645,18.7212299017258,11.092406758227,18.9781638869634,11.5800537744437,18.6352950948544,11.2426287277396,18.8712888431232,11.0688103044119,18.982303390793
11.5833927952015,18.7212285021299,11.0926120743861,18.9783974884773,11.5801605055822,18.6354066316809,11.2428565083843,18.8715005985727,11.0689973104535,18.9825518925694
11.5833906455317,18.7212268722914,11.0928142004016,18.9786275063436,11.5802654176109,18.6355163046388,11.2430807751375,18.8717090873456,11.0691813654446,18.9827966105811
11.5833883495388,18.7212251471781,11.0930160322084,18.9788572351402,11.580370130084,18.635625766198,11.2433047406188,18.8719172960423,11.0693651066317,18.9830410498872
11.5833860535459,18.7212234220647,11.0932176156991,18.9790867269919,11.5804747419862,18.6357350873391,11.2435284556949,18.8721252719507,11.0695485756919,18.9832852660162
11.5833837575531,18.7212216969513,11.093418964312,18.9793159971468,11.5805792627265,18.6358442731129,11.2437519352537,18.8723330289112,11.0697317848963,18.9835292751457
11.5833810588451,18.7212197062919,11.093620078069,18.9795450455818,11.5806834928925,18.6359531888708,11.2439751792952,18.872540566924,11.0699147343452,18.9837730771719
11.5833781962669,18.7212176075783,11.0938209801884,18.9797738986787,11.5807875654187,18.6360619247376,11.244198213561,18.8727479099196,11.0700974452509,18.9840167000905
11.5833771216074,18.7212167490302,11.0940217033196,18.9800025935707,11.5808924741461,18.636171171857,11.2444210742672,18.8729550915661,11.0702799473817,18.9842601833574
11.5833768350871,18.7212164371643,11.0942221965945,18.9802310722314,11.5809976929387,18.63628055519,11.2446437048994,18.8731620593251,11.0704621945564,18.9845034651261
11.5832245661057,18.721111014551,11.0944223731453,18.9804592355559,11.5810267911695,18.636337198183,11.244866008939,18.8733687234685,11.070644107919,18.9847464397805
11.5830060939204,18.7209598059425,11.0946271469758,18.9806926854315,11.5810252448858,18.6363734451039,11.2450934440555,18.8735801576989,11.0708301517652,18.9849950737551
11.583041168925,18.7209839552833,11.0948436088511,18.9809395091274,11.5811566689848,18.636503732562,11.2453338876593,18.8738036852223,11.0710267638018,18.9852579832213
11.5833145596984,18.7211729282395,11.0950656645656,18.981192761887,11.5814102529499,18.6367194563503,11.2455805727109,18.874033015085,11.0712284050024,18.9855277730039
11.5832328888767,18.721116321809,11.0952773236435,18.9814342060919,11.5814808859979,18.6368066888439,11.2458157348158,18.8742516326821,11.071420557415,18.9857850128136
11.5830169999138,18.7209668830101,11.0954823810805,18.981668166701,11.5814809737438,18.6368438871268,11.2460435881303,18.8744634556889,11.0716066703824,18.986034307985
11.5830438734337,18.7209853810077,11.0956967371671,18.9819127852248,11.5816073817735,18.6369701155285,11.2462818005816,18.8746849090294,11.0718011733344,18.9862949904655
11.5833161947897,18.7211736734594,11.095916874519,18.9821640512359,11.5818596082491,18.637184376267,11.2465264652744,18.8749123606729,11.0720008709736,18.9865627887384
11.5833942474668,18.721227587845,11.0961269542518,18.9824038856931,11.5820094417516,18.6373259427424,11.2467599783366,18.8751294452435,11.0721913972266,18.9868184326467
11.5833929962008,18.7212266467047,11.096325320291,18.9826303929467,11.5821134766503,18.6374336841332,11.2469804962056,18.8753344488799,11.0723712555334,18.9870598981949
11.5833925386627,18.7212262546984,11.0965208503557,18.9828537064773,11.5822164362797,18.6375401529752,11.2471978859648,18.8755365444804,11.0725484980191,18.9872979864988
11.5833924216374,18.7212260982731,11.0967160989299,18.9830767428962,11.5823194417069,18.6376465859674,11.2474149872175,18.8757383718718,11.0727254404301,18.9875358070888
11.583246506399,18.7211250364702,11.0969110394657,18.9832994717816,11.5823494123475,18.637702395395,11.2476317703939,18.8759399035648,11.0729020586607,18.98777332755
11.5830345794556,18.7209782886752,11.0971103539407,18.9835272433858,11.5823487190273,18.6377377401072,11.2478534425577,18.8761459802871,11.0730825932764,18.9880162543213
11.5830510430862,18.7209896006512,11.0973208539104,18.9837678452023,11.5824681725686,18.6378581985146,11.2480875812223,18.8763636464468,11.0732732097143,18.9882728957928
11.5833314301539,18.721183563239,11.0975373079688,18.9840153019528,11.5827227880681,18.638073202749,11.2483283698388,18.87658749471,11.0734691670168,18.9885368805241
11.5832622960925,18.7211356335828,11.0977438692928,18.9842514966901,11.5827974632354,18.6381618435415,11.248558179816,18.876801136721,11.0736561211923,18.9887888798709
11.5830536639105,18.7209911617989,11.0979433105496,18.9844795957965,11.5827986622195,18.6381983186115,11.2487800936547,18.8770074381156,11.0738365858838,18.9890322695017
11.583076302383,18.7210067600688,11.0981513911444,18.9847176229555,11.5829201051648,18.6383195257898,11.2490116463851,18.8772227002708,11.0740248194518,18.9892862824664
11.5833426978991,18.7211910706346,11.0983651434339,18.9849621867679,11.5831664735788,18.6385281618759,11.2492495374491,18.8774438548349,11.0742181337534,18.9895473017767
11.5834209043327,18.7212451379794,11.0985692445372,18.9851957552135,11.5833136800025,18.6386664006132,11.2494767133497,18.8776550480862,11.0744026730572,18.9897966142805
11.5834209230486,18.7212450926197,11.0987619046827,18.9854162752578,11.5834157635922,18.6387713427208,11.2496911792917,18.8778544255706,11.0745768243711,18.9900320252859
11.5834211454903,18.7212451871506,11.0989517163938,18.9856335783549,11.5835164635129,18.6388748027218,11.2499024983383,18.8780508775551,11.0747483574313,18.9902640285853
11.583421452452,18.7212453397182,11.0991412040646,18.9858505536622,11.5836170575129,18.6389781149851,11.2501134804487,18.8782470163082,11.0749195537588,18.990495708707
11.5834211108099,18.7212450426119,11.099330371535,18.9860672054664,11.5837171837121,18.6390810251131,11.2503241298397,18.8784428457498,11.0750904167972,18.9907270702385
11.5834204870169,18.7212445498918,11.0995192505554,18.9862835700589,11.5838170449017,18.6391836747351,11.2505344818295,18.8786383987135,11.0752609753057,18.9909581518613
11.5834195581852,18.7212438447564,11.0997078850738,18.9864996977129,11.5839166551861,18.6392860771695,11.2507445853258,18.8788337206662,11.0754312690605,18.991189007187
11.5834184713818,18.7212430296165,11.0998963042856,18.9867156218143,11.5840161052043,18.6393882979106,11.2509544728133,18.8790288418069,11.0756013245212,18.9914196717861
11.5834218813669,18.7212453260806,11.1000845322812,18.986931369909,11.5841177360533,18.6394919599363,11.2511641710953,18.8792237870536,11.0757711635193,18.9916501750039
11.5834283501494,18.7212497391143,11.100272409862,18.9871467594193,11.5842207446328,18.6395964785638,11.2513735027594,18.8794183914752,11.0759406425255,18.9918803216809
11.5834348189319,18.7212541521481,11.100459655797,18.9873614677251,11.5843234522509,18.639700642186,11.2515821543482,18.8796123636672,11.0761095080777,18.9921097669294
11.5834412877144,18.7212585651819,11.100646156355,18.9875753641088,11.5844257982455,18.639804388943,11.2517899989618,18.8798055856578,11.076277657921,18.9923383708473
11.5833067366273,18.721165284215,11.1008319116999,18.9877884484236,11.584457272314,18.6398588721831,11.2519970366004,18.8799980574469,11.0764450925364,18.9925661330543
11.5831036580074,18.7210245295916,11.1010213673855,18.9880058208399,11.5844564859272,18.6398916205449,11.2522082224695,18.8801943856235,11.0766158179913,18.9927985056931
11.5829005793875,18.7208837749683,11.1012211274074,18.9882350615238,11.5844612236157,18.6399299586368,11.2524309197192,18.8804014153132,11.0767957814584,18.9930435944688
11.5833267281069,18.7211788857652,11.1014333490978,18.9884786514329,11.5847872615811,18.6401929815467,11.2526675362937,18.8806213850528,11.0769869207055,18.9933040553639
11.5834728296381,18.7212800376321,11.1016382154547,18.9887138462764,11.5849694165785,18.6403549934539,11.2528959782434,18.880833755282,11.0771713876473,18.9935555683577
11.5834672344811,18.7212761242751,11.1018247398895,18.9889280271906,11.5850659933321,18.6404544810918,11.2531039914556,18.8810271340097,11.0773392967057,18.9937846346731
11.5834672721176,18.7212761056882,11.1020065278377,18.9891368111391,11.5851628878108,18.6405533378958,11.2533067456032,18.8812156236669,11.0775029003244,18.9940079538421
11.5834709303164,18.7212785905232,11.1021881725298,18.9893454720829,11.5852615380802,18.6406533690118,11.2535093629106,18.8814039861112,11.077666332666,18.9942311668645
11.5834745885153,18.7212810753582,11.102369368272,18.9895536587369,11.5853599729874,18.6407531543787,11.2537115023215,18.8815919042807,11.0778293185631,18.9944538980415
11.5834782467141,18.7212835601932,11.1025499955225,18.9897612335932,11.5854581314293,18.6408526263179,11.2539130303909,18.8817792541188,11.0779917506596,18.994676000132
11.5834790267657,18.7212840530304,11.1027300543784,18.9899681965637,11.5855545764243,18.6409507867731,11.2541139471187,18.8819660356255,11.0781536292842,18.99489747287
11.5834786625227,18.7212837538885,11.1029096633591,18.9901746836873,11.5856502395189,18.6410482987304,11.2543143846508,18.8821523716496,11.0783150612097,18.9951184616742
11.583479234114,18.7212841001489,11.1030889880252,18.9903808851599,11.5857462500731,18.6411459698933,11.2545145276716,18.8823384338823,11.0784761953909,18.9953391699859
11.58348019609,18.7212847156399,11.1032680473342,18.9905868226769,11.5858423461293,18.641243621786,11.254714397284,18.8825242419419,11.0786370489639,18.9955596209443
11.5834826250316,18.7212863455347,11.103446801432,18.9907924502842,11.5859390451905,18.641341604774,11.2549139489394,18.8827097544139,11.078797586232,18.9957797652741
11.5834856817464,18.7212884095335,11.1036251859118,18.9909976937496,11.5860358936422,18.6414395932341,11.2551131106601,18.8828949043846,11.0789577494955,18.995999523395
11.5833501960068,18.7211944899136,11.1038031255715,18.9912024663759,11.5860632662593,18.6414893372602,11.2553117983921,18.8830796137134,11.0791174714257,18.9962188023407
11.5831609206377,18.7210633042924,11.1039850271392,18.9914118401305,11.5860658972527,18.6415225887294,11.2555149330916,18.8832684571494,11.0792807064353,18.9964430340982
11.5831877343801,18.721081822521,11.1041770378464,18.9916328937489,11.5861820215887,18.6416361662309,11.2557293812651,18.8834678181154,11.0794529670167,18.9966798021407
11.5834169249432,18.7212405448948,11.1043739837692,18.99185967442,11.5864020246125,18.6418225017147,11.2559493664383,18.883672326533,11.0796296081027,18.9969227323695
11.5834982923203,18.7212968605901,11.1045625209005,18.9920768162751,11.5865436611471,18.6419530447743,11.2561599833581,18.8838681257879,11.0797986632925,18.9971553633604
11.5835036025243,18.721300486564,11.1047408874202,18.9922822858409,11.5866418570959,18.6420517083475,11.2563592614716,18.8840533839627,11.0799585575831,18.9973755137037
11.5835046365649,18.7213011530803,11.1049161853615,18.99248426097,11.5867362974124,18.6421472216702,11.2565551336025,18.8842354757782,11.0801156601937,18.9975919440405
11.5835039631634,18.7213006379059,11.1050909878757,18.9926857054431,11.5868296431544,18.642241872189,11.2567504743775,18.8844170736205,11.0802722775886,18.99780783009
11.5835055678639,18.7213016984451,11.1052655200217,18.9928868784492,11.5869240090846,18.6423371593507,11.2569455352055,18.8845984112112,11.0804286114134,18.9980234496243
11.5835082451653,18.7213035008791,11.1054397666133,18.9930877624049,11.5870187861973,18.642432656093,11.2571402990721,18.8847794727328,11.0805846481346,18.9982387837368
11.583511315454,18.7213055757717,11.1056136109114,18.9932882226163,11.5871135735478,18.6425280628148,11.2573346354343,18.8849601368264,11.0807402833626,18.9984536879298
11.5835145666565,18.7213077760918,11.1057870009371,18.9934881989843,11.5872082380834,18.6426232768361,11.2575284860981,18.8851403493922,11.0808954707607,18.9986680976316
11.5835171495984,18.721309513458,11.1059599153536,18.9936876667106,11.5873023441565,18.6427179918934,11.2577218271058,18.8853200881582,11.0810501914394,18.9988819861092
11.5835194459036,18.7213110522496,11.1061323741312,18.9938866486293,11.5873960934559,18.6428123507442,11.2579146806765,18.8854993737801,11.0812044634611,18.9990953777146
11.5835217422089,18.7213125910412,11.1063044154062,18.9940851885483,11.5874896499341,18.6429064731062,11.2581070893512,18.885678245806,11.0813583211136,18.9993083193088
11.5835240385141,18.7213141298328,11.1064760506839,18.9942832995655,11.5875830199127,18.6430003649791,11.2582990658997,18.8858567161075,11.0815117748634,18.9995208248154
11.583527899758,18.7213167536908,11.1066472800501,18.9944809816031,11.5876769859127,18.6430945688353,11.2584906103221,18.8860347846844,11.0816648249694,18.9997328940232
11.5835324736787,18.7213198716907,11.1068180430364,18.9946781646618,11.5877710891608,18.6431887564396,11.2586816548728,18.8862123885575,11.081817417574,18.9999444517059
11.5835344066523,18.7213211616288,11.1069882516246,18.9948747468765,11.5878636052672,18.6432817190657,11.258872100955,18.8863894360664,11.0819694742492,19.000155388422
11.5835353419505,18.7213217609768,11.1071579762689,18.9950708093846,11.587955393503,18.6433740637881,11.2590620272722,18.8865660003777,11.0821210581553,19.0003657910868
11.5835362109029,18.7213223134075,11.1073273519459,18.9952665079231,11.5880469920201,18.6434661856736,11.2592515847659,18.8867422218137,11.0822722900051,19.000575826716
11.5835370529028,18.7213228467784,11.1074964216507,18.995461892024,11.5881384436345,18.6435581219026,11.259440821476,18.8869181450342,11.082423208319,19.0007855483756
11.5834158183589,18.7212387460259,11.1076651938042,18.9956569712895,11.5881687280858,18.6436075694314,11.259629746758,18.8870937787367,11.0825738207291,19.0009949662868
11.5832383921909,18.7211156883314,11.1078375407966,18.9958562223943,11.5881728755747,18.6436394645433,11.2598226957844,18.8872731530987,11.08272758191,19.0012088868043
11.5831957448013,18.7210860687163,11.1080191123882,18.9960661798928,11.5882494228641,18.6437230613868,11.2600259952536,18.8874621497122,11.0828895287767,19.0014343277199
11.5833064801274,18.7211627847316,11.1082074044701,18.9962839520389,11.5884063317089,18.6438634441087,11.2602368435307,18.8876581640477,11.0830574240802,19.0016681861873
11.5834172154534,18.7212395007469,11.1083932596047,18.9964989489619,11.5885619740094,18.6440024820502,11.2604449869016,18.8878516637767,11.0832231020519,19.0018990901016
11.5835279507794,18.7213162167622,11.1085718054533,18.9967055321631,11.5887137126156,18.6441375429589,11.2606449675149,18.888037575028,11.0833822221932,19.0021209820116
11.5835617841624,18.7213396239305,11.108743043749,18.9969037001413,11.588823086415,18.6442419825046,11.260836785371,18.8882158978016,11.0835347896207,19.0023338582234
11.5835638840769,18.7213410332852,11.1089094202586,18.9970962803133,11.5889139923296,18.6443327869784,11.2610231785203,18.8883891775162,11.0836829860814,19.002540754513
11.5834405378774,18.721255459136,11.1090743882959,18.9972872682915,11.5889414363937,18.6443793354868,11.2612080148657,18.8885610099537,11.0838298886478,19.0027459629366
11.5832682550256,18.7211359526367,11.1092429568345,18.9974824634928,11.5889463821893,18.6444108633842,11.2613969068673,18.8887366127172,11.0839799567468,19.0029557153728
11.5832372494121,18.7211144041046,11.1094206852909,18.9976883063502,11.5890269498651,18.6444963187078,11.2615960858025,18.8889217786913,11.084138136022,19.0031769347279
11.5833403532722,18.7211858435979,11.1096046346439,18.997901396693,11.5891779775149,18.6446316165436,11.2618022600224,18.8891134478064,11.0843018071093,19.0034059688604
11.5834434571323,18.7212572830913,11.1097860384809,18.9981115805353,11.5893276721998,18.6447655154611,11.2620056046127,18.8893024863666,11.084463169809,19.0036319039811
11.5835465609924,18.7213287225846,11.1099606294942,18.9983139114619,11.5894737181817,18.6448957118218,11.2622013349776,18.8894844463898,11.0846184309892,19.0038494213177
11.5834620013729,18.7212700219953,11.1101284092986,18.9985083880763,11.5895222750279,18.644957144268,11.2623894511173,18.8896593278762,11.0847675954189,19.004058517442
11.5832923408466,18.7211523059862,11.1102953379894,18.9987019168332,11.5895278458648,18.6449886039416,11.2625766344342,18.8898333421671,11.0849159633097,19.0042666172656
11.583279967836,18.7211436722901,11.1104700753194,18.9989045387783,11.5896163189172,18.6450788215577,11.2627725961867,18.890015517299,11.0850712290602,19.0044845193854
11.583505669159,18.7213001483218,11.1106503397053,18.9991136114543,11.5898268606479,18.6452545691278,11.2629747794484,18.8902034762343,11.0852313620403,19.0047093839255
11.583590257915,18.7213587654354,11.1108236104603,18.9993146132892,11.5899630925638,18.6453775892742,11.263169141142,18.8903841638771,11.0853852410537,19.0049255915605
11.5835915569249,18.7213596226723,11.1109868106961,18.9995039710132,11.5900522481463,18.6454662751325,11.263352227668,18.8905543696014,11.0855301380406,19.0051292960714
11.5835933875335,18.7213608478344,11.1111470334002,18.9996899111906,11.5901400770978,18.6455535322982,11.2635319944935,18.8907214891781,11.085672353241,19.0053293458183
11.5835955351584,18.7213622924069,11.1113068964138,18.9998754709615,11.5902278911182,18.6456407027727,11.2637113782928,18.890888252676,11.0858142106755,19.0055290082333
11.5835997440966,18.7213651657903,11.1114663769123,19.0000606236756,11.590316551636,18.6457283771572,11.263890353369,18.8910546362059,11.085955690122,19.0057282546214
11.58360515092,18.7213688694945,11.1116253916291,19.000245272515,11.5904055835761,18.6458162092611,11.2640688261971,18.8912205528226,11.0860967178785,19.0059269806789
11.5836073388196,18.7213703432214,11.1117838224338,19.0004292801027,11.5904927156903,18.6459026036538,11.2642466640803,18.8913858791651,11.0862371894222,19.0061250383918
11.5836081333951,18.7213708516936,11.1119417453224,19.0006127344765,11.5905789027931,18.6459882329104,11.2644239521995,18.8915506944216,11.0863771723835,19.0063225223571
11.5836090185564,18.7213714217734,11.1120993313514,19.0007958341679,11.5906649802061,18.6460737023906,11.2646008824891,18.891715177023,11.0865168185698,19.0065196461664
11.5836099438378,18.721372019139,11.1122566330885,19.000978640126,11.5907509515908,18.6461590229437,11.2647775138994,18.8918793817724,11.0866561746886,19.0067164753486
11.5836112836877,18.7213729030763,11.1124136518365,19.0011611537441,11.5908370051798,18.646244324543,11.264953847828,18.892043309969,11.0867952420034,19.0069130113249
11.5836128185133,18.7213739217911,11.112570374837,19.0013433600671,11.5909230244713,18.6463295240884,11.2651298698793,18.89220694823,11.0869340093393,19.0071092379019
11.5836158813091,18.7213759996942,11.1127267827458,19.0015252364755,11.591009665505,18.6464150731893,11.2653055582567,18.8923702762923,11.0870724597077,19.0073051306208
11.5836196962605,18.7213785989913,11.1128828129542,19.001706710013,11.5910965062026,18.6465006691337,11.2654808425505,18.8925332286997,11.0872105378424,19.0075006107975
11.5836213391336,18.7213796931151,11.1130383812851,19.001887682592,11.5911820384147,18.6465852532678,11.2656556280958,18.8926957174474,11.0873481694409,19.0076955726477
11.5836220521998,18.7213801429159,11.113193539304,19.0020682140017,11.591266911123,18.6466692839932,11.2658299727201,18.8928577962944,11.0874854003154,19.0078900804567
11.5836243762153,18.7213817092017,11.1133484002695,19.0022484358627,11.5913524562646,18.646753702931,11.2660040036007,18.8930195834708,11.0876223307803,19.0080842759397
11.5836274651853,18.7213838056471,11.1135029403187,19.0024283202666,11.5914382377669,18.6468382040224,11.2661776938459,18.8931810539767,11.0877589398651,19.0082781289344
11.5836305541554,18.7213859020924,11.113657074215,19.0026077678397,11.5915238265659,18.646922476194,11.2663509475706,18.893342118673,11.0878951523859,19.00847153224
11.5836336431254,18.7213879985378,11.1138107745845,19.0027867465258,11.5916092075415,18.6470065047532,11.2665237339032,18.8935027488598,11.0880309443374,19.0086644511857
11.5835225412159,18.7213108342847,11.1139640415219,19.0029652562405,11.5916372850954,18.6470506595025,11.2666960528437,18.8936629445373,11.0881663159943,19.0088568855559
11.5833640431904,18.7212007720516,11.1141204615472,19.0031474747627,11.5916434151477,18.6470800565731,11.2668719370542,18.8938264546551,11.0883044342228,19.0090533395431
11.5832973008246,18.7211543938319,11.1142851083507,19.0033393151498,11.591699949216,18.6471457205544,11.2670570929954,18.8939985842037,11.0884497758622,19.0092601900009
11.5835508259485,18.7213303007464,11.1144565941385,19.0035391640138,11.5919203939323,18.647326196387,11.2672499620162,18.8941778841888,11.0886011121164,19.0094756993558
11.583648974721,18.7213983763113,11.1146220128073,19.0037319811708,11.5920598765252,18.6474494631119,11.267436029002,18.8943508606866,11.088747054004,19.0096836482856
11.5836504570765,18.7213993652823,11.1147761851071,19.0039117255037,11.5921449097808,18.6475331088235,11.2676094659712,18.8945120957354,11.0888830368162,19.0098775188559
11.5836515671599,18.7214000957447,11.114926978309,19.0040875655136,11.5922279325433,18.6476147984038,11.2677791212051,18.8946698151078,11.0890160028456,19.0100671984116
11.5836524593191,18.721400674879,11.1150774310801,19.0042630435815,11.5923106816424,18.6476962258791,11.2679484129042,18.8948271965212,11.0891486320149,19.0102565079257
11.5836560447589,18.7214031216714,11.1152275781563,19.0044382000743,11.5923946327339,18.647778418327,11.2681173800736,18.8949842762369,11.0892809549398,19.010445490954
11.5836612417149,18.7214066859713,11.1153773368205,19.0046129383783,11.5924792011405,18.6478609545103,11.268285929564,18.8951409676588,11.0894128988457,19.0106340431698
11.5836636491628,18.7214083165842,11.1155265544178,19.0047870802002,11.5925621038737,18.6479422253216,11.2684538894701,18.8952971109758,11.0895443294508,19.0108219720435
11.5836648529453,18.7214091128161,11.1156752776072,19.0049606797779,11.5926441600223,18.6480228048198,11.2686213121936,18.8954527549029,11.0896752880915,19.0110093359537
11.5836666399577,18.7214103127962,11.1158236549426,19.0051339103346,11.5927263447713,18.6481033916757,11.2687883648691,18.8956080548162,11.0898059057632,19.0111963217373
11.5836686669569,18.7214116789102,11.1159717134701,19.0053068033057,11.5928085015834,18.6481838813088,11.2689550778698,18.8957630389522,11.0899362064115,19.0113829632334
11.5836690396651,18.721411896888,11.116119428182,19.0054793293425,11.592889669828,18.6482636028017,11.2691214229576,18.8959176810591,11.0900661681679,19.0115692286658
11.5836687952769,18.7214116865792,11.1162668553176,19.0056515539911,11.5929703991256,18.6483429461133,11.2692874633888,18.8960720399433,11.090195840653,19.011755188706
11.583669983693,18.7214124690325,11.1164140820795,19.0058235790171,11.5930517623789,18.648422668567,11.2694532973192,18.8962262068546,11.0903253006689,19.0119409531624
11.5836717940294,18.7214136824023,11.1165610820105,19.0059953734162,11.5931333396676,18.6485024748907,11.2696188948987,18.8963801540433,11.0904545250423,19.0121264884868
11.5836744770951,18.7214155013845,11.1167077832177,19.0061668530577,11.5932152168872,18.648582413687,11.2697841750787,18.8965338061626,11.0905834506872,19.0123117037393
11.5836775445136,18.7214175870805,11.116854131054,19.0063379539192,11.5932971197082,18.6486622861258,11.2699490762119,18.8966871059025,11.0907120297245,19.0124965296714
11.583676376987,18.721416734358,11.1170000781548,19.0065086204572,11.5933767122708,18.6487404642339,11.2701135448374,18.8968400035632,11.0908402207107,19.0126809061733
11.5836735308736,18.7214147169474,11.1171457661877,19.0066790181829,11.5934553504283,18.6488179112418,11.2702777405189,18.8969926474823,11.0909681482165,19.0128650119612
11.583675761946,18.7214162220133,11.1172914131315,19.0068494019781,11.5935365318883,18.6488970880398,11.2704419088901,18.8971452660127,11.0910960036905,19.0130491223836
11.5836812306342,18.7214199732893,11.1174368948521,19.007019626592,11.5936192687194,18.6489772895331,11.2706059100141,18.8972977290623,11.0912236781952,19.0132330804524
11.5836866993225,18.7214237245652,11.1175819068296,19.0071893355782,11.5937017745168,18.6490572287262,11.270769400533,18.8974497174297,11.0913509046422,19.0134165008568
11.5836921680107,18.7214274758412,11.1177263305947,19.0073583900524,11.5937839837344,18.6491368420918,11.2709322467501,18.8976011068242,11.0914775793492,19.0135992333329
11.5836947075857,18.7214291976643,11.1178701662809,19.0075267898979,11.5938644314569,18.6492151152617,11.2710944486654,18.8977518972459,11.0916037027035,19.0137812775915
11.5836960842626,18.7214301137668,11.1180135156917,19.007694654055,11.5939440564892,18.6492927151017,11.2712561209444,18.8979021952932,11.0917293642133,19.013962762064
11.5835932574162,18.7213586533418,11.1181565209549,19.0078621487656,11.5939714166104,18.6493339327583,11.2714174237765,18.8980521498855,11.0918546886449,19.0141438663716
11.5834496347007,18.7212588573744,11.1183025165538,19.0080331801009,11.5939800539565,18.6493625816662,11.271582118608,18.8982052578377,11.0919825973483,19.014328814462
11.5834627791053,18.7212679412591,11.1184560849383,19.0082131187234,11.5940712807161,18.6494497304792,11.2717553761518,18.8983663260844,11.0921171020836,19.0145234156767
11.5836516228681,18.7213990540494,11.1186135644572,19.00839767706,11.5942525507433,18.6495999792246,11.271933066879,18.8985315156239,11.0922549930278,19.0147230344784
11.5837089628581,18.7214388384787,11.1187644593264,19.0085745541896,11.5943644721055,18.6497010065426,11.2721033477515,18.8986898166188,11.0923870812847,19.0149143652729
11.5837101461716,18.721439622527,11.1189073702135,19.0087421063709,11.5944439372205,18.6497782314463,11.2722646377329,18.8988397592645,11.0925121457744,19.0150956278684
11.5836108366526,18.7213705956581,11.119048212952,19.0089072669087,11.5944720367368,18.6498194342098,11.2724236120384,18.8989875491505,11.0926353657465,19.015274321793
11.5834701461026,18.7212728219856,11.1191919408867,19.0090758444321,11.5944810614518,18.649847809459,11.2725858617138,18.8991383839723,11.0927610741061,19.0154567320695
11.5834379997726,18.721250448844,11.1193430469779,19.0092531110339,11.5945484611626,18.6499178411357,11.2727564600124,18.8992969800612,11.0928931975287,19.01564856507
11.5835257109488,18.7213113350375,11.1194994074254,19.0094365783294,11.5946787270023,18.6500323108825,11.2729330109011,18.8994611099541,11.0930298758905,19.0158471295771
11.583613422125,18.7213722212309,11.1196537988856,19.0096177717438,11.5948079403918,18.6501457057113,11.2731073588724,18.8996231919127,11.0931647947676,19.0160432537036
11.5837011333011,18.7214331074244,11.1198024323593,19.0097922427698,11.5949340014409,18.6502559941228,11.2732752241916,18.8997792472972,11.0932946453338,19.0162321210615
11.5836287083358,18.7213827255183,11.1199453092186,19.0099599902356,11.5949768356359,18.650307548691,11.2734366068586,18.8999292761078,11.093419431694,19.0164137288078
11.5834888539063,18.7212854913008,11.1200874532134,19.0101269106883,11.5949855718842,18.6503352788009,11.2735971803739,18.9000785526933,11.0935435427895,19.016594460069
11.5833745810473,18.7212060336142,11.1202360008914,19.0103013857688,11.595010668272,18.6503753293744,11.2737650072117,18.9002345723039,11.0936732078052,19.0167833911412
11.5836637705187,18.7214069402835,11.1203922655292,19.0104849613097,11.595241800548,18.6505596928287,11.2739415729543,18.9003987160055,11.0938095692746,19.016982197997
11.5836514378438,18.7213983406563,11.1205428374386,19.0106618848277,11.5953190523146,18.6506362316054,11.2741117262774,18.9005568984247,11.0939409257482,19.0171738208244
11.5835164509141,18.7213045173101,11.1206846017442,19.0108284929345,11.5953301239729,18.6506654209594,11.2742719453433,18.9007058454976,11.0940645638408,19.0173542896628
11.5834790417453,18.7212784915673,11.1208309103435,19.0110004760758,11.5953925277804,18.6507309417149,11.2744373194454,18.9008595849313,11.0941921286638,19.0175406002182
11.5835615226217,18.7213357661347,11.1209825062302,19.0111787098965,11.5955178365696,18.650840940318,11.2746086896645,18.9010188986334,11.0943242652241,19.0177337026189
11.5836440034981,18.7213930407021,11.1211324450281,19.0113550308478,11.5956422569807,18.6509500373577,11.2747782063914,18.9011764892432,11.0944549199805,19.0179247524961
11.5837264843745,18.7214503152695,11.1212768998211,19.0115249370696,11.595763662618,18.6510561818586,11.2749415421348,18.9013283337241,11.0945807603049,19.0181088707304
11.5836530209469,18.7213992203249,11.121415871906,19.0116884274567,11.5958040764255,18.6511051941295,11.2750986968947,18.9014744320762,11.0947017900987,19.0182860546351
11.5835198386056,18.7213066252464,11.1215543247776,19.0118513396357,11.595814363613,18.6511331738544,11.2752552827063,18.9016200015074,11.0948223332149,19.0184626302076
11.5834824392807,18.7212805958634,11.1216991202408,19.0120217488467,11.595876088726,18.6511978322718,11.2754190607346,18.901772257157,11.0949483618456,19.0186473511043
11.5835669283977,18.7213392744926,11.1218491261586,19.0121983254837,11.5960016825873,18.6513076275666,11.2755887519857,18.9019300100125,11.0950788875943,19.0188387776255
11.5836514175148,18.7213979531218,11.1219974551871,19.0123729633063,11.5961263768111,18.6514165094493,11.2757565658838,18.9020860175937,11.0952079170471,19.0190281219417
11.5837359066318,18.721456631751,11.1221402521955,19.0125411217909,11.596248024651,18.6515224136663,11.2759181399777,18.9022362243635,11.0953320988248,19.0192104599455
11.5836668543888,18.7214085948136,11.122277518499,19.0127027998179,11.5962898499746,18.6515719880809,11.2760734742676,18.9023806303222,11.0954514368901,19.0193857889182
11.5835363875534,18.7213178730059,11.1224141169464,19.0128637234442,11.5963006177302,18.6515998576965,11.2762280707876,18.9025243504158,11.0955701602037,19.0195603177815
11.5835532365842,18.7213295465047,11.1225568530016,19.0130319111681,11.5963884826744,18.6516822084398,11.2763896323158,18.9026745455041,11.095694181764,19.019742744053
11.5837200627297,18.7214454650724,11.1227030021918,19.0132041550728,11.5965532649869,18.6518184999262,11.2765550763703,18.9028283499687,11.0958211319051,19.0199295894709
11.5836750124752,18.7214141061075,11.1228431462411,19.0133693549035,11.5966087938612,18.6518779230901,11.2767137410588,18.9029758520204,11.0959428307967,19.0201088120096
11.5835461814276,18.7213245102249,11.1229792478378,19.0135298218218,11.5966202051805,18.6519060539427,11.276867847093,18.9031191161356,11.0960609853816,19.0202829176401
11.5835657202144,18.7213380551954,11.123120672367,19.0136965979115,11.5967087921632,18.6519885996292,11.2770279988199,18.9032680006072,11.0961837252132,19.020463887514
11.5837302763597,18.7214524105102,11.1232653709386,19.0138672690862,11.5968717411994,18.6521232935897,11.2771918772053,18.9034203495532,11.0963092698411,19.020649103261
11.5837749701416,18.7214834457229,11.1234040481806,19.0140308710852,11.5969714294276,18.6522130915127,11.2773489545409,18.9035663759281,11.09642955552,19.0208266654951
11.5837747705573,18.7214832741435,11.123535910244,19.0141864643294,11.5970448924616,18.6522836295572,11.2774983299453,18.9037052422306,11.0965438970643,19.0209955526547
11.5836832964309,18.7214196334007,11.1236661791632,19.0143402085203,11.5970718490099,18.6523215763394,11.2776459178258,18.9038424467679,11.0966568244842,19.0211624498246
11.5835564901827,18.7213314239208,11.1237991590704,19.0144971835796,11.5970826732109,18.6523486861377,11.2777965946292,18.9039825229111,11.0967720682952,19.0213328719154
11.5835727964738,18.7213427229285,11.1239388456843,19.0146621083944,11.5971688233008,18.6524291327861,11.277954889038,18.9041296807337,11.0968930885539,19.0215119435256
11.5837367983241,18.7214567170723,11.1240818390612,19.0148309712464,11.5973306983847,18.6525626841584,11.2781169496077,18.9042803397539,11.0970169372269,19.0216953100297
11.5836941933675,18.7214270472196,11.1242189679876,19.0149929413505,11.5973860234683,18.6526212514188,11.278272381999,18.9044248369123,11.0971356721884,19.0218712096204
11.5835690913497,18.721340013054,11.1243520944096,19.0151502155485,11.5973978884183,18.6526489854375,11.2784232953443,18.9045651329559,11.0972509081891,19.0220420267206
11.5835847841977,18.7213508882471,11.1244903380965,19.0153135678867,11.5974830366993,18.6527284044422,11.2785800279243,18.9047108388299,11.0973705386297,19.022219463642
11.5837465938949,18.721463373729,11.1246318518846,19.0154808177369,11.5976431004879,18.6528603672491,11.2787404866688,18.9048600087193,11.097492962828,19.0224011528829
11.5837033341346,18.7214332462047,11.1247675724139,19.0156412530701,11.5976974160283,18.6529179132841,11.278894394661,18.9050030887255,11.0976103411366,19.0225754569015
11.5835799155208,18.7213473732018,11.124899366144,19.0157970778724,11.5977094782286,18.6529454785826,11.279043867162,18.9051420452934,11.0977242902636,19.0227447688998
11.5835951152139,18.7213579080108,11.1250362457499,19.0159589482426,11.5977937206866,18.6530239608826,11.2791991258427,18.9052863809623,11.0978426017736,19.0229206678192
11.5837519939494,18.7214669793465,11.1251763632136,19.0161246807838,11.5979506433381,18.6531534326491,11.279358075681,18.9054341481025,11.0979636761381,19.0231007821637
11.5837984171752,18.7214992327961,11.1253108638305,19.0162838017045,11.5980492185797,18.6532414815145,11.2795106716713,18.905576008411,11.0980798631493,19.0232737285768
11.5837985434749,18.7214992883771,11.1254387625711,19.0164351427593,11.5981209679738,18.6533098952178,11.2796557946364,18.9057109214486,11.0981903151416,19.0234382355982
11.5837138768888,18.7214403558034,11.1255650109947,19.0165845609721,11.5981494150419,18.653347928984,11.2797990617942,18.9058441092418,11.0982993100545,19.0236006688945
11.5835926168662,18.7213559661496,11.1256937465724,19.0167369532424,11.5981609801226,18.65337455953,11.2799451684177,18.9059799367339,11.098410419362,19.0237663522515
11.5836074782254,18.7213662675246,11.1258287980691,19.016896853955,11.5982441729352,18.6534519036061,11.2800984610514,18.9061224446743,11.0985269450336,19.02394021689
11.5837542816434,18.7214683526379,11.1259670326191,19.0170605561932,11.5983951519327,18.6535768282832,11.2802553850187,18.9062683284709,11.0986461816308,19.0241182333149
11.5838057888848,18.7215041482315,11.1261000107725,19.0172180653826,11.5984955611407,18.6536657868061,11.2804063596946,18.9064086815302,11.0987608505806,19.0242895323691
11.5838079045209,18.7215055862475,11.1262265726322,19.0173680048683,11.5985676956049,18.6537341301351,11.2805500666499,18.9065422781795,11.0988699548402,19.0244526152138
11.5838100201569,18.7215070242635,11.1263512618146,19.0175157554225,11.5986387984092,18.6538014682433,11.2806916638369,18.9066739134905,11.0989774131741,19.0246133333675
11.583812135793,18.7215084622795,11.1264756291084,19.0176631540726,11.5987097399226,18.6538686302011,11.2808329120095,18.9068052243413,11.0990845624176,19.0247736849357
11.5838132680932,18.7215092166592,11.1265996745842,19.0178102007563,11.5987800291884,18.6539352734377,11.2809738111675,18.9069362107321,11.099191402711,19.0249336698068
11.5838140128751,18.7215097016279,11.1267234370223,19.0179569413265,11.5988499867491,18.6540016248334,11.2811144052952,18.9070669135525,11.0992979675791,19.0250933377901
11.5837302305302,18.7214513630877,11.1268469704476,19.0181034397385,11.5988775738316,18.6540384354469,11.2812547557104,18.9071973898065,11.099404303654,19.0252527584007
11.583612494565,18.7213693957887,11.1269729457017,19.0182528638453,11.5988895809219,18.6540647277674,11.2813978971255,18.9073304607034,11.0995127092541,19.0254153792917
11.5836239339677,18.7213773196031,11.1271050840115,19.0184096295401,11.5989696704902,18.6541392455169,11.2815480589674,18.9074700581146,11.0996263841547,19.0255860076391
11.5837646540855,18.7214752078403,11.1272404025884,19.0185702004472,11.5991162211665,18.6542604289821,11.2817018529058,18.9076130320911,11.0997427600421,19.0257607954713
11.5838203217627,18.7215139105233,11.1273708027804,19.0187249663616,11.5992175052932,18.6543493808247,11.2818500744325,18.9077508256954,11.0998548728713,19.0259292811143
11.5838244197055,18.7215167273073,11.1274948828031,19.0188722608737,11.5992894683334,18.6544170078268,11.281991128677,18.9078819562618,11.0999615204987,19.0260896488445
11.58382487416,18.7215170106349,11.1276168958665,19.0190171308081,11.5993584652281,18.654482259814,11.282129849499,18.9080109175703,11.1000663605348,19.0262473924731
11.5838236722273,18.7215161422134,11.1277385809116,19.0191616402266,11.5994264685521,18.6545467563888,11.282268213604,18.9081395472583,11.1001708875773,19.0264047593045
11.5838249771113,18.7215170174468,11.1278601325731,19.0193060201656,11.5994956701811,18.6546120484753,11.2824064422473,18.9082680510147,11.1002752688388,19.0265620009194
11.5838277807403,18.7215189351552,11.1279815217148,19.0194502359697,11.5995655504546,18.6546777690553,11.2825445022697,18.9083963980134,11.1003794793434,19.0267190795386
11.5838305843693,18.7215208528637,11.1281026046415,19.0195941168383,11.5996352795275,18.6547433195547,11.2826822301961,18.9085244362801,11.1004833958427,19.0268758090528
11.5838333879983,18.7215227705721,11.1282233276464,19.0197375988122,11.5997048273783,18.654808670939,11.2828195648595,18.9086521089514,11.1005869724089,19.0270321196913
11.5838350854374,18.7215239189571,11.128343690807,19.0198806818239,11.5997736410299,18.6548734384152,11.2829565062599,18.9087794160272,11.1006902092807,19.0271880112785
11.5838363227976,18.7215247473703,11.128463736302,19.0200234158593,11.5998420673555,18.6549378690622,11.2830931023002,18.9089064020401,11.1007931427899,19.0273435381843
