gt_x,gt_y,K=1_pred_x,K=1_pred_y,K=5_pred_x,K=5_pred_y,K=10_pred_x,K=10_pred_y,baseline_pred_x,baseline_pred_y
0.801496405223354,18.4462888982733,0.801496405223354,18.4462888982733,0.801496405223354,18.4462888982733,0.801496405223354,18.4462888982733,0.801496405223354,18.4462888982733
0.801495899002828,18.4462889306285,0.801476898680705,18.4462908567164,0.801476898680705,18.4462908567164,0.801486398841766,18.4462898936724,0.801476898680705,18.4462908567164
0.801495392782303,18.4462889629837,0.801457470361412,18.4462928073059,0.801457470361412,18.4462928073059,0.801476431571857,18.4462908851448,0.801457470361412,18.4462928073059
0.801494886561778,18.4462889953389,0.801438120265475,18.4462947500419,0.801438120265475,18.4462947500419,0.801466503413626,18.4462918726904,0.801438120265475,18.4462947500419
0.801494381972802,18.4462890274416,0.801418848392893,18.4462966849243,0.801418848392893,18.4462966849243,0.801456615182847,18.446292856183,0.801418848392893,18.4462966849243
0.801494728181218,18.4462889278539,0.801399654675538,18.44629861196,0.801399654675538,18.44629861196,0.801447191428378,18.446293769907,0.801399654675538,18.44629861196
0.801495074389634,18.4462888282662,0.801380503518435,18.4463005347227,0.801380503518435,18.4463005347227,0.801437788954035,18.4462946814945,0.801380503518435,18.4463005347227
0.801515124773638,18.4462858168395,0.801361359394736,18.4463024567792,0.801361359394736,18.4463024567792,0.801438242084187,18.4462941368094,0.801361359394736,18.4463024567792
0.801535951108676,18.4462826907445,0.801341427424157,18.446304457935,0.801341427424157,18.446304457935,0.801438689266417,18.4462935743397,0.801341427424157,18.446304457935
0.801519238815752,18.4462851221127,0.801319881424006,18.4463066211382,0.801319881424006,18.4463066211382,0.801419560119879,18.4462958716254,0.801319881424006,18.4463066211382
0.801493404518546,18.4462889039618,0.801298205896203,18.4463087973459,0.801298205896203,18.4463087973459,0.801395805207375,18.4462988506539,0.801298205896203,18.4463087973459
0.801493308923916,18.4462888725681,0.801278284458339,18.4463107920854,0.801278284990285,18.4463107973908,0.801385796858312,18.446299833995,0.801278285600207,18.4463108034565
0.801493254405134,18.4462888350891,0.801259445479086,18.446312673492,0.801259447003755,18.4463126887114,0.801376350418944,18.4463007590543,0.801259448823198,18.4463127067857
0.801493265121065,18.4462887893413,0.801240647234579,18.446314545981,0.801240650228709,18.4463145758944,0.801366957110168,18.4463016769866,0.801240653934399,18.4463146126626
0.801493275836997,18.4462887435935,0.801221883485955,18.4463164102528,0.801221888417781,18.4463164595669,0.801357581191352,18.4463025922432,0.801221894723216,18.4463165220518
0.801492891497196,18.4462887591235,0.801203149652227,18.446318266818,0.801203156983814,18.4463183401897,0.801348022841386,18.4463035356957,0.801203166628229,18.4463184356397
0.801492498588992,18.4462887759853,0.801184463497406,18.4463201139591,0.801184473683159,18.4463202159799,0.801338484183036,18.4463044764881,0.801184487418105,18.4463203517351
0.801492223533374,18.4462887754136,0.801165843170919,18.4463219499255,0.801165856657063,18.4463220851162,0.801329037498614,18.446305404338,0.801165875237814,18.446322268523
0.80149225586394,18.4462887281939,0.801147283695113,18.4463237752479,0.801147300923708,18.4463239480987,0.801319775064562,18.4463063048928,0.801147325110095,18.4463241865183
0.801512381552743,18.4462856316637,0.801128767348017,18.4463255917005,0.80112878876053,18.4463258067069,0.801320581005536,18.4463056777093,0.801128819319555,18.4463261075405
0.801532507241546,18.4462825351335,0.801109473889193,18.4463274795656,0.801109500129055,18.4463277432719,0.801320998583304,18.4463050882084,0.801109538149666,18.4463281170369
0.801516565197915,18.4462849182661,0.801088595377748,18.4463295173088,0.801088627346654,18.4463298388845,0.801302590039064,18.4463073162519,0.801088674346124,18.4463303002316
0.801491992704039,18.4462886125972,0.801067579055241,18.4463315632557,0.801067617297473,18.4463319482786,0.801279797525979,18.4463102056742,0.801067674256554,18.4463325065743
0.801490893126268,18.446288738427,0.801048218596702,18.4463334431777,0.801048263082644,18.4463338914281,0.801269569391196,18.4463112277481,0.801048330059357,18.4463345470391
0.801490824642944,18.4462887075032,0.801029919524102,18.4463352154732,0.801029970349862,18.4463357280056,0.801260387523148,18.4463121179374,0.80103004757922,18.4463364830168
0.801490374183914,18.4462887372396,0.801011699639407,18.4463369755488,0.801011757213463,18.4463375565917,0.801251054382037,18.4463130336176,0.80101184542811,18.4463384178964
0.801489896179338,18.4462887713503,0.800993534641624,18.4463387257846,0.800993599377225,18.4463393796256,0.801241735033804,18.4463139478546,0.800993699322836,18.4463403542159
0.801489418174762,18.446288805461,0.800975442789598,18.4463404644526,0.800975515088681,18.4463411952754,0.80123245237713,18.4463148575658,0.800975627499462,18.4463422900042
0.801488940170187,18.4462888395717,0.800957425315904,18.4463421914721,0.800957505575211,18.4463430034179,0.80122320702661,18.4463157626978,0.800957631183562,18.446344225093
0.801488792040479,18.4462888217752,0.800939482225226,18.4463439068802,0.800939570836813,18.446344804053,0.801214163920487,18.4463166373044,0.800939710373441,18.4463461594385
0.801488648623097,18.4462888032371,0.80092159862029,18.4463456121349,0.800921695978857,18.4463465986761,0.801205153029519,18.4463175077086,0.800921850184347,18.4463480946038
0.801488304371318,18.4462888172763,0.800903759389884,18.4463473087035,0.800903865893938,18.446348388804,0.801196064025755,18.4463183913185,0.800904035520454,18.4463500321891
0.801487956343273,18.4462888319298,0.800885973087714,18.4463489957969,0.800886089127976,18.4463501735788,0.801186999712665,18.4463192717373,0.800886274919514,18.4463519712309
0.801487678945815,18.4462888360063,0.800868248645117,18.4463506725971,0.800868374603694,18.4463519521045,0.80117800175664,18.4463201429368,0.800868577294512,18.4463539107138
0.80148768708874,18.4462887952489,0.800850582798265,18.4463523394431,0.800850719055176,18.4463537247092,0.801169175979927,18.4463209879547,0.800850939380493,18.4463558509482
0.801506828657925,18.4462857502691,0.800832960634432,18.4463539977677,0.800833107574909,18.4463554928894,0.801169938870541,18.4463203278326,0.800833346283342,18.4463577935318
0.801525970227109,18.4462827052892,0.800814601101108,18.4463557208961,0.800814759599125,18.4463573350132,0.801170333334778,18.4463197028691,0.800815018291834,18.4463598248769
0.801510492680348,18.4462851030552,0.800794734576517,18.4463575804993,0.800794906041622,18.4463593282964,0.80115266516309,18.446321871948,0.800795187273499,18.4463620311487
0.801485915825712,18.4462889313956,0.800774751907795,18.4463594459883,0.800774936877529,18.4463613331864,0.801130389422677,18.446324760978,0.800775241710716,18.4463642586189
0.801485893731669,18.4462888952823,0.800756409635964,18.4463611537675,0.800756607423814,18.4463631734506,0.801121211053678,18.4463256368281,0.800756934768516,18.4463663107673
0.801485883655672,18.4462888572775,0.800739087058468,18.4463627622878,0.800739297349714,18.4463649113698,0.801112548444556,18.446326461164,0.800739646742893,18.446368255812
0.801504265704453,18.4462858954068,0.800721797332735,18.4463643634416,0.800722020500195,18.4463666459533,0.80111309843201,18.446325821096,0.800722392683589,18.4463702040796
0.801523033338469,18.446282872238,0.800703800039978,18.4463660256251,0.800704037022568,18.4463684514818,0.801113487704957,18.4463251838842,0.800704433752184,18.4463722393151
0.801517965486259,18.4462836427123,0.800684339680748,18.4463678180712,0.8006845920459,18.4463704037437,0.801101228164155,18.4463265135946,0.800685016224543,18.4463744479492
0.801506621529388,18.446285412088,0.800664360308153,18.4463696533355,0.800664628920615,18.4463724080274,0.801085571317812,18.4463283669382,0.800665082227184,18.4463767237509
0.801495277572517,18.4462871814637,0.800645074239236,18.4463714201066,0.800645358972194,18.4463743427167,0.801070261082418,18.4463301856959,0.800645841311374,18.4463789285397
0.801483933615646,18.4462889508394,0.800626734197973,18.4463730956425,0.800627034675025,18.4463761824632,0.80105542374611,18.4463319577104,0.800627545485456,18.4463810326518
0.801483731299819,18.44628894549,0.800609340228059,18.446374680409,0.800609656029107,18.446377927267,0.801046630138569,18.4463327957128,0.800610194652225,18.4463830352153
0.801483588941659,18.4462889305901,0.800592442957071,18.4463762157051,0.800592774024636,18.4463796222083,0.801038114839429,18.4463336040825,0.800593340449679,18.4463849873315
0.801501757087658,18.4462859555606,0.800575590563668,18.4463777427162,0.800575937235503,18.4463813126101,0.801038777328208,18.446332929372,0.800576532172943,18.4463869409843
0.80152004653705,18.4462829609209,0.800558043468508,18.4463793282921,0.800558406780866,18.4463830726553,0.801039153421139,18.4463322774791,0.800559032232536,18.4463889822303
0.801505674557171,18.4462852541017,0.800539059577731,18.4463810389559,0.800539441317254,18.4463849767745,0.801022480926164,18.4463343377665,0.800540100693209,18.4463911983753
0.801482624349916,18.4462889522702,0.800519948012595,18.4463827563567,0.800520348728397,18.446386893657,0.801001405638887,18.4463371057301,0.800521043187264,18.4463934373158
0.801481996193655,18.4462890171735,0.80050237202469,18.4463843313894,0.800502790581434,18.4463886564825,0.800992308827231,18.4463379823449,0.800503518155815,18.4463955035567
0.801481799106632,18.4462890122264,0.800485780018725,18.4463858141089,0.800486215784393,18.4463903205805,0.80098391935153,18.4463387759387,0.800486975413581,18.4463974607992
0.801481614493062,18.446289006206,0.800469253869103,18.4463872868194,0.800469707140101,18.4463919780367,0.800975569124879,18.4463395650042,0.800470499484165,18.4463994168788
0.801481429960825,18.4462890001786,0.800452774754059,18.4463887512255,0.800453245843304,18.4463936307393,0.800967242545125,18.4463403509825,0.800454071598589,18.4464013739924
0.801499240400456,18.446286036863,0.800436341160677,18.4463902074851,0.800436830379661,18.4463952788403,0.80096793630054,18.4463396553102,0.800437690246902,18.4464033323081
0.801517066422797,18.4462830709865,0.800419228133039,18.4463917196803,0.800419736606025,18.4463969950431,0.800968298457428,18.4463389899925,0.800420632830108,18.4464053785196
0.801512194038704,18.4462838397604,0.800400710049739,18.4463933514092,0.800401239761998,18.4463988521132,0.800956609463082,18.4463402581988,0.800402176246333,18.446407600335
0.801501349879449,18.4462855910919,0.800381700246327,18.4463950217246,0.800382252175374,18.4464007584535,0.800941689004193,18.4463420401958,0.800383230944939,18.4464098890321
0.801490505720195,18.4462873424235,0.800363353223575,18.4463966292328,0.800363926992368,18.446402598289,0.800927099820796,18.4463437896694,0.800364947495591,18.4464121055173
0.80147966156094,18.4462890937551,0.800345909494186,18.4463981532518,0.80034650440434,18.4464043475045,0.800912962075174,18.4463454952439,0.800347565455582,18.4464142199944
0.801479440205818,18.4462890951347,0.800329369098123,18.4463995942264,0.800329984411289,18.4464060061002,0.800904587177987,18.4463462820326,0.800331084726719,18.4464162316321
0.801479283563596,18.4462890858537,0.800313304433515,18.4464009897495,0.800313939908366,18.4464076169569,0.800896482428602,18.4463470400733,0.800315079147703,18.4464181918295
0.801496733657671,18.446286141587,0.8002972852657,18.4464023773231,0.800297941188848,18.4464092232171,0.800897203876039,18.4463463276556,0.800299120031095,18.4464201528739
0.801514191650123,18.4462831960036,0.80028060260243,18.4464038182034,0.800281280177931,18.4464108959708,0.800897597873504,18.4463456452076,0.800282501094494,18.4464222018581
0.801503715138456,18.4462849168889,0.800262549694538,18.446405372924,0.800263251086211,18.4464127060789,0.800883340125294,18.4463473600021,0.800264518448783,18.4464244265137
0.801478893684068,18.446289034102,0.800244245069313,18.4464069447579,0.80024497099838,18.4464145413869,0.800861784253394,18.4463502839524,0.800246286396242,18.4464266897474
0.801477656958216,18.4462892067645,0.8002273822334,18.4464083885848,0.800228131124097,18.4464162320984,0.80085274117574,18.4463511666188,0.80022949163773,18.4464287816264
0.801477431311885,18.4462892103238,0.800211593136598,18.446409736543,0.800212363860227,18.4464178151205,0.800844740173809,18.4463519132326,0.800213767415172,18.4464307466694
0.801477205665555,18.446289213883,0.80019589467461,18.4464110728482,0.800196687436737,18.4464193890224,0.800836784545271,18.4463526547818,0.800198134576009,18.4464327067102
0.801476980335886,18.4462892173899,0.800180246436105,18.4464124009742,0.800181061495223,18.4464209578559,0.800828854258173,18.4463533931517,0.800182552870833,18.4464346667487
0.80147692013453,18.4462891935721,0.800164648407024,18.4464137209474,0.80016548601855,18.4464225216228,0.800821031710311,18.446354114712,0.800167022283029,18.4464366267698
0.801476859933174,18.4462891697543,0.800149091625228,18.4464150335495,0.800149952054632,18.4464240812218,0.800813229859278,18.446354833551,0.800151533886942,18.4464385878845
0.801493583281547,18.4462862884474,0.80013356714517,18.446416339554,0.80013445066852,18.44642563755,0.800813836010132,18.446354121348,0.800136078774598,18.446440551206
0.80151042180484,18.4462833875313,0.800117399553456,18.446417695627,0.800118307463382,18.4464272583164,0.800814178564177,18.4463534287048,0.800119984600871,18.446442602432
0.801497526792661,18.446285558251,0.800099908759619,18.4464191583204,0.800100843414429,18.4464290116946,0.800798993430102,18.4463553330227,0.800102574519061,18.4464448287276
0.801475444966857,18.4462892959614,0.800082287035892,18.4464206275706,0.800083248999462,18.4464307781615,0.800779149583017,18.4463580260809,0.800085035414852,18.4464470789869
0.801491882646211,18.446286439214,0.800066101198065,18.4464219730712,0.8000670885778,18.4464324006564,0.800779282877197,18.4463573539371,0.800068926654958,18.446449152528
0.801508463563229,18.4462835579447,0.800050168534608,18.4464232935559,0.800051181259706,18.4464339977399,0.800779614352139,18.4463566569029,0.800053071026959,18.4464512000888
0.801495779588652,18.446285709513,0.800032930637813,18.4464247179161,0.800033971137557,18.4464357256241,0.80076466146392,18.4463585363395,0.80003591774027,18.4464534223948
0.801474532465573,18.4462893337311,0.800015563790292,18.4464261486019,0.800016632626679,18.4464374663983,0.800745362683703,18.4463611572405,0.800018637418211,18.4464556684411
0.80147420595095,18.446289357903,0.799999596022513,18.4464274600555,0.800000691237014,18.4464390669026,0.800737223175463,18.4463619121594,0.800002750380409,18.4464577400463
0.80147410050209,18.4462893440336,0.799984527883152,18.4464286938681,0.799985648294852,18.4464405772034,0.800729643667864,18.4463626054492,0.799987759522476,18.4464597009889
0.801473995053231,18.4462893301641,0.799969505040834,18.4464299202258,0.799970650877694,18.4464420829335,0.800722086870043,18.4463632958801,0.799972814823593,18.4464616620396
0.801473889604371,18.4462893162947,0.79995451856445,18.4464311398773,0.799955690067042,18.4464435849883,0.800714548320013,18.4463639838706,0.799957907397047,18.4464636243489
0.801300575384614,18.4463067019256,0.79993956845639,18.4464323528405,0.799940765862895,18.4464450833679,0.800620423632729,18.4463733691746,0.7999430372446,18.4464655879112
0.801124691959132,18.4463243456432,0.799919529739361,18.4464339736511,0.799920762269443,18.4464470917146,0.800522472693137,18.4463831182225,0.799923107204426,18.4464682281207
0.800894119574499,18.4463474766878,0.799889201106649,18.4464364191474,0.799890487405311,18.4464501312896,0.800392037685671,18.4463960855305,0.799892945472243,18.4464722376501
0.80066356032877,18.4463706059169,0.799842899692146,18.4464401409635,0.799844269004604,18.4464547715844,0.800253631274734,18.4464097878772,0.7998469028742,18.4464783819211
0.800586159945398,18.4463771409718,0.799775017870028,18.4464455804411,0.799776510242756,18.4464615745163,0.800181025609849,18.4464161861089,0.799779406986944,18.4464874281851
0.800508759562025,18.4463836760267,0.799696835194603,18.446451825991,0.799698470837207,18.4464694096176,0.800103275307083,18.4464230554738,0.799701676697771,18.4464978943103
0.800282232345666,18.446406029909,0.799619632339039,18.4464579743888,0.799621410949635,18.446477146376,0.799951451373996,18.4464377851981,0.799624928146389,18.44650827427
0.799816408411991,18.446453767509,0.799537620634507,18.4464644856744,0.799539552702589,18.4464853648862,0.799677577635942,18.4464654239357,0.799543406682058,18.446519345285
0.799350584478317,18.4465015051091,0.799435722013217,18.4464725506439,0.799437846734251,18.4464955760937,0.799393771660054,18.4464939717346,0.799442126789939,18.446533156737
0.798885204123428,18.4465491948159,0.7993046464642,18.4464828922286,0.799307021560333,18.4465087108489,0.799095615534613,18.4465238287951,0.799311860667235,18.4465510028907
0.798711323171653,18.4465654113306,0.799144415545051,18.4464954943647,0.799147099813321,18.4465247668795,0.798928648232331,18.4465392785359,0.799152637487881,18.4465729286847
0.798537442219878,18.4465816278452,0.79896995279511,18.4465091732595,0.798972977012617,18.4465422486859,0.798754573750472,18.4465553715176,0.798979292669389,18.4465969273759
0.798061789701908,18.4466303367357,0.798796159940783,18.4465227578694,0.798799526045229,18.4465596630407,0.798429948885059,18.4465876711741,0.798806633095903,18.4466209517286
0.797515457583005,18.44668665522,0.798612902034136,18.4465370381807,0.798616632062496,18.4465780254676,0.798065257895632,18.4466241990543,0.798624589475524,18.4466463979056
0.797160636237677,18.4467222467694,0.798407678985756,18.4465529802107,0.79841182040956,18.4465985884131,0.797785353191102,18.4466513562075,0.798420747764747,18.4466750196605
0.796805808011995,18.4467578390271,0.798186133426935,18.4465701365255,0.7981907230963,18.4466207864274,0.797497294200604,18.4466792471119,0.798200717347233,18.446706058171
0.796446535099152,18.4467938889364,0.797956273865763,18.4465878814608,0.797961332836869,18.4466438170477,0.797202861741137,18.4467077340373,0.79797245458138,18.4467384064371
0.796087808648348,18.4468298779726,0.797718682237346,18.4466061664254,0.79772423064602,18.4466676219404,0.796904842078403,18.4467365304226,0.79773653833816,18.4467719869077
0.795840364365094,18.4468534707543,0.797473958128862,18.4466249417942,0.797480015128168,18.4466921410062,0.79665890256816,18.4467594405772,0.79749356467312,18.4468067173244
0.79559292008184,18.446877063536,0.797225892593917,18.4466439143552,0.797232469624261,18.4467169944002,0.796411295448748,18.4467824899323,0.797247297585464,18.4468420583662
0.794459994030378,18.4469917775306,0.796978258364149,18.4466627949782,0.79698535898751,18.4467418041338,0.795721163957626,18.4468510678069,0.797001481429578,18.4468774646818
0.793102021146655,18.4471296461531,0.796685658296024,18.4466850319236,0.796693383028842,18.4467711183141,0.794896054556432,18.4469332460284,0.79671105891679,18.4469194652255
0.792651564395526,18.4471736175736,0.796291233288867,18.4467149050791,0.796299807018496,18.446810633068,0.794473854555089,18.4469730657387,0.796319623676722,18.4469764033018
0.792201107644398,18.447217588994,0.795840068300742,18.4467489626701,0.795849621634308,18.4468558313631,0.794023321448264,18.4470154283863,0.79587195571813,18.4470420018144
0.790933499231809,18.4473458322028,0.795388710678553,18.4467829270117,0.795399252094883,18.4469010481472,0.793164118276373,18.4470999123631,0.795424174166754,18.4471080999374
0.789469053205647,18.4474943747341,0.79490437634652,18.4468192585922,0.794915986551796,18.4469495676669,0.792190030450355,18.4471960089465,0.794943754762503,18.4471794926887
0.788491296200436,18.447592516849,0.794346391137172,18.4468609798091,0.794359242702382,18.4470054643567,0.791422510220759,18.4472701962622,0.794390372270808,18.4472622934839
0.787513516742532,18.4476906612203,0.79373320072896,18.4469066809722,0.793747427418736,18.4470668901797,0.790627413609851,18.4473468386074,0.793782349628027,18.4473539424822
0.7865095177694,18.4477914405515,0.793091142138704,18.4469543825724,0.793106819849612,18.4471312067278,0.789804794102016,18.4474260635111,0.793145817989393,18.4474505972752
0.785505518796267,18.4478922198827,0.792422348804719,18.4470039159128,0.792439549328955,18.4471982002175,0.788968826921329,18.4475064548122,0.792482897309252,18.4475519592367
0.784797302864854,18.4479620742836,0.791728952417756,18.4470551134552,0.791747743368807,18.4472676570479,0.788268468178855,18.4475724518378,0.791795702842249,18.4476577113162
0.784091807976516,18.4480316441919,0.791022666983151,18.4471071042934,0.79104308951073,18.4473384037983,0.787563036352172,18.4476388479756,0.791095841744287,18.4477660469333
0.782821303398703,18.4481601845599,0.790315314847587,18.4471590173674,0.790337382814835,18.4474092562529,0.786574569526874,18.4477347408417,0.790395019477201,18.4478750889477
0.781412294327219,18.4483031807396,0.789590403281703,18.4472120581237,0.789614169244133,18.4474818663853,0.785508084806139,18.4478386097628,0.789676889226535,18.4479873344076
0.780370745633398,18.4484077440864,0.788827261370983,18.4472677233851,0.788852827401564,18.4475583045693,0.784606243072066,18.4479249310564,0.788920982678759,18.4481060335578
0.779331442979031,18.4485120725189,0.788035185588977,18.4473253208818,0.788062632819695,18.447637639548,0.783691079436894,18.4480123854023,0.78813652382859,18.4482298310879
0.778516539628833,18.448592622958,0.787227624271201,18.4473838653794,0.787257002382708,18.4477185242757,0.782880385796718,18.4480885994955,0.787336839014456,18.4483566653822
0.777701682558712,18.4486731684931,0.786411722671741,18.4474428356645,0.786443064453122,18.4478002430698,0.78206555348389,18.4481651405756,0.786529002003624,18.448485398744
0.776395839101741,18.448804599721,0.785594546101708,18.4475017205698,0.785627867336244,18.4478820882854,0.781004594043401,18.4482671393847,0.785720000744908,18.4486148666631
0.7749687592507,18.4489485958552,0.784754347087677,18.4475620795964,0.784789716742104,18.4479662380139,0.779871523573924,18.4483764003221,0.784888304322559,18.4487485029468
0.773541679399659,18.4490925919893,0.783864005086679,18.4476258397442,0.783901559725577,18.448055408352,0.778713418841326,18.4484878406395,0.784007086724737,18.4488907343797
0.772114599548617,18.4492365881235,0.782918147946157,18.447693360209,0.782958039086368,18.4481501371587,0.777527597847634,18.4486016929597,0.783071066164203,18.4490426233315
0.770409701456773,18.4494077736843,0.781916773928025,18.4477646159168,0.781959154827538,18.4482504244338,0.776175150954902,18.4487315460859,0.782080278172053,18.4492043838171
0.768705507294028,18.4495788567802,0.780851771064631,18.4478401557049,0.780896817104128,18.448357082392,0.774791289289756,18.448864106429,0.781026734898354,18.4493775424988
0.767533683119814,18.4496952368066,0.779715291421455,18.4479205030735,0.779763199898611,18.4484708967599,0.773637927885467,18.4489724132276,0.779902716211072,18.4495636168647
0.766361858945601,18.449811616833,0.778542040477937,18.4480031861288,0.778592922502789,18.4485883917851,0.772466210407923,18.4490822811912,0.77874257506009,18.4497570768707
0.763990569733498,18.4500506700398,0.777366461199221,18.4480857797405,0.77742034037957,18.4487061182032,0.770693601445527,18.4492535275267,0.777580360069242,18.4499521785372
0.7612971955661,18.4503226639111,0.776140782726568,18.4481716304164,0.776197805089018,18.4488288598842,0.768734939290333,18.4494433856366,0.776368836890533,18.4501567992701
0.759334331724085,18.4505197176865,0.774804403247175,18.4482649298834,0.774864873853885,18.4489626852401,0.767086264707568,18.4496005721885,0.775048158259284,18.4503813496129
0.75737122334585,18.450716795978,0.773384116201372,18.4483637597712,0.773448274222096,18.449104910844,0.765395578667517,18.449761382337,0.773644882703705,18.4506217666553
0.755373177488666,18.4509173769474,0.771919568555296,18.4484653394491,0.771987551661659,18.4492515663589,0.763665329976565,18.4499258089591,0.772198223813189,18.4508715591554
0.753375131631482,18.4511179579167,0.770414161318009,18.4485694244706,0.770486098816902,18.4494023111656,0.761914685320261,18.4500919472901,0.770711549853508,18.451130180847
0.751808560314173,18.4512739802479,0.768871272018427,18.4486757743891,0.768947284751069,18.4495568070125,0.760361068165488,18.4502373662451,0.769188196056176,18.4513970345599
0.750246720963725,18.451429513906,0.767307731620409,18.4487832277161,0.767387895998785,18.4497133685434,0.758799510313208,18.4503833623563,0.767644768232304,18.45166912893
0.747934250314688,18.4516624888364,0.765740556403538,18.4488906209383,0.7658249031905,18.449870291919,0.756860825608455,18.4505681567283,0.766098032561752,18.4519433190647
0.745413199769953,18.451916982577,0.764148645474914,18.4489993971931,0.764237261878924,18.4500296899869,0.754805504622295,18.4507647068662,0.764527138210792,18.4522231468983
0.743262856469749,18.4521331586882,0.762504797013596,18.4491113923184,0.762597844689749,18.4501942863165,0.752909610336326,18.450944275849,0.762905257897857,18.4525134655549
0.741193191583866,18.4523409955893,0.760816871300862,18.4492260510315,0.760914491986726,18.4503632937406,0.751032052919931,18.4511215058073,0.761240183237182,18.4528130756458
0.738563612504962,18.4526050178327,0.75910164255455,18.4493422249786,0.759203933076436,18.4505350326488,0.748860910764039,18.4513279259731,0.759548480871151,18.4531190971204
0.735875146862939,18.4528749491275,0.757331259467651,18.4494617792378,0.757438393844391,18.4507122915425,0.74663279290982,18.4515396029097,0.757802705307161,18.4534366143254
0.733186681220916,18.4531448804222,0.755471626078786,18.4495869711319,0.755583874572057,18.4508984839695,0.744360120798348,18.4517550534735,0.755969303160777,18.4537720929699
0.730498215578893,18.453414811717,0.753519494712565,18.4497179692958,0.753637139773887,18.4510939347702,0.742041273814831,18.4519744085854,0.754045168839134,18.4541266130712
0.727624155779728,18.4537033511668,0.751474862099599,18.4498547234706,0.751598189460452,18.4512986439437,0.739583454024998,18.4522069622643,0.752030392628774,18.454500646557
0.724748060765371,18.4539920946726,0.749348127299167,18.4499964961317,0.74947739647988,18.4515115700632,0.737083633196096,18.4524430537696,0.74993529869382,18.4548926692636
0.721782349723006,18.4542898435793,0.747149804509846,18.4501425580586,0.747285247427436,18.451731660282,0.73450327033938,18.4526866221593,0.747770298010455,18.4553009941509
0.718823938455808,18.4545868437854,0.744885068707642,18.4502925470572,0.745026903854475,18.4519583963839,0.731893406903702,18.4529325603092,0.745540521795129,18.455724813668
0.716468168123091,18.4548220844544,0.742559345087687,18.4504460912437,0.742707776371185,18.4521912351476,0.729554421772611,18.4531501227034,0.743251334299474,18.4561632047985
0.714112397790374,18.4550573251233,0.740200461092672,18.4506013567454,0.740355613186779,18.4524273906724,0.727198886530602,18.4533689881307,0.740930120281513,18.456610872712
0.710588996584599,18.4554120327019,0.737835881842945,18.450756556944,0.737997799699551,18.4526641134836,0.724256696521657,18.4536477090481,0.738603852137855,18.4570623133545
0.706717354066869,18.4558023708161,0.735428468977231,18.4509141352278,0.735597303355458,18.4529051216235,0.72111900520205,18.453945957019,0.736235947392333,18.4575243682621
0.703622127922231,18.4561131210881,0.732930003686829,18.4510772016952,0.733106046792061,18.4531552420255,0.718324069880427,18.4542081828753,0.733779028118272,18.4580065167464
0.700529392172768,18.4564236160194,0.730361402673047,18.4512443545907,0.730544888642946,18.4534123804973,0.715495370262059,18.4544731486798,0.731253755245604,18.4585051630911
0.697430062978996,18.4567347622372,0.727754771917258,18.4514134944736,0.727945842422313,18.4536733229048,0.71264439248356,18.4547399290394,0.728691732771993,18.4590142534973
0.694330733785223,18.4570459084549,0.725113207801294,18.4515844216641,0.725311995335087,18.4539377592947,0.709775978671697,18.4550080622602,0.726095997225112,18.4595331311841
0.691627964727594,18.4573160269393,0.722439696397295,18.451756944971,0.722646324516159,18.4542053907649,0.707089899245627,18.4552569037986,0.723469463829211,18.4600610988336
0.688938133765138,18.4575848068607,0.719746527701785,18.451930276734,0.719961083492542,18.4544749870698,0.704400478271381,18.455505772403,0.720824175099092,18.460595560298
0.685532553343247,18.4579277293754,0.717046393112604,18.4521036104332,0.717268925570385,18.4547452778265,0.701349707398624,18.4557918677658,0.718172544100606,18.4611337279474
0.681946355857748,18.4582893614131,0.714322770145706,18.4522780064436,0.714553377021162,18.4550179169856,0.698196904266994,18.4560881739722,0.715498304601794,18.4616786858698
0.678837723951247,18.4586014492575,0.711554468408517,18.4524548012922,0.711793311490722,18.4552950256183,0.6952605818298,18.4563614604208,0.712780667941553,18.4622347451378
0.675729092044746,18.4589135371019,0.708751680243915,18.4526333310454,0.708998891746789,18.4555755833897,0.692307045562305,18.4566360627856,0.710029681962274,18.4628000508164
0.672122546446032,18.4592756132426,0.705928864407004,18.4528126730735,0.706184533402746,18.4558581429825,0.689094556491653,18.4569363598336,0.707259550094919,18.4633717345136
0.668514874815896,18.4596378024318,0.703051206161653,18.452995015975,0.703315527423194,18.4561461891594,0.68585412862869,18.4572388824547,0.704436138331887,18.463956979699
0.665484913714958,18.4599407661801,0.700083809749561,18.4531825168991,0.70035708628426,18.4564432145633,0.682857760746728,18.4575154286717,0.70152532520691,18.4645634160226
0.662471123650529,18.4602420721141,0.697066685552574,18.4533726275565,0.697349100793845,18.456745214185,0.67984465683668,18.457793085327,0.69856646357613,18.4651833501578
0.658065955453014,18.4606853463855,0.694041047314779,18.4535627625828,0.694332659051411,18.4570480628085,0.676131616265055,18.4581419260875,0.69559996463518,18.4658082678385
0.653305957900451,18.461164825433,0.690950812455559,18.4537564374284,0.69125184940705,18.457357373924,0.672208915997225,18.4585114248718,0.692570834139095,18.4664496958302
0.649342162395015,18.4615627865858,0.687724181866442,18.4539580577398,0.688035097506285,18.4576803335461,0.668616230858133,18.4588457306973,0.689408849562104,18.4671232307168
0.645384979492371,18.4619600697954,0.684393544206094,18.4541655216351,0.68471469757134,18.4580136993578,0.66497493612958,18.4591838890931,0.686145958580878,18.4678230385026
0.641970289013314,18.4623016270979,0.681006229988234,18.4543758527259,0.681337836249135,18.4583527338529,0.661576599736429,18.4594963826446,0.682828623895312,18.4685395769609
0.638555598534257,18.4626431844003,0.677586514671401,18.4545875657699,0.677928712602611,18.4586950074626,0.658162092990129,18.4598100542806,0.679480601074522,18.469267600623
0.63342947627109,18.4631601603138,0.674158325845909,18.4547992255614,0.674511177170794,18.4590381256096,0.653887643282356,18.4602116113253,0.676125218081162,18.4700015512061
0.629330089944281,18.4635718355143,0.670670899696773,18.4550139866293,0.671034622553761,18.4593871692413,0.650096991656123,18.4605628088106,0.672712722270302,18.470751974955
0.625230703617472,18.4639835107148,0.66710809332043,18.4552328092341,0.667482958150991,18.4597437538424,0.646268711965107,18.4609169640286,0.669227368662069,18.4715225480101
0.621131952709533,18.4643951201199,0.663504531198824,18.4554535553779,0.663890700767264,18.4601044139502,0.642420406457328,18.4612725948556,0.665703079231772,18.4723059845651
0.617468679726355,18.4647616373215,0.659860236473543,18.4556762230072,0.660257873419982,18.4604691472537,0.63876950755985,18.4616071826604,0.662139877520307,18.4731022624571
0.613805406743177,18.4651281545231,0.656191051367713,18.4558998526826,0.656600267878451,18.4608363682704,0.635106184280084,18.4619426118995,0.658553223074424,18.473907768173
0.609484033669811,18.4655623213529,0.652512795771427,18.4561234988216,0.652933652899927,18.4612044938283,0.631109283238975,18.4623120493445,0.654958500858664,18.4747186652187
0.604976378379207,18.4660156371282,0.648802598176846,18.4563485572247,0.649235228970544,18.4615758129823,0.627003295453117,18.4626921907252,0.651333296934761,18.4755397096668
0.600468723088603,18.4664689529035,0.645031110488242,18.456576776781,0.645475742936497,18.4619532627287,0.622866711933006,18.4630746728846,0.647648982313624,18.4763775815685
0.595959469577229,18.4669224184671,0.64119185622721,18.4568085107594,0.641648741166504,18.4623374910073,0.618695501069571,18.4634598317922,0.643899355541224,18.477234245438
0.591335760704603,18.4673866110096,0.637284819331781,18.4570437245996,0.637754209688937,18.4627284992209,0.614433226658306,18.4638529486663,0.640084531602262,18.4781102483875
0.586712051831978,18.4678508035522,0.63330897902003,18.457282446869,0.63379113285901,18.4631263893395,0.610136607108076,18.4642486941636,0.636203624922302,18.4790062717398
0.582625307571694,18.4682598563624,0.629263328714088,18.4575247079811,0.629758509019525,18.4635312619289,0.606073622477492,18.4646195322014,0.632255746490514,18.4799229138358
0.578545745171983,18.468668171683,0.625177320545597,18.4577687408652,0.625685695572032,18.4639401695265,0.601994083575814,18.464991446287,0.628269670973786,18.4808536215109
0.573347863315895,18.4691910055027,0.621080802694968,18.4580127907002,0.62160244256391,18.4643501252487,0.597350139035171,18.4654208362009,0.624274442669862,18.4817912619655
0.567840897167676,18.4697454902689,0.61693404215142,18.458259241846,0.617469144534423,18.4647651054558,0.592526570755951,18.4658678947692,0.620231243197163,18.4827446240146
0.56299102370999,18.4702317102545,0.612685816169092,18.4585110768453,0.613234748587518,18.4651902358224,0.587980898050194,18.4662847578402,0.616090241837614,18.4837259254994
0.558148056636678,18.4707172127419,0.608358961288983,18.4587668906908,0.608922019837391,18.4656232307472,0.583399428416666,18.4667042533358,0.611873881961625,18.4847306260882
0.553291562771734,18.4712017536871,0.603987764207691,18.4590246441517,0.604565133649747,18.4660606590476,0.578789060971987,18.4671248500901,0.607615647452011,18.4857510375892
0.548435042698056,18.4716862927693,0.599576208075864,18.4592840633535,0.600168057029947,18.4665020693173,0.574158533000847,18.4675468344112,0.603319386148463,18.4867860567379
0.543548036860303,18.472169918799,0.595127927131681,18.4595449065295,0.595734409256803,18.4669470524007,0.569494427553248,18.4679695756982,0.598988578237885,18.4878345534534
0.538658977612047,18.4726534833288,0.590644932052358,18.4598068852625,0.591266185836709,18.4673952233568,0.564811961725037,18.4683933221928,0.594625090286842,18.4888956145444
0.533774091320583,18.4731308697357,0.586129363446233,18.4600697249919,0.58676551308786,18.4678462104605,0.560115314946763,18.4688148462554,0.590230925039082,18.4899683476591
0.52888928364233,18.4736081397547,0.581583888904253,18.4603329508397,0.582235035715712,18.4682994228161,0.55540376758486,18.4692369051938,0.585808569843988,18.4910515841001
0.524002997195973,18.4740686969971,0.577011091388629,18.4605961395034,0.57767731604236,18.4687543258505,0.550677826849732,18.4696509550515,0.581360442103777,18.4921442436987
0.519116679050659,18.4745288959835,0.572413750489836,18.460858707383,0.573095106011791,18.4692102167003,0.545939598666426,18.470064845418,0.576889118538435,18.4932450392316
0.514230360905345,18.4749890949699,0.567794649218727,18.4611199263385,0.568491154707888,18.4696662477153,0.541190481350161,18.4704783557958,0.572397142054273,18.4943525044279
0.509344263012789,18.475448913838,0.563153821044336,18.4613793097779,0.563865474244579,18.4701219298022,0.536430595913625,18.4708910496812,0.567884402232008,18.4954659428903
0.504470359625333,18.4758876870891,0.558491277291696,18.4616362500502,0.55921804952954,18.470576656167,0.531665927999244,18.471292288811,0.563350754860889,18.49658459121
0.499596456237877,18.4763264603401,0.553809389320237,18.4618898910504,0.55455121259731,18.4710294715623,0.526891555714923,18.4716921391898,0.558798328897757,18.4977070111779
0.494434306474451,18.4767702027168,0.549110493703028,18.4621394911483,0.549867265198617,18.4714795348874,0.521964515105068,18.4720926856701,0.55422923728892,18.4988318765478
0.489270615564323,18.4772139716615,0.54437477298741,18.4623854200431,0.545146423986725,18.4719280769364,0.517018257285727,18.4724918752497,0.549624089102864,18.4999633101084
0.484449187176212,18.4776427458431,0.539582293873757,18.4626278103872,0.540368781638018,18.4723761201503,0.512214722576811,18.472882507247,0.544963441435295,18.501105664017
0.479628247824469,18.4780714985997,0.534755324203451,18.4628647242753,0.535556501716035,18.4728207844517,0.507394132704,18.4732708426246,0.540268893092837,18.5022532616158
0.474204687896734,18.4784621509416,0.529916274265238,18.4630942408312,0.530731888368268,18.4732591771963,0.502266112196402,18.4736366157765,0.535562044406967,18.5033998468077
0.468618171927109,18.4788425004611,0.525046643094678,18.4633165553456,0.525876463908696,18.4736922878034,0.497041247116991,18.4739940323003,0.530824697018169,18.5045488773549
0.463031655957484,18.4792228499805,0.520122883212817,18.4635318494475,0.520966710967489,18.4741213437214,0.491789247504156,18.4743486161162,0.526033807773818,18.5057052264255
0.457445139987859,18.4796031995,0.515139958000088,18.4637392160653,0.515997558866684,18.4745456926214,0.486507585810148,18.4746999837031,0.521184375105959,18.5068695061984
0.452059296179545,18.4799350505246,0.510097847232431,18.4639375938876,0.510968941095045,18.4749643070746,0.481296576037998,18.4750233645344,0.51627629144032,18.5080412354695
0.446676877725152,18.4802662327862,0.505010730098417,18.4641253062493,0.505894948199057,18.4753749075586,0.47606466280465,18.4753416721332,0.511323193571135,18.5092163176642
0.441539717983403,18.4806233418588,0.499893027868742,18.4643009076825,0.500789920490214,18.4757754123237,0.470939953973437,18.475667307368,0.506338901189898,18.5103904307053
0.436402558241656,18.4809804509315,0.494753754150988,18.4644630545823,0.495662798910919,18.4761640641914,0.465804309205656,18.4759865185994,0.501331867919457,18.5115600647471
0.430966526210866,18.4811919770189,0.489601704403199,18.464610411728,0.490522306217534,18.4765391183226,0.460512672434549,18.4762257315917,0.496310284615315,18.5127215430516
0.425434061514906,18.4813565300151,0.484431194746471,18.4647422426548,0.485362726668137,18.4769000731356,0.455163413049422,18.4764339394252,0.491268276529791,18.5138746709582
0.419901596818946,18.4815210830113,0.479234703903711,18.4648576724768,0.480176503775534,18.4772463869108,0.449800977326813,18.4766342765783,0.486198208916362,18.5150197716167
0.414369132122986,18.4816856360074,0.474010422876007,18.4649555072851,0.474961773728565,18.4775769537624,0.444424446998726,18.4768261680005,0.481098036890167,18.5161559622738
0.409091640884688,18.4819351692356,0.468758397427788,18.4650346241395,0.469718528449233,18.4778906570078,0.439161318453372,18.4770515425317,0.475967568367489,18.5172821609788
0.403817204284947,18.4821857205458,0.463486057322574,18.4650936548978,0.464454124809338,18.4781857995695,0.43388932996997,18.4772676465075,0.470813776268675,18.5183954811563
0.398138547253578,18.4821657041166,0.458200936307341,18.4651314798045,0.459176033913314,18.4784609202022,0.428408596504204,18.4773380348537,0.465643744835877,18.5194930739101
0.39236117602662,18.4820796126585,0.452887684887626,18.4651470158836,0.453868868513973,18.4787156307102,0.422864185773178,18.4773645923196,0.460442168159615,18.5205768091637
0.38660601933814,18.4820325065996,0.44752708876288,18.465138810386,0.44851336451761,18.478949372208,0.417306940757675,18.4773993579546,0.455189981189623,18.5216494648284
0.380851584996282,18.4819866682227,0.442122939377005,18.4651053309776,0.443113235763341,18.4791604667199,0.411727992544625,18.4774226690588,0.449890678384342,18.5227093427617
0.375097150654424,18.4819408298459,0.436683081390425,18.4650449428187,0.437676239388556,18.4793469394109,0.406130881829735,18.4774329841973,0.444551648289736,18.5237535933508
0.369343168656632,18.4818951666023,0.431207910595786,18.4649561712563,0.432202697776735,18.4795073072518,0.40051601504905,18.4774296489517,0.439172968712563,18.5247808136908
0.363799459649636,18.481930914388,0.425697627437434,18.4648373903325,0.426692730700517,18.4796399428883,0.39498838335559,18.4774524652687,0.433754473681919,18.5257893973492
0.35825575064264,18.4819666621737,0.420163785102995,18.4646871230189,0.421157804937809,18.4797428411354,0.38944860765125,18.4774598492656,0.428307105175466,18.5267753829489
0.352404195025403,18.4816271861639,0.414617926085635,18.4645043040604,0.415609394821963,18.4798143966971,0.383748521591865,18.4772635127131,0.422841826490994,18.5277349161235
0.346469712701101,18.4811866336025,0.40905345667707,18.4642873372478,0.410040833022124,18.4798533052822,0.377997270374098,18.4769998013155,0.41735173786055,18.528667290097
0.3405352303768,18.4807460810411,0.40346198626522,18.4640340891725,0.404443632334357,18.4798578235914,0.372232098083235,18.476718284627,0.411828123709072,18.5295719240892
0.334601322426791,18.480305404973,0.397841984825893,18.4637427280014,0.398816172204193,18.4798262009182,0.366452505458955,18.4764180047009,0.406269088620189,18.5304473876182
0.328771990539812,18.4798422421074,0.392193843156175,18.4634112602856,0.393158742739447,18.4797564368926,0.360710665126587,18.4760867800705,0.400674589784617,18.5312917559896
0.322942753433717,18.479378162102,0.386524510339581,18.4630379797523,0.387478197984702,18.4796465085924,0.354957789919477,18.4757344595576,0.39505103973001,18.5321019150636
0.31712426677954,18.4788100561827,0.380840925471397,18.4626215573933,0.381781399073633,18.4794947630758,0.349202660713257,18.4753087390409,0.389404890009532,18.5328749208002
0.311305780125363,18.4782419502635,0.375144844750881,18.4621602836013,0.37607001182373,18.4792994050264,0.343440760227243,18.4748607519327,0.383737428791792,18.5336084004736
0.305565901315994,18.4778679061629,0.369438031731282,18.4616526834851,0.370345719947931,18.4790588738656,0.337712256804266,18.4744867674985,0.378050006655484,18.5343002112585
0.299826568334102,18.477495209565,0.363721697609037,18.4610971381831,0.364609648282385,18.4787714921901,0.33197870609002,18.4740896023348,0.372343414586544,18.534948218464
0.294070602127195,18.4764925660708,0.357997075358188,18.4604922440487,0.358862953063048,18.4784357975598,0.326232118635273,18.4733528909471,0.366618522459049,18.5355505530532
0.288310065240655,18.475327160552,0.352266328309684,18.4598368982169,0.353107733625581,18.4780505844762,0.320479594403587,18.4725096470984,0.360877181631737,18.5361054813349
0.282541108811993,18.4747588172752,0.346532032723548,18.4591302358103,0.347346512738609,18.4776148649361,0.31472048691286,18.4719393182832,0.355121701489387,18.5366114121178
0.276772152383331,18.4741904739983,0.340793165106395,18.4583711227576,0.341578204396127,18.4771275529006,0.308958481294838,18.4713428173643,0.349350823161862,18.5370672821462
0.270930232585221,18.4729247461424,0.335048309530797,18.457558428478,0.335801330334076,18.4765875865611,0.303156375028874,18.4703709032828,0.343562916410536,18.5374722179616
0.265067998187377,18.4714713321593,0.329290534063628,18.4566902130681,0.330008863309526,18.4759933626153,0.297337004606187,18.4692775392342,0.337750801012594,18.5378258999222
0.259075317779731,18.4702974369703,0.32351092817447,18.4557640153035,0.324191773654978,18.4753428593608,0.29144082082171,18.4682952072178,0.331905264019444,18.5381281974493
0.253082637372086,18.4691235417813,0.31770953778367,18.4547785531542,0.318350033411369,18.4746348077805,0.285533054081325,18.4672835102258,0.326026091103749,18.5383783812646
0.247082543000478,18.4678154678647,0.311888444305519,18.4537329980354,0.312485669199869,18.4738682915166,0.279611027756868,18.4661749222689,0.320115134528363,18.5385756302238
0.241082399319061,18.4665065015337,0.30605047505139,18.4526267655216,0.306601464419979,18.4730425981746,0.273679830448722,18.4650357615397,0.314175010546084,18.5387190263947
0.235175067848033,18.4654774755,0.300198479914763,18.4514593516294,0.300700229079922,18.4721570905597,0.267787311636071,18.4640061580845,0.30820836457129,18.5388075593614
0.229268477807808,18.4644506857708,0.294339009861002,18.450231159827,0.294788514145619,18.4712118546368,0.261890715747268,18.4629473816104,0.302221647407173,18.5388401478771
0.223264894367702,18.4625920801822,0.288478610748512,18.4489428698619,0.288872879583346,18.4702072469933,0.255944456262686,18.4614426643727,0.296221366164659,18.5388157798134
0.217235348294731,18.4605108189304,0.282612480054207,18.4475928207354,0.282948437218362,18.4691418341012,0.249981629182411,18.4597958094925,0.29020244924491,18.538733554028
0.211276020828468,18.4587988163487,0.276734351062898,18.4461787936328,0.277008807797041,18.4680137049318,0.24404716658934,18.4583017392644,0.284158278133975,18.5385925977685
0.205318441417629,18.457096006268,0.270849278244972,18.4447011439393,0.27105904428557,18.4668229720287,0.238109364149445,18.4567805385019,0.27809384062539,18.5383922770418
0.199375119723162,18.4556903689565,0.264963895628602,18.4431608445345,0.26510580813703,18.4655702828585,0.232177804912293,18.4553766034359,0.272015802757202,18.5381320723719
0.193431887668023,18.4542865999925,0.259080096942007,18.4415578473546,0.259150977025141,18.4642554926196,0.226246351716102,18.4539422330011,0.26592599060599,18.5378113311891
0.187646727626708,18.4520891394782,0.253199648650586,18.4398920799469,0.253196300351448,18.4628784381994,0.220394878718432,18.4520795880617,0.259826108303257,18.5374293769284
0.181909018355813,18.4496534250528,0.247324392979005,18.4381635609011,0.247243607609345,18.4614390437378,0.214568997196828,18.4500663731816,0.253717959388979,18.5369856155748
0.176062601729465,18.4475296682878,0.241456471584216,18.4363725264837,0.241295038034444,18.459937436002,0.208691702225034,18.4481777853832,0.247603691633334,18.5364796159779
0.170205895925797,18.4454354383902,0.23559738867983,18.4345190271673,0.235352085108454,18.4583735873149,0.202812956199344,18.4462726153874,0.241484795647144,18.5359109120948
0.164488983321179,18.4432685757025,0.229748356079795,18.4326030706563,0.229415948008999,18.4567474421661,0.197008406866694,18.4442997719997,0.235362470305067,18.535279086079
0.158779756867496,18.4410977194972,0.223917288554068,18.4306269772475,0.223494635122465,18.455060922866,0.191215985236821,18.4422946400319,0.229244970692496,18.5345844695372
0.153150897962025,18.4388240208781,0.218112351159243,18.4285934991376,0.217596427010813,18.4533163677787,0.1854761468047,18.4402090730886,0.22314092342104,18.5338275426656
0.147529053240079,18.4365413465521,0.212334244787594,18.4265031050148,0.211722036925776,18.4515142018708,0.179752571687037,18.4380902293391,0.217051202356986,18.5330080561235
0.141977455551415,18.4341646865921,0.206583254548077,18.4243561166447,0.205871755243014,18.4496547255927,0.174077023246528,18.435895761084,0.210976245414739,18.5321258169572
0.136430809788992,18.4317814013,0.200859500471765,18.4221527249827,0.200045700758486,18.4477381179944,0.168416916672452,18.4336694427418,0.204916292811177,18.5311806873445
0.130956802751528,18.4292935818828,0.19516309324442,18.4198931111417,0.194243982272698,18.4457645494951,0.162806153239386,18.4313624095892,0.198871562161204,18.5301726489627
0.125488242019538,18.4267979247072,0.189494477432938,18.4175775853256,0.188467048491309,18.4437343029315,0.157211363047148,18.4290231600057,0.192842615192588,18.529101825227
0.120113752695751,18.4241590468318,0.183854116168044,18.415206472589,0.182715367334763,18.4416476753458,0.151677094353098,18.4265841600548,0.186830028648454,18.5279683995093
0.114739484846525,18.4215198317684,0.17824192052505,18.4127798667899,0.176988843806061,18.4395047605283,0.146156379208423,18.4241168999715,0.180833785280446,18.5267724809873
0.109365216997298,18.418880616705,0.172657810325636,18.4102978460766,0.171287390826234,18.4373056362801,0.140649068065979,18.4216215888865,0.174853866278809,18.5255141955371
0.103990949148072,18.4162414016416,0.167102321318552,18.4077607499514,0.165611549617154,18.4350506104653,0.135155433077003,18.4190983906894,0.168890905724911,18.5241938106353
0.098409102078732,18.4137431958443,0.161575962763273,18.4051689742301,0.159961837810076,18.4327400484627,0.129571944168885,18.4166180024044,0.162945522429754,18.5228116537178
0.092825544612184,18.4112461519256,0.156071940984333,18.4025193948806,0.154331301246158,18.4303711701469,0.123998103157675,18.4141090197754,0.157010426476603,18.521366260173
0.087910660908311,18.4081712222633,0.150583568423182,18.3998085125889,0.14871307109047,18.4279408191255,0.118765717792726,18.4112802503551,0.15107828320078,18.5198560309439
0.083176042648228,18.4049405023849,0.145123749206945,18.3970424032594,0.1431203316233,18.4254544056544,0.113637106685928,18.4083456262015,0.145162937748021,18.5182845110199
0.078023820973155,18.4019292176832,0.139708475118195,18.3942293774935,0.13756946477112,18.4229194136219,0.108321426904812,18.4054967270407,0.139281877002688,18.5166561892073
0.072864441824862,18.3989216939694,0.134332756531827,18.3913673826451,0.132055373971826,18.4203340379259,0.103021383570774,18.4026247485968,0.133429998796924,18.5149695101338
0.067772021851763,18.3958173482739,0.128988318953497,18.3884523052983,0.126569575983387,18.4176945854454,0.097769850572907,18.3996774414738,0.127598481388836,18.5132219135883
0.062680070474283,18.3927123249961,0.123675382208385,18.3854843321066,0.121112289391583,18.4150012260601,0.092533694881317,18.3967029692225,0.121787612329674,18.5114136098248
0.057350714260362,18.38975566171,0.118394311040412,18.3824637263413,0.115683881633541,18.4122541983786,0.087194165655477,18.3937759780406,0.115997810955287,18.509544927959
0.052017402292682,18.3868014704696,0.11313953401957,18.3793872734965,0.110278612712521,18.4094505736646,0.08186516484691,18.3908219833224,0.110222932362734,18.5076141196084
0.047284368199136,18.3833108633984,0.107905521837153,18.3762514588706,0.104890767505692,18.4065871245345,0.076846003840649,18.3875698505836,0.104456736449235,18.5056193259898
0.042714117930956,18.3796728569064,0.10269728876779,18.3730589041334,0.099525476756187,18.4036662081323,0.071920473474488,18.384215339417,0.098704561675471,18.5035624879245
0.037685883010648,18.3761803612282,0.097521007003564,18.3698132060165,0.094189079023169,18.4006910932768,0.066781317750861,18.380906629928,0.092973174566539,18.5014459693264
0.03265764809034,18.3726878655501,0.092372645266033,18.3665117364374,0.088877401786379,18.3976593586422,0.061655483385368,18.377569700695,0.087258118305874,18.4992680203141
0.027687985604012,18.3690773423997,0.087247142717849,18.3631509335237,0.08358519406576,18.394567706974,0.056569684686994,18.3741438184221,0.081553671941728,18.4970263548006
0.022718885799765,18.3654656854063,0.082146059210051,18.3597313508537,0.078314029684313,18.3914166080142,0.051495703014937,18.3706876891175,0.075861396430686,18.4947214474062
0.017598193445637,18.3620198288653,0.077070943037818,18.3562535903909,0.0730654740207,18.3882065791289,0.046358242078083,18.3672850629532,0.070182874484837,18.4923537458817
0.012477241911951,18.3585742557954,0.072021997234228,18.3527173679175,0.067839703019763,18.3849373222478,0.04123306699069,18.3638530373558,0.064518214756259,18.4899230354365
0.007848369429554,18.354662178745,0.066999449570457,18.3491223587474,0.062636915194313,18.3816084974084,0.036366457177979,18.3601580540205,0.058867550100145,18.4874290296402
0.003402421039791,18.3505766848075,0.062006550436966,18.3454704314933,0.05746044268761,18.3782217959433,0.031605482338025,18.3563475524499,0.053234447850631,18.484872904942
-0.001299963647313,18.3465635986669,0.057047393607999,18.3417642570151,0.052314503050537,18.3747796641955,0.026732540682914,18.3525457317301,0.047623526303322,18.4822563184047
-0.006034903901892,18.3425597049728,0.052122741606722,18.338004228074,0.047199868561366,18.3712824468712,0.021859959138093,18.3487211712299,0.04203571576357,18.4795793073208
-0.010769844156471,18.3385558112787,0.047232353234087,18.334189969103,0.042116268528121,18.3677297745482,0.017003891088774,18.3448690898294,0.036470793590249,18.4768414046312
-0.015504910616728,18.3345520167717,0.042376761593728,18.3303216706225,0.037064234962261,18.3641218027964,0.012164542614091,18.3409896262722,0.030929384658514,18.474042603037
-0.020351615788817,18.3306359609621,0.037556593957724,18.3263995998603,0.032044397947303,18.3604587587827,0.007286474630639,18.3371267266937,0.025412207222407,18.4711829862373
-0.025198320960906,18.3267199051525,0.032770104148296,18.32242205688,0.027054913019818,18.3567390312371,0.002424614024292,18.3332356928787,0.019917221880447,18.4682612626112
-0.029516957516028,18.3223811399924,0.028015630704579,18.3183872525162,0.022094014542491,18.352960916591,-0.002157856279961,18.3291042959636,0.014442396942925,18.4652761401874
-0.033694258481164,18.3179292382559,0.023299109618799,18.3142998243569,0.017167865081699,18.349128725103,-0.006651280750007,18.3248895710768,0.008994476353109,18.4622310127094
-0.038355105379686,18.313778336269,0.018627665735864,18.3101658499664,0.0122838925804,18.3452481394746,-0.01136446698647,18.3208015410034,0.003581805549476,18.4591301858867
-0.043037587359028,18.3096409017802,0.013996954289067,18.3059815339462,0.007437547924705,18.3413155916315,-0.016068675006901,18.316694593135,-0.001800466925964,18.4559705764077
-0.047346777777994,18.3051031445228,0.009401185453867,18.3017413894596,0.002622745882142,18.3373259052096,-0.020569400011091,18.3123591584098,-0.00715910214672,18.4527480083284
-0.051563959435208,18.3004667158618,0.004841814728366,18.2974462352564,-0.002159028079483,18.3332798146494,-0.025006546168449,18.3079464553968,-0.012492595842059,18.4494631862567
-0.055781141092422,18.2958302872008,0.000320769995723,18.2930974154437,-0.006905787964437,18.3291785526689,-0.029425137942866,18.3035064692972,-0.017798854348632,18.4461171886626
-0.059998322749636,18.2911938585398,-0.004161032627199,18.2886954304268,-0.011616603011385,18.3250225632039,-0.033824711101105,18.2990394397873,-0.023076901552026,18.4427103947799
-0.064439301524347,18.2867131137159,-0.008602915761402,18.2842405670587,-0.016290792247203,18.3208120895495,-0.038316821893516,18.2946233446119,-0.02832601330192,18.4392429808671
-0.068882225564794,18.2822337221107,-0.01300532895762,18.2797319650729,-0.020928861723502,18.3165462900524,-0.042790778861009,18.2901805941194,-0.03354680318471,18.4357142294141
-0.072867142209626,18.2774140982076,-0.017368661725383,18.2751686949412,-0.025531261842655,18.3122242511493,-0.047016811071314,18.2855399360342,-0.038739864929003,18.4321233775853
-0.076727552037687,18.2725019840067,-0.021689118149141,18.2705542159601,-0.030094026085335,18.3078492148703,-0.051159730502099,18.2808269264616,-0.043900776707849,18.4284730694356
-0.080677728790898,18.2675935901653,-0.025962236600953,18.2658930475197,-0.034612464306417,18.3034254440156,-0.055324390425554,18.2760918778197,-0.049024141548735,18.4247667012348
-0.084654025943696,18.262686278875,-0.030187633975666,18.2611855262755,-0.039086184208775,18.2989532443919,-0.059478771473425,18.2713336350772,-0.054109331919943,18.4210043112859
-0.088630323096494,18.2577789675846,-0.034365989940589,18.2564307741264,-0.043515920993358,18.2944317669134,-0.063610163025098,18.2665512262911,-0.059157037099708,18.4171850182902
-0.092606620249292,18.2528716562943,-0.038497017425974,18.2516289288454,-0.047901389795283,18.2898611247731,-0.067718419670909,18.2617447174162,-0.064166852583685,18.4133088275048
-0.096440778542924,18.2478614203296,-0.042580156836535,18.246780434384,-0.05224201698766,18.2852417220449,-0.071732186748043,18.2568628619178,-0.069138078986504,18.4093760379045
-0.100270413203701,18.2428478131025,-0.046614631807454,18.2418860989451,-0.056536992491262,18.2805743145093,-0.075719873984659,18.2519558318,-0.074069743523778,18.4053872796302
-0.104226609512806,18.2378658647528,-0.050599625746109,18.236946708992,-0.060785467298886,18.2758596340738,-0.079746606415256,18.2470415262295,-0.078960832332978,18.4013431480719
-0.10818280582191,18.232883916403,-0.054537178001673,18.2319594744093,-0.064989640012059,18.27109499785,-0.083750154885082,18.2421027453512,-0.083813888327365,18.3972413589424
-0.111609011115053,18.2276852696045,-0.05842919816806,18.2269214983204,-0.069151587170134,18.2662776106015,-0.087466512271921,18.2370297149245,-0.088631449428881,18.3930796130249
-0.114891843667116,18.2224280017168,-0.06227007244322,18.2218395662887,-0.073265340154412,18.2614139304356,-0.091086101952996,18.2319048003329,-0.093406702499606,18.3888635358812
-0.118400550242589,18.2171892120251,-0.066053160632657,18.2167224391989,-0.077323795288786,18.2565123298986,-0.094790126082429,18.2267708538203,-0.098131195444277,18.3846002141342
-0.121910428371629,18.2119505181753,-0.069780068815492,18.2115682245255,-0.081328667823586,18.2515709971348,-0.09846705813619,18.2216177574356,-0.102806561209495,18.3802878217049
-0.125537282359181,18.2067057029468,-0.073453581680203,18.2063731423219,-0.08528295503146,18.246586301703,-0.102176236340125,18.2164405462444,-0.107436091821898,18.3759230740399
-0.129164791479937,18.201460853435,-0.07707600375569,18.2011338229804,-0.089189153281359,18.2415549972909,-0.105860691503566,18.2112406068974,-0.112022722713045,18.3715032068561
-0.132243096050237,18.1961336633981,-0.080649518154714,18.1958468150912,-0.093049643524112,18.2364737501343,-0.109246625037451,18.2059750869349,-0.116569448118829,18.3670255126208
-0.135158576279693,18.1907820616156,-0.084168646223358,18.1905198862791,-0.096858532488862,18.2313500017226,-0.112524397066259,18.2006767696825,-0.121069474691863,18.3624966944775
-0.138326542054366,18.1853291405008,-0.087626776279552,18.1851632245707,-0.100608660378429,18.226193546646,-0.115898239378589,18.195312217907,-0.12551411937308,18.3579253028073
-0.141501619712932,18.1798728751642,-0.091025555132346,18.1797748122199,-0.104301790783973,18.2210024510816,-0.119246312005964,18.1899294304431,-0.129905045522988,18.3533094114636
-0.144564298392815,18.174360988594,-0.09436797812102,18.1743501714161,-0.107941171759174,18.2157724008521,-0.122510409151996,18.18450006609,-0.134245866032598,18.3486451005188
-0.147626977072698,18.1688491020239,-0.097653767092883,18.1688897688615,-0.111526507299187,18.2105038361243,-0.125746585970928,18.1790521661789,-0.138536171870389,18.3439328100944
-0.15056948942392,18.1632804390887,-0.100882548533662,18.1633942225124,-0.115057396998326,18.2051973422535,-0.128894565017709,18.1735576474059,-0.142775477718347,18.339173151998
-0.153511036526946,18.1577113200916,-0.104053885667691,18.1578642645628,-0.118533371111245,18.1998536152668,-0.132013719747998,18.1680450312685,-0.146963212071705,18.3343668337472
-0.156550505186952,18.1520922787678,-0.107167374234075,18.1523006467922,-0.121953991089946,18.1944733724552,-0.135153282552165,18.1624899561722,-0.151098813756479,18.3295145711352
-0.159590341250372,18.1464730501346,-0.110225239882485,18.146699310077,-0.125321715483408,18.1890526762149,-0.138265635892124,18.1569152869522,-0.155185297356425,18.324612921708
-0.162196169327427,18.1408048680527,-0.11322952110352,18.1410560699112,-0.128638824841102,18.1835874542858,-0.141134659721962,18.1512945731474,-0.159225659948034,18.3196583949543
-0.164690858948459,18.1351241502322,-0.116176405277945,18.1353775412797,-0.131901146507763,18.1780840852178,-0.143919805438677,18.1456492861076,-0.163215025848463,18.3146569178256
-0.167185548569492,18.1294434324116,-0.119061525223312,18.1296720830521,-0.13510385433316,18.1725506565094,-0.146674362230689,18.1399898218935,-0.167147370164749,18.3096158029822
-0.169680238190524,18.1237627145911,-0.121883962494022,18.1239420144807,-0.138245906559303,18.1669894205148,-0.149397844702789,18.1343173300239,-0.171021021158693,18.3045369580391
-0.172147800028732,18.1179759622844,-0.124643630010498,18.1181880756698,-0.141327181103282,18.1614011002103,-0.152076637917855,18.1285791632588,-0.174835404406289,18.2994208992942
-0.174614956222671,18.1121876244341,-0.12734167458701,18.1124082170091,-0.144348945776101,18.1557837032208,-0.154724700600551,18.1228265356536,-0.178591795311916,18.2942657331436
-0.177157140568919,18.1063238568573,-0.129979156052477,18.1066002949372,-0.14731238685107,18.1501351384235,-0.157380304417401,18.117021466468,-0.182291565772295,18.2890695840104
-0.179699544487461,18.100459868533,-0.132558010262452,18.1007598824486,-0.150219696019444,18.1444510852506,-0.160007063731686,18.1111993700541,-0.185937565176476,18.283828630336
-0.181834756923845,18.0946031719068,-0.135080009563888,18.0948825138625,-0.153072905577249,18.1387271759927,-0.162402210264131,18.105361791223,-0.189532669811583,18.2785390968372
-0.183862412880425,18.0887484013264,-0.137541913548706,18.0889751583836,-0.155868387261481,18.1329701713777,-0.164713859754503,18.09950949323,-0.193072595504104,18.273207422984
-0.185890068837004,18.082893630746,-0.139940048899322,18.0830466288601,-0.158601974017688,18.1271886474508,-0.16699385199482,18.093645876183,-0.196551967231229,18.2678415597864
-0.187917724793584,18.0770388601656,-0.142273666157759,18.0770993719743,-0.161272782941061,18.1213849922517,-0.169241784823586,18.0877721552514,-0.199969259089965,18.2624436203344
-0.190073658529495,18.0710251916066,-0.144542742266789,18.0711341284598,-0.163880754608394,18.1155599325646,-0.171521778366875,18.0818092524653,-0.203323954958595,18.2570141772502
-0.192231405525352,18.0650092769584,-0.146750343271474,18.0651435826762,-0.166429377156881,18.1097063299059,-0.173772218027942,18.0758318729801,-0.206620298851259,18.251546613083
-0.193944659966706,18.0591373796965,-0.148899222496918,18.0591201671419,-0.168921843358808,18.1038167773884,-0.175771414938822,18.0699093981633,-0.209862627903734,18.2460342162414
-0.195543742083707,18.0533016571423,-0.150985908472431,18.0530737426245,-0.171354120864927,18.0979009060292,-0.177682678276454,18.0639927953959,-0.213045903715363,18.2404862199443
-0.197293348677791,18.0472514739255,-0.153006727907158,18.0470168899696,-0.173721818406229,18.0919710507507,-0.179636375241821,18.0579629937732,-0.216163988548831,18.23491426138
-0.199040652040098,18.0412007796554,-0.154963537582536,18.040946365303,-0.176026982235294,18.0860240688645,-0.181557058369212,18.0519253686614,-0.219218936462165,18.2293153626418
-0.200673766753361,18.0351247486007,-0.156858918922474,18.0348564854728,-0.178272524650985,18.080054425154,-0.183390141711532,18.0458646967505,-0.222214176105122,18.2236844083487
-0.202306881466624,18.0290487175459,-0.158693534560589,18.0287480632938,-0.180459063733318,18.0740629576462,-0.185193041288479,18.0397940605679,-0.225150260722241,18.218022426083
-0.2038208474684,18.0229496548523,-0.160467897012318,18.0226218422871,-0.182587071062072,18.0680504265035,-0.186906429721907,18.0337023219416,-0.228027650582457,18.2123303637567
-0.205333597304396,18.016850357072,-0.162182827574293,18.016478814516,-0.184657311963819,18.0620178582579,-0.188589671811277,18.0276013845524,-0.2308470671768,18.2066094663537
-0.206734785228086,18.0107291939057,-0.163839499683566,18.010320036079,-0.186670899106518,18.055966364134,-0.190188168469355,18.0214809746528,-0.233609559167392,18.2008610968183
-0.208135673408163,18.0046079719916,-0.165438861379362,18.0041463361682,-0.188628733647032,18.0498968161825,-0.191758014811481,18.0153524210904,-0.236315959354395,18.1950863304637
-0.209437311340217,17.9984696163992,-0.16698221128985,17.9979585978297,-0.190532063058677,18.0438101609563,-0.193250374156714,18.0092076427897,-0.238967433639104,18.1892863547043
-0.210738379620859,17.9923311624672,-0.168470565883613,17.9917576151547,-0.192381858516151,18.0377072401557,-0.194715085625499,18.0030555662229,-0.241564868105491,18.1834622050045
-0.211940269700458,17.9861763272973,-0.169905636060076,17.9855443106063,-0.194179775950564,18.0315890645517,-0.196103689083301,17.9968885306726,-0.244109849176047,18.1776151842954
-0.213141052204685,17.9800213091895,-0.171289680567152,17.9793196997011,-0.19592801174307,18.0254567703863,-0.197466336411793,17.9907151686339,-0.246604529568084,18.1717468003731
-0.214316609026451,17.9737432624052,-0.172624454452832,17.9730846294188,-0.197628269522438,18.0193112967483,-0.198791835514397,17.9844745006991,-0.249050568260992,18.1658582846463
-0.215491987389409,17.9674643452559,-0.173913160550556,17.9668347129268,-0.199284008484096,18.0131484444822,-0.200094360943767,17.9782254498635,-0.251452106488813,18.1599460233443
-0.216442918885851,17.9615738790359,-0.175158389181033,17.9605653504515,-0.200898091485217,18.0069637669437,-0.201263126159899,17.9721604073209,-0.25381287150108,18.1540061337202
-0.217333354901764,17.9557881125427,-0.176358746565814,17.9542950439651,-0.202468028422659,18.0007756412746,-0.202379195995837,17.9661467296009,-0.25612828673244,18.1480566418435
-0.218276308225399,17.9496959246208,-0.177512766265768,17.9480472460736,-0.203990967239248,17.9946073840392,-0.203498079641366,17.9599905634241,-0.25839213755611,18.1421201681925
-0.219219865537743,17.943600212621,-0.178624580520294,17.9418137550788,-0.205471519072675,17.9884510452581,-0.204595981314305,17.953839305227,-0.260609144790626,18.1361891126506
-0.220072141245972,17.9375196231255,-0.179699256714275,17.9355813614882,-0.206915527666047,17.9822937326973,-0.205629642940949,17.9476957332497,-0.262786418833624,18.1302513406332
-0.220914546630862,17.9314406688335,-0.18073957085135,17.9293502961574,-0.208325746955401,17.9761358344992,-0.206641153835882,17.9415532505621,-0.264926936177532,18.1243077210153
-0.221756952015753,17.9253617145416,-0.181747677302536,17.923120777188,-0.209704310712929,17.9699776897159,-0.207636521412789,17.9354111727349,-0.267033135765708,18.1183590145591
-0.222599357400644,17.9192827602496,-0.182725876101096,17.9168932946368,-0.211053482470726,17.9638199184159,-0.20861688784798,17.9292697705636,-0.269107551351324,18.1124062663037
-0.223313765574035,17.9130207469067,-0.183675974255645,17.9106682611206,-0.212375039465394,17.9576630347974,-0.209519151947568,17.9230377411934,-0.271152152642444,18.1064503168125
-0.224026479248479,17.9067563101252,-0.184601065617039,17.9044379600391,-0.213672534116231,17.9514995168714,-0.210408099406614,17.9168015803697,-0.273171719085984,18.1004842630939
-0.224752163956704,17.9007583384647,-0.185504222622561,17.8981945384229,-0.214949509644065,17.9453217066157,-0.211292688864975,17.9106918419821,-0.275171279829837,18.0945011399223
-0.225481468767869,17.8948347349064,-0.186385628995514,17.8919469562375,-0.216205608540367,17.9391385540282,-0.212168232130901,17.9046169580295,-0.277149917172251,18.0885099668631
-0.226210773579035,17.8889111313481,-0.187245292537964,17.885706741516,-0.217440139774114,17.9329615617334,-0.213032789694939,17.8985455067321,-0.279105673546814,18.0825221193217
-0.2269400783902,17.8829875277899,-0.188084522335279,17.8794766349833,-0.218654240967467,17.9267935399798,-0.213886983964103,17.8924788728675,-0.281039138329356,18.0765404600205
-0.227603648531038,17.8769008144463,-0.188904656067585,17.8732568701955,-0.219849231241884,17.9206347989072,-0.214698614092584,17.8863356336078,-0.282951304421708,18.0705653688756
-0.228265440624297,17.8708096945477,-0.189707674277377,17.8670431400877,-0.221027347595421,17.9144811559248,-0.215500698138626,17.8801930102278,-0.284844764794233,18.0645929248268
-0.228903915438671,17.8646900332792,-0.190495264663114,17.8608309647806,-0.222190547227624,17.9083282389517,-0.216283361929422,17.874036715295,-0.286722070494595,18.0586190530531
-0.229542390253046,17.8585703720107,-0.191268908599669,17.8546180012958,-0.223340451955766,17.9021737967089,-0.217059031433042,17.8678798651592,-0.288585372067875,18.0526418005528
-0.230166935496661,17.8524462339603,-0.192029996661018,17.8484020124388,-0.224478586861622,17.8960156783727,-0.21782146213759,17.8617191188635,-0.290436783403884,18.0466593220889
-0.23079111711924,17.8463219564055,-0.192779379701397,17.8421833320597,-0.2256057814588,17.8898542667699,-0.218577857995127,17.8555568215134,-0.292277390064607,18.040672191915
-0.231403783118762,17.8401910591713,-0.193518168212782,17.8359623241074,-0.226723122120361,17.8836899907984,-0.219323193307551,17.8493899274154,-0.294108486373121,18.0346810455542
-0.232016304630676,17.8340600858281,-0.194247277614616,17.8297391638673,-0.227831512008749,17.8775230794361,-0.22006360874817,17.8432218062691,-0.295931128705347,18.0286862729294
-0.23236873038271,17.8277921066257,-0.19496765151314,17.8235140187129,-0.228931882804413,17.8713537557408,-0.220669598043705,17.8369840874729,-0.297746363834386,18.0226882489071
-0.232721156134744,17.8215241274232,-0.195680817397584,17.8172828192055,-0.230026010482766,17.8651780503151,-0.22127201892036,17.8307432570389,-0.299556618133799,18.0166832982618
-0.233507272920704,17.8155597924036,-0.19638808808179,17.8110414699384,-0.23111546101401,17.8589919554214,-0.222088420390999,17.8246491048309,-0.301364196510311,18.0106677074424
-0.234414450822675,17.8096802170419,-0.19708946095637,17.804797708205,-0.23219975551767,17.8528031922234,-0.222962397559255,17.818596056019,-0.303167919292462,18.0046491470981
-0.235020298581363,17.80353049326,-0.197784793043971,17.7985614105935,-0.233278138641893,17.8466216079241,-0.223682569909345,17.812411591683,-0.304965795684463,17.9986372809078
-0.235618352967936,17.7973737825663,-0.198475222214359,17.7923295511026,-0.23435192851902,17.8404442508473,-0.22439630744563,17.8062257925924,-0.306759251756879,17.9926292628926
-0.236224831653744,17.7912230943841,-0.199162027030517,17.7860968229463,-0.235422729206617,17.8342659026043,-0.225112418509431,17.8000425252038,-0.308550408195581,17.9866200732852
-0.236831903890785,17.7850728305304,-0.199845753450609,17.7798633500707,-0.236491079151427,17.8280867202713,-0.225827259920907,17.793859058605,-0.310339828256598,17.9806099450209
-0.237438976127825,17.7789225666766,-0.200526832241257,17.7736293944417,-0.237557392626647,17.8219069915817,-0.226540747441921,17.7876753164382,-0.312127954043395,17.9745992314797
-0.238046048364866,17.7727723028229,-0.201205634657469,17.7673950116673,-0.238622037020362,17.8157267946907,-0.227253066040897,17.7814913306698,-0.313915191259888,17.9685880681622
-0.238302660645218,17.7664959599745,-0.201882466868311,17.7611602358325,-0.239685315885184,17.8095461822932,-0.227789138339868,17.7752440822688,-0.315701868766439,17.9625765529589
-0.238558195043319,17.7602192293549,-0.202558059716856,17.7549206495942,-0.240748235682492,17.8033607911474,-0.228324071075437,17.7689942170382,-0.317489585287906,17.9565604967955
-0.239392890051831,17.7542373286808,-0.203233095112294,17.7486718162818,-0.241811757957402,17.797166236206,-0.229148375538834,17.7628871338941,-0.319280014145836,17.9505357183717
-0.240394264875392,17.7483402787371,-0.203906948799736,17.7424210859764,-0.242874800855973,17.7909698140174,-0.230055415845529,17.7568215102135,-0.321071354804979,17.9445093756345
-0.241084538049922,17.7422189138821,-0.204578745959268,17.7361779340257,-0.243935894805759,17.7847809258028,-0.23080575584621,17.7506474896066,-0.322860890699167,17.938490586804
-0.24171690486784,17.7360557965669,-0.205248818587021,17.7299404118554,-0.24499548903049,17.7785976467189,-0.231526179856287,17.7444553828342,-0.324649014043723,17.9324774100183
-0.242362167867838,17.7298996110358,-0.205917842450556,17.7237037018618,-0.246054559620994,17.7724152107946,-0.232252481446506,17.7382671314591,-0.326437110934997,17.9264651846415
-0.243009225691366,17.7237443902344,-0.206586221814816,17.7174670997317,-0.247113555242115,17.7662329405498,-0.232979320622877,17.7320794044839,-0.328225732710973,17.9204532989767
-0.243656283514894,17.717589169433,-0.207254221474875,17.7112306562372,-0.248172737452218,17.760050903341,-0.233705931993964,17.7258917478967,-0.330015204833168,17.9144418731451
-0.244303341338423,17.7114339486315,-0.207922251676335,17.7049944180622,-0.249232512853353,17.7538691716237,-0.234432520055674,17.7197041895779,-0.331806014275887,17.9084310551919
-0.244545884160471,17.7051575950964,-0.20859064977032,17.6987584213562,-0.250293215832604,17.7476878028336,-0.234956995465188,17.7134561849585,-0.333598559521919,17.9024209643049
-0.244785887044758,17.6988804809724,-0.209260432245183,17.6925182409188,-0.251356142112256,17.7415024452709,-0.235480903898907,17.7072057194378,-0.33539479316336,17.8964074790293
-0.245788822464175,17.6929243739526,-0.209932809645296,17.686269444198,-0.252422784410855,17.7353087528315,-0.236387637484952,17.7011114747389,-0.337197003065828,17.8903865495916
-0.246987661594928,17.6870505964138,-0.210607536089267,17.6800200176867,-0.253492390770114,17.7291146806871,-0.237393468529491,17.695058101318,-0.339003688580802,17.8843660450493
-0.247249542235996,17.6807751498912,-0.211284382057969,17.6737800413895,-0.254564087896382,17.7229302736885,-0.237931736751236,17.6888086357562,-0.34081270710876,17.8783558140537
-0.247511422877064,17.6744997033687,-0.211965140207151,17.6675417253854,-0.255640156142969,17.7167478716187,-0.238471903288334,17.6825600382674,-0.342627129657797,17.8723484944319
-0.248585054252688,17.6684886251645,-0.212651674542858,17.6612952265103,-0.256723086540628,17.7105577715109,-0.239420887220434,17.6764395935911,-0.344450741165872,17.8663348001715
-0.249879746300173,17.6625495412753,-0.213344099327205,17.6550484837362,-0.25781248788473,17.7043679046238,-0.240483311882608,17.6703550843006,-0.34628242484077,17.8603226306559
-0.250645899451651,17.6563903311083,-0.214042099764091,17.648811548556,-0.258907400432157,17.6981882823404,-0.241284106526466,17.6641654707157,-0.348119972285478,17.8543217986769
-0.251411009224977,17.6502306863945,-0.214747056548643,17.6425810953408,-0.260009410344338,17.6920156746671,-0.242087744998488,17.657978951327,-0.349965205771084,17.8483292512455
-0.252218767063705,17.6440827337671,-0.215460719108773,17.6363516748301,-0.261120612248548,17.6858447570306,-0.242917008869414,17.6517988848375,-0.351820871141524,17.8423399691364
-0.253027638442335,17.6379350864198,-0.216184019438892,17.6301234712771,-0.262241925411521,17.6796757749707,-0.243751595441948,17.6456196801994,-0.353687976541408,17.8363543530202
-0.253887350018746,17.6317985679891,-0.216918082226021,17.6238967091902,-0.263374458128542,17.6735090267265,-0.244616927960645,17.6394468737413,-0.355567739548133,17.8303728895453
-0.254748822227229,17.6256606114104,-0.217663844019775,17.6176715762399,-0.264519132861934,17.6673447619158,-0.245488932769178,17.6332742859152,-0.357461166188754,17.8243959859608
-0.255667324456688,17.6193870215509,-0.218422581353554,17.6114481768315,-0.265677216510903,17.6611831691995,-0.246395881484722,17.627034885227,-0.35936962298575,17.8184240369328
-0.256585839353849,17.6131134236893,-0.219196946215748,17.6052162335156,-0.266852022859494,17.6550141669727,-0.247310707133642,17.6207913762642,-0.361297905472607,17.8124475425522
-0.257560440698165,17.606804396331,-0.219989454725555,17.5989655896702,-0.268046730163726,17.6488277873628,-0.248262821306042,17.6145209994679,-0.363250888229057,17.80645717724
-0.258535042042482,17.6004953689727,-0.220801388898034,17.5926981685594,-0.269262501371865,17.6426260372187,-0.249224801654479,17.608242445084,-0.365230026219732,17.8004552761
-0.259631951155098,17.5941617830824,-0.221634199645557,17.5864159274804,-0.270500662197203,17.636410968073,-0.250258505524644,17.6019444279721,-0.36723679166709,17.7944442013912
-0.260740791804954,17.5878258014242,-0.222489132051694,17.5801205793923,-0.271762346135827,17.6301843742522,-0.251309347439732,17.5956388991197,-0.369272325561962,17.788425985814
-0.26184963245481,17.5814898197659,-0.223367589831803,17.5738140181783,-0.273048831255833,17.6239482409588,-0.252372041120611,17.5893280180921,-0.371337777207408,17.7824028378068
-0.262952306058957,17.5751532471892,-0.224270948846855,17.5674966608093,-0.274361463069984,17.6177030780819,-0.253444184975766,17.583011712518,-0.373434471216204,17.7763754888148
-0.263587028804871,17.5687718361572,-0.225200813525339,17.5611688635396,-0.27570181931015,17.6114493502532,-0.254295684178855,17.5766680538736,-0.375563959695139,17.7703446559183
-0.264221751550785,17.5623904251252,-0.226158591019015,17.5548337058282,-0.277071102335366,17.6051902269158,-0.255161182344555,17.5703210156287,-0.377727056281933,17.7643136879933
-0.26592622941642,17.5561494409695,-0.227145412831306,17.5484942107908,-0.278470241226512,17.5989288033571,-0.256576087643324,17.5640423341621,-0.37992423915595,17.7582858026231
-0.268012648538586,17.5499585922091,-0.228163293362713,17.5421496203664,-0.279901293494531,17.5926644599888,-0.25819750713575,17.5577865062661,-0.38215758676934,17.7522606829673
-0.26880675074961,17.5435544799062,-0.229214090194546,17.535798745805,-0.281366190318509,17.5863961381264,-0.259189252990325,17.5514212581233,-0.384429150629144,17.7462375791738
-0.269600852960634,17.5371503676032,-0.230299549344297,17.5294432392681,-0.282866565671889,17.5801256071515,-0.260198337987762,17.5450540659965,-0.386740359120887,17.7402185260743
-0.271553408370103,17.5309646962506,-0.231421457273528,17.5230852220972,-0.284404062017303,17.5738551075914,-0.261804857830617,17.5387952297226,-0.389092572665551,17.7342060264954
-0.27382863691198,17.5248398689837,-0.232581360856017,17.5167264486645,-0.285980105698779,17.5675864983194,-0.263591675647577,17.5325668440855,-0.391486943335962,17.7282021639901
-0.275455489471812,17.5185224292337,-0.233780761029386,17.5103690515931,-0.287596051402957,17.5613220128833,-0.265073992847375,17.5262432625212,-0.393924472625704,17.722209375886
-0.277081325869074,17.5122046876131,-0.235021900298318,17.5040139395095,-0.289254074443872,17.5550627129323,-0.266576599704321,17.5199211183075,-0.396407141878387,17.7162290556887
-0.278828636502187,17.5059222853216,-0.236306781262219,17.4976616617872,-0.290956134696234,17.5488092864916,-0.268161736075486,17.5136185278237,-0.398936774975006,17.7102622049491
-0.280577641540471,17.499640375967,-0.237637458983633,17.4913134054914,-0.292704202360501,17.542563061981,-0.269770526128628,17.5073186829748,-0.401515135444413,17.7043104725555
-0.281775717658744,17.4932482960939,-0.239015681369658,17.4849703454534,-0.294499941598392,17.5363253357783,-0.271127518897118,17.5009668576279,-0.404143679107603,17.6983754354198
-0.282971405332662,17.4868557385981,-0.240443897958778,17.4786314507854,-0.296345863470994,17.5300952506522,-0.272508220554705,17.4946174089365,-0.406825021769605,17.6924566695209
-0.285366814736358,17.4809610795093,-0.24192465672116,17.4722957486296,-0.29824457465395,17.5238720148248,-0.274514971142489,17.488519065772,-0.409561914471465,17.6865538577622
-0.288101073872826,17.4752070469825,-0.243456757419173,17.4659767871873,-0.300193972073316,17.5176690755248,-0.276716585618428,17.4824999504485,-0.412350352098448,17.6806800836894
-0.290288452625381,17.4692788709705,-0.245037870135001,17.4596916894331,-0.302190582527139,17.5115033705452,-0.278668846595598,17.4764112108449,-0.415184148147963,17.6748515357442
-0.292428509727985,17.4633356262939,-0.246669871865544,17.453440295434,-0.304236275220077,17.5053748717089,-0.280622470855676,17.4703323231867,-0.418064605572156,17.6690682562586
-0.294568566830589,17.4573923816174,-0.248355390512049,17.4472184561475,-0.306333939114343,17.4992796224604,-0.282602477591952,17.4642687752338,-0.420994745837057,17.6633266070842
-0.296708623933193,17.4514491369408,-0.25009562560777,17.4410266459836,-0.308484734038121,17.4932181859566,-0.284609462821344,17.4582208165994,-0.423975441445847,17.6576272751074
-0.299005124474727,17.4456176381301,-0.251891401028639,17.4348657036621,-0.310689421008131,17.4871914642096,-0.286722052505387,17.4522447478628,-0.427007217349364,17.65197127347
-0.30130298576017,17.4397871112842,-0.253743780459654,17.4287348462976,-0.312949108829957,17.4811987575984,-0.288863246853228,17.4462848016757,-0.430091227270164,17.646358109978
-0.303087337598006,17.4336454763011,-0.255653688451232,17.4226332607542,-0.31526476979682,17.4752393273432,-0.290776083018978,17.4401845409464,-0.433228549690491,17.6407872659924
-0.304866620440422,17.4275007702826,-0.257624343910469,17.4165526880621,-0.317640169030158,17.4693051613794,-0.292716482503006,17.4340938905207,-0.436424183329197,17.6352514938827
-0.307581605426659,17.4219469039547,-0.259659205048943,17.4104848844088,-0.320079314333677,17.4633882811866,-0.295156652610725,17.4283057226532,-0.439683554614398,17.6297437357315
-0.310552331861871,17.4165545229878,-0.261755556004356,17.4044402532221,-0.322578789442395,17.4574988943176,-0.297755140859752,17.4226105296619,-0.443002083494899,17.6242738527729
-0.313523058297084,17.411162142021,-0.263909217312457,17.3984317471403,-0.32513354085892,17.4516496509849,-0.300381844947343,17.4169339966462,-0.446372882168136,17.6188536942263
-0.316493784732296,17.4057697610541,-0.266118939532283,17.3924625935983,-0.327742092417174,17.4458436949858,-0.303036104142858,17.4112777219128,-0.449793735094681,17.613486066114
-0.319281434793061,17.4002133494521,-0.268384278687328,17.3865333608043,-0.330403952067055,17.4400815715736,-0.305626151970363,17.405559968226,-0.453263754520158,17.6081713198172
-0.322065477529246,17.3946537058014,-0.270706831071711,17.3806392475848,-0.33312103005812,17.4343586084065,-0.308242574013939,17.3998587515213,-0.456785313884024,17.6029050649935
-0.324349017728402,17.3887453645766,-0.273088403619725,17.3747754120326,-0.335895453804961,17.4286701087749,-0.310637880675862,17.3939989381429,-0.460361198395619,17.5976830438191
-0.326630850620054,17.3828358338793,-0.275531415135491,17.3689360559036,-0.338730029209345,17.4230104650101,-0.313062744179642,17.3881514100544,-0.463995165142013,17.5925003156811
-0.329927348931992,17.3773998254225,-0.278038479402096,17.3631155632795,-0.341627746643709,17.4173742659988,-0.316026720935616,17.382550744332,-0.467691246823608,17.5873522591713
-0.333481806463954,17.3720842009123,-0.280611190897162,17.3573112515285,-0.344590379982043,17.4117589580783,-0.319152285721432,17.3770190479783,-0.471451893002661,17.5822369468978
-0.337036263995916,17.3667685764022,-0.283251647953964,17.3515196497075,-0.347620260501953,17.4061612362956,-0.322311547161283,17.3714944165855,-0.475280202997187,17.5771518011076
-0.340590721527878,17.361452951892,-0.28596050604549,17.3457407837893,-0.350718040379719,17.4005811858218,-0.32550483373245,17.3659768698746,-0.479177065218633,17.5720973309783
-0.344017534311478,17.3558910184337,-0.288738018784861,17.3399755645811,-0.35388390885241,17.3950197465882,-0.328668440554637,17.360343710814,-0.483142698682461,17.5670747737844
-0.347443363241945,17.350327186489,-0.29158465722876,17.3342244255696,-0.357118303733853,17.389477396896,-0.33186592926099,17.3547173657402,-0.487177562288079,17.5620849014369
-0.351016428637264,17.3448193862678,-0.294500895082579,17.3284878121785,-0.360421664045607,17.383954627023,-0.335171642308333,17.3491270268114,-0.49128206512666,17.5571284679543
-0.354590205215406,17.3393118566915,-0.297486337266009,17.322767856675,-0.363793444954895,17.3784535499019,-0.338512096512345,17.3435458741924,-0.495455349979036,17.5522076499803
-0.357625927470109,17.3335808335352,-0.300540515628038,17.3170666804788,-0.367233027916934,17.372976261838,-0.34161765180071,17.3378630800364,-0.499696436551287,17.5473245566806
-0.360656781452088,17.3278477882267,-0.303661725699978,17.3113885106894,-0.370738414028065,17.3675268735529,-0.344754002757124,17.3321914733165,-0.504002610013963,17.5424830244252
-0.364640607728775,17.3225909607209,-0.306848091798785,17.3057375241436,-0.37430743462108,17.3621094322876,-0.348399085690166,17.3267722399539,-0.508370927368913,17.5376867361371
-0.368961076264955,17.3175023595509,-0.310100488560564,17.3001127873945,-0.377941017439757,17.356723076925,-0.352245181613933,17.3214509252303,-0.51280226111431,17.5329349965158
-0.373281544801134,17.3124137583808,-0.313420234907407,17.294512761049,-0.381640578145052,17.3513663744444,-0.356124645310483,17.3161426595782,-0.517298121040044,17.5282266789388
-0.377601566768529,17.3073249108191,-0.316807680555159,17.2889377095646,-0.385406442136486,17.3460396253919,-0.360037426102356,17.3108474550414,-0.521858722806224,17.5235622498632
-0.381082005164758,17.3017728280731,-0.320262807485712,17.2833885292104,-0.389238524100166,17.340743735237,-0.363563937466409,17.3053342643347,-0.526483795720244,17.5189427255101
-0.384562443560987,17.2962207453271,-0.323784120070851,17.2778684176872,-0.393135103442511,17.3354818018489,-0.367123189360189,17.2998362864378,-0.531171078868926,17.5143710026143
-0.389189105734424,17.2914054601493,-0.3273700112225,17.2723805107749,-0.397094350677305,17.3302568521877,-0.371287456325545,17.2947234690337,-0.535918162553215,17.5098498374854
-0.394111186328652,17.2867800712015,-0.331020039404731,17.2669259714898,-0.401115735411415,17.3250700256662,-0.375631102045626,17.289722936589,-0.540724194950016,17.505380300916
-0.398604923150826,17.2818530997059,-0.334733673622388,17.2615060430083,-0.405198632462463,17.3199225354508,-0.379791966459264,17.2845895640901,-0.545588222232837,17.5009635212703
-0.403048811176255,17.276891031337,-0.338510208897645,17.2561221585231,-0.409342229857077,17.3148157721444,-0.383958929292814,17.2794573019834,-0.550509083315613,17.4966007747684
-0.407492699201685,17.2719289629681,-0.342348919572435,17.250775704422,-0.413545698112191,17.3097510781035,-0.388156537491719,17.2743443827714,-0.555485611324056,17.4922932882529
-0.411936587227114,17.2669668945992,-0.346249444027339,17.2454674994101,-0.417808610581758,17.3047292548541,-0.392384601792708,17.269251210716,-0.560517131459243,17.4880418253752
-0.416433738355845,17.2622677192744,-0.350211455227546,17.240198294824,-0.422130579894055,17.2997510392115,-0.396669582629948,17.2643096033787,-0.56560302922351,17.4838471032565
-0.4209307861921,17.2575695735408,-0.354227867400421,17.2349776149124,-0.426503859000203,17.2948254432738,-0.400981153114525,17.259393313101,-0.57073398958727,17.4797166902958
-0.425086989352768,17.252479445067,-0.358291170860823,17.2298147197569,-0.430920292899176,17.2899611824858,-0.40514508960116,17.2543103810399,-0.575900184825014,17.4756575834773
-0.429243192513435,17.2473893165931,-0.362408138083166,17.2247003358516,-0.435387274431337,17.2851494865444,-0.409335297281455,17.2492522323868,-0.581110070255285,17.471662156636
-0.433905381630878,17.2431553762005,-0.366585983593102,17.2196254727717,-0.439912627781265,17.2803819079722,-0.413808474098239,17.2446425446582,-0.586372728321846,17.4677234946222
-0.438917992315426,17.2395143905435,-0.37081575843576,17.2146011745973,-0.44448663874557,17.2756688419782,-0.418482247551037,17.2403551258415,-0.591676826495846,17.4638503679879
-0.443793289032319,17.235486388603,-0.375081989556056,17.209645144298,-0.44909261185113,17.2710268622227,-0.4231048283085,17.2359086751829,-0.597002834028595,17.4600560817493
-0.448601686837365,17.2312698336066,-0.379383207209434,17.204757660123,-0.453729044583024,17.2664561438563,-0.427710685794073,17.2314025458963,-0.602348792478468,17.4563400754098
-0.453410084642412,17.2270532786102,-0.383727058172075,17.1999288326307,-0.458404249268242,17.2619473660521,-0.432337196814257,17.226926150393,-0.607724182476098,17.4526942835193
-0.458218482447458,17.2228367236138,-0.38811558848307,17.1951556974038,-0.463120467946197,17.2574977256659,-0.436985418012703,17.2224780292074,-0.613131621389606,17.4491163479998
-0.463099643329713,17.2187518611377,-0.392548011612521,17.1904385697049,-0.467876884674852,17.253107490088,-0.441691336114647,17.2181241779698,-0.618570272547835,17.4456065414373
-0.467981858620928,17.2146689192656,-0.397024678377495,17.1857765696556,-0.472673902612813,17.248775815044,-0.446419282802356,17.2137992743894,-0.624040698732239,17.4421642707995
-0.472651730653178,17.2102051780916,-0.401546037206529,17.1811688086556,-0.477512022962844,17.2445018545186,-0.451062794034019,17.209311518777,-0.629543559521814,17.4387889678168
-0.477321602685429,17.2057414369176,-0.406116714825836,17.1766103212974,-0.482396206938611,17.2402809958635,-0.455730408737732,17.204848878062,-0.635084589971426,17.4354771884685
-0.482499013227362,17.2023163246725,-0.410741515969936,17.1720964100788,-0.487331576712274,17.236108909418,-0.460678350134788,17.2009283704161,-0.640669698661398,17.4322259208645
-0.487817660098236,17.1991802390415,-0.415411543048417,17.1676359110787,-0.492308616007177,17.2319937807322,-0.465718925635599,17.1971795159026,-0.646288135236726,17.4290418394125
-0.492941669975645,17.1954385223223,-0.420115143998881,17.163239527023,-0.497314924430271,17.2279454563086,-0.470678260778924,17.1931602112308,-0.651925809633317,17.4259323889685
-0.498065162031408,17.1916951943529,-0.424855582662435,17.158903427751,-0.502354016755463,17.2239603510204,-0.475655086566934,17.1891705839185,-0.65758657190394,17.4228944149503
-0.503158420385475,17.1881534459933,-0.429638752427706,17.1546217457509,-0.507432181094035,17.2200330414192,-0.48063755428848,17.1853093583272,-0.663277437011293,17.4199236291817
-0.508251385171336,17.1846136549649,-0.43445715991478,17.1504008484009,-0.512541475539874,17.2161693468898,-0.485636822151535,17.1814798269895,-0.668989470532442,17.4170243709654
-0.513376553727116,17.1812107531171,-0.439302968989206,17.1462468735584,-0.5176736306473,17.2123748302498,-0.49066515789297,17.1777524410064,-0.6747133709733,17.4142004842254
-0.518501884484353,17.1778084996313,-0.444176343783255,17.1421587259023,-0.52282887556524,17.2086484133411,-0.495706635056568,17.1740585334376,-0.680449346612066,17.4114506993951
-0.523665987012178,17.1745331983517,-0.449077573098967,17.1381352850309,-0.528007566964595,17.204989003465,-0.500780715952197,17.170460699228,-0.6861977846667,17.408773838326
-0.528830089540003,17.1712578970721,-0.454006868091732,17.1341755749331,-0.53320997462964,17.2013956474194,-0.505868132094905,17.1668949769816,-0.691959016511167,17.4061689466165
-0.534039330929346,17.1681097799602,-0.458964479888156,17.1302786609516,-0.538436405717659,17.1978674366284,-0.510991589833383,17.1634244946142,-0.69773344136319,17.4036352001943
-0.539249055241949,17.164962994532,-0.463950397436869,17.1264438819728,-0.543686886306567,17.1944037164889,-0.516128764040702,17.1599859955811,-0.703521158923408,17.4011720256041
-0.544505695900808,17.1619321581654,-0.468964652626375,17.1226705953647,-0.548961483980474,17.191003853799,-0.521302895382968,17.1566364677992,-0.709322316141982,17.3987789059127
-0.549762336559667,17.1589013217989,-0.47400731699391,17.1189581799572,-0.554260304377686,17.187667239575,-0.526490569123262,17.153317626998,-0.715137095690863,17.3964553674732
-0.555021009328368,17.1555238907298,-0.479078484423089,17.1153060488238,-0.559583473058696,17.1843933006471,-0.531692855528129,17.1498558834266,-0.720965692124721,17.3942009796358
-0.560279688560956,17.1521453571864,-0.484184987172947,17.1117089136505,-0.564938179930483,17.1811772679815,-0.536912214483855,17.1464214124352,-0.726816041863845,17.3920125647485
-0.565634666026151,17.1495066987793,-0.489333905756512,17.1081617770531,-0.570331843993381,17.1780146853979,-0.542200386213711,17.1433822810793,-0.732696312484898,17.3898874863866
-0.571015910401112,17.1470698533537,-0.494516777908612,17.1046705849823,-0.575755581476549,17.1749108720121,-0.547518062564238,17.1404723404448,-0.738596825786274,17.3878296893605
-0.576397154776074,17.1446330079282,-0.499722679181463,17.1012424143834,-0.581197967876317,17.1718720906786,-0.552846574833715,17.1375941055907,-0.744505106101286,17.3858432388988
-0.581778399151035,17.1421961625027,-0.504948550087453,17.0978786589819,-0.586655836280132,17.1688995076917,-0.558184379088121,17.1347482396726,-0.750417652579404,17.3839284618174
-0.587250264900245,17.1396178975661,-0.510193514142261,17.0945792010527,-0.592128307827494,17.1659929417237,-0.563576349583991,17.1318639640148,-0.756333462839467,17.382084753725
-0.592722255133591,17.1370394383654,-0.515461694035963,17.091340839994,-0.597619716883913,17.1631495057188,-0.56897933333069,17.1290103345033,-0.762257207588098,17.3803099439066
-0.598209760430436,17.1341970094912,-0.52075735079767,17.0881605651307,-0.603134524128821,17.1603665163556,-0.574403188900825,17.1260540042676,-0.768193709446629,17.3786022921775
-0.603697353734664,17.1313530832798,-0.526085205030471,17.0850353685535,-0.608677649797265,17.1576413297206,-0.57984259588592,17.1231247568405,-0.77414828248745,17.376960359087
-0.609220630689807,17.1292862649151,-0.531450130627187,17.0819624441088,-0.614254153146496,17.1549715166753,-0.58531781969295,17.1206105446715,-0.780126363225629,17.3753830696435
-0.614752744057959,17.1274118833024,-0.536843401178666,17.0789468885279,-0.619854945346224,17.1523615225299,-0.590811021506179,17.1182214877831,-0.786118165920388,17.3738733533886
-0.620333681837243,17.1252585301553,-0.542254003809597,17.0759945953124,-0.625468596397435,17.1498164139006,-0.596336628754536,17.1157247118561,-0.792111400762765,17.3724339812394
-0.625921704663715,17.1230646946667,-0.54768147473451,17.0731052815466,-0.631094651149618,17.147335873112,-0.601873542903183,17.1132393135561,-0.798105530543103,17.3710643160048
-0.631533573838276,17.1209571014167,-0.553127798072013,17.0702774021197,-0.63673519011228,17.1449185067434,-0.607431153179518,17.1108279028881,-0.804102733518749,17.3697632024746
-0.637145645595947,17.1188502408249,-0.558593876947402,17.0675100943401,-0.642391166577661,17.1425635246113,-0.61299809926669,17.1084473036217,-0.810103998522353,17.3685299835258
-0.642785018471378,17.1168738090512,-0.564080307405221,17.0648027238979,-0.64806321118594,17.1402703425773,-0.618588236179574,17.1061620535663,-0.816109977876402,17.367364228029
-0.648426883155315,17.1149092816854,-0.56958658090448,17.0621552474763,-0.653750809210713,17.1380388838704,-0.624188906564201,17.1039128639869,-0.822120109090298,17.36626581916
-0.654111557232358,17.1131080996523,-0.575112199542196,17.0595676195167,-0.659453456549948,17.1358690697976,-0.629820021725806,17.101775427577,-0.828133839104798,17.3652346396901
-0.65979711529587,17.1113102905954,-0.580657343077479,17.0570394878516,-0.665171347759999,17.1337605663821,-0.6354607134345,17.0996695842398,-0.834151348373535,17.364270456749
-0.665482673359382,17.1095124815384,-0.586222210768619,17.0545705271974,-0.670904694901461,17.1317130679847,-0.64111064361516,17.0975934871995,-0.840172828975087,17.3633730769538
-0.671168231422893,17.1077146724815,-0.591806164825478,17.0521608090641,-0.676652845714646,17.1297266021229,-0.646769493600035,17.0955471657961,-0.846197558798922,17.3625424657685
-0.67689857393866,17.1060888565912,-0.597408551309927,17.0498104061538,-0.682415131603232,17.1278011958021,-0.652459328797778,17.0936166462604,-0.852224796439281,17.3617785714116
-0.682629122067495,17.104463830351,-0.603029355911658,17.0475191235949,-0.688191541815967,17.1259366569343,-0.658157855488283,17.0917162293804,-0.858254486520393,17.3610812496342
-0.688431493191782,17.1026861168426,-0.608668578888452,17.0452867840457,-0.693982078895247,17.1241328121575,-0.66390088518037,17.0897690882352,-0.864286582242328,17.3604503797217
-0.694233981750782,17.1009081536818,-0.614330322076362,17.0431116560449,-0.699790952446785,17.1223882475105,-0.669654634545336,17.0878506193194,-0.870325409612393,17.3598855065146
-0.699984154767934,17.0996343872229,-0.620018764862534,17.040992190731,-0.705622436513628,17.1207017398388,-0.67539499363472,17.0862123162605,-0.87637532588391,17.3593864798059
-0.705722049604364,17.0984789530607,-0.625728026467357,17.0389306888989,-0.711470483269325,17.1190751461529,-0.681139018267491,17.0846623361084,-0.882429952249251,17.3589540940382
-0.711459944440793,17.0973235188986,-0.63145087431473,17.0369296750332,-0.717327678863276,17.1175104405099,-0.686889206299685,17.0831426989043,-0.88848153044128,17.358588792299
-0.717197839277223,17.0961680847365,-0.637185379145011,17.0349895715267,-0.723192055421024,17.1160078977141,-0.692644589279034,17.0816535946566,-0.894527971665459,17.3582903031251
-0.723104941452098,17.0950008895292,-0.642930867798871,17.0331103256061,-0.729062933630931,17.1145674137168,-0.698489435433797,17.0801891088029,-0.900568530207983,17.3580582307306
-0.729013693697449,17.093833579631,-0.648693540349008,17.0312897030965,-0.734946653425339,17.113187231619,-0.704343089459309,17.0787540121631,-0.906609677259005,17.3578920875689
-0.734939978595338,17.0925778637378,-0.654479752435269,17.0295257169828,-0.740849692473006,17.1118658583491,-0.710216691637172,17.0773032335061,-0.912657970858561,17.3577918785365
-0.740866408075116,17.0913214188103,-0.660288725804016,17.0278187791323,-0.746771233289582,17.1106036528263,-0.716101155678977,17.075880810424,-0.918712445483313,17.3577580341494
-0.746769336592099,17.0905506157048,-0.666119604714434,17.0261693082154,-0.75271038010301,17.1094009731921,-0.721984227488998,17.0747301292118,-0.924772051225321,17.3577909191797
-0.752665940229342,17.0899105147391,-0.671971295218949,17.0245777690225,-0.758665995759583,17.1082582042242,-0.727873944129273,17.0736739411483,-0.93083549097345,17.3578908050334
-0.758696198780286,17.0891672972391,-0.677842550942519,17.0230446373169,-0.764636789982159,17.1071757288434,-0.733839668139902,17.0725955616727,-0.936901315433144,17.3580578685616
-0.764728954633538,17.0884221530373,-0.683732429066828,17.0215702773158,-0.770621783486433,17.1061538411362,-0.739815346243975,17.0715457577852,-0.942968397115887,17.3582922221134
-0.77076171048679,17.0876770088355,-0.689640120508726,17.0201549990439,-0.776620134360785,17.1051927909047,-0.745799322735943,17.0705256392035,-0.949035752040533,17.3585939421454
-0.776794480750242,17.0869318775002,-0.695565035665769,17.0187990459705,-0.782631224564456,17.1042927781721,-0.751791308186388,17.0695353277693,-0.955102625608735,17.3589630945027
-0.782839075296551,17.0861973037447,-0.701506586794148,17.0175026544996,-0.788654438409535,17.1034539959396,-0.757796911919983,17.0685802078137,-0.961168266871602,17.3593997370652
-0.78888366984286,17.0854627299893,-0.707465087755678,17.016265867008,-0.79469007402788,17.1026765130199,-0.763810378915839,17.0676550249404,-0.967232843471023,17.3599040065146
-0.794936368191167,17.0851028415513,-0.71344085538355,17.0150887569513,-0.800738430150887,17.1019604298983,-0.76983591939103,17.0669471619334,-0.973296514547579,17.3604760903399
-0.800991312174734,17.0848467817311,-0.719431496900337,17.0139719355713,-0.8067970625285,17.1013061749858,-0.775869402509165,17.0663214714435,-0.979356688620092,17.3611159074922
-0.807046256158301,17.0845907219109,-0.725434101221863,17.0129160239175,-0.812863009154076,17.1007141449214,-0.781908244429826,17.0657263193151,-0.985410280045413,17.3618231831929
-0.813101200141867,17.0843346620908,-0.731447548944049,17.0119212434605,-0.818935125005761,17.1001844745062,-0.787951883868822,17.0651618041858,-0.991456039854205,17.3625977346756
-0.819193525387699,17.0839984417779,-0.737471218256222,17.0109877105945,-0.825012769301878,17.0997172321662,-0.79401870004256,17.064587897252,-0.997493227553198,17.3634394236215
-0.825285999251397,17.0836619027684,-0.743506770103816,17.010115203979,-0.831097603342705,17.0993123265049,-0.800090909877092,17.0640444258457,-1.00352338153586,17.36434848734
-0.83128692743474,17.0837155220033,-0.749555886052368,17.0093035868395,-0.837191302554893,17.0989697538097,-0.806123508976088,17.063726577905,-1.0095480250606,17.3653253171819
-0.837266354531337,17.0838607766515,-0.755614707813557,17.0085534986755,-0.84328995899364,17.0986898555607,-0.812149585039093,17.0634853724293,-1.01556315366089,17.3663694346607
-0.843372374799992,17.0837912443536,-0.76167858224524,17.0078655295318,-0.849388875905661,17.0984728597861,-0.818240853690789,17.0631678451654,-1.02156403285734,17.367479985666
-0.849479207763618,17.0837203331798,-0.767750089152324,17.0072393498265,-0.855490638962076,17.098318636735,-0.824335718306179,17.06288056119,-1.02755312039019,17.3686573248993
-0.855555178767187,17.0839939176437,-0.773832615147528,17.0066746789866,-0.861598634517675,17.0982271712635,-0.830420038095335,17.062796352699,-1.03353361357692,17.3699021850854
-0.861622024087114,17.0843693672581,-0.779923952865786,17.0061718576534,-0.867710623565311,17.0981986340494,-0.836503574973973,17.0627940528347,-1.03950316916563,17.3712142942898
-0.867740830336425,17.0847660690832,-0.786021383308036,17.0057311929373,-0.873823859538445,17.0982331206686,-0.842615510551658,17.062833480902,-1.04545897364477,17.3725931475802
-0.873866456224195,17.0851655601654,-0.792125205178644,17.0053527123533,-0.879938626156358,17.0983306818753,-0.848733423868636,17.062905422079,-1.05140118575239,17.3740388322791
-0.879992082111965,17.0855650512476,-0.798236381284589,17.0050364400913,-0.886055869451932,17.0984914176968,-0.854854386826478,17.0630085038859,-1.05733059360782,17.3755516521711
-0.886117707999735,17.0859645423298,-0.804354464100481,17.0047825178305,-0.892175120205521,17.0987154357125,-0.860978174927554,17.0631427929435,-1.06324659755805,17.3771316240435
-0.89223565346606,17.0864275912001,-0.810478818366151,17.0045910944622,-0.898295721426739,17.0990028357268,-0.867100629532278,17.0633401363613,-1.06914841592588,17.3787787117857
-0.898353548586633,17.0868910566967,-0.816609284653598,17.0044623024899,-0.904417491738644,17.0993537381661,-0.873225485277547,17.0635690283937,-1.07503572581145,17.3804930007301
-0.904431132777915,17.087650522338,-0.822745704279454,17.0043962874968,-0.910540249423737,17.0997682766245,-0.87933253170545,17.0639773322405,-1.08090819900237,17.3822745905891
-0.910495014203079,17.088510606368,-0.828886052564784,17.0043932099872,-0.916661951329705,17.1002464526493,-0.885434059773401,17.0644674167557,-1.08676372740461,17.3841230152337
-0.916558895628243,17.0893706903981,-0.835027828239809,17.004453163387,-0.922780084522645,17.1007881620603,-0.891535670184495,17.0649889937648,-1.09259978266949,17.3860375548122
-0.922622777053407,17.0902307744281,-0.841169913215003,17.0045761861597,-0.928893519372629,17.1013933535838,-0.897636804276957,17.0655420707675,-1.09841518248642,17.388017824343
-0.928689888982462,17.0911987814195,-0.847311659305237,17.004762304706,-0.935001595662405,17.1020620008663,-0.903738753672171,17.0661806156559,-1.10420919745547,17.3900635700966
-0.934757045250224,17.0921682696549,-0.853452740758212,17.0050115513923,-0.941103974110359,17.1027941091921,-0.90983976277632,17.0668514204446,-1.10998139961394,17.3921746569173
-0.940799976552303,17.0932639168393,-0.859592835080874,17.005323965038,-0.947200318131014,17.1035896908404,-0.91592753598032,17.0676168403028,-1.11573135642692,17.3943509742715
-0.94684283844079,17.0943599255164,-0.865731150456973,17.0056995625497,-0.953289824993131,17.1044486991776,-0.922013755707339,17.0684139771438,-1.12145819211117,17.3965922556445
-0.952896579245983,17.0954883050141,-0.871866889789112,17.0061383480001,-0.959371687726252,17.1053710741116,-0.928103498257526,17.0692588297926,-1.12716103030453,17.3988982188627
-0.958950379657236,17.096616861873,-0.87800101935919,17.0066404566432,-0.96544684676732,17.106357026087,-0.934191836277163,17.0701353792244,-1.13284062542066,17.4012692646212
-0.964772379606273,17.097993386876,-0.884134508404773,17.0072060838101,-0.97151624053267,17.1074068266801,-0.94016332286116,17.0711676289411,-1.13849770055995,17.4037058858131
-0.970533141860171,17.0994355748988,-0.890256993029388,17.0078343258492,-0.977569597582067,17.1085187504504,-0.946098068299513,17.0722638698075,-1.14412258053208,17.4062039313165
-0.976370688675491,17.1008780253104,-0.896355580770707,17.0085235845184,-0.983594182118529,17.1096901731387,-0.952058655699233,17.0733904715366,-1.14970351699074,17.4087575558379
-0.98220823549081,17.102320475722,-0.902431189974307,17.0092734505034,-0.989590932252577,17.1109207478093,-0.958007157011264,17.0745471050256,-1.15524158117154,17.4113662281668
-0.988130187652481,17.1038239026226,-0.908487296846305,17.0100839101742,-0.995563303815834,17.1122107296826,-0.963987513613771,17.0757642860861,-1.16074010461028,17.4140307197349
-0.994052214594873,17.1053273835466,-0.914531354612313,17.0109556815628,-1.00151865748651,17.1135614266472,-0.969961279308002,17.0770119891987,-1.16620586507468,17.4167539681956
-0.999695050009208,17.1070294980866,-0.92057078283851,17.0118898033892,-1.007464293406,17.1149744696044,-0.975792519647201,17.0783901014423,-1.17164538825895,17.4195394420178
-1.00526628923396,17.1087825504546,-0.926596663597078,17.0128849527693,-1.01339141580792,17.1164478267362,-0.981580588122085,17.0798240243695,-1.17705042884129,17.4223832242718
-1.01083752845871,17.1105356028226,-0.932598009489153,17.0139390917906,-1.01928922462704,17.1179785823423,-0.987355811509046,17.0812871591701,-1.1824111312805,17.4252798138096
-1.01640903792411,17.1122892224626,-0.93857215760173,17.0150512893156,-1.02515513015151,17.1195655862439,-0.993117003968896,17.0827792962065,-1.18772529125487,17.428227208044
-1.02204952323015,17.1141876318229,-0.944518600896093,17.0162209426698,-1.03098866549634,17.1212081885094,-0.998898271671139,17.0843722398581,-1.19299266084905,17.4312243891163
-1.02769018315328,17.1160862339788,-0.950441803787264,17.0174484721765,-1.03679423655946,17.1229071604958,-1.00466744209911,17.085993947211,-1.19821732880124,17.4342729963342
-1.03340250331073,17.1180639565676,-0.956346192406664,17.0187344921507,-1.04257619434722,17.1246634681237,-1.01046246474806,17.0876842355359,-1.20340319279138,17.437375006492
-1.03911482346818,17.1200416791563,-0.962236370098238,17.0200798606377,-1.04833904603471,17.1264783372738,-1.01624980217854,17.0894040220888,-1.20855415776378,17.4405328173566
-1.04451812473929,17.1221547059992,-0.968116884018555,17.0214856355669,-1.05408722594946,17.1283531905444,-1.0218772074579,17.0912215358677,-1.21367394847202,17.4437490869695
-1.04984045961025,17.1243031840681,-0.973979172868686,17.022949820699,-1.05981235012369,17.1302853452621,-1.02745444762675,17.0930857666613,-1.21875489286738,17.447019296858
-1.05530782261706,17.1265906964861,-0.979812683145566,17.0244695552473,-1.06550412038129,17.1322710911125,-1.03308927371663,17.0950469694437,-1.22378786623561,17.4503372200522
-1.06078060785307,17.128883407041,-0.985620694045527,17.0260452935659,-1.07116575932187,17.1343111367908,-1.03871351842968,17.0970384849088,-1.22877584682243,17.4537041164759
-1.06625339308907,17.1311761175958,-0.991408732122698,17.0276782777318,-1.07680266427258,17.136407162708,-1.04432722134141,17.0990583909808,-1.23372361129748,17.4571228368167
-1.07172603037206,17.1334691361892,-0.997176462547049,17.0293682882436,-1.08241450792849,17.1385589202593,-1.04993014348939,17.1011067299627,-1.23863079381661,17.4605930543173
-1.07712121570148,17.1359234099247,-1.00292333641396,17.0311150442437,-1.08800075479129,17.1407660817291,-1.0554833615886,17.1032638304423,-1.24349683717357,17.4641143236644
-1.0825164010309,17.1383776836602,-1.00864922580604,17.0329183914644,-1.09356127883738,17.1430284793205,-1.06102553955643,17.1054489871874,-1.24832154727725,17.4676864438953
-1.08781772610001,17.1409208610911,-1.014354000519,17.0347781873647,-1.0990959509258,17.145345956438,-1.06650968395713,17.1077065801337,-1.25310472918655,17.4713092144012
-1.0931183539794,17.1434646988945,-1.02003432802525,17.0366932231491,-1.1046015374716,17.147717032021,-1.07198072293623,17.1099918503618,-1.25784353854642,17.4749803407249
-1.09835279136871,17.1461068670359,-1.02568689681514,17.0386621669815,-1.11007483669077,17.1501401022629,-1.07740426829486,17.1123529339949,-1.2625352439091,17.4786973522301
-1.10358624770509,17.148750492596,-1.03131181218399,17.0406847830667,-1.11551596322505,17.1526149337264,-1.08281298032506,17.1147412777394,-1.2671800027197,17.4824599131035
-1.10875391068834,17.1514913199138,-1.03690920743741,17.0427608654704,-1.12092505688318,17.1551413259302,-1.08817452197358,17.1172046526175,-1.27177797116701,17.4862677521137
-1.11391905750774,17.1542358997943,-1.04247898303563,17.0448901405539,-1.12630203078173,17.157718992373,-1.09352048513232,17.1196961968827,-1.27632908773208,17.4901204849888
-1.11902400619891,17.157077968001,-1.04802104592094,17.0470723481634,-1.1316468033066,17.1603476608065,-1.09882198515869,17.1222626481918,-1.28083327940107,17.4940177594832
-1.12412895489007,17.1599200362077,-1.05353546092617,17.049307303571,-1.13695944399847,17.163027147213,-1.10410915561091,17.124855171448,-1.28529058660332,17.4979593595426
-1.12917010020761,17.1628615781304,-1.05902227512408,17.0515948334926,-1.14224000371776,17.1657572776559,-1.10935012026622,17.1275234181633,-1.28970102020157,17.5019450839009
-1.13421112896161,17.1658033017834,-1.06448136817025,17.0539347113779,-1.14748837092721,17.168537811245,-1.11457666484971,17.1302176286208,-1.29406444647047,17.5059746293592
-1.13918947922738,17.168843575443,-1.06991261946772,17.0563267211913,-1.15270443300407,17.1713685175198,-1.11975745046741,17.1329868784955,-1.29838072730297,17.5100477020788
-1.14416739530402,17.1718845317825,-1.07531589324247,17.0587706509168,-1.15788806198126,17.1742491685946,-1.12492353372899,17.135782127443,-1.30264970847624,17.5141640062136
-1.14908042905788,17.1750210593229,-1.08069105417534,17.0612662987081,-1.16303912948953,17.1771795468087,-1.13004262512311,17.1386507181639,-1.30687123299231,17.518323254188
-1.15399089519584,17.1781613689433,-1.0860378071174,17.063813397009,-1.16815735343542,17.1801593555975,-1.13514573733248,17.1415466200285,-1.31104501755221,17.5225250394307
-1.15893294411583,17.1814201549571,-1.09135586273533,17.0664116836683,-1.17324245715806,17.183188304136,-1.14024980372997,17.1445270468748,-1.31517078626927,17.5267689576218
-1.16387561127568,17.1846812601721,-1.09664794162038,17.0690624056603,-1.17829703818999,17.1862678554988,-1.14534068971147,17.1475345714198,-1.31925055992747,17.5310570659345
-1.16852850692035,17.1879389444135,-1.1019167603489,17.0717669590724,-1.18332367651733,17.1893996229038,-1.150274544289,17.1505670498898,-1.32328624795134,17.5353916111387
-1.17310278201165,17.1911960940294,-1.10715672427956,17.0745225288413,-1.18831701980606,17.192580331873,-1.15515417428972,17.153624463232,-1.32727340233393,17.5397680236735
-1.17789937766269,17.1946487122748,-1.11236091367747,17.0773253269282,-1.19327047847744,17.1958056243553,-1.1601266293619,17.1568028503728,-1.33120679646225,17.5441802425073
-1.18269597331374,17.1981013305202,-1.11753395588797,17.0801775941247,-1.19818846972564,17.1990781090312,-1.16508304102949,17.160005642492,-1.3350900332757,17.548631788949
-1.18725354402683,17.201566475023,-1.12268173199825,17.0830825267053,-1.20307657726538,17.2024014562685,-1.16990680478137,17.1632407602543,-1.33892743822891,17.5531276265133
-1.19174613378943,17.2050350248949,-1.12779935973047,17.0860374337994,-1.20793014931513,17.2057725729823,-1.17468252850379,17.1665022506703,-1.34271520622324,17.5576635280952
-1.19633842367903,17.2086639453883,-1.13288088628382,17.0890387590871,-1.21274354198463,17.209187410695,-1.17948961264948,17.1698667595383,-1.3464489355134,17.5622339910021
-1.2009313866297,17.2122939485204,-1.13792796020153,17.0920872373634,-1.21751832900096,17.2126468302823,-1.18427936123539,17.1732550261324,-1.35012993667015,17.5668401179452
-1.20544733427836,17.2160116064902,-1.14294336676813,17.0951844060874,-1.22225714809526,17.2161525899324,-1.18901430733777,17.1767111333075,-1.35376024825001,17.5714842104255
-1.20996264845384,17.2197299854465,-1.14792675612186,17.0983299914398,-1.22695966353242,17.2197043817652,-1.19373246951772,17.1801914748008,-1.35733954162023,17.5761658272008
-1.21445031048388,17.2235524282968,-1.15287775885182,17.101523706835,-1.23162552144084,17.2233018831253,-1.1984201565873,17.1837475758869,-1.36086746787906,17.5808845115905
-1.21893770543905,17.2273758762356,-1.15779793394009,17.1047665342132,-1.23625618277103,17.2269461975943,-1.20309183059653,17.1873284143035,-1.36434502773354,17.5856416777388
-1.22324065860333,17.2312143609625,-1.16268881028635,17.1080595424165,-1.24085307037818,17.2306385137765,-1.20765615760476,17.1909415564387,-1.36777312587119,17.5904388349824
-1.2274896645845,17.2350572437837,-1.1675467992844,17.1114003932305,-1.2454127951832,17.2343761936677,-1.21217661412724,17.1945804791416,-1.37114909136578,17.595272487664
-1.23172909317219,17.2390558273741,-1.17236748336821,17.1147859829923,-1.2499312087144,17.2381557640444,-1.21667320793597,17.1983192383954,-1.37446984967953,17.600138058267
-1.23596649502471,17.2430873598274,-1.17715132571743,17.1182164667925,-1.25440875219575,17.2419774091218,-1.22114994506381,17.2020965400187,-1.37773580362055,17.6050357017392
-1.24020389687723,17.2471188922808,-1.18190001732375,17.1216929404418,-1.25884700975621,17.2458423555423,-1.22560867362543,17.2058964743757,-1.38094813131108,17.6099669177976
-1.24444129872975,17.2511504247342,-1.18661348707658,17.1252153018636,-1.26324590998065,17.2497504885892,-1.23004935899404,17.2097189904533,-1.38410673733328,17.6149314958354
-1.24855923717303,17.2552995640508,-1.19129129856855,17.1287831856842,-1.26760503975882,17.253701400242,-1.2344120548569,17.2136227053738,-1.38721126520769,17.6199288573381
-1.25267692541654,17.2594489496789,-1.19593315854052,17.1323963310113,-1.27192411993455,17.2576947984929,-1.23875622377726,17.217548806126,-1.3902614564176,17.6249585707233
-1.25674653779334,17.2637003489022,-1.20053877352284,17.1360544787267,-1.27620287115816,17.2617303928777,-1.24305780878981,17.2215480444431,-1.39325705364022,17.6300202039926
-1.2608158029092,17.2679524849888,-1.20510925643862,17.1397585106018,-1.2804423182199,17.2658091494071,-1.24734122177505,17.2255702343558,-1.39619869077609,17.6351149009586
-1.26469949414996,17.2721856870057,-1.20964568567269,17.1435093731211,-1.28464344509614,17.2699320965089,-1.25151437884536,17.2296060250818,-1.39908691084614,17.64024387207
-1.26853144955047,17.2764136104239,-1.21414495194016,17.1473045783393,-1.28880335634046,17.2740964833826,-1.25564266914349,17.233660970528,-1.40191960279842,17.6454036042237
-1.27238691297552,17.2807973526439,-1.21860329883268,17.1511408994098,-1.2929185770044,17.2782987655312,-1.2597618690741,17.2378139691559,-1.40469441364241,17.6505896085767
-1.27624279919073,17.2851838972539,-1.22302071655712,17.1550181610995,-1.29698910602063,17.2825387574051,-1.26386043358142,17.241988424726,-1.40741143996096,17.6558015665147
-1.28004184660725,17.289668662494,-1.22739792083941,17.1589368520804,-1.30101560760341,17.2868169978538,-1.26791008514442,17.2462322978635,-1.4100711883341,17.6610400581797
-1.28384034253838,17.2941543807318,-1.23173669290436,17.1628985000391,-1.30499971724826,17.2911351534691,-1.27193984262756,17.2504977366695,-1.41267471703939,17.6663070531352
-1.28746062745086,17.29865571053,-1.23603874404253,17.1669047146446,-1.30894299222604,17.2954949679045,-1.27586171528651,17.2547928930497,-1.41522291310218,17.671604608825
-1.2910164379281,17.3031626883882,-1.24030139523185,17.1709530885787,-1.31284296049597,17.2998938057243,-1.27973125556933,17.2591115561869,-1.41771403774218,17.67692943978
-1.29457224840534,17.3076696662464,-1.2445212351141,17.1750403340866,-1.31669649827704,17.3043280893242,-1.28357902801875,17.2634492250142,-1.42014608644955,17.6822771274634
-1.29812805888258,17.3121766441046,-1.2486971497092,17.1791651953488,-1.32050259782174,17.3087964614431,-1.28740448876213,17.2678052605514,-1.42251852704087,17.6876459512432
-1.30161891487956,17.3168527055764,-1.25282884243106,17.183327169528,-1.32426100099834,17.3132983854072,-1.29117501769207,17.2722639503055,-1.42483132354718,17.6930351892354
-1.3051090713473,17.3215300693396,-1.25691729899268,17.1875270614512,-1.32797261381994,17.3178347385113,-1.29492322722929,17.2767418159771,-1.42708511397514,17.6984458267144
-1.30850154091044,17.3262705154992,-1.26096346890492,17.1917657321293,-1.33163830006738,17.3224064520207,-1.29860108955421,17.2812701881014,-1.42928042006254,17.7038789152706
-1.31189386948783,17.3310110511056,-1.26496707422365,17.1960428288792,-1.33525780505066,17.3270131423545,-1.30225724174638,17.2858173919297,-1.43141703717534,17.7093339385949
-1.3151874304436,17.3358142487006,-1.26892782970296,17.2003579899766,-1.33883086789454,17.3316544160134,-1.30584223118988,17.2904145307112,-1.43349475816339,17.7148103676102
-1.31848053350834,17.3406177321973,-1.27284543315203,17.2047108331286,-1.34235721298178,17.336329857235,-1.30940506528175,17.295030222826,-1.43551337712624,17.7203076430966
-1.32167510414801,17.3454827381774,-1.27671958490559,17.2091009750754,-1.34583656742872,17.3410390493903,-1.3128965605566,17.2996948925161,-1.43747270032709,17.7258252014984
-1.32486967478768,17.3503477441574,-1.28054999458163,17.2135280397492,-1.34926866727677,17.3457815835805,-1.31636584165097,17.3043775881197,-1.43937254732634,17.7313624861481
-1.32796449667432,17.355272536631,-1.28433637352702,17.2179916498359,-1.35265325050508,17.3505570497247,-1.31976289347731,17.3091080118552,-1.44121274413864,17.736918937913
-1.33105757556845,17.3601985651337,-1.28807839731239,17.2224913819133,-1.35599002370075,17.3553649885158,-1.32313656082037,17.3138566740117,-1.44299310516646,17.7424939397416
-1.33408107509287,17.3652337710729,-1.29177575314989,17.2270268197425,-1.35927870451177,17.3602049487445,-1.32645277310679,17.3186773345406,-1.44471345728176,17.7480868839655
-1.33710457461728,17.370268977012,-1.2954307721432,17.2316008469577,-1.36252135579335,17.3650799976132,-1.3297474565944,17.3235168697944,-1.44637479316285,17.7537012273729
-1.3400343003367,17.3753785199372,-1.29904565248538,17.2362164368019,-1.36571989763933,17.3699932816024,-1.33297479292678,17.32841395734,-1.44797785448516,17.7593404847616
-1.34296235961352,17.3804893838958,-1.30261955069892,17.2408728663659,-1.36887354254368,17.3749439995849,-1.33618042022731,17.3333317205333,-1.44952193410382,17.7650036025298
-1.34579629070062,17.3856665594985,-1.30615163465953,17.2455693868124,-1.37198151783541,17.3799313246189,-1.33931769847892,17.3383022727631,-1.45100639045308,17.7706894895103
-1.34862983212981,17.3908440096082,-1.30964109939014,17.2503052434145,-1.37504307950065,17.3849544254572,-1.34243310177978,17.3432922105954,-1.45243066012886,17.7763970422042
-1.35135665071592,17.3960706819582,-1.31308716219671,17.2550796694201,-1.37805750765354,17.3900124602002,-1.34547307983823,17.3483256170819,-1.45379424543479,17.7821251420343
-1.35408070052329,17.4012986313121,-1.31648886159589,17.2598911565034,-1.38102397025126,17.3951038319614,-1.34848914407756,17.3533777561431,-1.45509680873482,17.7878719059588
-1.35669952358492,17.4065181397727,-1.31984522706051,17.2647381716513,-1.38394162935812,17.400226917976,-1.35142959577327,17.3584429928565,-1.45633805106926,17.7936354172534
-1.35928913543043,17.4117353050196,-1.3231569585211,17.2696208865143,-1.38681116121637,17.405381940441,-1.35433279121752,17.3635244686382,-1.45751857360837,17.7994159739943
-1.36183585486342,17.4170982889535,-1.32642520958137,17.2745396030793,-1.38963368166103,17.4105692919791,-1.35719246346617,17.3686964268186,-1.45863932046958,17.805214177519
-1.36438073876046,17.4224675130458,-1.32964968102755,17.2794928062623,-1.39240901924149,17.4157874275842,-1.36002900599569,17.3738883180359,-1.45970057837858,17.8110283988366
-1.36678743190674,17.4278984774005,-1.33283006407666,17.2844785753688,-1.39513702995177,17.4210343969463,-1.36277410573318,17.3791269291558,-1.46070281135652,17.8168566283258
-1.3691827325881,17.4333345316312,-1.33596641978623,17.2894958160398,-1.39781786604468,17.4263091053677,-1.36549120331433,17.384383388436,-1.46164652459682,17.8226977614701
-1.37157803326947,17.4387705858619,-1.33905900352763,17.2945433643663,-1.40045187983484,17.4316104061194,-1.36818613425107,17.3896545715186,-1.46253244094575,17.8285507069276
-1.37397142615612,17.4442074153448,-1.34210831227502,17.2996203326039,-1.4030396400395,17.4369374491496,-1.37085820195101,17.3949404270551,-1.46336139987578,17.8344147258067
-1.37622053583874,17.4497028758114,-1.34511471066387,17.3047259668085,-1.40558157172887,17.4422895062485,-1.37343640845227,17.4002695096137,-1.46413405641956,17.8402891563126
-1.37846964552135,17.4551983362781,-1.34807847258945,17.3098592548664,-1.40807803263264,17.4476655841863,-1.37599304220735,17.4056120004803,-1.46485107966883,17.8461730673161
-1.38059396152784,17.4607397582687,-1.35099975856589,17.3150192758818,-1.41052925977863,17.453064770617,-1.3784657956915,17.4109904216873,-1.46551299737097,17.8520655704846
-1.38271821445856,17.4662812034901,-1.35387914189829,17.3202057815284,-1.41293584156809,17.458486860001,-1.38091732322473,17.4163816856489,-1.46612044809783,17.8579665613176
-1.38477853272059,17.4717650699082,-1.35671718744582,17.3254185466965,-1.41529835567173,17.4639316694869,-1.38331597344869,17.4217568844988,-1.46667403876396,17.8638759572768
-1.38682028993114,17.4772365268231,-1.35951349817798,17.3306558428573,-1.41761655615708,17.4693974330471,-1.38568425153198,17.427137735041,-1.46717408986982,17.8697919165125
-1.3887852998864,17.4828530810377,-1.36226756559959,17.3359156364095,-1.41989011461426,17.4748820704568,-1.38799283031307,17.4326019690684,-1.46762097727788,17.8757122718412
-1.39075030984167,17.4884696352523,-1.36497987378495,17.3411977117292,-1.4221195292638,17.4803854008754,-1.39028032781376,17.4380769348262,-1.46801528587119,17.8816369200257
-1.39261949785687,17.4941136375106,-1.36765096359914,17.3465022123814,-1.4243053222136,17.4859076066978,-1.392499102058,17.4435764335017,-1.46835748626011,17.8875661144783
-1.39448867860966,17.4997576418492,-1.37028106370558,17.3518284896149,-1.42644777527319,17.4914480534872,-1.39469718089385,17.4490864202037,-1.46864806203582,17.8934992604783
-1.39621745525154,17.5054466235372,-1.37287032457187,17.3571759456435,-1.42854708800511,17.4970061506314,-1.39680444685763,17.4546290853596,-1.46888740010317,17.8994357809324
-1.39794545951901,17.5111358526493,-1.37541950434154,17.362544910333,-1.43060398179016,17.5025822861474,-1.39889109140146,17.4601822364893,-1.46907606750667,17.9053761937081
-1.39965751143271,17.5167404114525,-1.3779294296823,17.3679357016825,-1.43261924683926,17.5081768427314,-1.40094993431195,17.4657035820033,-1.46921467969199,17.9113210354429
-1.40136537443992,17.5223227367966,-1.38039957755066,17.3733460521296,-1.43459256230287,17.5137875065543,-1.40298661778555,17.4712232018201,-1.46930366267423,17.9172679341709
-1.40296982329524,17.5280480127706,-1.38282940689534,17.378773147688,-1.43652364055641,17.5194114174376,-1.40495128651307,17.4768222758946,-1.46934371319769,17.9232140112642
-1.4045690281352,17.5337805376104,-1.38521989917286,17.3842169649117,-1.43841345969869,17.5250486315459,-1.40689351694564,17.4824329510109,-1.46933583648328,17.9291595589473
-1.40609080722416,17.5395285874201,-1.38757209529002,17.3896780993682,-1.44026300005258,17.5306998275791,-1.40877773280122,17.4880596731439,-1.46928080568407,17.9351054640707
-1.40760469512929,17.545278219525,-1.38988657319144,17.3951559320755,-1.4420728899574,17.5363644332721,-1.41063899607745,17.4936951673038,-1.46917943264883,17.9410513183098
-1.40900185258052,17.5510499630869,-1.39216375115775,17.4006498495578,-1.44384359846696,17.5420418675664,-1.41242310205079,17.4993493955994,-1.46903236975505,17.9469966560881
-1.41039898785052,17.5568217108505,-1.39440436486029,17.4061592260065,-1.44557591210969,17.5477315659821,-1.41418877857355,17.5050109988046,-1.46884057804346,17.952941132058
-1.41179612312053,17.5625934586141,-1.39660899329174,17.4116835300021,-1.4472704530807,17.5534330440408,-1.41593633127195,17.5106797148712,-1.46860483444543,17.9588844262719
-1.41319319625858,17.5683652177653,-1.39877861574101,17.417222104043,-1.44892825394017,17.5591457281988,-1.41766622495857,17.5163552303533,-1.46832635261513,17.9648262704174
-1.41448048309737,17.5741570986455,-1.40091451758684,17.4227741964453,-1.45055066092466,17.5648689792255,-1.41932424738432,17.5220472371223,-1.46800668537726,17.9707664404145
-1.41576721799624,17.5799505086592,-1.40301812796894,17.428338969657,-1.45213917149863,17.570602085861,-1.42096573827818,17.5277460340217,-1.46764756832421,17.9767046987854
-1.41700859330603,17.5858695860957,-1.40509059798319,17.4339158274663,-1.45369498445741,17.5763445523192,-1.42256887504863,17.5335134033049,-1.46725036904906,17.9826409187714
-1.41824988075254,17.5917887350418,-1.40713608726492,17.4395119693944,-1.45522158030059,17.5821039217301,-1.4241583016604,17.5392901869351,-1.46681589772838,17.9885833143785
-1.41943219288301,17.5977558824613,-1.40915828908869,17.4451346787055,-1.45672196019345,17.5878877803376,-1.4257063462138,17.5451040264407,-1.46634427346653,17.9945399687053
-1.42061450501348,17.6037230298809,-1.41115767979926,17.4507823099254,-1.45819673758438,17.5936945292779,-1.42724274774003,17.5509301054575,-1.46583629459708,18.0005094962476
-1.42173913773313,17.6097272888214,-1.4131349114153,17.4564531754108,-1.45964670801393,17.5995225431738,-1.42873900752163,17.5567861427292,-1.46529305081805,18.0064905535465
-1.42286349540181,17.6157317247326,-1.41509045748191,17.4621458459442,-1.46107246842683,17.605370437279,-1.43022407798897,17.5626529611088,-1.46471546227057,18.0124819682118
-1.42393561416909,17.6217646903482,-1.41702488300638,17.4678588702154,-1.46247471107767,17.6112368129898,-1.43167227409238,17.5685440167044,-1.46410463080152,18.018482595958
-1.42500692514841,17.6277980577415,-1.41893861874848,17.4735910582929,-1.46385397207942,17.6171205196222,-1.4331095391009,17.5744446545333,-1.46346147418502,18.0244914822286
-1.42602504155856,17.6338528951648,-1.42083206158656,17.4793412342079,-1.46521075332156,17.6230204173752,-1.43450989042936,17.5803648243192,-1.46278690638853,18.0305076776313
-1.4270431579687,17.6399077325882,-1.42270579007006,17.4851082306009,-1.46654573735017,17.6289353918866,-1.43590022694658,17.5862932126952,-1.46208203609139,18.0365303235358
-1.42801591649746,17.6459793605729,-1.42456021308491,17.4908909601399,-1.4678594310012,17.634864393036,-1.43725808584799,17.5922376749392,-1.46134779198659,18.0425585679928
-1.42898833868789,17.6520510829942,-1.42639585471581,17.4966884797485,-1.46915244260678,17.6408065252121,-1.43860625009885,17.5981893962648,-1.46058515791525,18.0485917432002
-1.42991411669411,17.6581352162972,-1.42821359489827,17.50249973992,-1.47042574497436,17.6467608199002,-1.4399220168672,17.6041540184,-1.45979551980928,18.0546292423359
-1.43083989470033,17.6642193496002,-1.43001411096802,17.5083238245356,-1.4716800969507,17.652726423042,-1.44122905670316,17.6101248841746,-1.45898001586092,18.0606704982514
-1.43173363196801,17.6703128871542,-1.43179810729179,17.5141598236263,-1.47291628382633,17.6587024894973,-1.44251171105208,17.6161062473538,-1.45813980238873,18.0667149642816
-1.43262602020981,17.67640659713,-1.43356615731509,17.5200070325361,-1.47413494150708,17.664688366741,-1.44378562006783,17.6220931450766,-1.45727581176561,18.0727622259035
-1.4332371929567,17.6824973875316,-1.4353191250206,17.5258646549039,-1.47533700383074,17.670683338113,-1.44491129084915,17.6280836413723,-1.45638929724517,18.0788119141257
-1.43384836570359,17.6885881779332,-1.4370577471313,17.5317312039575,-1.47652334251389,17.6766859879587,-1.44602971466553,17.6340784596441,-1.45548171093593,18.0848629877273
-1.43473448396849,17.694670775144,-1.4387825604398,17.537605273234,-1.47769462338665,17.6826949622415,-1.4472786471822,17.6400728051154,-1.45455429214399,18.09091439791
-1.4356885508925,17.7007513475308,-1.44049476684993,17.5434869733277,-1.4788520334204,17.6887104795757,-1.44855519050888,17.6460698286444,-1.45360825008428,18.0969667570537
-1.4366426178165,17.7068319199175,-1.44219538870504,17.5493765985259,-1.47999656261379,17.6947329253077,-1.44982587888175,17.6520706995435,-1.45264450368759,18.1030207633761
-1.4375966847405,17.7129124923042,-1.44388538310844,17.5552739680409,-1.48112917977995,17.7007622060803,-1.45109119264149,17.6580753366341,-1.45166408958427,18.1090766560821
-1.43842608154516,17.7193812993812,-1.44556572141615,17.5611787796911,-1.4822508791889,17.7067981093175,-1.45228928534356,17.6642777155321,-1.45066810405602,18.1151345724137
-1.43925388736978,17.7258554698869,-1.44724384008775,17.5671142654718,-1.48336687862686,17.7128644606907,-1.45348518293542,17.6704980880244,-1.44965309342834,18.121218635789
-1.44007484869665,17.7324353226045,-1.44892715814934,17.5731039622709,-1.48448232050493,17.7189853933694,-1.45467972212568,17.6767984560596,-1.44861475978655,18.1273531195235
-1.44089581002352,17.7390151753222,-1.45061552022647,17.5791438068269,-1.48559739110738,17.7251568523797,-1.45587627426538,17.6831239488936,-1.44755360313255,18.1335340769995
-1.44172066595302,17.7456779310473,-1.45230853829608,17.5852295097977,-1.48671207378977,17.7313745346931,-1.45707662478008,17.6895138722869,-1.44647034209899,18.1397573105936
-1.44254542611565,17.7523415146877,-1.45400613120447,17.5913579158484,-1.48782656249927,17.7376352932192,-1.45827876325432,17.6959256117174,-1.44536582321339,18.1460198356783
-1.44298136232997,17.7587499490227,-1.45570807316774,17.5975258707331,-1.48894091797175,17.7439359666584,-1.45928824239414,17.7022295996444,-1.44424100045683,18.1523186488738
-1.44341729854428,17.7651583833577,-1.45741052889769,17.603716157518,-1.49005294745304,17.7502590510659,-1.46029772936346,17.7085447651221,-1.44310000586917,18.1586365707903
-1.4445428345338,17.7720640554985,-1.45910969985096,17.6099115931689,-1.49116051440557,17.7565870760562,-1.46165030534662,17.7151110967442,-1.4419475138033,18.1649565681693
-1.44583657180911,17.7790928429721,-1.46081265882665,17.6161351797682,-1.49226851898856,17.7629436022519,-1.46308860005236,17.7217530965362,-1.44078053614997,18.171302532445
-1.44665708263653,17.78589390162,-1.46252802542436,17.6224155205094,-1.49338281462113,17.7693579227641,-1.46429592137076,17.7283097273384,-1.43959414726657,18.1777039107191
-1.44747759346396,17.7926949602679,-1.46425262735135,17.6287386551144,-1.49450153118813,17.7758158447427,-1.46550742234196,17.7348878463647,-1.43839092574592,18.1841466229593
-1.44831839921984,17.7995218867566,-1.46598167077387,17.6350850446377,-1.49562173743324,17.7822974640703,-1.46673104364675,17.7414905733083,-1.43717492739439,18.1906109558057
-1.44916035989079,17.8063502976724,-1.46771525687737,17.6414534460837,-1.49674366408545,17.7888015503506,-1.46795728644126,17.7481050938773,-1.43594705663419,18.1970958760944
-1.44999776594066,17.8131794476811,-1.46945339543349,17.6478425685485,-1.49786745665357,17.7953268167647,-1.46918332210888,17.7547303879416,-1.4347082338735,18.2036002845747
-1.45083424990436,17.8200082462336,-1.47119589049692,17.6542505884169,-1.49899310363812,17.8018714272608,-1.47041089373275,17.7613649948898,-1.4334594125648,18.2101225121864
-1.45123101797915,17.8266694456147,-1.47294251440295,17.6606757498505,-1.50012055322088,17.8084336107354,-1.47142051332056,17.7679244094575,-1.43220145696034,18.2166609326542
-1.45162778605394,17.8333306449959,-1.47469181499865,17.6671117538315,-1.50124896718418,17.815006957048,-1.47243137917689,17.7744892669066,-1.43093616975986,18.2232093101722
-1.45283832147588,17.8403494567351,-1.47644229963792,17.6735523263884,-1.50237746837651,17.821585076566,-1.47384969567251,17.7812352210158,-1.42966542686205,18.2297614383624
-1.45425369043716,17.8474601344672,-1.47819923711453,17.6800161836599,-1.50350951982837,17.828187101985,-1.47537345107499,17.7880388052977,-1.428385892908,18.2363364724295
-1.45514254698349,17.8545383200124,-1.47996955777672,17.6865266807236,-1.50464976105352,17.8348369483901,-1.47664019852296,17.7948495861652,-1.42709293142832,18.2429583194434
-1.45603140352981,17.8616165055576,-1.48175232820495,17.6930781767521,-1.50579776972468,17.8415289172112,-1.47791277177999,17.8016809833797,-1.42578735212074,18.2496213392755
-1.45694407612562,17.8687291096624,-1.48354523121703,17.6996603161547,-1.50695221065235,17.8482524822231,-1.47920201628949,17.8085450080615,-1.42447115492074,18.2563151188697
-1.45785707708505,17.8758421883128,-1.48534841965254,17.7062707588362,-1.50811345364147,17.8550053301927,-1.48049628761297,17.8154235197313,-1.4231453943589,18.2630376035229
-1.45879571528708,17.8829752257001,-1.4871619967863,17.7129071457121,-1.50928182807531,17.8617851232551,-1.48180831779349,17.8223250813381,-1.42181128055244,18.2697867392556
-1.45973483609466,17.8901086387985,-1.48898601731933,17.7195673836213,-1.51045759287794,17.8685897832055,-1.48312558151704,17.829238854373,-1.42046995080165,18.2765607081374
-1.46070370629384,17.8972529751405,-1.49082080240551,17.7262492984316,-1.51164128143515,17.8754171767964,-1.48446289849097,17.8361690276021,-1.41912289263013,18.2833577557411
-1.46167312701776,17.9043975136217,-1.49266661084759,17.732951024065,-1.5128333359659,17.882265471567,-1.48580582138601,17.8431093088773,-1.41777142027541,18.290176381537
-1.46266872834554,17.9115451163895,-1.49452380016948,17.739670671477,-1.51403429910436,17.8891328219337,-1.48716736660345,17.8500601872111,-1.41641696293384,18.29701511379
-1.46366463082875,17.9186927544057,-1.49639289403123,17.7464064825094,-1.51524486611575,17.896017528873,-1.48853487720831,17.8570192731284,-1.41506106440405,18.3038726790508
-1.46469516126009,17.9258405825977,-1.49827426837709,17.7531567514768,-1.51646558014808,17.9029179316013,-1.48992572480638,17.863985793985,-1.4137051123246,18.3107477859242
-1.4657263577883,17.9329884144479,-1.50016840498523,17.7599200549407,-1.51769706197123,17.90983266079,-1.49132318636897,17.8709589486383,-1.41235045553946,18.3176394426356
-1.46679032048381,17.9401315211783,-1.50207565241213,17.7666949976069,-1.51893979669674,17.9167603625215,-1.49274350257443,17.8779356776818,-1.41099827829112,18.3245466169904
-1.46785468541196,17.9472745699039,-1.50399646635625,17.7734802840725,-1.52019436600892,17.9236997929354,-1.49417073429364,17.8849176707056,-1.40964980575849,18.3314684130331
-1.46841502251402,17.9543313965734,-1.50593127901191,17.7802746325545,-1.52146132668539,17.9306497196941,-1.49535289715368,17.8918612083563,-1.4083062271869,18.3384039352145
-1.46897029373488,17.9613873566427,-1.50787976424834,17.7870745690962,-1.52274069406053,17.9376066551406,-1.49653934496578,17.8988072277857,-1.40696906696964,18.3453499941145
-1.47053632100454,17.9685198204562,-1.50984184757903,17.7938765222715,-1.52403274549826,17.9445670388282,-1.49823798866287,17.9057926271478,-1.40564022755121,18.3523034482055
-1.47236923755713,17.9756725134117,-1.51181937917626,17.8006837502864,-1.52533901025892,17.9515342948763,-1.5000777907693,17.9127909149295,-1.40432019889453,18.3592681096337
-1.47356421587833,17.9827993799461,-1.51381438716972,17.8075005063901,-1.52666109212475,17.9585128563478,-1.50160731049219,17.9197812088882,-1.40300894657002,18.3662487140498
-1.47475919419952,17.9899262464804,-1.51582699003051,17.8143239384239,-1.52799938372346,17.9654998993984,-1.50314560324887,17.9267749974347,-1.40170786233378,18.3732427811644
-1.47544392712759,17.9970262039203,-1.51785687154384,17.821150299726,-1.5293539351766,17.9724916672683,-1.50443742499742,17.9337569495751,-1.40041844424447,18.3802468534497
-1.47612683555921,18.0041260651407,-1.51990468779721,17.8279783217467,-1.53072552540907,17.9794869639995,-1.50573732781279,17.9407398432368,-1.39914206078894,18.3872601466417
-1.47768381525395,18.0116802454293,-1.52197118598319,17.8348066974861,-1.53211502841156,17.9864845644022,-1.50748364714506,17.9479502391621,-1.39788023339469,18.3942818929784
-1.47945051372139,18.0193434319757,-1.52406428911395,17.8416582025366,-1.53352809508425,17.9935079143687,-1.5093479449618,17.9552269435251,-1.39662945830137,18.4013359530746
-1.48121721218884,18.0270066185222,-1.52619376772691,17.8485611015155,-1.53497164004085,18.0005861112743,-1.51122995519455,17.9625296820816,-1.3953843097971,18.4084517312244
-1.48298391065628,18.0346698050686,-1.5283629734796,17.855520362095,-1.53644845501158,18.0077244429388,-1.51313128417215,17.9698609764269,-1.39414375341531,18.4156348907851
-1.48453377539793,18.0422677031944,-1.53057344303149,17.8625354358517,-1.53796006103854,18.0149225317595,-1.51494426616589,17.9771879294358,-1.39290788446871,18.42288541238
-1.48608063391998,18.0498646961505,-1.53282178294444,17.8695896957418,-1.53950467152175,18.0221635119015,-1.51677426495989,17.9845343921711,-1.39168042930539,18.4301868484568
-1.48772179964484,18.0574754090765,-1.53510413401512,17.8766664032773,-1.54108008890826,18.0294303527565,-1.51866817168913,17.9918992717574,-1.39046559880572,18.4375225899197
-1.48936002784928,18.0650850398091,-1.53742111400167,17.8837627711464,-1.54268723048428,18.0367203410381,-1.52057771600448,17.9992737748198,-1.38926573625271,18.444890572211
-1.49041080246997,18.0725249832814,-1.53977344875923,17.8908760842209,-1.54432711466608,18.0440308459166,-1.52221104509931,18.0065722435071,-1.38808338578101,18.4522888658703
-1.49146157709065,18.0799649267537,-1.54215910595088,17.8979960701022,-1.54599875663118,18.0513514450947,-1.52386098215635,18.0138743623178,-1.38692223044715,18.4597075771787
-1.49349133861833,18.0875533797674,-1.54457607234131,17.9051125567857,-1.54770118375196,18.0586718174313,-1.52601612545159,18.0212492771204,-1.38578618575122,18.4671369453684
-1.49578337375516,18.0951816189448,-1.54702794986698,17.9122327708706,-1.54943729360981,18.0659995097405,-1.52831986307698,18.0286462687796,-1.38467606576224,18.4745852193715
-1.49807540889198,18.1028098581222,-1.54951983002173,17.9193657126638,-1.55121127005275,18.0733439860942,-1.5306435212492,18.0360499905665,-1.38359270650901,18.4820628298226
-1.50036744402881,18.1104380972996,-1.55205457027486,17.9265125222589,-1.55302583771092,18.0807066717288,-1.53298851597188,18.043461039772,-1.38253815523459,18.4895721385225
-1.50244102454119,18.1180095673728,-1.55463406350564,17.9336723387471,-1.55488295716625,18.0880869064676,-1.53524657227806,18.0508506197835,-1.38151434715716,18.4971132640679
-1.50451108816866,18.1255799554872,-1.55725828657548,17.940838138969,-1.55678329691183,18.0954777080745,-1.53752521414066,18.0582430626444,-1.38052450424311,18.5046799972168
-1.50667833655539,18.133040820613,-1.5599274148222,17.9480026652829,-1.55872775407363,18.1028718793766,-1.53987495147374,18.0655805200537,-1.37957246300921,18.5122660568256
-1.50884558494212,18.1405016857389,-1.56264119407938,17.9551588810309,-1.56071678330566,18.1102623992773,-1.54224713622067,18.0729142312794,-1.37866185631064,18.519865189482
-1.5104317249802,18.1480017671451,-1.56539954730778,17.9622997629006,-1.56275101780817,18.1176422770811,-1.5443512474288,18.080260290281,-1.37779673390384,18.5274712574301
-1.51200655722614,18.1555026116613,-1.56820518851907,17.9694267396917,-1.56483302933238,18.1250132097766,-1.54647353349192,18.0876002079688,-1.37697968043513,18.5350868890137
-1.51462509786901,18.1627735564757,-1.57106119793538,17.9765411069116,-1.56696576145812,18.1323768002326,-1.54914303228924,18.094819328123,-1.37621341025177,18.5427147223057
-1.51756848209096,18.169972947356,-1.57396860493079,17.9836382412133,-1.56915070293598,18.1397285593059,-1.55200087052524,18.1019945209556,-1.3755014307329,18.5503511754024
-1.5205118663129,18.1771723382363,-1.57692753582701,17.9907125680437,-1.57138853965018,18.1470629617351,-1.55488474291545,18.1091587766628,-1.37484694388453,18.5579913991634
-1.52345458012978,18.1843717504322,-1.57993963675817,17.9977617178723,-1.57368115181722,18.1543778229626,-1.55779516025095,18.1163109356343,-1.37425310070189,18.5656340829591
-1.526167078185,18.1915784823581,-1.58300661353395,18.0047844592748,-1.57603036535192,18.161672097369,-1.56061821452639,18.1234540463905,-1.37372249505603,18.5732789309626
-1.52887957624022,18.198785214284,-1.58613118498278,18.01178083288,-1.57843888649471,18.1689461070108,-1.5634703723062,18.1305844939511,-1.37325790568225,18.5809272214302
-1.53100079009891,18.2061579505858,-1.58931619489294,18.0187507494814,-1.58090955789517,18.1762000582368,-1.56605741353324,18.137785261727,-1.3728621098763,18.5885801536289
-1.53311774536054,18.2135318824984,-1.59256474140665,18.0256954348456,-1.58344534290821,18.1834354921302,-1.56867438763229,18.1449745863276,-1.37253728667466,18.5962401927376
-1.53638033646351,18.2204820016582,-1.59588042342299,18.032615831676,-1.58604973043629,18.1906537194145,-1.57189803123691,18.1519404678106,-1.37228603880432,18.6039097764311
-1.53994800757086,18.2273192605253,-1.59926404167132,18.0395064104853,-1.58872407449467,18.1978493314548,-1.57530851824115,18.1588356245707,-1.37211152603272,18.6115843118613
-1.54351567867822,18.2341565193924,-1.60271536489267,18.046360851346,-1.59146878348137,18.2050160297232,-1.57875325199083,18.165713323974,-1.372016604273,18.6192580320381
-1.54708334978557,18.2409937782595,-1.60623628467524,18.0531761229344,-1.59428605021388,18.212151000718,-1.58223320628888,18.1725720670597,-1.37200473153892,18.6269290594776
-1.54968196754714,18.2482146140779,-1.60982870935613,18.0599502738564,-1.59717797642672,18.2192525075005,-1.58526482636822,18.1796026833347,-1.37207887833638,18.634596466996
-1.55227852072896,18.2554362671115,-1.61349649575718,18.0666858487284,-1.60014815015394,18.2263234829614,-1.58833351028475,18.1866150998306,-1.3722414588497,18.6422642041796
-1.55632725691667,18.2619122430421,-1.6172433573935,18.0733854020029,-1.60320001391191,18.2333668567129,-1.59216821338416,18.1932373799993,-1.3724944085167,18.6499361662927
-1.56076515180287,18.2681883910379,-1.62106766476231,18.0800422669831,-1.60633262330827,18.2403758464109,-1.59623667065297,18.1997390990378,-1.37283911152089,18.6576056094313
-1.56375821656707,18.2752488747014,-1.62496659252944,18.0866486451177,-1.60954395987864,18.2473424228457,-1.59962054724661,18.2066084124882,-1.37327675460834,18.6652642214673
-1.56669616772524,18.2823392771534,-1.62894324171472,18.0932076522252,-1.61283680298589,18.2542700124157,-1.60301622221065,18.2134696969045,-1.37380889326593,18.6729160932271
-1.57119514723006,18.2887972966936,-1.63300165889742,18.099723853709,-1.61621472431113,18.2611635803835,-1.60723374594939,18.2199941201813,-1.37443692727154,18.680567054284
-1.57611341723247,18.2950854588789,-1.63714621571163,18.1062018776875,-1.61968160896906,18.268028189376,-1.61170439004948,18.2264152987104,-1.37516209574106,18.6882231810164
-1.58034342014536,18.3018264846695,-1.64138233022549,18.1126475876051,-1.62324225335353,18.2748702398058,-1.61587702658171,18.2330475747062,-1.37598562127963,18.6958921867018
-1.58455251707408,18.3085812661075,-1.64571193026268,18.1190611266558,-1.62689855823918,18.2816900898203,-1.62008629530413,18.239671483952,-1.37690809715314,18.7035751521384
-1.58807271154944,18.3155247553954,-1.65013587591374,18.125441020149,-1.63065152583653,18.2884863807441,-1.62399863844762,18.2463737736874,-1.37793006541641,18.7112712496545
-1.59159242926233,18.3224683752806,-1.6546492525904,18.1317778310575,-1.63449722619266,18.2952492448036,-1.62795589821381,18.2530553911976,-1.37905101433575,18.7189698998632
-1.59646488295887,18.3289271506448,-1.65924671739412,18.1380623546932,-1.63843128726707,18.3019689980291,-1.63263209573419,18.2594691958397,-1.38027056899705,18.7266604529238
-1.60170002415105,18.3352559323906,-1.66393246767716,18.1442990489385,-1.64245744515398,18.3086505145855,-1.63753426571449,18.2657948773287,-1.38159077406355,18.7343487342276
-1.60693516534323,18.3415847141365,-1.66871212967889,18.1504937383763,-1.64658071142667,18.3153001778346,-1.64248382225093,18.2721003950846,-1.38301391336447,18.7420424992755
-1.6121690392479,18.3479135821097,-1.6735871815772,18.1566461329998,-1.65080258842308,18.321917869671,-1.64748087093276,18.2783856608207,-1.38454103047547,18.749742239787
-1.61714935799768,18.3542597021867,-1.67855783308073,18.1627543469823,-1.65512347883856,18.3285017560949,-1.65239938772156,18.2846583166194,-1.38617273442055,18.7574464721731
-1.62212967674747,18.3606058222638,-1.6836203448285,18.1688118811034,-1.65954033046958,18.3350450096048,-1.65736433957661,18.2909064520044,-1.38790845158425,18.7651477727615
-1.62729930023828,18.3668125770623,-1.68877068140028,18.1748124784189,-1.6640497772465,18.3415410102753,-1.66246841935587,18.2970572171883,-1.38974759993692,18.7728387199257
-1.63247053682227,18.3730181410052,-1.69400786587857,18.1807539215662,-1.66865108715815,18.3479874662807,-1.6676173144493,18.3031785789619,-1.39169068652015,18.7805168227163
-1.63781902729532,18.3790789137636,-1.69933082705484,18.18663403803,-1.67334343024229,18.3543821204303,-1.67289833066613,18.309197638355,-1.39373812919829,18.7881795679027
-1.64317050469505,18.385136965037,-1.70473848581508,18.1924507851904,-1.67812595491779,18.3607228442473,-1.67822381421762,18.3151843966403,-1.3958902297353,18.7958245521456
-1.648676337498,18.3910543781367,-1.71022975279105,18.1982020972598,-1.68299780139313,18.3670074854814,-1.68366892364457,18.3210688505466,-1.39814723271355,18.8034493499184
-1.65418217030095,18.3969717912364,-1.71580353000864,18.2038860382587,-1.68795808783665,18.3732340203242,-1.68915594969944,18.3269203392937,-1.40050927089802,18.8110516491341
-1.65978350852028,18.402638792206,-1.72145865640415,18.2095007310231,-1.69300586370672,18.3794004770177,-1.69473208121003,18.3326127059537,-1.40297636387544,18.8186291607065
-1.66538502975157,18.4083053133242,-1.72718792848428,18.2150385663882,-1.69813475599532,18.3854985622082,-1.70034612417798,18.3382670455938,-1.40554592779462,18.8261716749003
-1.67110899811138,18.4137922313878,-1.73298376129362,18.2204922914953,-1.70333797623038,18.391520297397,-1.70605548289656,18.343790101199,-1.40821522760378,18.8336689833524
-1.67683304866163,18.4192790288961,-1.73884549237328,18.2258615864726,-1.70861491277198,18.3974653087964,-1.7117986452635,18.3492714469959,-1.41098464642193,18.841120126836
-1.68269165757214,18.4245797546817,-1.74477246870944,18.231146153311,-1.71396496117041,18.4033332451707,-1.7176425241338,18.3546179515335,-1.41385436003172,18.8485242094231
-1.6885542180795,18.4298748689316,-1.75076381225863,18.2363455029608,-1.71938731256808,18.4091235421947,-1.72352138004767,18.3599195916081,-1.41682418251187,18.8558801314416
-1.69452344869563,18.4350143957805,-1.75681865281469,18.2414591729791,-1.72488116324925,18.4148356626335,-1.72948613994631,18.3651011392931,-1.41989372492471,18.863186883428
-1.70049267931177,18.4401539226295,-1.76293628186484,18.2464869031551,-1.73044584970013,18.4204692867444,-1.73548311560687,18.3702402507061,-1.4230625053736,18.8704437619846
-1.70659586648955,18.445107619046,-1.76911598901612,18.2514284150665,-1.73608070871404,18.4260240760598,-1.74157893153491,18.3752438637355,-1.42632994814225,18.877650088247
-1.71270119353624,18.4500583469423,-1.77535677015523,18.2562831844474,-1.74178481028623,18.4314994171654,-1.74770718096616,18.3802031369141,-1.42969527360651,18.88480485725
-1.71892581634436,18.4548371081821,-1.78165762544995,18.2610506983922,-1.74755722763401,18.4368947081327,-1.75392594547801,18.3850333044468,-1.43315768075285,18.8919070895338
-1.72515064445868,18.459615559174,-1.78801764004467,18.2657304604318,-1.75339711684979,18.4422093720299,-1.76017522575101,18.3898199368632,-1.4367164279057,18.8989558679453
-1.73101634450898,18.4649034198951,-1.79443590281975,18.2703219872815,-1.75930363646904,18.4474428452407,-1.76627490271774,18.394817643145,-1.44037076157147,18.9059502986812
-1.73688204455928,18.4701912806162,-1.80091581243946,18.2748278028437,-1.7652799203237,18.4525980012857,-1.77240621557896,18.3997730094502,-1.44412230247142,18.9128941840084
-1.74367222731905,18.47410052887,-1.80746091541072,18.2792501984835,-1.77132927286424,18.4576774983021,-1.77903315704332,18.4039979053793,-1.44797269038746,18.9197913188479
-1.75071320158768,18.4776357903554,-1.81406256163953,18.2835831239925,-1.77744373345303,18.4626744321725,-1.78581461092709,18.4079915392573,-1.45191656278134,18.9266325063865
-1.75687150066142,18.4825537361899,-1.8207097296296,18.2878196164842,-1.78361307534604,18.4675807476463,-1.79217839376784,18.412628667768,-1.4559473764527,18.9334063717577
-1.76302383019156,18.4874810331363,-1.82740858438742,18.2919641158887,-1.78984298404465,18.4724015118997,-1.79856589871889,18.4172248988932,-1.46006894558113,18.9401193590435
-1.76973805775582,18.4913962456669,-1.83416773158357,18.2960219964452,-1.79614147544669,18.4771429749111,-1.80526531225746,18.4212722775614,-1.46428636908789,18.9467801250952
-1.77667512795705,18.4949100765476,-1.84098161479673,18.2999897412851,-1.80250340599436,18.4818010692922,-1.81210436000012,18.4250743446878,-1.46859585702101,18.9533831787305
-1.78361219815827,18.4984239074283,-1.84784267420958,18.3038629801205,-1.8089217270976,18.4863706720713,-1.8189678789363,18.4288295377845,-1.47299248489774,18.9599212043237
-1.7905492683595,18.501937738309,-1.85474774740144,18.3076402187641,-1.81539346376633,18.4908499791658,-1.82585429927814,18.4325370819355,-1.47747423619389,18.9663912485952
-1.79709786809144,18.5062929001719,-1.86169543095718,18.3113210945125,-1.82191727342908,18.4952384937835,-1.83256868541938,18.4366174488994,-1.48204021732246,18.9727921055222
-1.80364236615848,18.5106569452269,-1.86869071544682,18.3149084962089,-1.82849783408246,18.4995396189281,-1.83930568940721,18.4406559027109,-1.48669360787811,18.9791284619167
-1.81076709876738,18.5139751556147,-1.87573882730847,18.3184050291842,-1.83514008760941,18.5037565006843,-1.84636006779184,18.4441264320813,-1.49143758217198,18.985405111625
-1.81802997613314,18.5170443691479,-1.88283615071237,18.3218087493836,-1.84184065807752,18.5078868355493,-1.85350898468021,18.4474264494935,-1.4962693278408,18.9916189304578
-1.8252928534989,18.5201135826811,-1.88997833547617,18.3251175332799,-1.84859545712692,18.5119280660394,-1.86068121052758,18.4506793518616,-1.50118563347308,18.9977661894407
-1.83255573086465,18.5231827962144,-1.89716350677309,18.3283305220472,-1.85540272558157,18.5158791519119,-1.86787581398336,18.4538846927924,-1.50618511300646,19.0038452673132
-1.83946878487213,18.526959793154,-1.90439035719378,18.3314472104074,-1.86226123198593,18.5197394631997,-1.87491723255565,18.4573960993854,-1.51126680011391,19.0098550567837
-1.84637890977078,18.5307427164407,-1.91166069100479,18.3344683984529,-1.86917270274268,18.5235099940521,-1.88197980666896,18.4608630585142,-1.5164318799671,19.0157970498029
-1.8537029142644,18.533555028769,-1.91897643655062,18.3373946597231,-1.8761390114371,18.5271915264894,-1.88927289814361,18.4637976045165,-1.52168162310991,19.0216727059235
-1.86116652474916,18.5360399436935,-1.92633357238823,18.340224113114,-1.8831563730026,18.5307817759073,-1.89665737506881,18.46652036706,-1.52701306268818,19.0274786516903
-1.86863013523392,18.538524858618,-1.93372699491242,18.3429547213855,-1.89021994260105,18.5342781887378,-1.90406089939583,18.4691939808736,-1.53242248820412,19.0332107572146
-1.87609374571868,18.5410097735425,-1.94115439927785,18.3455856895224,-1.89732752816738,18.5376797407899,-1.91148232407358,18.4718180282383,-1.53790826687579,19.0388671307269
-1.8835596449825,18.5436152081562,-1.94861443392971,18.3481166241873,-1.90447784390182,18.5409859065725,-1.91892211956174,18.4744525603293,-1.54346946035251,19.0444466355794
-1.89102557835556,18.5462224388525,-1.95610702523354,18.3505475669642,-1.91167082934685,18.544196726969,-1.92637911974052,18.4770382350973,-1.54910602489509,19.0499491393175
-1.89833540687695,18.549181297606,-1.96363214911702,18.352878474732,-1.91890648242886,18.5473121635292,-1.93377524195919,18.479749946153,-1.55481791465543,19.0553745366163
-1.90564430038594,18.5521422624862,-1.97119103531617,18.3551096258312,-1.92618601388933,18.5503326299692,-1.94118868198377,18.4824130817735,-1.56060597534296,19.0607236626455
-1.91327105714944,18.5539310215102,-1.97878492807162,18.3572412246853,-1.93351065662146,18.5532584682598,-1.94877945774632,18.4844405981888,-1.56647101458082,19.0659973933548
-1.92098577877229,18.5553953865635,-1.98640789489745,18.3592714310035,-1.94087472354149,18.5560872275849,-1.9564296690213,18.4862554282073,-1.57240836568731,19.071191546102
-1.92861403192195,18.5572650511095,-1.99405261084197,18.3611983794218,-1.94827114525813,18.5588162856402,-1.96404845174379,18.488221422261,-1.57841232668957,19.0763010729257
-1.93623888930124,18.5591506324858,-2.00171663316328,18.363021665933,-1.95569755269747,18.5614449895772,-1.97167612267657,18.4901436666679,-1.58448105939485,19.0813242288257
-1.94386374668054,18.5610362138621,-2.00939881765522,18.3647412562252,-1.96315282946514,18.5639731900555,-1.9793138062192,18.492014176411,-1.59061371002499,19.0862601730707
-1.95148786079652,18.5629253918619,-2.01709774833813,18.3663571105836,-1.97063558983151,18.5664007024175,-1.9869604215563,18.4938347177761,-1.59680911308579,19.0911080076267
-1.95906854104976,18.5650247447065,-2.02481209923603,18.3678692170635,-1.97814453476893,18.5687273785249,-1.99459395903174,18.4957085623145,-1.60306611054944,19.0958669632392
-1.96664922130301,18.567124097551,-2.03254613062706,18.3692785446632,-1.98568381575962,18.5709546387217,-2.00223825549804,18.4975311436417,-1.60938800282623,19.1005397700918
-1.9742470044746,18.5681491408192,-2.04030405313567,18.3705858130066,-1.99325756138653,18.5730836500768,-2.00990395983802,18.498765702094,-1.61577797707528,19.1051291645254
-1.98185269722993,18.5687805009345,-2.04807610294047,18.3717892808537,-2.00085626751156,18.5751116437288,-2.01758160820555,18.4997515931603,-1.62222780843211,19.1096294721256
-1.98952375599141,18.5704427271844,-2.05584941796397,18.3728872306609,-2.00846734539213,18.5770355495814,-2.02529351170171,18.5012001233046,-1.62872678774187,19.114033241893
-1.99719481475289,18.5721049534344,-2.06363093785425,18.3738811184404,-2.01609755758459,18.5788575612771,-2.03301044216701,18.5025966493769,-1.63528067153765,19.1183444449632
-2.00491585650851,18.5727348922894,-2.07143069479732,18.3747724155415,-2.02375674050064,18.5805802150298,-2.04076239224241,18.5034258498065,-1.64189769106253,19.1225688587096
-2.01265054475029,18.5730829933735,-2.0792395964765,18.3755601382934,-2.03143597823949,18.5822015602488,-2.04852665562316,18.5040623756716,-1.64856986854654,19.1267018358679
-2.02043322539235,18.5738701501978,-2.08704640292056,18.3762435038718,-2.03912419676896,18.5837196219116,-2.05631479124889,18.5048661859638,-1.65528743355491,19.1307376177905
-2.02821593740261,18.5746575939923,-2.09485345759638,18.3768231652567,-2.04682367399082,18.5851353056836,-2.06410398279065,18.5056182451846,-1.66205230672212,19.13467749102
-2.0360042041656,18.5752344463598,-2.10266524956495,18.3772997258288,-2.05453882707512,18.5864496939919,-2.07189922946365,18.5062134547148,-1.6688682301992,19.1385238387544
-2.04379271568276,18.5758020196234,-2.11048045445204,18.3776732145329,-2.06226835500645,18.5876626734633,-2.07969721259406,18.5067524724501,-1.6757338594896,19.1422761787824
-2.05158133049635,18.5760761988261,-2.11829774336055,18.3779438072192,-2.07001093621296,18.5887742770535,-2.08749719417442,18.5070933163649,-1.6826477698582,19.1459341932296
-2.05936994710853,18.5763452694605,-2.12611598466546,18.378111671534,-2.07776544596085,18.589784551323,-2.09529855482604,18.5073802027628,-1.68960873261412,19.1494976287967
-2.06715856372071,18.5766143400949,-2.13393405608665,18.3781769582637,-2.08553077055612,18.590693527139,-2.10310072982658,18.5076157513186,-1.69661554926134,19.1529662053889
-2.0749471803329,18.5768834107293,-2.14175061653766,18.3781398061418,-2.09330558002797,18.5915011998703,-2.11090304606605,18.5078000197617,-1.70366684659751,19.1563395128818
-2.08272982294561,18.5768542044896,-2.14956432573979,18.3780003561876,-2.10108854497331,18.5922075669455,-2.11870184382557,18.5077839286112,-1.71076126855532,19.1596171148817
-2.09051242273914,18.5768228603237,-2.15737401701123,18.3777587494085,-2.10887850859629,18.592812644084,-2.12649950277052,18.5077156078398,-1.71789762420372,19.1627986364753
-2.09832927718209,18.5769502338504,-2.16517852844458,18.377415125063,-2.11667431903957,18.5933164455693,-2.134312588123,18.507675544996,-1.72507472757535,19.1658837075598
-2.10614648914035,18.5770792639115,-2.17297990090537,18.3769695757341,-2.12447801349737,18.5937192846013,-2.1421251693444,18.5075852733122,-1.73229426970996,19.1688733794219
-2.11386313972155,18.5763868452195,-2.18078020458262,18.3764220033529,-2.1322916789018,18.5940212877761,-2.14988782130218,18.5070332083897,-1.73955800391216,19.1717686753325
-2.12155424095292,18.5754857233239,-2.18857575602565,18.3757726019373,-2.14011165069684,18.5942222495242,-2.15763620537896,18.5063257873637,-1.74686238507416,19.1745683825207
-2.12935882878877,18.574847241226,-2.19636224033516,18.375021743851,-2.14793361724962,18.5943220744471,-2.16543767776936,18.5056988310537,-1.75420329185815,19.1772710133421
-2.1371634633828,18.5742075008094,-2.20413908717252,18.3741695042399,-2.15575702171339,18.5943207772733,-2.17323523139811,18.5050204239694,-1.76158014613543,19.1798763309923
-2.14494825113933,18.5733743171487,-2.21190632956634,18.3732158576113,-2.16358191802277,18.5942183368312,-2.18101893480763,18.5041944616392,-1.7689929468607,19.1823842946491
-2.15273303889586,18.572541133488,-2.2196624957952,18.372160834213,-2.17140685826434,18.5940146234137,-2.18879797400594,18.5033176683406,-1.776440301601,19.1847942938842
-2.16049168990041,18.571500696777,-2.22740611285216,18.3710045007281,-2.17923038933084,18.5937095432528,-2.19655854226433,18.5022864385064,-1.78392080165929,19.1871057503797
-2.16824933494782,18.5704522832644,-2.23513565176342,18.369746967466,-2.18705099777369,18.5933030395387,-2.20431243828888,18.5012004526257,-1.79143297289526,19.1893180896411
-2.17597764884009,18.5692182812042,-2.24284959372561,18.3683884697483,-2.19486716664854,18.5927951805377,-2.21204473681413,18.4999710098554,-1.79897529848034,19.191430846469
-2.18370567137778,18.567982435641,-2.25054656561205,18.3669292344142,-2.20267752474254,18.5921860414531,-2.21976926799024,18.4986900847806,-1.80654639836336,19.1934436034196
-2.19137859297605,18.5664579351183,-2.25822521245074,18.3653695432666,-2.21048071287783,18.5914757537125,-2.22745794588797,18.4972144013671,-1.81414488466035,19.195355999755
-2.19904657452286,18.564907555357,-2.26588402061401,18.3637097184452,-2.21827520974349,18.5906644710671,-2.23513509016793,18.495675495993,-1.82176920894352,19.1971676399358
-2.20671455606966,18.5633571755957,-2.2735214624944,18.3619501023248,-2.22605947793405,18.5897523657524,-2.24280240295614,18.4940864669558,-1.82941780120324,19.1988781380539
-2.21438253761647,18.5618067958344,-2.28113622640616,18.3600910054127,-2.23383219810901,18.5887396012969,-2.25045922457427,18.492447458794,-1.83708929944935,19.2004871705025
-2.22198531569323,18.5599722798203,-2.28872702250772,18.3581327433488,-2.24159207205224,18.5876263483376,-2.25807230449872,18.4906165506731,-1.84478235728857,19.2019944318761
-2.22958763752821,18.5581357756478,-2.29629247289454,18.3560756207199,-2.24933771520471,18.5864127564703,-2.26567332363628,18.4887349576431,-1.85249555218977,19.2033995715425
-2.23722583444432,18.5563348703223,-2.30383121622692,18.3539200089265,-2.25706775210019,18.585099043096,-2.27327976265992,18.4868216477599,-1.86022744626477,19.2047023099077
-2.24486444726898,18.5545343777029,-2.31134411097348,18.3516656308566,-2.26478308473141,18.5836850238795,-2.28087432223405,18.4848588970723,-1.86797887562958,19.2059027892942
-2.25230136005875,18.5521993733137,-2.31883201060459,18.3493121035253,-2.27248462164874,18.582170408121,-2.28835637290934,18.4825790590297,-1.87575070457794,19.2070011547081
-2.25968840908486,18.5497322283,-2.32629183146149,18.3468602270882,-2.2801692281706,18.5805556487322,-2.29580028295662,18.4801836927957,-1.88353973923449,19.2079969279747
-2.26707545811097,18.5472650832863,-2.33372005643479,18.3443110649408,-2.28783331007914,18.5788414135071,-2.30322921573828,18.4777393711225,-1.89134230030436,19.208889561527
-2.27446250713707,18.5447979382726,-2.34111497854625,18.3416651775465,-2.29547512767473,18.5770280693661,-2.31064231214009,18.475246360944,-1.8991565691397,19.2096787355934
-2.2818697125524,18.5421731067938,-2.34847533869851,18.3389230011432,-2.30309339994453,18.5751159081226,-2.3180490162029,18.4726260275455,-1.90698118272244,19.2103641954964
-2.28927716258336,18.5395469244969,-2.35580040090743,18.3360848828435,-2.31068737534616,18.5731051894832,-2.325439000041,18.4699567067503,-1.91481528218251,19.2109458633546
-2.29669172184726,18.5369241269164,-2.36308940848108,18.3331510529985,-2.3182562945396,18.5709960543023,-2.33281531456721,18.467240875624,-1.92265803461229,19.2114235905708
-2.30410628111116,18.534301329336,-2.37034274555199,18.3301212564004,-2.32580058547751,18.5687882861228,-2.34017459810121,18.4644767177271,-1.93050984155073,19.2117973470315
-2.31125192915437,18.5311976154685,-2.3775607812545,18.3269952615178,-2.33332065846412,18.5664816899976,-2.34738258014035,18.461423662259,-1.93837107939477,19.2120672043418
-2.31832480583536,18.5279636083473,-2.38473901235772,18.3237748246882,-2.34081186165741,18.564077508253,-2.35453506313526,18.458257860828,-1.94623687644922,19.2122328903182
-2.32551094668697,18.5247710754566,-2.39187215543134,18.3204622845381,-2.34826870393832,18.5615774771427,-2.36172240307419,18.4550663233223,-1.95410141095442,19.2122941224288
-2.33269708753858,18.5215785425659,-2.39896030375068,18.3170576778167,-2.35569129259808,18.5589816398764,-2.36888801374963,18.4518283338352,-1.96196469986127,19.2122507508696
-2.33988001300977,18.5183590820066,-2.40600437714684,18.3135605749466,-2.36308060729458,18.5562896653576,-2.37603075004335,18.4485302224555,-1.96982769990505,19.2121026670902
-2.34706291005033,18.5151393833507,-2.41300501313091,18.3099706780572,-2.37043733193535,18.5535013206124,-2.38315252529246,18.4451851903844,-1.97769105671458,19.2118499151482
-2.35398324189941,18.5115170273004,-2.41996281940256,18.3062875893892,-2.37776213172344,18.5506162697784,-2.39012237670699,18.4415918338262,-1.98555543857647,19.2114925523349
-2.36083205806444,18.5077849982244,-2.42687413036325,18.3025131269357,-2.38505117907176,18.5476359049078,-2.39703397973256,18.4378975228321,-1.99341670823862,19.2110307890763
-2.36768087422947,18.5040529691483,-2.43373471907653,18.2986496970487,-2.39230002372434,18.5445621418741,-2.40392095800947,18.4341582625427,-2.00126996243788,19.2104649565334
-2.37452969039449,18.5003209400723,-2.44054284805495,18.2946984650047,-2.39950682764359,18.5413959403451,-2.4107824328052,18.4303746228791,-2.00911306628916,19.2097951977481
-2.38134710777492,18.49640177282,-2.44729740633544,18.2906601619106,-2.40667042333189,18.5381378970276,-2.41760214279939,18.4264533926321,-2.01694462836307,19.2090215150441
-2.38816397628897,18.4924793342992,-2.45399833627887,18.2865349970782,-2.41379074752346,18.5347882059361,-2.42439548167222,18.4224866104851,-2.0247644326587,19.2081439571941
-2.39488539266002,18.4883801299004,-2.46064557102529,18.2823231170028,-2.42086773416979,18.5313469963303,-2.43111496206737,18.4183876022425,-2.03257228923464,19.2071626115706
-2.40160674280057,18.4842808028506,-2.46723889491371,18.2780246971163,-2.42790116582407,18.527814409094,-2.43780816637114,18.4142447754984,-2.04036787092065,19.206077604845
-2.40830219794997,18.480123992524,-2.47377807572226,18.2736399201047,-2.43489080761011,18.5241905902806,-2.44446206118599,18.4100295392813,-2.0481508422342,19.2048891131028
-2.4149975053752,18.4759668542702,-2.48026303527549,18.2691687985134,-2.44183659671745,18.5204755341079,-2.45108947953205,18.4057704768336,-2.05592108902141,19.2035972564712
-2.42142431345718,18.4714687197852,-2.48669364002009,18.2646112547177,-2.4487384254688,18.5166691391312,-2.45755617805493,18.4012972140687,-2.06367849496427,19.202202073376
-2.42777927871876,18.4668793443657,-2.4930670794172,18.2599690957723,-2.45559331500297,18.5127728769612,-2.4639590635037,18.3967355087107,-2.07141971612038,19.2007041199605
-2.43413424398033,18.4622899689461,-2.49938019544047,18.25524458904,-2.4623978902755,18.5087886388725,-2.47033245895618,18.3921320895997,-2.07914087530979,19.1991040891612
-2.44048920924191,18.4577005935266,-2.50563157254964,18.2504389498571,-2.46915062575885,18.5047174661657,-2.47667564637427,18.3874875542079,-2.0868400979987,19.1974023683546
-2.44675675914351,18.4529253067332,-2.51182023710798,18.2455530721791,-2.47585047056477,18.5005601293647,-2.482944423552,18.3827093871317,-2.09451603894045,19.1955992320983
-2.45302430053181,18.4481500018341,-2.51794576882141,18.2405873991584,-2.48249697367053,18.4963170121396,-2.48918227953089,18.3778907541444,-2.10216805054821,19.1936948251892
-2.45916693098396,18.443221560882,-2.52400772784144,18.2355423448626,-2.48908966725141,18.4919884660377,-2.49532653885342,18.3729553002552,-2.10979549123145,19.1916893156201
-2.46530805558725,18.4382912738165,-2.53000511764835,18.2304189294486,-2.49562746175643,18.4875753817408,-2.50143839633734,18.3679791726296,-2.11739696808614,19.1895832245421
-2.47132342544108,18.43321400738,-2.53593693675643,18.2252181605916,-2.50210926406902,18.4830786369833,-2.50745521754023,18.3628903006909,-2.12497108938902,19.1873770601957
-2.47733632207227,18.4281338292848,-2.54180271000028,18.2199416204567,-2.50853443858387,18.4784997392996,-2.51343839142056,18.357761505828,-2.13251670444383,19.1850720949057
-2.48330273235447,18.4229597283499,-2.54760223364667,18.2145911353968,-2.51490259132211,18.4738404694423,-2.5193657933044,18.3525481943748,-2.14003281121283,19.1826699492111
-2.48926914263667,18.4177856274149,-2.55333692817448,18.2091670999342,-2.52121510316012,18.4691013686497,-2.52526137203053,18.3472975372156,-2.14752050015172,19.1801716705274
-2.49496363965942,18.4124137023497,-2.55900801764471,18.2036696353046,-2.52747319006269,18.4642826840311,-2.53098978035304,18.3419106930814,-2.15498082806092,19.177578047459
-2.50058471696446,18.4069883624867,-2.56461458796385,18.1981026892333,-2.53367550955586,18.4593882226503,-2.53664977337393,18.336461832435,-2.16241131828093,19.1748924684908
-2.50620579426951,18.4015630226237,-2.57015510395111,18.1924703350866,-2.53982008865899,18.4544218478875,-2.54227725883459,18.330979687221,-2.16980883373526,19.1721180323784
-2.51182687157455,18.3961376827607,-2.57563014256534,18.1867754829934,-2.54590718433462,18.4493865073403,-2.54787250073542,18.3254657185075,-2.17717261577791,19.169257594961
-2.51740298719629,18.3905362772807,-2.58104151584767,18.1810212596425,-2.55193825407561,18.4442855030321,-2.55341389742264,18.3198334725795,-2.18450295094805,19.1663147674998
-2.52297847312916,18.3849324059999,-2.58639245297726,18.1752081723714,-2.55791645933846,18.4391196949035,-2.55892522389415,18.3141700301966,-2.19180254030388,19.1632914403554
-2.52831975587593,18.3793276095896,-2.59168667027179,18.1693369977639,-2.56384541299008,18.4338902650464,-2.56429154274246,18.3084765802866,-2.19907448684245,19.1601901145785
-2.53356597114148,18.3737224376517,-2.59692396799251,18.163411702581,-2.56972447434285,18.4286011206893,-2.56958228708599,18.3027553787239,-2.20631700495227,19.157014529302
-2.53892068016689,18.3678825265911,-2.60210407404401,18.157437385766,-2.57555280236184,18.4232572875507,-2.5748990582192,18.2968917910952,-2.21352772825338,19.1537693128863
-2.54427772569135,18.3620375602376,-2.60722996579463,18.1514166341167,-2.58133306933168,18.4178616661388,-2.58019024372166,18.2910019778775,-2.22070828418919,19.150458144948
-2.54953030136802,18.3561100127924,-2.61230463002983,18.1453506333825,-2.58706811553162,18.412415766113,-2.58540392278507,18.2850477941245,-2.22786090639613,19.1470834482843
-2.55478136515379,18.3501812702312,-2.61733031355493,18.1392421162016,-2.59275986811225,18.4069225494229,-2.59059267352099,18.2790713175297,-2.23498654510112,19.1436488085522
-2.55987813424828,18.3441207471692,-2.62230939022632,18.1330938549457,-2.5984103750568,18.4013850326292,-2.59568126682888,18.2730086609561,-2.24208626653024,19.1401579237647
-2.56497404447797,18.3380594905652,-2.62724480234614,18.1269066491681,-2.60402247437618,18.3958043382857,-2.6007478836582,18.2669257719837,-2.24916247925443,19.136612924243
-2.57001206858596,18.3321650720836,-2.63213976857436,18.1206814220777,-2.60959926352134,18.3901817437304,-2.60576561021068,18.2609069243315,-2.25621783115819,19.1330162374042
-2.5750174568182,18.326364716014,-2.63699515977305,18.1144229623952,-2.6151410641746,18.3845220982637,-2.61074746569851,18.2549181310381,-2.26325122969217,19.1293728260424
-2.58003834189163,18.320230175376,-2.64181031236607,18.1081368463672,-2.62064658468336,18.3788308599854,-2.61571713849978,18.2487480517,-2.27025976410815,19.125687531678
-2.58505997217266,18.3140795645675,-2.64658797366423,18.1018245484931,-2.62611839096093,18.3731098034404,-2.62066861406301,18.2425565042186,-2.27724530092611,19.1219628266835
-2.59001003652114,18.3078869848044,-2.6513314346579,18.0954857157478,-2.63155979733716,18.3673589496412,-2.62556738441148,18.2363303902277,-2.28421098796713,19.1181997924267
-2.59495854154824,18.3016934905966,-2.65604269795023,18.0891220173893,-2.63697260485153,18.3615801804452,-2.63044943911503,18.2300910879109,-2.2911580099339,19.1144009051685
-2.5998265644639,18.2954533249329,-2.66072391743715,18.082735327771,-2.64235874064401,18.3557755993759,-2.63527637686572,18.2238166733276,-2.29808763319839,19.1105689420191
-2.60469032725348,18.2892106888285,-2.66537674013687,18.0763272145816,-2.64771966372229,18.3499469479476,-2.6400871182009,18.2175300442615,-2.30500077498493,19.1067061523067
-2.60955409004305,18.282968052724,-2.67000311796095,18.0698994345045,-2.65305711357978,18.3440961909446,-2.64488475357392,18.2112333301336,-2.31189855957104,19.1028150989411
-2.61441785283263,18.2767254166196,-2.674604660762,18.0634533126487,-2.65837253973468,18.3382248258629,-2.6496700762674,18.2049272067756,-2.31878196152593,19.0988977706861
-2.61922313030458,18.270432528064,-2.67918306935772,18.0569902009459,-2.66366747842548,18.3323343876438,-2.65441468213575,18.1985872378793,-2.3256520274951,19.0949562187416
-2.62402825325004,18.2641395067343,-2.68374084831442,18.0505107607546,-2.6689443432086,18.3264258182508,-2.65914898234365,18.1922388343331,-2.33251084866696,19.0909922477094
-2.62880187922003,18.2578235098478,-2.68828011264671,18.0440153484247,-2.67420519582005,18.3204997122938,-2.66385835924595,18.1858707701034,-2.33936029437111,19.0870072263093
-2.63357544101424,18.2515074661482,-2.69280244053714,18.0375053761801,-2.67945144255742,18.3145576517636,-2.66855930582742,18.1794952283657,-2.34620131413707,19.0830032736703
-2.63832631654649,18.2451756187013,-2.69730954859569,18.030982334021,-2.68468461788541,18.3086013124475,-2.67324135627172,18.1731050894713,-2.35303495007432,19.0789826366637
-2.64307695652086,18.2388436071596,-2.70180281490872,18.0244474339056,-2.68990595224663,18.3026320554447,-2.67791641449717,18.1667087904545,-2.35986202367983,19.0749471159212
-2.64746753382444,18.2322291861831,-2.70628374810387,18.0179019636187,-2.69511679656216,18.2966513326543,-2.68240531020269,18.1601658648093,-2.36668343733368,19.070898627396
-2.65185532284385,18.2256125782602,-2.71075442718447,18.0113457138876,-2.70031924164205,18.2906591755161,-2.68688772122388,18.1536163361301,-2.37350123315928,19.0668379572471
-2.65681140930853,18.2195470264571,-2.71521714279962,18.0047785935825,-2.7055155743901,18.2846557576783,-2.69165033568629,18.1473367988829,-2.38031762957473,19.0627661468793
-2.66192263336257,18.2136319055925,-2.71967192725966,17.9982040491568,-2.71070542788868,18.2786445049259,-2.6964865613203,18.1411286636825,-2.38713129928784,19.0586864846346
-2.6666547212317,18.2072675789693,-2.72411808777275,17.9916259712624,-2.7158876636067,18.2726292006895,-2.70112888354744,18.134694052038,-2.3939399860864,19.0546022177269
-2.67138604421612,18.2009023461002,-2.72855748934927,17.9850443152514,-2.72106413994727,18.266610016783,-2.70576742088577,18.1282571068033,-2.40074537574001,19.0505140452908
-2.67612048593593,18.19454507854,-2.73299219968167,17.9784582332186,-2.7262370095108,18.2605863507271,-2.71040515556144,18.1218218566686,-2.40754970060135,19.0464220658853
-2.68085494640213,18.1881878588584,-2.73742300515804,17.9718683703801,-2.73140697841363,18.2545589341209,-2.71504092526295,18.1153846718278,-2.41435342249548,19.0423272279413
-2.68559458574513,18.1818392056899,-2.74185086755882,17.9652754924912,-2.73657491274306,18.248528639015,-2.71967778440916,18.108950202134,-2.42115712903416,19.0382306950617
-2.69033425278112,18.1754905846794,-2.74627657865189,17.9586802230033,-2.7417415263485,18.2424961766529,-2.72431354802595,18.1025144984661,-2.42796130696758,19.034133420242
-2.69508476452465,18.1691533230904,-2.75070099638896,17.9520832278388,-2.74690759366529,18.2364623084085,-2.72895404798848,18.0960835642542,-2.43476648564785,19.0300364261437
-2.69983527626819,18.1628160615014,-2.7551250494231,17.9454851839687,-2.75207395783682,18.2304278151069,-2.73359432059391,18.0896520656664,-2.44157325660054,19.0259407824387
-2.70409733122661,18.1561055143336,-2.75954949654706,17.9388866538025,-2.75724130662393,18.2243933441923,-2.73799051217793,18.0830336471646,-2.44838209547293,19.0218473674931
-2.70834688375671,18.1493854126334,-2.76397634263343,17.9322867720714,-2.76241173197134,18.2183582711303,-2.74238160893938,18.0764097576709,-2.45519523805501,19.0177563415468
-2.71361632890566,18.1431570348369,-2.76840744624093,17.9256845193971,-2.76758719869852,18.2123218016562,-2.74728474542274,18.0700305414792,-2.4620148793615,19.0136677095009
-2.71932446028053,18.1371401621533,-2.77285457806856,17.9190644638858,-2.77278120834783,18.2062699936431,-2.75241532806481,18.0637482695167,-2.46885850939209,19.0095729757527
-2.72435482242176,18.1305776675089,-2.77733442691696,17.9124045213427,-2.77801294294158,18.2001828897731,-2.75722365730465,18.0571734767538,-2.47575131292894,19.0054604169646
-2.72938244758168,18.124012969523,-2.78184213939422,17.9057143139526,-2.78327646219987,18.1940694855073,-2.76204474487672,18.0505826433971,-2.48268550461713,19.0013378774159
-2.73446796586808,18.1174575611242,-2.78636826714703,17.8990104883429,-2.78856043678477,18.1879452122585,-2.76690405020168,18.0439897632826,-2.48964573888377,18.997216924954
-2.73955584354536,18.1109025313154,-2.79091294147042,17.8922950245278,-2.79386476709616,18.1818120565532,-2.7717738562719,18.037391371783,-2.49663127346156,18.9930994226018
-2.74473606194502,18.1043850402992,-2.79547642715224,17.8855699781146,-2.7991894728251,18.1756720924061,-2.77669926809762,18.0308070775454,-2.50364136322352,18.9889872100153
-2.7499230677016,18.0978703085117,-2.80005896711922,17.8788376163098,-2.80453452611427,18.1695276011045,-2.78163761066756,18.0242206248661,-2.51067513580241,18.9848822847628
-2.75511007345817,18.0913555767242,-2.80466056856035,17.8721001278583,-2.80989967416667,18.1633807585953,-2.78658547510192,18.017631727301,-2.51773153312151,18.9807864645358
-2.76029707921475,18.0848408449368,-2.80928239204341,17.8653584811131,-2.81528595330756,18.1572326653818,-2.79154343276277,18.0110408772138,-2.52481108797323,18.9767010078602
-2.7655683574925,18.0783780055974,-2.81392601783441,17.8586137942882,-2.82069479938725,18.1510846213888,-2.79655440031967,18.0044745917118,-2.53191469367928,18.9726275760361
-2.77083998036316,18.0719153784479,-2.81859182930341,17.8518683914379,-2.82612631784511,18.1449389836255,-2.80157658680657,17.9979081952022,-2.53904164681236,18.968568414138
-2.77540574339283,18.0650719703241,-2.82328065336809,17.8451249260631,-2.83158101518408,18.138798489076,-2.80625728228653,17.9911525239417,-2.54619150320354,18.9645262674364
-2.77996430840419,18.0582246791796,-2.82799213046405,17.8383871365466,-2.83705809083836,18.1326668117956,-2.81094560843139,17.9843978928181,-2.55336224497547,18.9605042919971
-2.78588712893634,18.0522783795007,-2.83272614116416,17.8316589797514,-2.8425569558145,18.1265478711075,-2.8163272012003,17.978098716153,-2.56055194982934,18.956505905412
-2.79220184012231,18.0465908950725,-2.83748648906095,17.8249389954932,-2.84808155615776,18.1204406711291,-2.82191779078361,17.9719332052111,-2.56776460719764,18.9525314023969
-2.79773842385212,18.0402999334785,-2.84227731969827,17.8182247211338,-2.85363629716084,18.1143432626011,-2.82713445988997,17.9654690148041,-2.5750050269598,18.9485804708566
-2.80325297552738,18.0339918849127,-2.84709910497699,17.8115195013808,-2.85922124903214,18.1082590290582,-2.83235546616905,17.9590010157756,-2.58227222179727,18.9446565105607
-2.8088510029443,18.0277624965111,-2.85195135450889,17.8048273708158,-2.86483544433475,18.1021919252909,-2.83763328733551,17.9525790949661,-2.58956397934516,18.9407630276878
-2.81445023279989,18.0215343403576,-2.85683515868595,17.7981500445539,-2.8704797591803,18.0961437901095,-2.8429273188705,17.946165404321,-2.59688047498978,18.9369020536228
-2.819313467209,18.0148223906115,-2.8617519330658,17.7914894009625,-2.87615537221916,18.0901166631002,-2.84786965517354,17.9395183809149,-2.60422210203935,18.9330759125357
-2.82417670161811,18.0081104408653,-2.86670281609976,17.7848471119609,-2.88186321084862,18.0841123459719,-2.85282885036016,17.9328807660488,-2.6115890876654,18.9292866159279
-2.82992844524583,18.0032415580704,-2.87168935176874,17.7782251752143,-2.88760456580498,18.0781330126044,-2.85824991565543,17.9271751037468,-2.6189818910306,18.9255366769072
-2.83591748896065,17.9988649154671,-2.87668101849141,17.7716681468048,-2.8933438531354,18.0722193048697,-2.86379166134407,17.9217480341821,-2.62635309811148,18.9218520243587
-2.84132416734091,17.9934240689487,-2.88163707444987,17.7652308839641,-2.89903426071473,18.0664210201988,-2.86902357446466,17.9158485348363,-2.6336407688401,18.9182616624139
-2.84672511671171,17.9879730200879,-2.88657525131147,17.758891111206,-2.90469606011104,18.0607181843308,-2.87424302839432,17.9099926237042,-2.64086906710641,18.9147502505163
-2.8521524354728,17.9826627301019,-2.89152271902503,17.7526151765857,-2.91036014402236,18.0550805478066,-2.87947987403761,17.9042391357481,-2.64807648340956,18.9112980132175
-2.8575797542339,17.9773524401159,-2.8964828753414,17.7464011417783,-2.91603004003935,18.0495065314425,-2.88472260713001,17.8985167230821,-2.65526708459469,18.9079049859752
-2.86306354419342,17.9721892163005,-2.90145903865091,17.740247609171,-2.92170915257051,18.0439951027991,-2.89000110821761,17.8928982261484,-2.66244486928404,18.9045721835829
-2.86854832116887,17.9670285629398,-2.90645362470438,17.7341537427266,-2.92739993869792,18.0385456944514,-2.89528883239463,17.8873109839802,-2.6696127555142,18.9013007152461
-2.87409891274276,17.9620035000538,-2.91146928714212,17.7281188876759,-2.93310508041321,18.0331579580826,-2.90061951386815,17.8818211903241,-2.67677372860932,18.8980918510385
-2.87965093225067,17.9569813789811,-2.91650851470618,17.7221427970476,-2.93882705346402,18.0278319372371,-2.90596219781187,17.8763624099887,-2.68393037947232,18.8949470422899
-2.88476150349078,17.9511157862591,-2.92157351089772,17.716225031904,-2.94456807773449,18.0225674552075,-2.91109654612509,17.8705112290911,-2.69108506353693,18.8918673301848
-2.88987119158182,17.9452485061113,-2.92667540816962,17.7103551991558,-2.95034043715183,18.0173555305129,-2.91624848550905,17.8646834278486,-2.69825259231838,18.8888489161256
-2.89590596548721,17.9412659572683,-2.93182539200855,17.704523025216,-2.95615645924818,18.0121873128916,-2.92188667142135,17.8598171648333,-2.70544790409428,18.8858884981056
-2.90217932302163,17.9377694887733,-2.93700978183389,17.6987468337202,-2.96200033699501,18.0070793407952,-2.92766086175288,17.8552221597376,-2.71265085848694,18.8829971776331
-2.90745235120036,17.932174449114,-2.9422106706593,17.6930489991583,-2.96785159681204,18.0020516850968,-2.93294247900444,17.8496171374451,-2.71983533900351,18.8801868746288
-2.91272035464179,17.9265688681578,-2.94744326496169,17.6874143194759,-2.97372714850443,17.9970910852776,-2.93823689538991,17.8440386293345,-2.7270214370879,18.8774501516655
-2.91903899997788,17.9226647100037,-2.95272731985222,17.6818238151073,-2.97964888094054,17.992181089337,-2.94408197063316,17.8393332836702,-2.73423532506687,18.8747790478847
-2.92563123229408,17.9192036020731,-2.95805977386807,17.6762839112234,-2.98561296420707,17.9873277078699,-2.95008759361054,17.8348750983121,-2.74147162077529,18.8721787353467
-2.9319247328145,17.9148396897552,-2.96343587528009,17.6708019530212,-2.99161378101199,17.9825376630063,-2.95596517048805,17.829994778016,-2.74872288420614,18.8696541540392
-2.93818973199018,17.910389642853,-2.96886158800169,17.6653744753203,-2.99765766010526,17.9778082446237,-2.96185282606748,17.8250989712257,-2.75599599846716,18.8672051375676
-2.94445473116586,17.9059395959507,-2.97434458660005,17.6599962681358,-3.00375284135601,17.9731352207986,-2.96776869023891,17.8202282005961,-2.76330018811982,18.8648308587998
-2.95071973034154,17.9014895490484,-2.97988635502197,17.6546687038463,-3.00990062231898,17.9685201446636,-2.97371349516688,17.8153831631567,-2.77063621476096,18.8625337189215
-2.95716208217802,17.8972274545138,-2.98548789661678,17.6493939794675,-3.01610172338659,17.9639653306102,-2.97977640283592,17.8106589408019,-2.77800399638623,18.8603165632134
-2.96360660764296,17.8929676635172,-2.99114938344214,17.6441746299025,-3.02235599789502,17.9594733273458,-2.98586989122926,17.8059639772844,-2.7854025014732,18.8581820456021
-2.96950682238926,17.8880020932438,-2.99687117113067,17.6390134980064,-3.02866344282995,17.9550470111354,-2.99172087505226,17.8009456547248,-2.79283068358311,18.856133083098
-2.97538917407644,17.8830133608746,-3.00265334029365,17.6339137172597,-3.03502374565482,17.9506895127854,-2.99759259523224,17.7959468483101,-2.80028708627717,18.854172648769
-2.98254682650641,17.8797878171879,-3.00849563832036,17.6288781953247,-3.04143628931289,17.9464036976677,-3.0041314858563,17.7918621843693,-2.80777002795289,18.8523032875765
-2.99004315273538,17.877030512709,-3.01439935782938,17.6239085278718,-3.04790214914117,17.9421913164747,-3.01086986828718,17.7880449950482,-2.81527978698155,18.8505270505524
-2.99687279753855,17.8732805373377,-3.02036580315736,17.6190059606302,-3.05442245451343,17.9380537745399,-3.01730570848184,17.7837654574366,-2.82281681160529,18.8488457132184
-3.00369499238361,17.8695196549454,-3.02639444107874,17.6141729456631,-3.06099636365116,17.933993450968,-3.02376833782302,17.7795156745251,-2.83037936150805,18.847261305497
-3.01061587839277,17.8659328067551,-3.03248430511843,17.6094119258277,-3.06762260516123,17.9300126624348,-3.0303103259922,17.7753893299699,-2.83796530118671,18.8457756160654
-3.01753676440194,17.8623459585647,-3.03863493486243,17.6047246352766,-3.07430049567874,17.9261130833301,-3.03688208497003,17.7713002692193,-2.84557325821348,18.8443900010985
-3.02455445086047,17.8589431413633,-3.04484573976426,17.6001126724991,-3.08102923875573,17.9222962371459,-3.04353170854294,17.7673413014542,-2.85320180236104,18.8431056287308
-3.03157229161057,17.8555406174915,-3.05111603735852,17.5955775031432,-3.08780796259848,17.9185635040895,-3.05021052230757,17.7634212844281,-2.86084948030494,18.8419235056099
-3.03869966495093,17.852353433886,-3.05744504215389,17.5911204959429,-3.09463570468472,17.9149161553418,-3.0569728133901,17.759648419,-2.8685147900391,18.8408445053491
-3.04583195773786,17.8491761101616,-3.06383190273934,17.5867429186874,-3.10151144913328,17.9113553536001,-3.063765841045,17.7559205914088,-2.87619621591892,18.8398693811423
-3.05303707924153,17.8461698928024,-3.07027568664564,17.5824459684353,-3.10843410799977,17.9078821811715,-3.07062308578448,17.7523190153681,-2.88389220153097,18.8389987848183
-3.06024220268917,17.8431636783308,-3.07677543420826,17.5782307510245,-3.11540257730619,17.9044976262933,-3.07750764725964,17.7487586838661,-2.8916012071544,18.8382332729005
-3.06757175529985,17.8403422993748,-3.08333013925247,17.5740983094079,-3.12241571433741,17.9012026087042,-3.08448122934256,17.7453325261276,-2.89932167978247,18.837573322652
-3.07490130791052,17.8375209204188,-3.08994145313134,17.5700479785628,-3.12947522347294,17.8979966795214,-3.09148244951729,17.7419478039506,-2.90705521403694,18.8370191574287
-3.08177689817461,17.8339022839792,-3.09661107096819,17.5660791856599,-3.13658284176734,17.8948794882573,-3.09828518007165,17.7382056149637,-2.91480340386847,18.8365711914362
-3.08865169234899,17.8302822494314,-3.10333608493158,17.5621941423917,-3.14373539582624,17.891852882165,-3.10511453502736,17.7345049720475,-2.92256246905567,18.8362301908141
-3.09649773462945,17.8286529772683,-3.1101134920015,17.5583949281132,-3.15092963334601,17.8889185641463,-3.11245502072711,17.7318429716501,-2.93032859682086,18.8359966629567
-3.10459820503036,17.8275448645282,-3.11694462469531,17.5546810864112,-3.15816691613948,17.8860762531438,-3.11994889816469,17.7294845936181,-2.93810298833213,18.8358708428571
-3.11218320163559,17.8253186084326,-3.12383148088371,17.5510519291332,-3.16544929519952,17.8833255212532,-3.1272122219528,17.7266098574623,-2.94588754082731,18.8358531466013
-3.11976819824081,17.823092352337,-3.13077145716196,17.547509278823,-3.1727739458806,17.8806678654509,-3.13450141511259,17.7237787260482,-2.9536789058901,18.8359440994546
-3.12696933090036,17.8200841570302,-3.13776125719062,17.5440551624516,-3.18013733005585,17.8781048988426,-3.14162288372036,17.7206012177352,-2.96147302315818,18.8361440003282
-3.13416757631648,17.8170700803457,-3.14479905536291,17.5406907293725,-3.18753747668009,17.8756375433763,-3.14876619597605,17.7174659215157,-2.96926754327915,18.8364529811385
-3.14208613768844,17.8160409196266,-3.15188298563191,17.5374170733314,-3.1949723810381,17.8732666597606,-3.15629201347204,17.7153687678827,-2.97706010963697,18.8368710738207
-3.15021053976478,17.8155789773582,-3.15901239631025,17.5342346731435,-3.20244131925913,17.8709926480134,-3.16394277034587,17.7136011416446,-2.98484972843081,18.837398337154
-3.15759899330207,17.8130205905723,-3.16618678155897,17.5311439502943,-3.2099437193355,17.8688158695401,-3.17124731719733,17.7108314175553,-2.9926355608434,18.8380348786459
-3.16497815384368,17.8104357314873,-3.17340450232789,17.5281458123243,-3.21747782457145,17.8667370278724,-3.17856815685863,17.7080950225232,-3.00041553808765,18.8387807194228
-3.17300742278971,17.8098366997402,-3.18066374408201,17.5252411844773,-3.22504170175132,17.8647568218776,-3.1862340772411,17.7063985547353,-3.00818742903947,18.8396358011775
-3.18119520059208,17.8097218506587,-3.18796295309957,17.5224308310902,-3.23263369617539,17.8628758223807,-3.19399849735278,17.7049915616549,-3.01594931042418,18.8406000292689
-3.18906246107025,17.8085811190033,-3.19530047918861,17.5197155093264,-3.24025205814819,17.8610945806117,-3.20162107473813,17.7031193762163,-3.02369917933954,18.8416732455485
-3.19692457052485,17.8074239004222,-3.20267498210784,17.5170958194357,-3.24789536486438,17.8594135300856,-3.20925881932687,17.7012869856935,-3.03143538167385,18.8428552954086
-3.20452428804967,17.8055193688363,-3.2100851974216,17.5145723087758,-3.25556227520155,17.8578330608741,-3.21678247574672,17.6991292406315,-3.03915635521144,18.8441460179499
-3.21212098314814,17.8036062291406,-3.21753034780323,17.51214534431,-3.26325195373089,17.8563534444241,-3.22432133874375,17.6970156706256,-3.04686105058066,18.8455453356376
-3.22015210878536,17.8031853598065,-3.22500966125152,17.5098152984108,-3.27096356962008,17.8549749583241,-3.23209374746022,17.6956968949518,-3.05454841690912,18.8470531958706
-3.22829942645418,17.8031636104917,-3.23252419572732,17.5075820076818,-3.27869817447221,17.8536975767642,-3.23994111423996,17.6946262645157,-3.0622192582895,18.8486699854008
-3.236446744123,17.8031418611769,-3.24007564794139,17.5054452396305,-3.28645746239731,17.8525212863487,-3.24780619462305,17.6936041160567,-3.06987495462479,18.8503964041994
-3.24459406179182,17.803120111862,-3.24766342715217,17.5034055226265,-3.29424076299122,17.8514465442062,-3.25568869088829,17.6926307097752,-3.07751449757483,18.8522327653628
-3.25237866761076,17.801913121762,-3.25528631536863,17.5014635612063,-3.30204676129608,17.8504739037882,-3.26340663444271,17.6911137688398,-3.08513624210161,18.854179210658
-3.260159733468,17.800694564058,-3.26294018416302,17.499620742305,-3.30987116912959,17.8496042308154,-3.27113753832145,17.6896407925747,-3.09273567619998,18.8562350050079
-3.26816900244284,17.80126322681,-3.2706208278106,17.4978782920418,-3.31770964131221,17.8488382193251,-3.27899516361786,17.6891117564039,-3.10030832704855,18.8583991165777
-3.27625636557676,17.8024435003062,-3.27832809952257,17.4962363934827,-3.32556198991007,17.8481760338389,-3.28690438230392,17.688938945047,-3.10785379736622,18.8606715042659
-3.28427635275609,17.8027196176927,-3.28606229416271,17.4946951868673,-3.33342847054749,17.8476178520191,-3.29479260696053,17.6883645467716,-3.11537208553226,18.8630523502532
-3.29229567535792,17.8029868167371,-3.29382101338631,17.4932553800243,-3.34130659575759,17.8471640779456,-3.3026919903095,17.687836516244,-3.12286054881912,18.865541061835
-3.30031499795974,17.8032540157816,-3.30160141402666,17.4919176788951,-3.34919343688975,17.8468150573279,-3.31060143930161,17.6873596441678,-3.13031616620651,18.8681367983024
-3.30833432056157,17.803521214826,-3.30940214411031,17.4906824528123,-3.35708758683859,17.846570987873,-3.31852027659616,17.6869341047277,-3.13773739341061,18.8708391232456
-3.31632433687337,17.8041150910544,-3.3172218599839,17.4895500507506,-3.36498764926825,17.8464320476685,-3.32643317602449,17.6867234005755,-3.14512270307679,18.8736475911389
-3.32431429961586,17.8047095644197,-3.32505884830297,17.488520851586,-3.37289185729412,17.8463983977438,-3.33435390589763,17.6865646680615,-3.15247023023987,18.8765616057959
-3.33227856311182,17.8055273822068,-3.33291138662668,17.4875951971191,-3.38079843963851,17.8464701608868,-3.3422687810712,17.6865694387017,-3.1597781217056,18.8795805322015
-3.3402426139912,17.8063470477807,-3.34077791053234,17.4867733748078,-3.3887057886007,17.8466474252656,-3.35018976195883,17.6866270960401,-3.16704469057384,18.8827037624449
-3.34815749304618,17.8065669941899,-3.34865684878905,17.4860556435723,-3.3966122933051,17.8469302494844,-3.35809158287056,17.6864369741923,-3.17426825882368,18.8859306600136
-3.35607205345297,17.8067830542387,-3.3565473085925,17.4854421805369,-3.40451702618931,17.8473186961793,-3.36599822409606,17.6862970713256,-3.18144777749932,18.8892608558625
-3.36390937960122,17.8086439654605,-3.36444839979245,17.4849331698206,-3.41241906141429,17.8478128351907,-3.37387078281477,17.687031841611,-3.18858218959602,18.892694002829
-3.3717254619728,17.810942191791,-3.37235742475634,17.4845288948539,-3.42031566754575,17.8484126065912,-3.38173590487691,17.6880376387967,-3.19566881824813,18.8962289439141
-3.37950901667878,17.8123908123371,-3.38027126428695,17.4842295666883,-3.4282037041473,17.849117824316,-3.38958638871814,17.6886710848486,-3.20270467704833,18.8998642079225
-3.38729257138475,17.8138394328833,-3.38818267737413,17.4840353858883,-3.43607594344904,17.8499277697433,-3.39743487795064,17.6893570296767,-3.20968325114299,18.9035961868646
-3.39513850247558,17.8147761449002,-3.39608482858464,17.4839462204287,-3.4439256024492,17.8508414424495,-3.40530914576099,17.6898394024352,-3.21659862656521,18.9074210433329
-3.40298512987482,17.8157071424754,-3.40398336624362,17.4839616623767,-3.45175831709594,17.8518591442069,-3.41318118037757,17.6903711358138,-3.22345587035293,18.9113409085397
-3.41042860330532,17.8180764161352,-3.41188402490093,17.4840816571166,-3.45957976371166,17.8529815428858,-3.42085192545975,17.691674239547,-3.23025981466523,18.915358513268
-3.41776408545558,17.8208309551967,-3.41977494279315,17.4843060023577,-3.4673781826645,17.854206931724,-3.42846303500598,17.6932220203482,-3.23700006937906,18.9194677567946
-3.42549395387503,17.8222611651641,-3.42764137154647,17.4846337979103,-3.47513903969072,17.8555325445913,-3.43625833231048,17.6941591247847,-3.2436642788209,18.9236601861346
-3.43323492139248,17.8236541049232,-3.43549207910973,17.4850647231717,-3.48287105516263,17.8569591638703,-3.44405056120918,17.6951289836057,-3.25026026879678,18.9279394643521
-3.44055016091752,17.8263798070036,-3.44333900770948,17.4855991889841,-3.49058600420172,17.8584887074226,-3.4516272770955,17.6968169055781,-3.25679802793974,18.9323118375685
-3.44775096376027,17.82946375872,-3.45117285335427,17.4862365570199,-3.49827472083491,17.8601193551877,-3.45913948025619,17.6987352470194,-3.26326954255248,18.936772204618
-3.45518281001518,17.8319389863022,-3.45898175766001,17.4869755042329,-3.50592559266496,17.8618482825083,-3.46675399319376,17.7003997739778,-3.26966509171171,18.941313347689
-3.46261975215036,17.8344007878996,-3.46676853117873,17.4878157209206,-3.51354142935247,17.863675531113,-3.47435925105031,17.7021080005936,-3.27598725567811,18.9459361226885
-3.47016895904184,17.8364723551302,-3.47453833854447,17.488757384746,-3.52112731336385,17.8656019269774,-3.48201142053285,17.7036716487231,-3.28224031167155,18.9506431310806
-3.47772004619582,17.8385373865335,-3.48229388437131,17.4898006666757,-3.52868588731994,17.8676279792985,-3.48965666171476,17.7052826732932,-3.28842628310062,18.9554359054062
-3.4848934357279,17.8415711161631,-3.49003777703648,17.4909459189407,-3.53621967460583,17.8697543671961,-3.49710648843655,17.7074288874406,-3.29454693629693,18.9603161800717
-3.49196595637264,17.8448635488042,-3.49776464168487,17.4921923979991,-3.54372342059714,17.871979663454,-3.50449663467867,17.7097548832489,-3.3005977045811,18.9652806891621
-3.49903847701738,17.8481559814453,-3.50546798410419,17.4935389291549,-3.55119081604816,17.8743018683892,-3.51187429797926,17.7121306753398,-3.30657339846214,18.9703250635756
-3.50611099766212,17.8514484140864,-3.51314543815093,17.4949848194449,-3.55861958529468,17.8767199847744,-3.51923830183681,17.7145559001786,-3.31247225557135,18.9754473076322
-3.5130823841196,17.8546153816972,-3.52079574380149,17.4965295236104,-3.56600853142786,17.879233301815,-3.52653745465428,17.7169675432933,-3.31829342218784,18.9806460869821
-3.52005338743282,17.857781873987,-3.52840991029222,17.4981708091786,-3.57334900659872,17.8818384455598,-3.5338176545706,17.7194269187288,-3.32403029230482,18.9859146419003
-3.52688726560131,17.8611101003644,-3.53597901956425,17.4999060175548,-3.58063249058791,17.8845316266269,-3.54100609251583,17.7220137383507,-3.32967669072198,18.9912457344896
-3.53371824039383,17.8644417511674,-3.54350341996429,17.5017343051764,-3.58785942264946,17.8873120384642,-3.54817006134209,17.7246484271176,-3.33523356911655,18.9966383534744
-3.54078566310317,17.8675373286335,-3.55098352763827,17.5036549089005,-3.59503029911505,17.8901789636802,-3.55542945192891,17.7272108569837,-3.34070181140054,19.0020917061865
-3.54785434494098,17.8706316489657,-3.55842932223707,17.505669720947,-3.60215475901586,17.8931355488578,-3.56267164702448,17.7298194541956,-3.34608897701981,19.0076123738437
-3.55415077293032,17.8745460009358,-3.56585067713634,17.5077811974673,-3.60924226072065,17.8961854933198,-3.56951480948652,17.732886164422,-3.35140192823533,19.0132076746415
-3.56024696341836,17.8786729786978,-3.57323063549123,17.5099843838631,-3.616276609464,17.8993216937872,-3.57623650749711,17.7361046843056,-3.35662825402929,19.0188648235975
-3.56672730384465,17.88247708304,-3.58054836843934,17.5122722002746,-3.62323804294097,17.9025344439142,-3.58311857262318,17.7392035786975,-3.36175378141043,19.0245667783937
-3.57321039426891,17.8862788760419,-3.58781146749065,17.5146457389146,-3.63013393761447,17.9058257856096,-3.58997409453216,17.742343727316,-3.36678484326579,19.0303178400445
-3.5795778108153,17.8902378430629,-3.59503153892727,17.5171079277431,-3.63697541346974,17.9092001023551,-3.59674964465234,17.7456064191067,-3.37172998422222,19.0361262293478
-3.5859432051815,17.8941995577586,-3.60220845861682,17.5196582208238,-3.64376240333961,17.9126568261702,-3.60350199204694,17.7489141676047,-3.37658916042045,19.0419914299157
-3.59219349409064,17.8983169858754,-3.60934202903727,17.5222960793781,-3.65049476595432,17.9161953877877,-3.61017450151161,17.7523431855197,-3.38136220671881,19.0479129291963
-3.598444028629,17.9024355950107,-3.61643191484632,17.5250209427767,-3.65717222621423,17.9198151786384,-3.61682468626336,17.7558159245827,-3.38604886787257,19.0538900998109
-3.60489471221843,17.9064254509773,-3.62347783485891,17.5278322954985,-3.66379455705801,17.9235156417373,-3.62355236241641,17.7592671586052,-3.39064894309209,19.0599223465669
-3.61134539580787,17.9104153069438,-3.63048403542969,17.5307315224896,-3.67036577465461,17.927298691153,-3.6302595695444,17.7627619881509,-3.39516510716891,19.0660130464951
-3.61706310282777,17.9149696186215,-3.63745459922411,17.5337202350238,-3.67688970230476,17.9311664463469,-3.63658184977128,17.7665834774811,-3.39959967704749,19.0721657493333
-3.62257750688114,17.9196804912661,-3.64438093748029,17.5367947138265,-3.68335828983758,17.9351140984184,-3.64277977383919,17.7705257588563,-3.40394692310999,19.0783728447265
-3.62849614190057,17.9242653234196,-3.65125258620241,17.5399499055902,-3.68976180205203,17.939135270206,-3.64915191442793,17.7744449313493,-3.40820048391717,19.0846244054665
-3.63442195040476,17.9288479188579,-3.65807252659205,17.5431865449442,-3.69610308793932,17.9432310625007,-3.65550122978135,17.7784032849041,-3.41236266062981,19.0909223183143
-3.64014658798492,17.9336301717042,-3.66484579697529,17.5465065967693,-3.70238687550654,17.9474040649709,-3.6617260540634,17.7825027850475,-3.41643673540718,19.0972706921623
-3.64585918392149,17.9384243755985,-3.67157058881091,17.5499089156666,-3.70861150638507,17.9516528965206,-3.66792005700861,17.7866489939853,-3.4204216211593,19.103667510485
-3.65157177985806,17.9432185794927,-3.67824496963611,17.5533922214616,-3.71477521707554,17.9559760260798,-3.67408830353909,17.7908352832862,-3.42431620743046,19.1101105669366
-3.65728437579464,17.948012783387,-3.68486795996897,17.5569556670735,-3.72087713314695,17.9603724753101,-3.6802303111394,17.795061223282,-3.42812000516425,19.1165984994561
-3.66278564599786,17.9529876360915,-3.69143864961659,17.5605984234998,-3.72691644691901,17.9648412923784,-3.68623996895657,17.7994167181947,-3.43183259119879,19.123129987936
-3.66828213776182,17.957966727799,-3.6979555940602,17.5643193394797,-3.73289186323903,17.9693811360335,-3.69221983778782,17.8038129780454,-3.43545327099363,19.1297031499174
-3.67364800940824,17.9630690062478,-3.70441737887186,17.568117227693,-3.73880212199319,17.9739906326754,-3.6981062992526,17.8083088737898,-3.43898141728101,19.1363160767738
-3.67901487340618,17.968171115345,-3.71082377592324,17.5719915643947,-3.74464705299776,17.9786692210961,-3.70396505041276,17.8128424646531,-3.44241706936162,19.1429680466203
-3.68450143641737,17.9732527969739,-3.71717458467465,17.5759418682537,-3.75042650791626,17.9834163858521,-3.70985534885989,17.8174033803334,-3.44576024328251,19.1496584024039
-3.68998799942856,17.9783344786029,-3.72347283835975,17.5799697537526,-3.75614327006633,17.9882341126598,-3.71571885103143,17.822002664313,-3.44901253982926,19.1563900016378
-3.69493949563567,17.983731370279,-3.72972142733879,17.5840769984804,-3.76179995819933,17.993124532156,-3.72128945651391,17.8267988324098,-3.45217523312218,19.1631658185345
-3.69975601506381,17.9892077773287,-3.73591555924514,17.5882604486955,-3.76739221982712,17.9980838804662,-3.72676483749906,17.8316724278314,-3.45524566414578,19.1699805803869
-3.70457253449195,17.9946841843784,-3.74204963178497,17.5925160931318,-3.7729150135139,18.0031074355207,-3.73220971082296,17.8365816487808,-3.4582211200178,19.1768277708944
-3.70938905392009,18.0001605914282,-3.74812193485738,17.596842327212,-3.77836684351793,18.0081933686235,-3.7376232342079,17.8415256813445,-3.46110107306395,19.1837049095706
-3.714421847144,18.0056449026344,-3.75413173607478,17.6012381733194,-3.7837471020374,18.0133406001062,-3.7431131867232,17.8465079839757,-3.46388551973701,19.1906105616323
-3.71945496643196,18.0111292257572,-3.76008283103142,17.6057060356877,-3.78905922581137,18.0185519978395,-3.74857347637466,17.851525839931,-3.46657641326229,19.1975486029524
-3.72392512032956,18.0168858571508,-3.76597886862186,17.6102485397338,-3.79430647434943,18.0238306326116,-3.75372426365927,17.8567167372603,-3.46917527306998,19.2045230943301
-3.7282562476922,18.0227097361515,-3.77181526743055,17.6148621442171,-3.79948475822978,18.0291723807746,-3.75877525310001,17.8619763442269,-3.47167987034887,19.2115285129366
-3.73279188533299,18.0285678732677,-3.77758670116788,17.6195423883463,-3.80458937239629,18.0345721073144,-3.76389558242842,17.8672858994843,-3.47408801247331,19.2185580921561
-3.73732800472698,18.0344275863912,-3.78329435613697,17.6242898383191,-3.80962140867871,18.0400305152638,-3.76898382784117,17.8726293538069,-3.4764004567479,19.2256127507564
-3.74179963370899,18.0405096024987,-3.78894029273534,17.6291059457178,-3.81458270794563,18.0455493013743,-3.77400852418222,17.8781178116892,-3.47861814960096,19.2326946522636
-3.74627031577959,18.0465926516105,-3.79453181996135,17.6339969733173,-3.81947967639254,18.051135626439,-3.77900505331954,17.8836438225482,-3.48074369747439,19.2398128945984
-3.75060694219108,18.0528219446993,-3.80007583537401,17.6389695097012,-3.82431826334713,18.0567969249885,-3.7839102613943,17.889283337945,-3.482778878911,19.2469767107256
-3.754943491524,18.0590513093294,-3.8055700169814,17.6440223696086,-3.82909630433983,18.0625317091214,-3.78878998420577,17.8949626654893,-3.48472174658563,19.254183838446
-3.75913314063167,18.0654170210824,-3.81101209135268,17.6491543037203,-3.83381169244635,18.0683384324827,-3.79356968166084,17.9007493047288,-3.48657058724845,19.261431921599
-3.76332278973934,18.0717827328354,-3.8163999812675,17.6543641428028,-3.83846250654384,18.074215651998,-3.7983217733091,17.9065744847412,-3.48832397495942,19.2687187187373
-3.76735695880994,18.0782743571922,-3.82173164729621,17.6596506587018,-3.84304687284447,18.0801618691664,-3.80296750841019,17.9125005346797,-3.48998067259683,19.2760419192624
-3.77139006552916,18.0847668094402,-3.82700522246691,17.6650126997376,-3.84756308011209,18.0861756825212,-3.80758317123637,17.9184643240078,-3.49153963215986,19.2833993457303
-3.77526158749072,18.0913741638362,-3.83221887021873,17.6704490579738,-3.85200945588531,18.0922556378036,-3.81208759190062,17.9245222734997,-3.49299991473454,19.2907887765984
-3.77913310945228,18.0979815182322,-3.83737085165388,17.6759585392353,-3.85638442354721,18.0984003065852,-3.8165607029886,17.9306163231734,-3.49436069029474,19.2982080478802
-3.78283591232563,18.1046965495516,-3.84245946716923,17.6815399062822,-3.86068645174803,18.104608222446,-3.82091730515299,17.9367996813283,-3.4956212095696,19.3056549772564
-3.78653864826269,18.1114116235898,-3.84748313592126,17.6871919680724,-3.8649141212472,18.1108779800822,-3.82524094376305,17.9430179246286,-3.49678081526909,19.3131274845218
-3.79016838327108,18.1180652321956,-3.85244030979649,17.6929134916115,-3.86906605118499,18.1172081366544,-3.8294943877551,17.9492396720782,-3.49783891120382,19.3206234726108
-3.79379699974452,18.1247178990156,-3.85732783848665,17.6987012650567,-3.87313953642536,18.1235950745864,-3.83371202695075,17.955493558193,-3.4987946701814,19.3281383101292
-3.79705502211426,18.1316287876329,-3.86214267356696,17.7045519161911,-3.87713199599081,18.1300350297233,-3.83770762452085,17.9619074578026,-3.4996475161755,19.3356672814571
-3.80018695727705,18.1386275310348,-3.86688655093435,17.7104677474356,-3.88104483673505,18.1365304980744,-3.84160428788035,17.9683973503842,-3.50039777140979,19.3432130450947
-3.80327831329235,18.1456847849642,-3.87156195628704,17.7164523297623,-3.88488003606392,18.1430853349866,-3.84544598980816,17.9749503672655,-3.50104551518051,19.3507797530212
-3.80636837713462,18.1527439020606,-3.87616630227763,17.7225030051017,-3.88863537143614,18.1496965474552,-3.84925109866727,17.9815368394124,-3.50158989583788,19.3583635728874
-3.8094584409769,18.1598030191569,-3.88069619240567,17.7286157889345,-3.89230799707372,18.1563597187486,-3.85301859041226,17.9881538208375,-3.50203021066257,19.3659591079979
-3.81254850481918,18.1668621362532,-3.88515069864629,17.7347896801293,-3.89589711819192,18.1630737166583,-3.85674800916256,17.994800805209,-3.50236628016943,19.3735648042592
-3.81537364161742,18.1740241880341,-3.88952897363616,17.7410237671238,-3.89940200858484,18.1698375081893,-3.86030647526737,18.0015287988737,-3.50259795504143,19.3811792286823
-3.81819634957917,18.1811856030457,-3.89383034934649,17.7473163849537,-3.90282222073148,18.1766493376813,-3.86382491645829,18.008285179777,-3.50272565606382,19.3888004204922
-3.82093062502148,18.1883102675236,-3.89805543949037,17.7536650095115,-3.906158693138,18.1835067695898,-3.86726065633715,18.0150506339678,-3.50275137936368,19.3964264128087
-3.82366490046379,18.1954349320015,-3.90220433620027,17.7600669996696,-3.90941186367305,18.1904071828647,-3.87065797655051,18.021842217594,-3.50267676178212,19.4040548631173
-3.82611041223851,18.2027626440118,-3.90627808912008,17.7665192039764,-3.91258318858067,18.1973475792221,-3.87387304294876,18.0287598866923,-3.50250455607552,19.4116835424567
-3.82847926536338,18.2101442594436,-3.91027931410793,17.7730219655232,-3.91567520815594,18.2043286338762,-3.8770132146798,18.0357292593564,-3.5022368457749,19.419314010354
-3.83083572014452,18.2174934093569,-3.9142121680766,17.7795756333196,-3.91869198783152,18.2113512361229,-3.88011269843263,18.0427073550822,-3.50187691503812,19.4269486912111
-3.83319197014794,18.2248420230523,-3.91807835211223,17.7861761929452,-3.92163574435161,18.2184116230753,-3.88317846932449,18.0497081442438,-3.50142839769603,19.434585025316
-3.83541352207081,18.2322291577187,-3.92187860146709,17.7928194328251,-3.92450776541659,18.2255057069671,-3.88614367772326,18.0567490557707,-3.50089429281284,19.4422197658641
-3.83763367274569,18.2396166931142,-3.92561705427555,17.7995017497242,-3.92731263207654,18.2326304604057,-3.88907706689612,18.063809256862,-3.5002802278125,19.4498520861349
-3.83971006378983,18.2469957290646,-3.92929874877222,17.8062192653628,-3.93005585608768,18.2397827056997,-3.89191000464304,18.0708823931706,-3.49959281053614,19.4574814601727
-3.84178602417008,18.254374739553,-3.9329272045102,17.8129686186469,-3.93274137507394,18.2469595746946,-3.89471593939677,18.0779710456402,-3.49883708156667,19.4651069656983
-3.84379597171817,18.2618002234424,-3.93650695201893,17.8197460449955,-3.93537418394606,18.2541579368403,-3.89746437227945,18.0850966127154,-3.49801919909645,19.4727279346919
-3.8457857010777,18.2692399410491,-3.9400434973987,17.8265485731041,-3.93796013862898,18.2613755805187,-3.90018097522092,18.092241526676,-3.49714573623842,19.4803449291469
-3.84777543043723,18.2766796586557,-3.94354104183144,17.8333741489083,-3.94050367789278,18.2686110286826,-3.90287797286496,18.0993976725601,-3.49622159873717,19.4879585532509
-3.84976515979676,18.2841193762624,-3.94700427768888,17.840220210035,-3.94300979619738,18.2758623683242,-3.90555772971417,18.1065638014147,-3.49525240208015,19.4955692833995
-3.85149664551343,18.2916020723256,-3.95043674990598,17.8470847535677,-3.94548227535049,18.2831280871649,-3.90809291072707,18.1137604254275,-3.49424243892566,19.5031774236361
-3.85321871002314,18.2990863363225,-3.95384226499833,17.8539652731241,-3.94792522508895,18.2904062104796,-3.91060984812074,18.1209656122586,-3.4931965373551,19.5107830250137
-3.85516846945122,18.3065000504476,-3.95722474979307,17.860859249038,-3.95034287698424,18.297694767717,-3.9132290812626,18.1281420699648,-3.4921196863037,19.5183862150745
-3.85718025892967,18.3138945449426,-3.9605872911711,17.8677647718368,-3.95273854795667,18.3049922803231,-3.91586933479634,18.1353145299744,-3.49101579126946,19.5259871587921
-3.85873829630274,18.321420957147,-3.96393313355297,17.8746798292015,-3.95511572537008,18.3122971901203,-3.91827435411125,18.142557576857,-3.48988896723857,19.5335860368148
-3.86029470003677,18.3289478442933,-3.96726508304296,17.881603303112,-3.95747734112608,18.3196087665177,-3.9206716095867,18.1498049492485,-3.48874240568111,19.5411835215952
-3.86253257691778,18.3362212905241,-3.97058608116026,17.8885341115492,-3.95982645645221,18.3269263338233,-3.92340413308869,18.1569291681376,-3.48757937793213,19.5487803959883
-3.86431153608315,18.3436366632335,-3.97389313436221,17.8954601568554,-3.96216174665166,18.3342374981731,-3.92590031397274,18.1641218490467,-3.48640462045557,19.5563650284339
-3.86609049524851,18.3510520359429,-3.97718637805954,17.9023769012665,-3.96448396550899,18.3415377794606,-3.92838970993374,18.1713097608836,-3.4852214574904,19.5639338415969
-3.86786945441388,18.3584674086523,-3.98047117065193,17.9092908248916,-3.96679754805482,18.3488343223456,-3.93087495829096,18.1784961787004,-3.48403120831957,19.5714952904779
-3.86925550116357,18.3659891790868,-3.98374900823631,17.916201212317,-3.96910407553982,18.3561266199642,-3.9331603556954,18.1857339538137,-3.48283574977475,19.5790496635469
-3.87063891151158,18.3735116634389,-3.98702309283288,17.9231108864922,-3.971406337033,18.3634179037449,-3.93544262197627,18.1929716772789,-3.4816361925189,19.5866011064252
-3.8725222759222,18.380822183353,-3.99029676881422,17.9300226343366,-3.97370726595505,18.3707113897969,-3.93797470542903,18.2001044258478,-3.48043362453377,19.5941537909105
-3.8745459434595,18.3880732192551,-3.99356991202051,17.9369326918501,-3.97600725121395,18.3780033325488,-3.94057674358901,18.2072065571389,-3.47922994371787,19.6017045202648
-3.8765696109968,18.3953242551573,-3.99684214747852,17.9438363035253,-3.97830657003455,18.3852889699277,-3.94317842925356,18.214305433078,-3.47802763350029,19.6092491759359
-3.87859327853409,18.4025752910594,-4.00011488659217,17.9507317178701,-3.98060686207593,18.3925667592085,-3.9457804801254,18.221400187204,-3.47682917919733,19.6167871642336
-3.8804494723028,18.4099417505954,-4.00338962686727,17.9576182206923,-3.98290971115502,18.3998361973648,-3.94829991305773,18.2285481840392,-3.4756365565772,19.6243187972754
-3.88230391657816,18.4173094158897,-4.00666899527142,17.9644969636328,-3.98521756514944,18.4070987844736,-3.95082089611683,18.235692907687,-3.4744515631682,19.6318465560516
-3.88420627692288,18.4246575519437,-4.00995533335021,17.9713692538341,-3.98753256664952,18.4143561365137,-3.95336942397189,18.2428246596245,-3.47327550064077,19.6393728610886
-3.88610903595001,18.4320055255059,-4.01325038365551,17.9782344916188,-3.98985652492248,18.4216078993545,-3.95592261297984,18.2499528348679,-3.47211020730933,19.6468982140907
-3.88808066374355,18.4393308975006,-4.01655611265372,17.9850919372748,-3.99219149048786,18.428853611255,-3.95851568619721,18.257065856901,-3.47095782661057,19.6544231342804
-3.89005348431751,18.4466558787428,-4.01987413985131,17.9919409468904,-3.99453915704873,18.4360928583786,-3.96111561950428,18.2641745197122,-3.46982014017378,19.6619480201114
-3.89208983244841,18.453960348546,-4.02320639332485,17.9987807160047,-3.99690154627904,18.4433251105778,-3.96375454952212,18.2712683732489,-3.46869932731479,19.6694733196591
-3.89412618057932,18.4612648183493,-4.02655488192,18.0056104064797,-3.99928076472735,18.4505498159304,-3.96640172231883,18.2783572671528,-3.46759768322035,19.6769995024994
-3.89552032514797,18.4687424594228,-4.0299212875056,18.0124293204942,-4.00167857580929,18.4577665171795,-3.9687368814924,18.2855274489455,-3.46651711317983,19.6845269617847
-3.89690936897573,18.4762214759196,-4.03330816630486,18.0192379457477,-4.0040974463367,18.4649760519229,-3.97107985311607,18.292693281028,-3.46545956155311,19.6920575600611
-3.89967937299657,18.4833756337122,-4.03671779031824,18.0260369060119,-4.00653954226935,18.4721793542241,-3.97412479918832,18.2996919728273,-3.46442656305383,19.699593096584
-3.90281417958932,18.4904439749176,-4.04015611392523,18.0328336647054,-4.00900973451361,18.4793846403558,-3.97736656761332,18.3066468160111,-3.46341860821751,19.7071430651277
-3.90433192568159,18.4979473154429,-4.04363069875289,18.039637619782,-4.01151421266594,18.4866022669458,-3.97981794220212,18.3138229679324,-3.46243603562629,19.7147194161961
-3.90583970464558,18.5054533371877,-4.04713924947743,18.0464393933753,-4.01405198878735,18.4938226370582,-3.98228138280081,18.3209995658169,-3.46148165932851,19.7223130462954
-3.90859912556063,18.5129108693575,-4.05067833020813,18.0532272856368,-4.01662127026843,18.5010336956797,-3.98538605283696,18.3281451517529,-3.46055928166523,19.7299123747669
-3.91169866527531,18.5203552250626,-4.05425504776583,18.0600096621571,-4.01922794784479,18.5082447130672,-3.98867969044156,18.3352816099422,-3.45967027983831,19.7375283589779
-3.91479820498999,18.5277995807676,-4.05787780912231,18.0667976071121,-4.0218788143737,18.5154678358825,-3.99199636412962,18.342421125939,-3.45881504626729,19.7451748726997
-3.91789774470467,18.5352439364727,-4.06155042600667,18.0735922247077,-4.02457748135538,18.5227046956692,-3.99533796814988,18.349564278228,-3.45799546461059,19.7528549266681
-3.92068245716161,18.542703841356,-4.06527503827974,18.0803920989397,-4.02732625188247,18.5299541981862,-3.99854816408311,18.3567181487976,-3.45721345664616,19.7605685179004
-3.92346424099816,18.5501638908825,-4.06905058150575,18.0871886290737,-4.03012525352655,18.5372076896428,-4.00178242336735,18.3638707287295,-3.45647274284718,19.7683079553206
-3.92539597705121,18.5577238629194,-4.0728757697319,18.0939731925522,-4.03297440675991,18.5444564614293,-4.00461660063723,18.3710675864475,-3.45577737125106,19.7760654565229
-3.92730315633055,18.5652867215874,-4.07674984537553,18.1007392429887,-4.03587387607628,18.5516939318634,-4.00746310851843,18.3782569235974,-3.45513101998786,19.7838352783127
-3.93112162495971,18.5724498166862,-4.08067301940793,18.1074795065042,-4.03882488949041,18.5589129322497,-4.01129002651757,18.3852337768727,-3.45453893614263,19.7916116452966
-3.93547681623752,18.5795006513563,-4.08465166491222,18.1141983802209,-4.04183316291762,18.5661187059803,-4.01541323309262,18.3921441342519,-3.45400470359112,19.799401862216
-3.93894394533436,18.5867553224942,-4.08869358453387,18.1209019947502,-4.0449055783036,18.5733184160911,-4.01912419733692,18.3991491585186,-3.4535315269338,19.807215418758
-3.94235670521187,18.5940224729718,-4.09280046888231,18.1275837984677,-4.04804471911718,18.5805058213896,-4.02284065240562,18.4061499058595,-3.45312452938299,19.8150478738625
-3.94576946508938,18.6012896234494,-4.09697206575949,18.1342353425143,-4.05125151079309,18.5876725323407,-4.02658971102417,18.413135909843,-3.45278849565319,19.822892129088
-3.94918222496688,18.608556773927,-4.10121176172382,18.1408532379091,-4.05452978393841,18.5948156749622,-4.03037308861992,18.4201054963325,-3.45252857318258,19.8307473185596
-3.95169932512299,18.6160196564226,-4.10552263053485,18.1474346057937,-4.05788298949121,18.6019328377157,-4.03374451100016,18.4271551101073,-3.45234933983382,19.8386128044662
-3.95421308281299,18.6234832693603,-4.10990562763532,18.15397435487,-4.06131278835604,18.6090191245649,-4.03715064723828,18.4341847094819,-3.4522548424135,19.8464849103979
-3.95815104036055,18.6298594304021,-4.11436115920315,18.1604676210469,-4.06482026693982,18.6160697884471,-4.04130550263876,18.4406477724717,-3.45224858114467,19.8543598216985
-3.96244388651296,18.6359646152293,-4.11887605808691,18.1668911579603,-4.06839562124088,18.6230599944548,-4.04566798199013,18.4469408323187,-3.45233387092468,19.8622108639262
-3.96673673266538,18.6420698000564,-4.1234322369013,18.1732172900698,-4.07202476319095,18.6299598525376,-4.05005175143445,18.4531854396827,-3.45251382515739,19.8700048570832
-3.97102871912442,18.6481754706562,-4.12802534757301,18.1794399827875,-4.07570419977108,18.6367628163589,-4.05445422183591,18.4593788089097,-3.45279162285011,19.877734113111
-3.97493012421946,18.6545018405576,-4.13265436851125,18.185558709545,-4.07943297191695,18.6434682552158,-4.05868000406564,18.4656307922408,-3.45316989062373,19.8853972433768
-3.9788315293145,18.6608282104589,-4.13732850362829,18.1915867137457,-4.08321836395396,18.6500905796463,-4.06292890407221,18.4718377219037,-3.45365065519492,19.8930099458643
-3.98288029245971,18.6670029285719,-4.1420573512146,18.1975368869984,-4.08706812238499,18.6566438934076,-4.0672793283021,18.4779302707818,-3.4542345428887,19.9005879163309
-3.98691936904452,18.6731849463418,-4.14684137568832,18.2034097649298,-4.09098267774708,18.6631287867513,-4.07165299779423,18.4839881741097,-3.45492042560703,19.9081315991356
-3.99013981292218,18.6800050675977,-4.15168106715717,18.2092060716389,-4.09496245117722,18.6695460438309,-4.0756456912659,18.4903271894386,-3.45570696487869,19.9156416684399
-3.99336025679984,18.6868251888536,-4.15658369915546,18.2149345622365,-4.09901345149424,18.6759053520848,-4.07967031469395,18.4966326803813,-3.45659384194648,19.9231293152066
-3.9983640085883,18.6920769093072,-4.16155681503373,18.2206035228401,-4.10314201459028,18.6822159750831,-4.08462224818566,18.5021246297092,-3.45758087373158,19.9306055953057
-4.00381496573634,18.6969353172876,-4.16658841738597,18.2261986560154,-4.10733828899274,18.6884620793585,-4.08982754069132,18.5073833490703,-3.45866469090049,19.9380519284854
-4.00832384789125,18.7027109503528,-4.17166281248169,18.2317030580366,-4.11158910961542,18.6946247452778,-4.09458380867516,18.5130555585225,-3.45984168884443,19.9454453446809
-4.01280904005025,18.7085096485229,-4.17678479647667,18.2371232499788,-4.11589832131923,18.7007111149039,-4.09935259790377,18.5186974699782,-3.4611129858078,19.9527936101065
-4.01649687756991,18.714967037511,-4.18196273142795,18.2424689230057,-4.12027285962347,18.7067319657653,-4.10375119505275,18.5246317930398,-3.46248030497263,19.9601091872384
-4.02018029331436,18.7214280793062,-4.18720133942909,18.2477452347035,-4.12471669225379,18.7126930756012,-4.10817839582495,18.5305336144062,-3.46394404984573,19.9673989012155
-4.0256119155887,18.7263853825803,-4.19250537093786,18.2529568961164,-4.12923387587638,18.7185997850954,-4.1135128610992,18.535651620461,-3.46550444984738,19.9746693425201
-4.03150690157747,18.7309441186058,-4.19786636678102,18.2580954905195,-4.13381723509965,18.7244425795553,-4.11910799581013,18.5405341309129,-3.46715817300348,19.9819088610533
-4.03558263503035,18.7370918168228,-4.20327339630832,18.2631509608206,-4.13845737306232,18.7302099765385,-4.12381708863672,18.5461698129961,-3.46890156272745,19.9891029100207
-4.0395814444434,18.7433067016389,-4.20873269727484,18.2681299129709,-4.14315954799328,18.7359094047972,-4.12851437937603,18.5518011202666,-3.47073645909515,19.9962602200515
-4.04528393375149,18.7479869646418,-4.21425338178407,18.273040900788,-4.14793158804446,18.7415506274076,-4.134094670564,18.5566314816195,-3.47266547854905,20.0033928663162
-4.05144053606708,18.7522598599248,-4.21983246215934,18.2778811407705,-4.15277094076787,18.7471304774182,-4.1399317026255,18.5612231113381,-3.47468697847543,20.0104969214237
-4.05667635570648,18.7575106411246,-4.22546572423484,18.2826470484298,-4.15767395189517,18.7526448222854,-4.14533594294073,18.5662668157569,-3.47679893983766,20.0175670795996
-4.061913300802,18.7627604254066,-4.23115551818449,18.2873407800899,-4.16264265480193,18.7580961398793,-4.15076950584968,18.5712742452596,-3.47900185155771,20.0246064014447
-4.0672967129725,18.7678804706105,-4.23690500962964,18.2919649106236,-4.16767983015935,18.7634874383768,-4.15630662735986,18.576182335115,-3.48129655213106,20.0316187893654
-4.07268012514301,18.7730005158143,-4.24271326557232,18.2965185055603,-4.17278469695053,18.7688176727983,-4.16187361225485,18.5810554806605,-3.48368231414723,20.0386030003835
-4.07733779768687,18.7787323692059,-4.24857933054684,18.3010006543307,-4.17795644855242,18.7740858187012,-4.16710711756146,18.5861991237062,-3.48615847213766,20.0455577841682
-4.08199277782017,18.7844664923355,-4.25450182979764,18.3054101730124,-4.18319390231319,18.7792905214288,-4.17236798574819,18.5913078935257,-3.48872427337838,20.0524814043464
-4.08827340446436,18.7886424616688,-4.26047935151018,18.3097459181398,-4.18849583362672,18.7844304607262,-4.17846968628559,18.5956009969351,-3.49137900772746,20.0593721109263
-4.09492122174779,18.7924667756899,-4.26651167277249,18.3140076520119,-4.19386206682654,18.7895053810855,-4.18478287997115,18.5996815620666,-3.49412251797346,20.0662295468128
-4.09989640622636,18.7979339257414,-4.27259873739811,18.3181952247159,-4.19929257888539,18.7945151375353,-4.19028762660163,18.6045467584486,-3.49695473514684,20.0730535241568
-4.10487159070493,18.8034010757929,-4.27873901923628,18.3223073691481,-4.20478605047515,18.7994582704261,-4.19581948616294,18.6093745241755,-3.49987497560088,20.0798421166894
-4.11136335396021,18.8073520590004,-4.28493079121374,18.3263427735376,-4.21034097014072,18.8043332469713,-4.20213589144275,18.6134061083607,-3.50288245750033,20.0865932337401
-4.11826342727804,18.8108948430504,-4.29117348923006,18.3303009572124,-4.21595685994337,18.8091395218543,-4.2086824277435,18.6171952501471,-3.50597695016567,20.0933061028488
-4.12355607678696,18.8160619497038,-4.29746664048917,18.3341815014991,-4.22163332363392,18.8138766239961,-4.21445099301239,18.6217579973382,-3.50915824834636,20.0999800610909
-4.12883884753285,18.8212390389755,-4.30380895597453,18.3379834948799,-4.22736922729882,18.8185434782396,-4.22023971964047,18.6262867153863,-3.51242572005582,20.1066135931825
-4.13548762952446,18.8249120685,-4.31019900232793,18.3417060346871,-4.23316329317963,18.8231389973162,-4.22673584026316,18.6300239221088,-3.51577861926117,20.113205107571
-4.14256071216261,18.8281179177395,-4.31663590324924,18.3453485806171,-4.23901474352108,18.8276625316892,-4.23346806343398,18.6334877809249,-3.51921647912496,20.1197536153308
-4.14813933063686,18.8329799640526,-4.32311881781197,18.3489106206898,-4.24492283174492,18.8321134646529,-4.23947658811021,18.6377397185861,-3.52273883675503,20.1262581758412
-4.15371244516957,18.8378481099511,-4.32964664349059,18.3523914672894,-4.25088657755364,18.8364909681731,-4.24550534604658,18.64195433502,-3.52634509801062,20.1327175628784
-4.16030562382986,18.8410196273924,-4.33621822461797,18.3557904365432,-4.25690494771586,18.8407942101013,-4.25206654629978,18.6452799164748,-3.53003462553509,20.1391305229709
-4.16713914513788,18.8437913933233,-4.34281715863605,18.3590992668363,-4.26296289924608,18.8450126827326,-4.25876217603701,18.6483606709858,-3.53379837766354,20.1454809920874
-4.17345293574803,18.8474253465107,-4.34942301978816,18.3623086942668,-4.26904154472282,18.8491343201694,-4.26520203717506,18.6518228198616,-3.53762519098981,20.1517494309487
-4.17974365466619,18.8510975735944,-4.35604218021394,18.3654232689931,-4.27514655632808,18.8531645427151,-4.27163761489205,18.6552567221668,-3.54151919903953,20.1579422139884
-4.18612344383199,18.8545185830242,-4.36268544661951,18.3684490554944,-4.28128778150683,18.8571108987293,-4.27813034543445,18.6585207286508,-3.54548675165756,20.1640697664125
-4.19250762552113,18.8579272035875,-4.36935337761769,18.3713868902696,-4.28746567167533,18.8609742974957,-4.28463816383524,18.6617346729986,-3.54952771315756,20.1701330004603
-4.19889180721027,18.8613358241509,-4.3760461123421,18.3742373428121,-4.29368030037722,18.8647553248543,-4.29115893969069,18.6649050325787,-3.55364149967341,20.1761325453006
-4.20527598889941,18.8647444447142,-4.3827625105467,18.3770004328521,-4.29993055265143,18.8684538404917,-4.29769210228481,18.6680318081208,-3.55782672689817,20.1820679091891
-4.21135055916239,18.8686950627825,-4.38950137667893,18.3796761630257,-4.30621526042729,18.8720696802119,-4.30408224728753,18.6713859909206,-3.56208204440423,20.1879385242874
-4.21742323704844,18.8726489935954,-4.39626714825627,18.3822666657613,-4.31253852441028,18.8756055962264,-4.31048543876799,18.6746993306593,-3.56640968124537,20.1937486816717
-4.22416073756635,18.8750771623801,-4.40306440382863,18.3847738294926,-4.31890461920053,18.8790641205379,-4.31723731081709,18.6772082607089,-3.57081196093215,20.1995026791388
-4.23107920571306,18.8770900120659,-4.40988514072527,18.3871947781142,-4.32530605312683,18.8824412624847,-4.32409195158792,18.6794665139622,-3.57528322726406,20.2051940077562
-4.23772274670171,18.8798560326334,-4.41671927993621,18.3895263233281,-4.33173332358981,18.8857324258405,-4.33081639216698,18.6820566807206,-3.57981662985404,20.2108144901906
-4.24433954933464,18.8826953036978,-4.4235688771808,18.3917697587672,-4.33818829315276,18.8889391925803,-4.33753574512833,18.6846394607502,-3.584413374726,20.2163660594791
-4.25101563661205,18.8853682001167,-4.43043849001126,18.3939270043671,-4.34467521051076,18.892064123333,-4.34429528749088,18.6870960289252,-3.58907628377087,20.2218526402229
-4.25769874978064,18.8880213792856,-4.43732785447933,18.3959982388522,-4.35119380366087,18.8951073614784,-4.35106875557568,18.6894998010473,-3.5938048475042,20.2272742672929
-4.2644515571609,18.8904541587647,-4.44423624812612,18.397983478866,-4.35774337000087,18.8980688241997,-4.35788712099746,18.6917504391181,-3.59859821531763,20.2326306378641
-4.27120763972674,18.8928765808573,-4.45116323242864,18.3998828134129,-4.36432347726986,18.9009485414735,-4.36471695315455,18.6939530055866,-3.60345574824948,20.2379216639522
-4.27796372229257,18.8952990029499,-4.45810836774333,18.4016963112679,-4.37093369492275,18.903746523173,-4.37155639289127,18.6961127104369,-3.60837683541914,20.243147233785
-4.2847198048584,18.8977214250425,-4.46507060753916,18.4034238711127,-4.3775730163929,18.9064625232481,-4.37840491621711,18.6982294963768,-3.61336046994013,20.2483067524596
-4.29129391613532,18.9005781311196,-4.47204887720423,18.4050653973356,-4.38424040653909,18.909096297061,-4.38517099940066,18.7005204508906,-3.61840565298152,20.2533995889912
-4.2978672860058,18.9034366066019,-4.47904432717359,18.4066213032069,-4.39093695833818,18.9116484250665,-4.39194582866225,18.7027695300781,-3.6235129918581,20.2584267405658
-4.30492189566741,18.9049563291521,-4.48605814117061,18.4080919094117,-4.39766381096893,18.9141194012053,-4.39897098309434,18.7043066400363,-3.62868311888227,20.2633892052708
-4.3121032378752,18.9061234965501,-4.49308982479938,18.4094771059145,-4.40442050540512,18.9165090506152,-4.40606896118186,18.7056248213968,-3.63391545433914,20.2682867566665
-4.31908432845922,18.9079847209503,-4.50013901852912,18.4107767933179,-4.41120671452851,18.9188172285372,-4.41307609029845,18.7072473281706,-3.63920954971601,20.2731192377815
-4.32606308001836,18.909854052234,-4.50720439337162,18.4119907203322,-4.4180211740548,18.921043499371,-4.42009066240744,18.7088310515559,-3.64456425173302,20.2778858200759
-4.33306768053944,18.9115960259107,-4.51428447525989,18.4131185982425,-4.42486248174225,18.9231873690618,-4.42712603484647,18.7103081060578,-3.64997835190466,20.2825855208597
-4.34007247858593,18.9133370263814,-4.52137816014942,18.4141602286038,-4.43172958849655,18.9252484862216,-4.43416882969096,18.7117415780591,-3.65545094322243,20.2872175941957
-4.34713755254696,18.9148648970781,-4.5284843407876,18.4151154651656,-4.43862143464235,18.9272265501371,-4.44124853202265,18.7130253095303,-3.66098110463626,20.2917813201831
-4.35422387047189,18.9163176511839,-4.53560196988288,18.4159841792261,-4.44553701737408,18.9291212858806,-4.44834510163201,18.7142282364639,-3.66656796460722,20.2962760174723
-4.3613354808645,18.9175901535967,-4.5427300027608,18.4167662505992,-4.45247533533631,18.9309324270116,-4.45546003980101,18.7152977249817,-3.67221065263587,20.3007010101449
-4.36844934983603,18.9188465598073,-4.54986734461801,18.4174615278684,-4.45943534223513,18.9326596685222,-4.46258128174233,18.7163157705926,-3.67790827472228,20.3050555665894
-4.37556321880755,18.920102966018,-4.55701289109584,18.4180698769941,-4.46641597985428,18.9343027210338,-4.46970714544066,18.7172903478557,-3.68365992198768,20.309338962072
-4.38267708777908,18.9213593722286,-4.5641655805824,18.4185911852074,-4.47341622927779,18.9358613220581,-4.47683709942195,18.7182213941063,-3.68946471115101,20.3135505118952
-4.38982598601944,18.9223755682073,-4.57132435364228,18.4190253551966,-4.48043507155791,18.9373352244799,-4.4839881278436,18.7189887493538,-3.6953217509413,20.3176895480387
-4.39697489722444,18.9233916752821,-4.57848811816905,18.4193723028061,-4.4874714535739,18.9387241891893,-4.49114217566742,18.7197124257999,-3.70123011449779,20.3217553978789
-4.40414436029075,18.9242370382642,-4.58565577940263,18.4196319949033,-4.49452431220092,18.9400280268832,-4.49830896383301,18.7203070728926,-3.70718884477463,20.3257474325773
-4.41131385850674,18.9250821092241,-4.59282625806701,18.4198044081779,-4.50159259826081,18.9412465599312,-4.5054776931631,18.7208578987504,-3.71319699273744,20.329665040096
-4.41855953034647,18.9257528705689,-4.59999847559377,18.4198894937197,-4.50867526706339,18.9423795852768,-4.51268589258113,18.7212778639142,-3.71925362331662,20.3335075874058
-4.42580783434435,18.926417608694,-4.60717547721141,18.4198872534092,-4.515775346018,18.9434275528701,-4.51989831250383,18.7216511306165,-3.72536123804074,20.3372767251878
-4.43308588739821,18.9269137271986,-4.61436044908261,18.4197974961574,-4.52289603002059,18.9443907436558,-4.52713010413251,18.7218963241659,-3.73152247295376,20.3409741650455
-4.44036430699418,18.9274077681182,-4.62155180786727,18.4196199508476,-4.53003580753481,18.945268661963,-4.5343657848505,18.7220965707203,-3.73773592753326,20.3445990989339
-4.44752762975191,18.9282008022933,-4.62874781414284,18.4193543866419,-4.53719300683564,18.9460608291382,-4.54154675333706,18.7224022802597,-3.74400009907957,20.3481506036155
-4.45468996236061,18.9289964086318,-4.63594377062271,18.4190007255673,-4.54436300808149,18.9467664834094,-4.54872771358141,18.7226651758919,-3.75031097413108,20.3516261930476
-4.46200590365759,18.9289530287517,-4.64313496257862,18.4185591206091,-4.55154114054866,18.9473850874585,-4.55598360558768,18.7224645276476,-3.75666450004959,20.3550233926426
-4.46935756788809,18.9287145358917,-4.65032367114494,18.4180293994055,-4.55872970159676,18.9479168068043,-4.56325662665958,18.7221221994805,-3.76306275847449,20.3583430951192
-4.47670923211859,18.9284760430316,-4.65751298282866,18.4174111665809,-4.565931817926,18.9483617053222,-4.57053045947767,18.7217355684584,-3.76950854600499,20.3615865866673
-4.48406089634908,18.9282375501716,-4.66470258425132,18.4167041664377,-4.57314723270362,18.9487194865489,-4.5778049475356,18.7213045049971,-3.77600162888787,20.3647536187946
-4.49140186434012,18.928017604181,-4.67189136761429,18.4159082032878,-4.58037489455538,18.9489897969856,-4.58507418867834,18.7208381784004,-3.78254106489947,20.3678435929411
-4.49874260728975,18.9277980484037,-4.67907602767079,18.4150234030974,-4.58761153136417,18.9491722776758,-4.59234176394914,18.720327554249,-3.78912391250774,20.3708549595529
-4.50607423836183,18.927401860629,-4.68625322164592,18.4140500114574,-4.59485381640016,18.949266681589,-4.59960155593529,18.7196842251021,-3.79574719309623,20.3737861297778
-4.5134055690775,18.9270051708149,-4.69342151821836,18.4129880703201,-4.60210034362334,18.9492728405917,-4.60685725325899,18.7189962689549,-3.80240969228188,20.3766362700079
-4.52065709296588,18.9268382136653,-4.70057952632285,18.4118376470856,-4.6093497431099,18.9491906169549,-4.61406840552082,18.7183788290699,-3.80911021425223,20.3794045833874
-4.52790861685426,18.9266712565157,-4.70772460591374,18.4105990948434,-4.61659936751149,18.9490199709678,-4.62127359287912,18.7177172006797,-3.81584634743635,20.3820898550203
-4.53519943550317,18.9257748557214,-4.71485413651033,18.4092728487851,-4.62384657672789,18.9487609464354,-4.62849114879274,18.7166468648237,-3.82261566061094,20.384690919087
-4.54250101449656,18.9246787065436,-4.72196842103422,18.4078589303094,-4.63109168309298,18.9484136087012,-4.63570695613281,18.7154326819763,-3.82941841460961,20.3872078115711
-4.54980259348994,18.9235825573659,-4.72906812246526,18.4063572108357,-4.63833537717266,18.9479779277771,-4.64291596567009,18.714174466141,-3.83625521658573,20.3896407235151
-4.55710417248333,18.9224864081881,-4.73615249968586,18.4047676293483,-4.64557695089461,18.9474537332155,-4.65011780592886,18.7128721827201,-3.84312541703532,20.3919892370218
-4.56436269851305,18.9213714817753,-4.74322043812522,18.4030902229722,-4.65281531238775,18.9468408965099,-4.65729039168816,18.7115164555148,-3.85002799261531,20.3942528395257
-4.57161974845037,18.9202559115756,-4.75026994440807,18.4013254337683,-4.66004844076494,18.9461395594687,-4.66445351097104,18.7101165611729,-3.85696096709392,20.396430885587
-4.57883121218965,18.9193204462852,-4.75729902437875,18.3994738291875,-4.66727429578178,18.9453499874116,-4.67158410724544,18.708763146803,-3.86392231307062,20.3985227906877
-4.58604258224995,18.9183853511078,-4.76430587065708,18.3975359592678,-4.67449102444793,18.9444724556727,-4.67870401881818,18.7073666102716,-3.87091018314849,20.4005280104683
-4.59326577166866,18.916784140315,-4.77128867253374,18.3955122422704,-4.68169678997836,18.9435071082457,-4.68581829337773,18.7055939081718,-3.87792280292311,20.4024458520757
-4.60049224332139,18.9149979493173,-4.77825021880069,18.3934017653853,-4.68889450159342,18.9424534543101,-4.69292406072315,18.7036851683623,-3.88496299230217,20.4042769644744
-4.60771871497412,18.9132117583197,-4.78519431198663,18.3912031099866,-4.69608814620661,18.9413106538392,-4.70002158774989,18.7017321937358,-3.89203464896107,20.4060222976333
-4.61494518662684,18.911425567322,-4.79212087690083,18.3889159747984,-4.70327771028551,18.9400783968713,-4.70711083725693,18.6997348332726,-3.8991377554814,20.4076818658424
-4.6221295770982,18.9095907742007,-4.79902875742546,18.386540375687,-4.71046206446106,18.9387565271497,-4.71417018927513,18.6976687875202,-3.9062712243064,20.4092553673528
-4.62931358234957,18.9077555361653,-4.80591414363139,18.384077283307,-4.71763731320183,18.9373454379302,-4.72121858021102,18.6955585991467,-3.91343124395722,20.4107418012992
-4.63645037370668,18.9057434740921,-4.81277324341644,18.3815278166647,-4.72479955649732,18.9358456709491,-4.7282306923507,18.6933166172856,-3.92061398251277,20.412140120599
-4.6435870525988,18.9037309908184,-4.81960460064041,18.3788923530558,-4.73194731449411,18.9342573808072,-4.73522934517982,18.6910312245307,-3.92781800675401,20.4134497559249
-4.65067132450263,18.9015424623385,-4.8264067597545,18.3761712149265,-4.73907911599349,18.9325806671448,-4.74218766081149,18.6886147626017,-3.93504191034127,20.4146700748564
-4.65775538832293,18.8993532696927,-4.83317833023879,18.3733647433652,-4.74619355124927,18.9308156571053,-4.74913104044473,18.6861550853183,-3.94228432467731,20.4158005101855
-4.66478202708139,18.8969936495562,-4.83991796198798,18.3704733894619,-4.75328923402218,18.9289625922131,-4.75603019692975,18.683567529545,-3.94954384993663,20.4168406335039
-4.67180866583985,18.8946340294196,-4.84662432660846,18.367497618496,-4.76036479733882,18.9270217308021,-4.76291317491229,18.6809375347598,-3.95681909103883,20.4177900576291
-4.67877408193798,18.892098717972,-4.8532961037311,18.3644379162906,-4.76741887904987,18.9249933524415,-4.76974869908312,18.6781774913707,-3.96410864443315,20.4186484275209
-4.6857372482442,18.889556950273,-4.85993206971937,18.3612947483246,-4.77445021564311,18.9228777307427,-4.77656564041047,18.6753722434136,-3.97141119568492,20.4194154312207
-4.6926353411319,18.886849721793,-4.86653100120737,18.3580686011366,-4.78145754066865,18.9206751598702,-4.78333197164688,18.6724425256807,-3.97872541609045,20.4200907846994
-4.69953231511984,18.8841396483108,-4.87309167588931,18.3547599832037,-4.78843958538426,18.9183859555331,-4.79007905505352,18.6694698941407,-3.98604996346952,20.420674231869
-4.70640064519793,18.8815129683406,-4.87961288234392,18.3513694210757,-4.79539508901637,18.9160104525566,-4.79679251846799,18.6664977252142,-3.99338349313109,20.4211655442648
-4.71326891572867,18.8788864617359,-4.88609282150572,18.3478977799159,-4.80232215907498,18.9135492324758,-4.80348574880514,18.6634848321606,-4.00072398113213,20.4215644675527
-4.71992153815685,18.8757038349736,-4.89252972033049,18.3443459734334,-4.80921892139753,18.911002928245,-4.81005005929209,18.6601535160061,-4.00806939947827,20.4218707763673
-4.72651613422065,18.8723715764149,-4.89892355232294,18.3407139872187,-4.81608536762594,18.9083715165319,-4.81656424674865,18.6567070144953,-4.0154196910903,20.4220843755939
-4.7332454079748,18.869389749876,-4.90527452809785,18.3370016203262,-4.82292175158587,18.905654824501,-4.82312476857079,18.6533952608355,-4.02277509467503,20.4222052033383
-4.73997468172894,18.8664079233371,-4.91158071527964,18.3332099872146,-4.82972601095424,18.9028536581596,-4.82966331248266,18.6500435859637,-4.03013333445047,20.4222332360257
-4.74646702027795,18.8629069571182,-4.91783995619846,18.3293404034379,-4.8364958305426,18.8999689886419,-4.83606032389123,18.6463930666132,-4.03749183828969,20.422168453826
-4.75290314761447,18.8592828513506,-4.92405185191259,18.3253930562032,-4.84323080332246,18.8970009353727,-4.84240596348883,18.6426417952154,-4.04485012139516,20.4220107569837
-4.75947440389392,18.8559560614674,-4.93021618921346,18.3213681362111,-4.84993070512641,18.8939496485754,-4.84879579278752,18.6390000944355,-4.05220785532441,20.4217601841839
-4.76604566017337,18.8526292715841,-4.9363314640163,18.3172666448251,-4.85659391353691,18.890815885473,-4.85516148881575,18.635319799353,-4.05956318774211,20.4214168148069
-4.77241980710479,18.8488012562296,-4.94239604092796,18.3130896646802,-4.86321866406793,18.8876004637822,-4.86140367242457,18.6313508303438,-4.06691411012435,20.4209806997093
-4.77874170429825,18.8448409161269,-4.94840929413932,18.308837625994,-4.86980428843217,18.8843037079668,-4.86759445737459,18.6272778503476,-4.07425981347311,20.4204518429378
-4.78513515220722,18.8411766320702,-4.95437067011087,18.304510896857,-4.8763501989311,18.880925891477,-4.87379546428493,18.6233152316013,-4.08159958300389,20.4198302548636
-4.79152860011619,18.8375123480136,-4.96027895099759,18.3001103249156,-4.88285507875927,18.8774676614573,-4.87997030337977,18.6193153639624,-4.08893188759378,20.4191160239141
-4.79766211000392,18.8334217295889,-4.96613286036724,18.2956368388705,-4.88931754079738,18.8739297359762,-4.88598836153592,18.6150655383801,-4.09625510206497,20.4183092636567
-4.80372514400199,18.829215520941,-4.97193162857975,18.2910910638345,-4.89573674467243,18.8703126093443,-4.89194398084566,18.6107214361665,-4.10356819056944,20.4174100862626
-4.8099234657147,18.8252251211211,-4.97767451371647,18.2864736007476,-4.90211188087725,18.8666167557998,-4.89793966810937,18.6064490541086,-4.1108701537925,20.4164186085061
-4.81612226439185,18.8212354821473,-4.98336054441217,18.2817852375374,-4.9084418846513,18.8628427994032,-4.90390752719516,18.6021412576776,-4.1181596996229,20.4153349959139
-4.82209698563482,18.8168746385147,-4.98898873100101,18.2770267961776,-4.91472566781036,18.8589913947681,-4.90973478079634,18.5976124704771,-4.12543550146404,20.4141594296584
-4.82799801554983,18.8123917184919,-4.99455818802888,18.2721990306099,-4.92096225539698,18.8550631448732,-4.91549617442608,18.5929876296568,-4.1326963559803,20.4128920845372
-4.83389904546485,18.8079087984691,-5.00006808094141,18.267302771923,-4.92715071086587,18.8510587363094,-4.92122813123011,18.5883281852547,-4.13994106361287,20.4115332319496
-4.83980007537986,18.8034258784463,-5.00551755422331,18.2623387611701,-4.93329009050639,18.8469787633395,-4.92693021875138,18.5836345040303,-4.14716845252341,20.4100830556358
-4.84562774919205,18.7988113293111,-5.01090577187642,18.2573077408546,-4.93937946943952,18.8428238242184,-4.93256533621018,18.5788411389824,-4.15437736614202,20.4085417512106
-4.85145416486016,18.7941950789588,-5.01623193347527,18.2522105482307,-4.94541794340604,18.8385946159972,-4.93816912713982,18.5740134691824,-4.16156663024022,20.4069096201654
-4.85721575782956,18.7895912785028,-5.02149524110089,18.2470480199507,-4.95140461052244,18.8342918352403,-4.94370940508899,18.56915898503,-4.16873507290977,20.4051869666605
-4.86297735079896,18.7849874780469,-5.02669493874132,18.2418208435665,-4.95733863279776,18.8299160372401,-4.94921819900699,18.5642718021064,-4.1758816339142,20.4033739872583
-4.86849700734554,18.7800567170451,-5.03183036459013,18.2365297999444,-4.96321925100995,18.8254678836117,-4.95457420489728,18.5591888278449,-4.18300528785074,20.4014710169875
-4.87394499449786,18.7750290997536,-5.03690066801649,18.2311758568827,-4.96904549070999,18.8209481917968,-4.95986212508275,18.5540255945204,-4.19010475153402,20.3994784561844
-4.87939298165019,18.7700014824621,-5.04190497061772,18.2257600238398,-4.9748163433829,18.8163578158317,-4.96511734894904,18.5488310310861,-4.1971786935306,20.3973967173194
-4.88484096880251,18.7649738651706,-5.0468426386353,18.220283293626,-4.9805310447034,18.8116976304165,-4.9703395536611,18.5436056314051,-4.2042260004246,20.3952263245373
-4.89017575808643,18.7598237408359,-5.05171306071545,18.214746600094,-4.98618886118078,18.8069684550958,-4.97547182897996,18.5382886064599,-4.21124560827642,20.3929677647943
-4.89550990643855,18.7546729228604,-5.05651565049457,18.2091508205702,-4.99178909245219,18.802171057179,-4.98057015491476,18.5329412993586,-4.21823650365918,20.3906214914061
-4.90071217958118,18.7493977161341,-5.06124981372079,18.2034968189802,-4.99733103213044,18.7973061892429,-4.98556861197054,18.5275022921772,-4.22519767434067,20.3881879470412
-4.90591254794157,18.7441207127586,-5.06591490770425,18.197785502496,-5.00281391913632,18.7923746389859,-4.99053185853002,18.5220333319302,-4.23212804450739,20.3856675884934
-4.91104712018153,18.7388238057788,-5.07051028880235,18.1920177742371,-5.0082369919574,18.7873771898484,-4.99542762173378,18.5165258141446,-4.23902653935513,20.3830608691874
-4.91618149024429,18.7335268376395,-5.07503543609684,18.1861943795576,-5.01359963418909,18.7823144878104,-5.00028843354586,18.5109900308008,-4.24589227103022,20.3803681731042
-4.92102480288635,18.7279993524112,-5.07948985582584,18.1803160808826,-5.01890125339781,18.7771871996188,-5.00496861477855,18.5053111333311,-4.25272436970636,20.3775899221952
-4.92579979001525,18.7224177534675,-5.08387269257211,18.1743840440656,-5.02414083789644,18.7719963352376,-5.00957909687721,18.499577902609,-4.25952144633212,20.3747266953292
-4.93060422546163,18.7167756176213,-5.0881830609381,18.1683995174564,-5.02931733360048,18.7667429814124,-5.01416831692635,18.4937877473896,-4.26628203612182,20.3717791098967
-4.93540890709153,18.7111326806257,-5.09242053420542,18.1623633498008,-5.03443020069532,18.761427900065,-5.01872145559517,18.4879709586241,-4.27300527104407,20.3687476726404
-4.94013171703376,18.7054649844355,-5.09658472229673,18.15627630242,-5.0394789486589,18.7560517720647,-5.02319725441978,18.4821159367999,-4.27969036321725,20.365632845051
-4.94485452697599,18.6997972882454,-5.10067556202644,18.1501393773415,-5.04446337242936,18.7506155657781,-5.02763661163286,18.4762355629363,-4.28633669596439,20.362435489874
-4.94917282823234,18.6941321592796,-5.10469336690966,18.1439538030787,-5.0493836037803,18.7451205308835,-5.03183742223008,18.4703317371765,-4.29294387758171,20.3591568871051
-4.95338334586142,18.6884670402428,-5.1086315016929,18.1377314431416,-5.05423127791887,18.7395773617355,-5.03594466915362,18.4644090788247,-4.29950000788483,20.3558037058983
-4.9577942512548,18.6826220371483,-5.11248244597608,18.1314874669423,-5.05899665809489,18.7339998925578,-5.04010860671668,18.4583851921529,-4.30599047790746,20.3523845233154
-4.96220515664818,18.6767770340538,-5.11625470685316,18.1252136339587,-5.06368943123747,18.7283812795027,-5.04423334285027,18.4523459480438,-4.31242636273032,20.3488959248894
-4.96630016427318,18.6709610614067,-5.11995765768483,18.1188982732794,-5.06832065752808,18.7227114145645,-5.04816567512554,18.4463000758063,-4.31882157962169,20.3453326642641
-4.97031398449207,18.6651518086303,-5.12358843978034,18.1125512982088,-5.07288598453381,18.7169996319617,-5.05202147011975,18.4402413580314,-4.32516875255281,20.3417022280708
-4.97438823722015,18.6591836676869,-5.12714298006773,18.1061845126129,-5.07737957905448,18.7112569562993,-5.05586943906623,18.434092871656,-4.33145830351435,20.338012747866
-4.97846248994822,18.6532155267435,-5.13062680895014,18.0997960343735,-5.08180720462657,18.7054823697609,-5.05968214265588,18.4279331508588,-4.33769580535662,20.3342653102528
-4.98242283404247,18.6471918013741,-5.13404710943076,18.0933821058272,-5.08617653969939,18.6996732522894,-5.06340623580723,18.4217325622724,-4.34388939160273,20.3304605206151
-4.98638270124406,18.6411678432936,-5.13740683693374,18.0869443735642,-5.09049024975055,18.693831671067,-5.06709989934191,18.4155196191415,-4.35004093011595,20.3266016685184
-4.9902519126235,18.6351007701176,-5.14070980844074,18.0804848225699,-5.09475179875637,18.6879601619003,-5.07071993757076,18.4092738913836,-4.35615291992985,20.3226928323311
-4.99412061616945,18.6290334554206,-5.14395897362215,18.0740049611457,-5.0989638689945,18.6820606582972,-5.07431288833062,18.403017584657,-4.36222732052861,20.3187371609824
-4.99790310587496,18.6229224990244,-5.1471578652179,18.0675064981058,-5.10312968776909,18.6761353833451,-5.07783765331841,18.3967298712727,-4.36826650592341,20.3147382649987
-5.00168473710465,18.6168111015827,-5.15031069947237,18.0609914570779,-5.10725310807918,18.6701869778127,-5.08133900486348,18.3904333848582,-4.37427331475629,20.3107003978542
-5.00539367309014,18.6106620713033,-5.15342073090393,18.0544612981448,-5.11133712055645,18.6642173787237,-5.08478264214855,18.3841102763676,-4.38024999403219,20.3066267537816
-5.00910260907563,18.6045130410239,-5.15649155540052,18.0479176020105,-5.11538503386706,18.6582286960625,-5.08820670047339,18.377780171153,-4.38619903498743,20.3025208027468
-5.01275019395693,18.5983324916963,-5.15952692842633,18.0413619544432,-5.1194003129331,18.6522230704952,-5.09158237173069,18.3714281219343,-4.39212308459416,20.2983861152508
-5.01639766030206,18.5921518814708,-5.16252975380276,18.0347955579944,-5.12338564109658,18.6462021335255,-5.09494171639296,18.3650704741714,-4.39802420659142,20.2942254324057
-5.01999785126285,18.5859478016807,-5.16550320514584,18.0282196880772,-5.12734395634871,18.6401676311913,-5.09826273472322,18.3586961776851,-4.40390466873427,20.2900416968687
-5.02359422819406,18.5797410436975,-5.16844975766678,18.0216353509954,-5.13127754880007,18.634120936475,-5.10156838874455,18.3523161442656,-4.4097662352991,20.2858372106966
-5.02698167991535,18.573375458458,-5.1713722210974,18.0150436403659,-5.13518902476525,18.6280635610284,-5.1047575208633,18.345852860752,-4.41561093237286,20.281614538836
-5.03036913163665,18.5670098732185,-5.17427335424357,18.0084441887053,-5.13908116755897,18.6219955662834,-5.10793597421771,18.3393855714878,-4.42144146266393,20.277374933633
-5.03401943370883,18.560928813312,-5.17715628924156,18.0018367947666,-5.14295710298524,18.6159172364605,-5.11123674003576,18.3330564547208,-4.42726081812734,20.2731200457549
-5.03777903086447,18.5549660611038,-5.18002436299134,17.9952213426255,-5.14682014576886,18.6098289727904,-5.11458470855274,18.3267823608113,-4.43307217082394,20.2688517634422
-5.04106456472584,18.5485412799094,-5.18288059322993,17.9885968820354,-5.15067342583052,18.603730303915,-5.11768971356081,18.3202726618988,-4.43887882596161,20.264571075951
-5.04434570068231,18.5421122124529,-5.18572672296273,17.9819657781011,-5.15451829742537,18.5976238355197,-5.12078744600934,18.3137574206452,-4.44468130272146,20.2602811741696
-5.04812175374264,18.5359414909102,-5.18856398964765,17.9753308598066,-5.15835554267922,18.5915125531765,-5.12412816672985,18.3073693737938,-4.45047937147494,20.2559852898896
-5.05201351789655,18.5298311703681,-5.19139579450442,17.9686888187248,-5.16218903812902,18.5853937182289,-5.12752399032559,18.3010079124609,-4.4562777393159,20.2516824119155
-5.05562602190363,18.523477766783,-5.19422602247404,17.962035404531,-5.1660232866777,18.5792637387134,-5.13077939584877,18.2945191898691,-4.46208209636415,20.247371083808
-5.05923545751639,18.5171216923026,-5.19705515452243,17.955373457606,-5.16985832206609,18.5731254955976,-5.13403270457033,18.2880248345492,-4.46789161463842,20.2430542536747
-5.06286312134597,18.5107758424863,-5.19988345727274,17.9487068853546,-5.17369379838407,18.5669828900067,-5.13729467735344,18.2815332489875,-4.47370466564098,20.2387355825744
-5.06649080691067,18.5044300048617,-5.20271259873269,17.9420367515532,-5.1775311971743,18.5608372332596,-5.14055703898102,18.2750398671447,-4.4795222135679,20.2344169181459
-5.07014460449182,18.4980995919498,-5.20554394476871,17.9353639503891,-5.18137172766203,18.5546896222339,-5.14383351256302,18.2685528491556,-4.48534501130139,20.2300997637236
-5.07379844745,18.4917692058427,-5.2083791192779,17.9286894440487,-5.18521684304396,18.5485412617137,-5.14711187149978,18.2620649852407,-4.49117400858799,20.2257858281632
-5.07749260672153,18.4854614532611,-5.21121996237645,17.922014289234,-5.18906819495001,18.5423934840822,-5.1504131655907,18.2555881162255,-4.49701031147127,20.2214770406348
-5.08118758208336,18.4791541588315,-5.21406800853377,17.9153393431335,-5.19292716421833,18.5362473773027,-5.15371840740417,18.2491115905931,-4.50285484762937,20.2171749865375
-5.08438518597032,18.4726330237315,-5.21692501221308,17.908665565922,-5.19679533254695,18.5301041659215,-5.15677937531064,18.2425287476526,-4.50870869123924,20.2128814696476
-5.08758124432769,18.466111224144,-5.21979203644199,17.9019946836152,-5.20067347844806,18.5239657228738,-5.15984450494777,18.2359470436016,-4.51457190577643,20.2085985718002
-5.09187042852445,18.4599371243713,-5.22266988098343,17.8953283161584,-5.20456213637714,18.5178337750769,-5.16346152354177,18.2295414742738,-4.52044434353848,20.2043281012168
-5.09644985296589,18.4538540113458,-5.22556773564242,17.8886515214615,-5.2084727301182,18.5116950125272,-5.16723366068124,18.2231762595923,-4.52634171746596,20.2000621746107
-5.10048755845931,18.44735238807,-5.22849640717061,17.8819450228649,-5.21241897655488,18.5055321090389,-5.17075044577434,18.2165870712872,-4.5322836861944,20.1957904948502
-5.10452526395273,18.4408507647942,-5.23145757412486,17.8752112071927,-5.21640217186466,18.4993476981241,-5.17428356861905,18.2099843673659,-4.53827111113592,20.1915169101947
-5.10788291704954,18.4342477543831,-5.23445134530619,17.8684568503596,-5.22042136860017,18.4931484998117,-5.17749302494037,18.2033208429714,-4.54430106257543,20.1872479890485
-5.11123755840122,18.4276442949593,-5.23747356461707,17.8616972823698,-5.22447005410171,18.4869490067129,-5.18071517980747,18.1966546103891,-4.55036223477033,20.1829950182519
-5.11571833115725,18.4212509464305,-5.24052013071148,17.8549479592593,-5.22854174057267,18.4807638392375,-5.18451247480792,18.1900986553393,-4.55644296669475,20.1787689530986
-5.12050084865242,18.4149138967111,-5.24359886215949,17.8481968123309,-5.23264603356292,18.4745823061568,-5.18847667845553,18.1835700728333,-4.56255589867143,20.1745631672237
-5.12528336614758,18.4085768469916,-5.24671972709197,17.8414284688364,-5.2367952003369,18.4683908049924,-5.19246198025405,18.1770330773045,-4.56871753874986,20.1703697839678
-5.13006588364275,18.4022397972721,-5.24988720578506,17.8346409073029,-5.24099399472628,18.462188060558,-5.19647063503523,18.1704866820681,-4.57493305713898,20.1661899222479
-5.13459870644127,18.3958588645827,-5.25310387372599,17.8278355163167,-5.24524475169268,18.4559758657502,-5.20037908025605,18.1639096540884,-4.58120422286609,20.1620266567579
-5.13912674608201,18.38947709127,-5.25636860188595,17.8210227879301,-5.24954470611059,18.4497644158364,-5.20430915683876,18.1573287549879,-4.58752478446672,20.1578887564353
-5.142859797877,18.3828737797158,-5.25968003456805,17.814213371666,-5.25389083572811,18.4435640212028,-5.2078650311737,18.1506389528262,-4.59388799367829,20.1537846968846
-5.14658566317766,18.3762684655105,-5.26303705412138,17.8074160742868,-5.25828063656731,18.4373832056793,-5.21143999844052,18.1439544108264,-4.60028807904567,20.1497212329394
-5.15206666143958,18.3703868320039,-5.26643934400779,17.8006400335732,-5.26271233941938,18.4312309447896,-5.21591501117641,18.1376425350985,-4.60671968821865,20.1457056747379
-5.15795808727868,18.364674373653,-5.26989466034678,17.7938771150985,-5.26719487372461,18.4251004339219,-5.22062162906554,18.1314220403252,-4.61319340424431,20.14173487153
-5.16292468472266,18.3585644019777,-5.27341291916132,17.7871173683997,-5.27173960219226,18.418983427818,-5.22489723182099,18.1250046555848,-4.6197228640016,20.1378056889437
-5.16789128216664,18.3524544303025,-5.2769954917352,17.7803692935665,-5.27634653356041,18.4128885509882,-5.22920487950879,18.1185933941475,-4.62630488976663,20.1339264780664
-5.17300464139219,18.346469262664,-5.28064185250627,17.7736434623998,-5.28101347142098,18.4068261716896,-5.23361763958208,18.1122559406353,-4.63293345825456,20.1301061598132
-5.17811906850504,18.340485003141,-5.2843555578182,17.766943396584,-5.28574336138626,18.4008003414566,-5.23806442565161,18.1059321239155,-4.63960960305152,20.126349621549
-5.1824034440206,18.3341094781775,-5.28813962811211,17.7602724722129,-5.29053864106214,18.3948148830127,-5.2421311710436,18.0994275583191,-4.64633394604368,20.1226613114647
-5.18666474699125,18.3277230773967,-5.29199509094814,17.753636460545,-5.29539939968359,18.3888756684046,-5.24622185070152,18.0929353276627,-4.65310412785317,20.1190466354346
-5.1921276512704,18.3224257865107,-5.29592233507942,17.7470410002978,-5.30032511507823,18.3829883370746,-5.25094896827759,18.0870082443217,-4.65991727600745,20.1155104857536
-5.19795471638967,18.3174585644847,-5.29991611565684,17.7404998062994,-5.30530842036857,18.3771656082805,-5.25589111600702,18.0812736186903,-4.66676138338719,20.1120614719235
-5.20378178150893,18.3124913424587,-5.30396817277763,17.7340294997966,-5.31033851047818,18.3714225928148,-5.26086200750776,18.0755746877127,-4.67362018270974,20.1087087260334
-5.20960884662819,18.3075241204327,-5.30807649878886,17.7276348148236,-5.31541263424482,18.3657636524088,-5.26586061735236,18.0699138078497,-4.68048890703594,20.105454349803
-5.2149910809982,18.3024379433966,-5.31224087151621,17.7213168311501,-5.32053038196733,18.3601898228312,-5.27066441429339,18.0642320390793,-4.68736631065031,20.1022983654183
-5.2203724493936,18.2973515347847,-5.31646260342119,17.7150738452266,-5.32569330224325,18.3546996363368,-5.27549604571266,18.0585878964679,-4.69425407123179,20.0992395016275
-5.22584926560449,18.2924565080011,-5.32074292254908,17.7089041092523,-5.33090286884822,18.3492915692498,-5.28040429177798,18.0530763176909,-4.70115396896552,20.096276701416
-5.23132745156791,18.2875642276998,-5.3250822224708,17.7028069538977,-5.33615956081937,18.3439650303408,-5.28534231417158,18.0476026511161,-4.70806660225914,20.0934095899468
-5.23690120797029,18.2828475040047,-5.32948083464888,17.6967816502676,-5.34146380560355,18.3387193597261,-5.29035738287754,18.0422529375162,-4.71499259498184,20.0906378219672
-5.2424757758717,18.2781322695913,-5.33393894783684,17.6908275654891,-5.34681587475397,18.333553969658,-5.29540221607974,18.036939826093,-4.72193241835085,20.0879611168371
-5.2481451619694,18.2735806300105,-5.33845670994522,17.6849440525127,-5.35221600211287,18.3284682520175,-5.30052389444946,18.0317440451736,-4.72888652106046,20.0853791883107
-5.2538145480671,18.2690289904297,-5.34303416749019,17.6791305572523,-5.35766430694819,18.32346167443,-5.30567503511151,18.0265835188756,-4.73585521405716,20.0828917875316
-5.2595911552725,18.2646497851097,-5.34767134988625,17.6733865265874,-5.36316089193305,18.3185337030058,-5.31090926642698,18.0215441863372,-4.74283878727783,20.0804986611402
-5.26536915938906,18.2602728263188,-5.35236803682548,17.6677117092216,-5.36870556534154,18.3136840620775,-5.31617356793282,18.0165408254843,-4.74983714925336,20.078199672232
-5.27124507096634,18.2560528470337,-5.35712401470436,17.662105833354,-5.37429814568919,18.308912457014,-5.32151609014069,18.0116506644815,-4.75685021366935,20.0759946558319
-5.277121450631,18.2518336182545,-5.36193904970684,17.6565686532993,-5.37993842758455,18.3042186158179,-5.32688799849671,18.0067954635597,-4.76387785323158,20.073883445938
-5.28242860242345,18.2467932164222,-5.36681291133541,17.6510999309255,-5.38562620792662,18.2996022745873,-5.33200433189277,18.0015641395569,-4.77091993106029,20.0718658752624
-5.28772873438478,18.2417426877209,-5.37174886798698,17.6456956165643,-5.39136534905991,18.2950599689137,-5.33714784912741,17.9963602055197,-4.77798131734944,20.0699404907668
-5.29433607178986,18.2384613267637,-5.37675043935555,17.6403517864187,-5.39715994289479,18.2905884010601,-5.342977442954,17.9920713631385,-4.78506705612676,20.068106221768
-5.30135125659582,18.2357319451986,-5.38181963527479,17.6350664923414,-5.40301227512722,18.2861859826121,-5.3490444500954,17.9880880531808,-4.79217986622046,20.066362945163
-5.3078821504194,18.2319949604168,-5.38695935672711,17.6298371085404,-5.40892562094867,18.281850601113,-5.35490426614902,17.9836291850174,-4.79932357247726,20.0647104765663
-5.31438027494373,18.2281897966837,-5.39217198298112,17.6246618351375,-5.4149026088264,18.2775808770976,-5.36078385212192,17.9791635821167,-4.80650110137524,20.0631490649689
-5.32087839946806,18.2243846329505,-5.39745929451673,17.6195396969043,-5.42094514409527,18.2733761498914,-5.36670048963496,17.9747248549231,-4.81371440872868,20.061679316562
-5.32737652399238,18.2205794692174,-5.40282107284169,17.614471787248,-5.42705282604463,18.2692374790544,-5.37265406623614,17.9703135490855,-4.82096262085577,20.0603024374635
-5.33406184944479,18.2170014750144,-5.4082569395463,17.6094593355544,-5.43322507336177,18.2651660319079,-5.37873798916497,17.9660438621195,-4.82824462275693,20.0590195629091
-5.34075284355972,18.2134303597699,-5.41376521895726,17.6045047159384,-5.43945983881174,18.2611638953045,-5.38486064476548,17.9618068274264,-4.83555756045516,20.0578319856148
-5.34756212139742,18.2100325679925,-5.41934411764381,17.5996102720939,-5.44575496237755,18.2572331052576,-5.39107743394325,17.957686829785,-4.84289847424751,20.056740804697
-5.35437458021744,18.2066397996813,-5.42499239618283,17.5947777378819,-5.45210892794652,18.2533751836782,-5.39733017829331,17.9536005790981,-4.85026518739855,20.0557468355251
-5.3612780900945,18.2034057876724,-5.43070878451916,17.5900087915671,-5.45852019747602,18.2495915917889,-5.40366217069107,17.9496257736282,-4.85765552254927,20.0548507937154
-5.36818159997155,18.2001717756635,-5.43649195821651,17.5853050767858,-5.46498718439389,18.2458837472719,-5.41002721645231,17.9456838495022,-4.86506727397916,20.0540533155028
-5.3751879402214,18.1971285816449,-5.44234056668907,17.5806681792883,-5.47150828533424,18.2422530060261,-5.41647604885647,17.9418710009564,-4.8724982457791,20.0533549620277
-5.3821949949898,18.1940867135283,-5.44825341128932,17.5760994914472,-5.4780820778002,18.238700557227,-5.42295700499224,17.938093171244,-4.8799464760481,20.0527562085593
-5.38865300805616,18.1902957820229,-5.45422925358465,17.571600375831,-5.48470710464281,18.2352275539444,-5.42919458209658,17.9339758400059,-4.8874099876032,20.0522574824486
-5.39510245188716,18.1864931594192,-5.46026447826974,17.5671738787439,-5.49137929048454,18.2318364258791,-5.43545719563649,17.9298891985589,-4.89488389226302,20.0518592832555
-5.40233484074755,18.1841947114057,-5.46635530941595,17.5628229242869,-5.49809442027708,18.2285294543632,-5.44213870213139,17.926592622897,-4.90236323413673,20.0515618376733
-5.41012239497607,18.1829628333411,-5.47250383178997,17.558546123278,-5.50485475979413,18.2253056113353,-5.44912626101623,17.9238666239321,-4.90985033031728,20.0513650000824
-5.41754461976881,18.1808024108517,-5.47871446230824,17.5543407089388,-5.51166510094709,18.2221628904474,-5.4559618473396,17.9207122808258,-4.91735021113617,20.0512689329132
-5.4248882214715,18.1784421549387,-5.48498564923326,17.5502082108301,-5.51852365076536,18.2191025603252,-5.46278803312059,17.9174947066167,-4.92486055720939,20.0512742175267
-5.43223182317419,18.1760818990257,-5.49131291412297,17.546151960035,-5.52542543549727,18.2161271916066,-5.46964187699989,17.9143154625948,-4.93237560856106,20.0513812440626
-5.43957542487689,18.1737216431126,-5.4976947086694,17.5421731850612,-5.53236871257724,18.2132377530251,-5.4765226004146,17.911175155064,-4.93989320837349,20.051590157886
-5.44681434387435,18.1716838810096,-5.50413011627763,17.5382726690434,-5.53935243455505,18.2104348752851,-5.48337740122411,17.908235417257,-4.94741197419113,20.0519010547632
-5.45405190306778,18.1696504333184,-5.5106069340843,17.5344578219966,-5.54636334125247,18.207723894988,-5.49025180743285,17.905340808408,-4.95491746628379,20.0523131413298
-5.46127859841787,18.1678220948868,-5.51711247127234,17.5307355547963,-5.55338777075737,18.2051095734036,-5.49713469230971,17.9025951238934,-4.96239514733695,20.052824583685
-5.46850521940097,18.165996808979,-5.52364652275455,17.5271050732672,-5.56042562963317,18.2025910882737,-5.50403135142775,17.899896933958,-4.96984517653235,20.0534339193011
-5.4757272817067,18.1643586419758,-5.53020909564541,17.5235655319178,-5.56747704323163,18.2001676027311,-5.51093955039139,17.8973378466042,-4.9772679295081,20.0541399321713
-5.48294773190995,18.1627143736255,-5.53680010508623,17.5201162049132,-5.57454202811398,18.1978383859431,-5.5178607244311,17.8948208871615,-4.9846636370006,20.0549416633723
-5.48997362296807,18.1603337545147,-5.54341954637854,17.5167563891158,-5.58162067713214,18.1956027443589,-5.52469840227222,17.89198057871,-4.99203257595189,20.0558383818048
-5.49699951402618,18.1579531354039,-5.55007342234631,17.5134824921984,-5.58871948189783,18.1934581144797,-5.5315528826212,17.8891833274468,-4.999381599223,20.0568305125325
-5.50402540508429,18.1555725162931,-5.55676785726181,17.510291294151,-5.59584499450784,18.1914023241548,-5.53842724398929,17.8864275516634,-5.00671741106724,20.0579191210027
-5.50985004450689,18.1577712067164,-5.56350182488918,17.5071833009699,-5.60299610470682,18.1894357117012,-5.54472034667233,17.8860031541464,-5.01403867634724,20.0591044548462
-5.51692723837264,18.1558962433061,-5.57025005242407,17.5041698253546,-5.61014601684296,18.1875653196055,-5.55164640879308,17.8835891961842,-5.02131797710171,20.0603817138929
-5.52402766231431,18.1539380370529,-5.5770105717671,17.5012506749704,-5.61729280321116,18.185790635025,-5.5585897864034,17.8811807777911,-5.02855374346673,20.0617491004014
-5.53155330574955,18.1535493283112,-5.58380638437303,17.4984152045434,-5.62446087752401,18.1841049090202,-5.56576302280966,17.8795990474687,-5.0357708932962,20.0632105072088
-5.5392400416633,18.1537552165906,-5.59062974423817,17.4956665400258,-5.63164207113772,18.1825099623873,-5.57303016912712,17.8783580828103,-5.0429610802219,20.0647644082522
-5.54666279139276,18.153022299629,-5.5974695717575,17.4930087032091,-5.63882477988681,18.1810079530451,-5.5801731299731,17.8766931437125,-5.05011273939823,20.0664079130633
-5.55408321655767,18.1522811158963,-5.60432833600921,17.49044007041,-5.6460116887606,18.1795976827317,-5.58732397923902,17.8750686979505,-5.0572287247757,20.0681409086272
-5.5614814631826,18.1517363768183,-5.61121139794667,17.487958170661,-5.65320847482301,18.1782775924427,-5.59447548283485,17.8735858894916,-5.06431472613804,20.069964353908
-5.56887953919033,18.1511931489686,-5.61811815807718,17.4855629477225,-5.66041454013244,18.1770475309883,-5.60163834681975,17.8721472208639,-5.07137011174376,20.0718779793625
-5.57609819509678,18.1500788212092,-5.62504797291292,17.4832543742948,-5.66762923866133,18.1759073686903,-5.6087226263855,17.8704663699625,-5.07839419146469,20.0738815134907
-5.58331502543025,18.1489586825927,-5.63200263871259,17.4810316548991,-5.6748544571416,18.1748566185728,-5.61581802200479,17.8688255917212,-5.08538871495401,20.0759754330341
-5.59076934521368,18.149398250178,-5.63898402309969,17.4788941139495,-5.68209213316357,18.1738949247167,-5.62304512958736,17.8680073155546,-5.09235540303672,20.0781603967478
-5.59827844138688,18.1501966939224,-5.64599021013726,17.4768423269287,-5.6893402666292,18.173022544038,-5.63031163365706,17.8674114058431,-5.0992921446802,20.0804359411125
-5.60568688176618,18.1502121293322,-5.65301903166249,17.474876880194,-5.69659660667404,18.1722397017459,-5.63753873296215,17.8664672039279,-5.10619663647265,20.0828013810269
-5.61309532214547,18.1502275647419,-5.66006992322695,17.472997861244,-5.7038605661766,18.1715463934356,-5.64477647422662,17.8655662551203,-5.11306819525062,20.0852564704405
-5.62048710388745,18.150434767572,-5.66714253290948,17.4712053165044,-5.71113177437148,18.1709426089112,-5.65201635340613,17.8648044647395,-5.11990633721159,20.0878010409125
-5.62787884826098,18.1506424005724,-5.67423584737999,17.4694994747912,-5.7184091780654,18.1704284089467,-5.65926617491461,17.8640862740922,-5.12670993088859,20.0904346922193
-5.63525166073124,18.1510392100562,-5.68134885148173,17.4678805543313,-5.72569172396126,18.1700038431899,-5.66651598438389,17.863506160952,-5.13347785292786,20.0931570004453
-5.64262426862848,18.151437861888,-5.6884805207259,17.4663487643916,-5.73297835099539,18.1696689505313,-5.67377463373677,17.8629705583207,-5.14020898086013,20.0959675170147
-5.649974390783,18.152016882673,-5.69562982906677,17.464904303212,-5.74026799835708,18.1694237583728,-5.68103046991538,17.8625688240846,-5.14690219984081,20.098865774686
-5.65732445716871,18.1525963107876,-5.70279574607131,17.4635473585288,-5.74755960261878,18.1692682827159,-5.6882941932784,17.8622110667449,-5.15355639975154,20.1018512878642
-5.66464942234931,18.1533590754663,-5.70997723928402,17.4622781070302,-5.75485210016391,18.1692025279826,-5.69555276551158,17.8619888347098,-5.16017047708256,20.1049235549733
-5.6719743875299,18.154121840145,-5.71717326809762,17.461096715263,-5.7621444209989,18.1692264869809,-5.70281821758771,17.8618105384069,-5.16674332894048,20.1080820570942
-5.67926102693166,18.1544532212759,-5.72438279028594,17.460003338287,-5.76943549542239,18.169340140606,-5.71007086622736,17.8614605590579,-5.17327385887908,20.1113262614831
-5.6865474496102,18.1547821630349,-5.73160495729834,17.4589980924937,-5.77672445113128,18.1695434633392,-5.71732934256278,17.8611534232448,-5.17976115135391,20.1146557136611
-5.69377015057343,18.1561103491346,-5.7388389217934,17.4580810920206,-5.78401041738035,18.1698364275021,-5.72456147132158,17.8613900262791,-5.1862042915955,20.1180699596995
-5.70097571069987,18.157707327185,-5.74608338065185,17.4572525011708,-5.79129206562363,18.1702189792103,-5.73178989206301,17.86180521854,-5.19260196501564,20.1215683195663
-5.70818127082631,18.1593043052354,-5.75333696572565,17.4565124665379,-5.79856800612704,18.1706910358505,-5.73902249187968,17.8622646714644,-5.19895281965808,20.1251500500128
-5.71538684294685,18.1609006173605,-5.76059853308855,17.4558610871895,-5.80583707817449,18.1712525046301,-5.74625870574839,17.8627680966901,-5.20525571958069,20.1288144883309
-5.72259441495477,18.1623858935869,-5.76786699969021,17.4552984412037,-5.81309818458592,18.1719032818013,-5.75349898712188,17.8632603436321,-5.21150959256377,20.1325609866902
-5.72980198696269,18.1638711698132,-5.7751414319192,17.4548245836807,-5.82035037938493,18.1726432654521,-5.76074187037482,17.8637969538004,-5.21771350136018,20.1363889653803
-5.73694887662368,18.1655363506381,-5.78242089520121,17.4544395637424,-5.82759271664305,18.1734723475149,-5.76795654819909,17.8644679001848,-5.22386650987721,20.1402978414613
-5.74409517551583,18.167203282912,-5.78970327818287,17.4541434724599,-5.83482308305798,18.1743902655095,-5.77517201169432,17.8651841428083,-5.22996670692179,20.1442863710094
-5.75118748903809,18.1690494036076,-5.79698645744564,17.4539363380198,-5.84203936398501,18.1753966920752,-5.78236050310031,17.866034405166,-5.23601222566001,20.1483532258182
-5.75827849560718,18.1708997481332,-5.80426948602661,17.4538181058614,-5.84924061875011,18.1764914130271,-5.78954788972447,17.8669311735688,-5.24200221405455,20.1524976827413
-5.76531433695589,18.1729186548729,-5.81155143233133,17.4537887148698,-5.85642592298044,18.1776742101073,-5.79670677824651,17.8679565826859,-5.24793583183322,20.1567190315627
-5.77235098564949,18.1749310057864,-5.81883136367072,17.4538480979556,-5.86359435224564,18.1789448589679,-5.80386469023905,17.8690230361098,-5.25381223566861,20.161016566277
-5.77942263731977,18.1766591244816,-5.82610836467498,17.453996182343,-5.87074500016761,18.1803031324668,-5.81103826748599,17.8699916555663,-5.25963059435995,20.1653895943744
-5.78649428899005,18.1783872431768,-5.83338220721177,17.454232912416,-5.87787763516371,18.1817489348011,-5.81820989599236,17.8710045286572,-5.26539061521511,20.1698378509009
-5.7932774855362,18.1810603937737,-5.84065264414638,17.4545582598781,-5.884992002315,18.183282194149,-5.8252352260598,17.8725341565248,-5.27109196040667,20.1743610983182
-5.79998154622624,18.1839928079522,-5.84791741141529,17.4549721088751,-5.89208587261269,18.1849024159435,-5.83221778711569,17.8742375879243,-5.27673271416341,20.1789578375451
-5.80684518355531,18.1865324767449,-5.85517392462872,17.4554742505663,-5.89915671695232,18.1866089594148,-5.83927564543589,17.8757887032999,-5.28231078701612,20.1836262669967
-5.81371044302228,18.1890681531789,-5.86242176128913,17.4560645656307,-5.90620412312785,18.1884016318133,-5.84632961434122,17.8773818177613,-5.28782580183271,20.1883659104119
-5.82060766020208,18.191376343056,-5.86966083340757,17.456742984425,-5.91322800042158,18.1902803454581,-5.85339481921402,17.8789051492441,-5.29327760797339,20.1931765472722
-5.82750556354859,18.1936796485502,-5.87689058327469,17.457509422189,-5.92022779744563,18.1922449196127,-5.86045534706502,17.8804699545166,-5.29866566676828,20.1980576877547
-5.83400845032969,18.1973397224093,-5.88411045353313,17.4583638060202,-5.92720296114369,18.1942951853675,-5.86731306941844,17.8827570216551,-5.30398942323905,20.2030088608803
-5.84067547996857,18.2003310824468,-5.8913182201949,17.4593058572386,-5.93415132979291,18.1964304918708,-5.87424645644473,17.8847534613781,-5.30924710877733,20.2080284329267
-5.84734250960744,18.2033224424843,-5.89851245300229,17.4603353406113,-5.941071517208,18.1986503630026,-5.88117272385181,17.8867935073303,-5.31443759218736,20.2131152495807
-5.85400953924632,18.2063138025218,-5.90569288821109,17.4614521709582,-5.94796326227209,18.200954665453,-5.88809174138948,17.8888771160951,-5.31956059609508,20.2182689657907
-5.86069284927483,18.2091701867481,-5.91285846703344,17.462656155669,-5.95482553804202,18.2033430268788,-5.89501112191981,17.8909366994438,-5.3246152592395,20.2234886860456
-5.86737634799898,18.2120250065556,-5.92000848839929,17.4639471533307,-5.96165766169848,18.2058151852147,-5.90192247088495,17.8930388899026,-5.32960097545751,20.2287737701782
-5.873424902355,18.2154352186339,-5.92714225502369,17.4653250277167,-5.96845895330055,18.2083708840661,-5.9085078748959,17.8954620953071,-5.3345171336062,20.2341235882248
-5.87930890230035,18.2189893681221,-5.93424205458051,17.4667861432871,-5.97521254635053,18.211003562051,-5.91499368907296,17.8979986988518,-5.33935169336568,20.2395244256033
-5.88548887088591,18.2224193088221,-5.94128604031383,17.4683250962075,-5.98189779587379,18.2137042193625,-5.92159927437333,17.9005118404436,-5.34409076296263,20.244958331239
-5.89169740780085,18.2258372602873,-5.94828134561759,17.4699421287634,-5.98852168614766,18.2164742677771,-5.92819449873619,17.9030577746647,-5.34874053124821,20.2504290483282
-5.89775523250467,18.2294371430471,-5.95524050217744,17.4716391883226,-5.99509623410386,18.2193177146895,-5.93469598155798,17.9057344840439,-5.35331015143608,20.2559452465218
-5.90378973821658,18.2330651751809,-5.96216492541842,17.4734160291079,-6.00162286317287,18.2222345474567,-5.94116812919444,17.9084649618693,-5.35780081063429,20.2615075104819
-5.90982424392849,18.2366932073147,-5.96905502622145,17.4752722385468,-6.00810203416434,18.2252244213371,-5.94762280932354,17.9112349300172,-5.36221287090321,20.2671157835441
-5.91585874964041,18.2403212394486,-5.97591011175531,17.4772071464381,-6.01453316342189,18.2282865517551,-5.95405967939261,17.9140440514413,-5.36654595659444,20.2727691395931
-5.92196936990452,18.243945146714,-5.98272933070146,17.4792200329583,-6.02091551973813,18.2314200780485,-5.96051637510188,17.9168899010793,-5.3707996325985,20.278466481046
-5.92808079509762,18.2475690103581,-5.98951767374628,17.4813119664227,-6.02725382877436,18.2346268872843,-5.96695773353986,17.9197750751689,-5.37497703960521,20.2842116579462
-5.93361407521991,18.2515891774394,-5.99628011962659,17.4834843027204,-6.0335527545653,18.2379091507038,-5.97309676421624,17.9228984472422,-5.37908102215939,20.2900088164285
-5.93899062579875,18.2557186491664,-6.00300856417228,17.4857343210424,-6.03980475413824,18.2412628128504,-5.97914013512367,17.9261151251648,-5.38310645932712,20.295850939678
-5.9448770398908,18.2596314425301,-6.00969305266436,17.4880582650211,-6.04600063686106,18.244682482323,-5.98541618190524,17.9292601996,-5.38704763389359,20.3017288853271
-5.95076345398285,18.2635442358938,-6.01633995871579,17.490457778726,-6.05214639638271,18.2481708438264,-5.99167315437877,17.9324428569436,-5.39090870879994,20.3076475952072
-5.9566498680749,18.2674570292575,-6.02295744454787,17.4929355427826,-6.05824961130579,18.2517319112311,-5.99791512348648,17.9356644718773,-5.39469443887928,20.3136140582485
-5.96065659050196,18.2716275523284,-6.02954459279451,17.4954911874289,-6.06430942538307,18.2553651597679,-6.00320178686405,17.9390537224062,-5.398404027871,20.319627442578
-5.96623649419104,18.2760363871916,-6.03608914020984,17.4981197744151,-6.07031457415795,18.2590636403488,-6.00925347041549,17.9425983819339,-5.40203055469678,20.3256763163242
-5.97182037765723,18.2804458093154,-6.04258824513695,17.5008196432487,-6.07626252704602,18.2628252241925,-6.01528416056405,17.946178746602,-5.40557285981073,20.331757412529
-5.97736347223159,18.2847723941452,-6.04905083198822,17.5035928213651,-6.08216172596734,18.2666534088487,-6.02127592827205,17.9497541533396,-5.40903687668094,20.3378775540958
-5.98290629906887,18.2890984352335,-6.05547848787094,17.5064388253948,-6.08801380423254,18.2705479793079,-6.02724983023367,17.9533655149703,-5.41242403052044,20.3440372365512
-5.98822155344478,18.2935977913497,-6.06187440358951,17.5093537159867,-6.09382256195951,18.2745055870085,-6.03309382572131,17.9570978050205,-5.41573912401901,20.3502351781561
-5.99347535879982,18.2981439459173,-6.06823629401642,17.5123244955291,-6.09958794267469,18.2785130258542,-6.03888988657734,17.9608812569807,-5.41898836699521,20.3564594532927
-5.99872916415485,18.3026901004849,-6.07455913391106,17.5153403262156,-6.10530682682358,18.2825587523841,-6.04466626877739,17.9646870323766,-5.42217471964855,20.3626980986449
-6.00398296950989,18.3072362550525,-6.08084752669613,17.5183864657564,-6.11098625289937,18.2866290065986,-6.05042533353203,17.9685077766798,-5.42531172214715,20.3689416605486
-6.00924496024493,18.3116971300918,-6.08710558073216,17.5214539667786,-6.11663178938703,18.2907156581137,-6.05617326387818,17.9722963916761,-5.42840902024711,20.3751850208073
-6.01450695915029,18.3161579200084,-6.09334053664257,17.524534648768,-6.12225196232529,18.294811867687,-6.06190962397857,17.9760914126053,-5.43147836731218,20.381425564479
-6.01970739243097,18.3206517632615,-6.09955956328558,17.5276207063824,-6.12785516371467,18.298911157647,-6.06760724169213,17.9799055347895,-5.43453126238711,20.3876609374147
-6.02490707601056,18.3251460090139,-6.10576673954735,17.5307057204302,-6.13344650579917,18.3030078932394,-6.07329858933043,17.983719239548,-5.43757563045432,20.3938881496233
-6.03003616181362,18.329691621515,-6.11196383603563,17.5337879642741,-6.13902802841056,18.307100671921,-6.07894963516437,17.9875571520721,-5.4406139215105,20.4001069131223
-6.03516459793782,18.334237328117,-6.11815233423416,17.5368660574659,-6.14460142713886,18.3111883845168,-6.0845960993809,17.9913929514874,-5.44364792194707,20.406317147337
-6.04028440433084,18.3387698164591,-6.12433277179379,17.5399405373989,-6.15016714019731,18.3152716520121,-6.09023425856299,17.995220252643,-5.44667725041574,20.4125198406484
-6.04540421072386,18.3433023048011,-6.13050405048752,17.5430152424802,-6.15572342928345,18.3193540708593,-6.09586786319096,17.9990475805797,-5.44969781920241,20.4187177964612
-6.05043648713784,18.3479998401072,-6.13666535039548,17.5460933961984,-6.16126893430867,18.3234386786598,-6.10145272539757,18.0029590685312,-5.45270626900054,20.42491343014
-6.05546792955801,18.3526989479962,-6.14281913555096,17.549176998537,-6.16680574044603,18.3275278659775,-6.10703341723884,18.0068739894648,-5.45570295644833,20.4311100049569
-6.06059842959299,18.3571125252436,-6.1489693423661,17.5522651793238,-6.17233787432298,18.3316214462209,-6.11266185592509,18.0106483721973,-5.45869156770943,20.4373092070968
-6.06575286178532,18.3614571187562,-6.1551144148968,17.5553548579051,-6.17786432888762,18.3357161171586,-6.11829971270498,18.0143889438469,-5.46167287791859,20.44350757943
-6.07090729397765,18.3658017122688,-6.16125296622492,17.5584410537241,-6.18338459019159,18.3398067322929,-6.12393434736086,18.0181277003093,-5.46464928654644,20.4497001078894
-6.07605821535889,18.3701473234366,-6.16738579409245,17.5615206727065,-6.18889997537963,18.3438903773506,-6.12956441526001,18.0218636061728,-5.46762383009114,20.4558845821137
-6.08104950300162,18.3745392065657,-6.17351347615442,17.5645920591987,-6.19441133913146,18.3479655180883,-6.1351121501496,18.025618462655,-5.47059831232346,20.4620598843643
-6.08604079064434,18.3789310896949,-6.17962627961707,17.5676513838468,-6.19990974969635,18.3520267143081,-6.1406525172935,18.0293671818141,-5.47356745032169,20.4682169983817
-6.09098561150194,18.3832784285698,-6.18571474164238,17.5706947822015,-6.20538654803806,18.3560685360883,-6.1461575662503,18.033085524163,-5.47652643571719,20.4743469289529
-6.09593022697561,18.3876255705584,-6.19177974946078,17.573724850685,-6.21084216809234,18.3600936875979,-6.15165086164648,18.0367969645519,-5.47947466237562,20.4804521393852
-6.10074295403199,18.3923460468009,-6.19782236760537,17.5767438529269,-6.21627727410104,18.3641045766829,-6.15706708547747,18.0406894047167,-5.48241172379267,20.4865350070321
-6.10555465472505,18.3970694283522,-6.20385228816296,17.5797584470345,-6.2217002740385,18.3681094226528,-6.16247648888774,18.0445809970854,-5.48534101999634,20.4926068225198
-6.1104740301212,18.4011968577729,-6.20988028740864,17.582773304533,-6.22712098063684,18.3721146792759,-6.16793879132055,18.0481746921601,-5.48826787091883,20.4986780402164
-6.11542045247599,18.4051745891479,-6.21589714759816,17.5857832381536,-6.23253120497628,18.3761136515861,-6.17340909046725,18.0516909872042,-5.49118784387259,20.5047390685854
-6.12036687483077,18.409152320523,-6.22189153378819,17.5887811084222,-6.237921009282,18.3800973560793,-6.17886822271411,18.0552011182705,-5.49409658258246,20.5107772082873
-6.12531329718555,18.413130051898,-6.2278614320956,17.5917649581173,-6.2432887494491,18.384063514208,-6.18431518830085,18.058704099513,-5.49699424442702,20.5167894125951
-6.13020783575547,18.4173792005041,-6.2338071459147,17.5947341789589,-6.24863483280688,18.3880115742324,-6.18972419897628,18.062335337097,-5.49988199300261,20.522775120021
-6.13510202751606,18.4216301633577,-6.23973516863264,17.5976923566493,-6.25396504237519,18.3919461815255,-6.19512425607533,18.0659618472339,-5.50276295172999,20.528741052086
-6.13977648619117,18.4262957289562,-6.24565206756088,17.6006430402688,-6.2592852375058,18.3958719617691,-6.20040893600672,18.0697918246378,-5.50563993983676,20.5346941324804
-6.14444969112732,18.4309636601686,-6.25156237344125,17.6035899142211,-6.26459924586992,18.399793325919,-6.20568972928498,18.073621011263,-5.50851369036953,20.5406403362749
-6.14944922966381,18.4347849842497,-6.25747070751364,17.6065364432681,-6.26991102043528,18.403714485939,-6.21113272648227,18.0770266718292,-5.51138503876396,20.5465855699401
-6.15453322681991,18.438387197367,-6.26337033955089,17.6094793225232,-6.27521450194847,18.4076310252691,-6.21661363788943,18.0803208760083,-5.51425027379256,20.5525232988591
-6.15945037426148,18.442589419382,-6.26925307373294,17.6124137471096,-6.28050244835077,18.4115367943299,-6.22200272983764,18.083910749991,-5.51710594606895,20.5584446622967
-6.16436298455023,18.4468079574696,-6.27512280715671,17.615341248669,-6.28577843692399,18.4154339702846,-6.22738310162903,18.0875052271701,-5.51995445616694,20.5643531330014
-6.16927234427712,18.4510194297993,-6.28098529986737,17.6182643627811,-6.2910477044308,18.4193260438754,-6.23275826669916,18.0910939064834,-5.52279888213704,20.5702542055984
-6.17418167966243,18.4552308492177,-6.28684124573863,17.6211834577734,-6.29631087063748,18.4232134979398,-6.23813018327525,18.0946804819385,-5.52563942034502,20.5761486572532
-6.17909301662831,18.4594334522354,-6.29269119557893,17.6240988263514,-6.30156842736242,18.4270967162395,-6.24350013831116,18.0982607207878,-5.52847616204405,20.582037136141
-6.18400435752572,18.4636360379357,-6.29853552489134,17.6270109123927,-6.30682066759217,18.4309762011013,-6.24886731885653,18.1018392463593,-5.53130895882404,20.5879203064282
-6.18891951387107,18.4678296322509,-6.30437472104214,17.6299199272855,-6.31206803479023,18.4348522450668,-6.25423387334265,18.1054116795294,-5.53413794686249,20.5937986910712
-6.19383471781676,18.4720231143923,-6.31020917691022,17.6328260410694,-6.31731088653259,18.4387250835878,-6.25959811345899,18.1089825467322,-5.53696324541975,20.59967270679
-6.19628205716522,18.4739128954977,-6.3160392873223,17.6357294294634,-6.32254958135705,18.4425949580198,-6.26372627969593,18.1114001431662,-5.53978498963402,20.6055427673666
-6.19869596680307,18.4757714706531,-6.32164848367072,17.6385212900399,-6.32758918943685,18.4463178493096,-6.26772749751199,18.1137459358061,-5.54250157593014,20.6111888038568
-6.20258778867954,18.4796727583863,-6.3268192993452,17.6410872351072,-6.33223213936352,18.4497477800387,-6.27224781914882,18.1170014788113,-5.54501659126806,20.6163845816309
-6.20648467159503,18.48358104129,-6.33176835263036,17.6435340785375,-6.33667271171439,18.4530282507959,-6.27665851070021,18.1202035654841,-5.5474458673565,20.6213422815894
-6.20577536971134,18.4822164026783,-6.33671518130426,17.6459720264133,-6.34110849598453,18.4563052191635,-6.2787635179806,18.120767744222,-5.54989735382836,20.6262824149734
-6.20380124669767,18.4794038624212,-6.34135581935472,17.6482517186783,-6.34526709667624,18.45937744289,-6.2800824944576,18.1205299424935,-5.55221835664682,20.6309025301511
-6.20654058078124,18.482156219131,-6.34530167250461,17.650182727835,-6.34880046274501,18.4619877834172,-6.28341147854628,18.1228989526925,-5.55421750772439,20.6348143006471
-6.20931802416041,18.4849535692074,-6.3488516621407,17.6519133817551,-6.35197700238551,18.4643345227124,-6.28656154501533,18.1251904109741,-5.55604577498544,20.6383150188919
-6.20808533582795,18.4833994017811,-6.35239233699348,17.6536328935772,-6.35514288027346,18.4666733934908,-6.28770054824249,18.1253032881356,-5.55789772001976,20.6417882592967
-6.20563595209062,18.4805249606755,-6.35572298606262,17.655244206462,-6.35811878619537,18.4688719239951,-6.28812586197989,18.1247026496819,-5.5596599569387,20.6450415766
-6.20525679502855,18.4800328929152,-6.35857747457826,17.6566198509559,-6.36066738785159,18.4707547761023,-6.28934936302628,18.1251730875198,-5.56118928145439,20.647816764699
-6.20512621971237,18.4798268878034,-6.36104966123095,17.6578066618593,-6.36287305246564,18.4723842762025,-6.29050697478943,18.1256902250667,-5.56253336843721,20.6502070904402
-6.2049956443962,18.4796208826915,-6.36331438206905,17.6588896739928,-6.36489215675936,18.4738759509683,-6.29156111363766,18.126154984112,-5.56378330947203,20.6523841350344
-6.20486506908002,18.4794148775797,-6.36539014631103,17.6598784806193,-6.36674146495338,18.4752421848195,-6.29252110027135,18.1265720263233,-5.56494407606021,20.6543688659131
-6.20621302675983,18.480806280579,-6.36727667544707,17.6607736543081,-6.36842097729155,18.4764829774776,-6.29412621917876,18.1277400203205,-5.56601084873637,20.6561639492458
-6.20757993261487,18.4822181552005,-6.36906098817765,17.6616170618813,-6.37000836607956,18.4776557115014,-6.29568975019863,18.128892320281,-5.56702891744552,20.6578547018471
-6.20597791031863,18.4805658803805,-6.37083111455812,17.6624513315209,-6.3715822989376,18.4788185049451,-6.29576137868735,18.1285087191665,-5.56804491795988,20.6595271539956
-6.20364883922175,18.4781632384035,-6.37247957066399,17.6632268735689,-6.37304757265493,18.479901023275,-6.2954092707711,18.1277193200064,-5.56899504213721,20.6610815468188
-6.20323457328571,18.4777665927174,-6.37387160928678,17.663880342126,-6.37428443094659,18.4808147925287,-6.29588794808274,18.1278686499081,-5.56980118830062,20.662391096759
-6.20285762005997,18.4774090642578,-6.37506683697523,17.664439886684,-6.37534589426643,18.4815989831689,-6.29628804996478,18.1279881979145,-5.57049764478578,20.6635120819078
-6.20248342696663,18.4770656581964,-6.37615296637988,17.6649471308987,-6.37631005133462,18.4823112857204,-6.29663559373283,18.1280874250927,-5.57113465461405,20.6645275582766
-6.20210923387328,18.476722252135,-6.37714007740457,17.6654072779167,-6.37718601945744,18.4829584358583,-6.29693425299533,18.1281618361762,-5.57171685944668,20.6654479717631
-6.20270850107864,18.4773925160553,-6.37803661130982,17.6658246025433,-6.37798140532813,18.4835460532542,-6.29767497406686,18.1287204073151,-5.57224810377595,20.6662820654928
-6.20332190731341,18.4780775030307,-6.37887910883703,17.6662163393812,-6.37872870382086,18.4840981445476,-6.29839611454427,18.1292727975226,-5.57274914519586,20.6670645086722
-6.20271942969383,18.4775071509441,-6.37970468880862,17.6665998720076,-6.37946088177567,18.4846390650662,-6.29850094490403,18.1291932369476,-5.57324132123508,20.6678303038873
-6.20178544457683,18.4765945340027,-6.38048270918805,17.6669610466248,-6.38015079146928,18.4851487585326,-6.29841659712066,18.1289306387755,-5.57370587505712,20.6685513812488
-6.20085145945983,18.4756819170613,-6.38117350672564,17.6672815132886,-6.38076328277134,18.4856012566269,-6.29828932729168,18.1286462706932,-5.5741189407476,20.6691911287427
-6.19991747434283,18.4747693001198,-6.3817685684156,17.6675573745302,-6.38129082525085,18.4859909959909,-6.29811495416841,18.1283380274987,-5.57447537924631,20.6697417188226
-6.19956371883825,18.4744564316308,-6.38226787446683,17.6677886729348,-6.3817334189131,18.4863179766247,-6.29818358777882,18.1283057928596,-5.57477509369062,20.6702032128493
-6.19923129618145,18.4741656070054,-6.38269434544389,17.6679860790898,-6.38211139886247,18.4865972217539,-6.29822705567115,18.1282664290992,-5.57503167197923,20.6705969313605
-6.19893369697908,18.4739086438126,-6.38307176001031,17.6681606439444,-6.38244585502829,18.4868443122567,-6.29826379960575,18.1282317678481,-5.57525920681631,20.6709449867316
-6.1986386970936,18.4736546131999,-6.38340494564661,17.66831463725,-6.38274107790293,18.4870624178749,-6.29828008567596,18.1281875522614,-5.57546041279721,20.671251976568
-6.19878293046978,18.4738961307577,-6.38369794841477,17.6684499614265,-6.38300066349871,18.4872541952806,-6.29849622403976,18.1283811023217,-5.57563758261627,20.6715217433379
-6.19892716384596,18.4741376483155,-6.38396233706018,17.6685719845534,-6.38323486959509,18.4874272227459,-6.29869828767387,18.1285675234265,-5.57579760320383,20.6717650218015
-6.19839402053956,18.4735980594592,-6.38420961691188,17.6686860330919,-6.38345389362429,18.4875890339595,-6.29855324514829,18.1283591233767,-5.57594735934048,20.6719924585921
-6.19760545898576,18.4727639390129,-6.3844286415126,17.6687869827067,-6.38364786838555,18.4877323392016,-6.29826659973292,18.127996425632,-5.57608005053276,20.672193842921
-6.19737683395037,18.4725667950454,-6.38460405951353,17.668867780987,-6.38380320605532,18.4878471000203,-6.29823848735302,18.1279413794513,-5.57618635647181,20.6723550846169
-6.19715634102422,18.4723789020592,-6.38474474659398,17.6689325393884,-6.38392777414542,18.4879391287989,-6.29819736973465,18.1278823303666,-5.57627164480115,20.6724843610882
-6.19696081587849,18.4722131075179,-6.38486397414726,17.6689873833337,-6.38403332908796,18.4880171109886,-6.29815818754477,18.1278289983742,-5.57634394542826,20.6725938859124
-6.1967653669809,18.4720473804621,-6.38496554583943,17.6690340744836,-6.38412324239694,18.4880835374064,-6.29811036518728,18.1277713141894,-5.57640554952582,20.6726871693905
-6.19658989490369,18.4718977936186,-6.38505308753558,17.6690742894342,-6.3842007270709,18.4881407817609,-6.29806563541693,18.1277182154351,-5.57645864511107,20.6727675537773
-6.19641471255224,18.4717484408581,-6.38513090417842,17.6691100131507,-6.38426959596491,18.4881916609242,-6.29801627036796,18.1276628177137,-5.57650583608433,20.6728390004418
-6.19634714545728,18.4717925444024,-6.3852033534937,17.6691432508434,-6.38433370730814,18.4882390252903,-6.29801807398196,18.1277028128917,-5.57654976007276,20.6729055160846
-6.19628054125111,18.4718383788993,-6.38527507471804,17.6691761327892,-6.38439716707185,18.4882859082805,-6.29801999908913,18.1277434877513,-5.5765932246687,20.6729713642834
-6.19607679835733,18.4715849727804,-6.38535068731169,17.6692107759835,-6.38446406231563,18.4883353293447,-6.29795526375236,18.1276355000099,-5.5766390222996,20.6730407904473
-6.19583616435525,18.4712510691872,-6.38543066283436,17.6692473941303,-6.38453480945041,18.4883875961202,-6.29787422313385,18.1274883373265,-5.57668743005606,20.6731142320024
-6.19571597445262,18.471148057151,-6.38551554764581,17.6692862347426,-6.38460989090935,18.4884430650205,-6.29785581289906,18.1274578287012,-5.57673877031553,20.6731921948278
-6.19559667648681,18.4710467549594,-6.38560670328006,17.6693279175814,-6.38469050990522,18.4885026249585,-6.29784092525793,18.1274297192216,-5.57679385780995,20.6732759335683
-6.1954657927172,18.4710326995949,-6.38570538530644,17.6693730127621,-6.38477777553681,18.4885670953176,-6.29782393747321,18.1274470868175,-5.57685344133657,20.6733666061717
-6.19533484695846,18.4710191110393,-6.38581505632814,17.6694230971358,-6.38487474799979,18.488638736918,-6.29781231107138,18.1274673960677,-5.57691959834731,20.6734674001567
-6.19525460628117,18.4709240685385,-6.38593918935947,17.6694797492244,-6.38498449566666,18.4887198166209,-6.29783313400053,18.1274505429647,-5.57699440490534,20.6735815160955
-6.19518709517234,18.470808576932,-6.38607277403515,17.6695406755804,-6.38510258654007,18.4888070601425,-6.2978649579967,18.1274257902539,-5.57707482380799,20.6737043561807
-6.19511958406351,18.4706930853255,-6.38620951638867,17.6696030022165,-6.38522345553537,18.488896356093,-6.29789832813071,18.1274018070358,-5.57715705904509,20.6738301355375
-6.19505207295468,18.470577593719,-6.38634815349885,17.6696661521608,-6.38534598589498,18.4889868794312,-6.29793262432346,18.1273782811194,-5.57724035191615,20.6739576912563
-6.19498393592439,18.4705176128716,-6.38648868576773,17.6697301245093,-6.38547017761889,18.489078630157,-6.29796753370039,18.1273829677111,-5.57732470467083,20.6740870218125
-6.1949157908216,18.4704583479453,-6.38663262294948,17.6697956049241,-6.38559736438701,18.4891725935703,-6.29800410605242,18.1273888415414,-5.57741102346961,20.6742195158199
-6.1947365355919,18.470399214938,-6.38678149476545,17.6698632868194,-6.38572889707968,18.4892697676784,-6.2979875408854,18.1273959873361,-5.57750022214154,20.6743565824222
-6.1945567520485,18.470340082558,-6.38694096622329,17.6699357409832,-6.38586977934163,18.4893738490888,-6.29797590884744,18.1274057352912,-5.57759568442426,20.6745034418934
-6.19457060390102,18.4702987311557,-6.38711671157266,17.6700155374233,-6.38602502132698,18.4894885392177,-6.29806907556635,18.1274283724127,-5.57770078540635,20.6746653297659
-6.19469340382463,18.4702673841394,-6.38729920927102,17.6700983466796,-6.38618621025842,18.4896076228489,-6.2982200244606,18.1274576620495,-5.57780981257823,20.6748334840362
-6.19466100806936,18.4702291851386,-6.38747353286843,17.6701773968929,-6.38634016289798,18.4897213604311,-6.29828935966656,18.1274814986041,-5.57791385533885,20.6749941475255
-6.19461771271623,18.4701905049138,-6.38764199939713,17.6702537427843,-6.38648892686039,18.4898312647072,-6.29835036647939,18.1275036392341,-5.57801431595047,20.6751494450848
-6.19458246751777,18.4701588088998,-6.38781284322234,17.6703311166103,-6.38663977368849,18.489942707769,-6.29841655978982,18.1275298444515,-5.57811611288742,20.675306962402
-6.19454759928605,18.4701274399373,-6.38798630224117,17.6704096245218,-6.38679291291477,18.4900558444154,-6.29848421954054,18.1275568438632,-5.57821938592017,20.6754669192839
-6.19451273105433,18.4700960709748,-6.38816205962251,17.6704891217011,-6.38694806436132,18.4901704676558,-6.29855300168311,18.1275843956102,-5.57832394288494,20.6756290251127
-6.19447786282261,18.4700647020123,-6.38834010164304,17.6705696006506,-6.38710521549506,18.4902865682309,-6.29862289936543,18.1276124959736,-5.57842977222298,20.6757932687537
-6.1942786741311,18.469982614904,-6.38852042877273,17.6706510603031,-6.38726436631596,18.4904041461408,-6.2986117524691,18.1276157856559,-5.57853687109869,20.6759596519845
-6.19407399006969,18.4698988316285,-6.38870988138036,17.6707365871517,-6.38743155275185,18.4905276606259,-6.29860232824548,18.1276204564947,-5.57864929303779,20.6761344903098
-6.19417965180174,18.4699191382458,-6.38891553085626,17.6708293659047,-6.38761301259006,18.490661720057,-6.29875601467447,18.1276811375819,-5.57877121178906,20.6763243202917
-6.19438707543711,18.4699735757773,-6.3891247433205,17.6709236917536,-6.38779759636321,18.4907980873979,-6.29896232344593,18.1277597438006,-5.57889512039481,20.6765174882973
-6.19436894281888,18.4699552779461,-6.38932043275165,17.6710118649577,-6.38797023066211,18.4909256266712,-6.29904921703927,18.1277986460449,-5.57901091388004,20.6766982111132
-6.19434799928317,18.4699360736754,-6.38950772834478,17.6710962027182,-6.38813544241236,18.4910476822922,-6.29913058388069,18.1278350199262,-5.57912165363717,20.6768712117006
-6.19433108923175,18.4699196650154,-6.38969609771516,17.6711809697459,-6.38830158342232,18.4911704244345,-6.29921448859366,18.1278730410853,-5.57923294778242,20.6770452291764
-6.19431425610735,18.4699033096736,-6.38988550967851,17.6712661512181,-6.38846862593653,18.4912938325927,-6.29929893751282,18.1279113305656,-5.57934477638019,20.67722023529
-6.19430197470271,18.4698897996322,-6.39007581357325,17.6713516788132,-6.38863643690913,18.4914178084748,-6.29938609411738,18.1279512472494,-5.57945704731319,20.6773960925602
-6.19428979994753,18.4698763562579,-6.39026682523736,17.6714374693534,-6.38880485381942,18.4915422320134,-6.29947364555715,18.1279913565353,-5.57956964918093,20.6775726323347
-6.19427928617511,18.4698646021572,-6.39045835902085,17.6715234391512,-6.38897371288706,18.4916669822103,-6.2995622779692,18.1280324241199,-5.57968247066772,20.677749684046
-6.19426878013067,18.4698528614478,-6.3906503543411,17.6716095607716,-6.38914296063138,18.4917920195548,-6.29965113501385,18.1280735971435,-5.57979547496455,20.6779271922582
-6.19425859052239,18.4698421192662,-6.39084275471209,17.6716958086583,-6.38931254719651,18.4919173072144,-6.29974034334288,18.1281153542741,-5.57990862818582,20.6781051050156
-6.1942484009141,18.4698313770847,-6.39103556410428,17.6717821843715,-6.3894824760196,18.4920428477284,-6.29982974666744,18.128157197165,-5.58002193217507,20.6782834261629
-6.19424248033867,18.469823042855,-6.39122878663071,17.6718686895326,-6.38965275066261,18.4921686437282,-6.29992148150259,18.1282003307437,-5.58013538877679,20.6784621597276
-6.19423586570875,18.4698144216674,-6.39142224893905,17.6719552463812,-6.38982321832139,18.4922945823247,-6.30001298133992,18.1282433650765,-5.58024889581534,20.6786411454951
-6.19402285799714,18.4697187079477,-6.39161580410685,17.6720417891169,-6.38999374952458,18.4924205678668,-6.30000132466553,18.1282428614023,-5.58036236714198,20.6788202474385
-6.19380985028552,18.469622994228,-6.391817383781,17.6721318615021,-6.39017133156618,18.4925517624479,-6.299993594437,18.1282443058655,-5.58048044562743,20.6790068080744
-6.19395221426179,18.4696786502548,-6.39203489568867,17.6722289897191,-6.39036292840726,18.4926933109237,-6.30017135051186,18.1283253155879,-5.58060774078679,20.6792081566848
-6.19419873100002,18.4697786699091,-6.39225477416544,17.672327111638,-6.39055658917848,18.4928363841958,-6.30040233634764,18.1284290693152,-5.58073629661446,20.6794117441468
-6.19421863587956,18.4697829393851,-6.39245947198853,17.6724184012505,-6.39073686043553,18.4929695655234,-6.30051257308902,18.1284812221188,-5.58085587029594,20.6796013150487
-6.19422017117788,18.4697794471724,-6.39265361006949,17.6725049264869,-6.39090781402317,18.4930958631159,-6.30060844637447,18.1285268993263,-5.58096919043112,20.6797811337295
-6.19421688793747,18.4697745526748,-6.3928464862967,17.6725908340547,-6.39107763835786,18.4932213264356,-6.30070128681451,18.1285715527951,-5.58108169757157,20.679959805195
-6.19421356474196,18.4697696465495,-6.39303902664227,17.6726765365914,-6.39124714882025,18.4933465578718,-6.30079393728892,18.1286161040983,-5.58119393221769,20.680138187071
-6.19421024154644,18.4697647404242,-6.39323146170501,17.6727621368237,-6.39141654846425,18.4934717074373,-6.30088653073947,18.1286606153748,-5.58130602615707,20.6803164946756
-6.19420691835093,18.4697598342989,-6.39342379333305,17.6728476356749,-6.39158583895975,18.4935967763657,-6.30097906809312,18.1287050870895,-5.58141797770933,20.6804947314807
-6.19400448652067,18.4696670707054,-6.3936160214765,17.6729330332276,-6.39175502030672,18.493721764657,-6.30097199502961,18.1287055905119,-5.5815297847941,20.680672898753
-6.19379462047743,18.4695710267362,-6.39381567403298,17.673021671394,-6.39193071709909,18.4938515664482,-6.30096483525011,18.1287062497361,-5.58164581785467,20.6808579776462
-6.19394682706113,18.4696354191224,-6.39403056243454,17.6731170113184,-6.39211980127624,18.4939912586108,-6.30114616685929,18.128790826105,-5.58177059452666,20.6810572199822
-6.19419593856759,18.4697427506083,-6.39424729850369,17.6732131089028,-6.39231049099926,18.4941321369232,-6.30137684968378,18.1288973062597,-5.58189632448344,20.6812582205975
-6.19421370760952,18.4697480383533,-6.39444854898128,17.6733022835847,-6.3924875375994,18.4942629359293,-6.30148427319282,18.128948976018,-5.58201296872972,20.6814448967835
-6.19421668665976,18.4697468023236,-6.39463935695628,17.6733867771309,-6.39265537998899,18.4943869350218,-6.30157918353593,18.128994825857,-5.58212347845745,20.6816219121578
-6.19421231374041,18.4697425713589,-6.39482898430221,17.6734706935834,-6.39282216617486,18.494510153809,-6.30166983457333,18.1290388766444,-5.58223323020793,20.6817978526438
-6.19420783196037,18.4697382960481,-6.39501831729219,17.6735544253352,-6.39298867574668,18.4946331682385,-6.30176028175284,18.1290828195555,-5.58234273684443,20.6819735406739
-6.19420972273589,18.4697368588298,-6.39520769051103,17.6736381203915,-6.39315520297767,18.4947561957142,-6.30185392958465,18.1291281772579,-5.5824521889132,20.6821492885703
-6.19421219988744,18.4697356827609,-6.39539685029098,17.6737216667441,-6.39332152484555,18.4948790714712,-6.30194776082644,18.1291735995706,-5.58256143695126,20.6823248627186
-6.1942192544089,18.4697365805643,-6.39558551420799,17.6738049399125,-6.39348739311765,18.4950016121194,-6.30204363276783,18.129219924212,-5.5826703162158,20.6825000020914
-6.19422670298303,18.4697376569013,-6.39577347760016,17.6738878499623,-6.39365262800027,18.4951236848303,-6.30213935362504,18.1292661538389,-5.58277870815567,20.6826745171353
-6.19423415155715,18.4697387332384,-6.39596054398775,17.6739703107127,-6.39381705693909,18.4952451621236,-6.3022346302612,18.129312151545,-5.58288649991544,20.682848225354
-6.19424160013128,18.4697398095755,-6.39614669760613,17.6740523157388,-6.39398066625684,18.4953660338949,-6.30232945501567,18.1293579136378,-5.58299368320691,20.6830211118369
-6.19424181785155,18.4697382557337,-6.39633193824996,17.6741338654778,-6.39414345595355,18.4954863001441,-6.30242021241526,18.1294021251188,-5.58310025865935,20.6831931761534
-6.19424125804418,18.4697363561027,-6.39651652400096,17.6742150740006,-6.3943056529882,18.4956061285447,-6.30251025546376,18.1294459909838,-5.58320637529019,20.683364657885
-6.19403935095445,18.4696422995726,-6.39670074209919,17.6742960679722,-6.39446750986555,18.4957257056429,-6.30249943986987,18.1294436754975,-5.58331219841459,20.6835358238791
-6.19383744386472,18.4695482430425,-6.39689220552669,17.6743801922866,-6.39463571474878,18.4958499725395,-6.30249216405451,18.1294431044071,-5.58342209457198,20.6837137507711
-6.19393589928322,18.4695912587519,-6.39709850060937,17.6744707735464,-6.39481693025519,18.4959838514624,-6.30264232037233,18.1295146529694,-5.5835403972443,20.6839054982704
-6.19425921125772,18.4697368891047,-6.39730836341522,17.6745628612863,-6.39500126033697,18.4961200313805,-6.3029066446879,18.1296383587308,-5.58366062965426,20.6841006052071
-6.19425987464337,18.4697358305673,-6.39750209094294,17.6746478143152,-6.39517140059439,18.4962457280985,-6.30300174594726,18.1296847929829,-5.58377151870177,20.6842807467937
-6.19425871301025,18.469733941102,-6.39768332662243,17.6747272382973,-6.39533055343093,18.4963633074975,-6.30308981898598,18.129727770102,-5.58387518010355,20.6844492960573
-6.19406200866664,18.4696425386512,-6.39786422091148,17.6748064609498,-6.3954893897815,18.4964806530821,-6.30307994870154,18.1297258946536,-5.58397857675897,20.684617546181
-6.19386530432303,18.4695511362005,-6.39805226036131,17.6748887585542,-6.39565448251787,18.4966026207777,-6.30307356809148,18.1297257364236,-5.58408598084684,20.684792463568
-6.19402096232373,18.4696207169413,-6.39825486528015,17.6749773721326,-6.39583234433225,18.4967340220502,-6.3032504869903,18.1298095825977,-5.58420160824894,20.6849809613752
-6.19426704904791,18.4697316117008,-6.39845872450175,17.6750664759963,-6.3960112884792,18.4968662229315,-6.30347322812477,18.1299143744236,-5.58431784536537,20.6851706638093
-6.19427069340036,18.4697319402402,-6.39864710547224,17.6751487614361,-6.39617662897846,18.4969883736701,-6.30356717342783,18.1299601226863,-5.58442516558289,20.6853459939395
-6.19427225553736,18.469731319182,-6.3988257465339,17.6752267419095,-6.39633340456869,18.4971041968001,-6.30365530979066,18.1300030261403,-5.58452686293855,20.6855122805324
-6.19427381767436,18.4697306981238,-6.39900388450597,17.6753044518258,-6.39648972225755,18.4972196816404,-6.30374319526279,18.1300457947815,-5.58462820550122,20.6856781167564
-6.19427511218884,18.4697299536053,-6.39918159801382,17.6753819255793,-6.39664565107915,18.4973348791923,-6.30383073447129,18.1300883859618,-5.58472923686344,20.6858435765316
-6.19408266592131,18.4696398320638,-6.39935889706874,17.6754591677671,-6.39680119990149,18.4974497960071,-6.30382119575936,18.1300861753793,-5.58482996000969,20.6860086709236
-6.19389021965378,18.4695497105224,-6.3995431100414,17.6755393689873,-6.3969627974244,18.4975691814987,-6.30381503225384,18.1300856222159,-5.58493452963762,20.6861802280509
-6.19404110157715,18.4696177392456,-6.39974155751006,17.6756257101132,-6.39713686347968,18.4976977785291,-6.30398748636782,18.1301675687718,-5.58504708030684,20.686365075379
-6.1942917975513,18.4697317461872,-6.39994129344578,17.6757125548112,-6.39731204140869,18.4978271969929,-6.30421047197719,18.1302728009281,-5.58516025454849,20.686551161479
-6.19410341275239,18.4696434150023,-6.4001256028356,17.6757926402086,-6.39747367288965,18.4979466075721,-6.30420637136396,18.1302731255095,-5.58526459651554,20.6867229065691
-6.19391377840076,18.469554507996,-6.40030729938681,17.6758715387422,-6.39763299650561,18.4980643131401,-6.30420036394287,18.1302725181156,-5.5853673799594,20.6868922410871
-6.19406235891072,18.4696217760877,-6.40050301383993,17.6759564678882,-6.39780459388193,18.4981910863526,-6.30437031019408,18.1303533666416,-5.58547800437461,20.6870746673619
-6.19430200061885,18.4697310928686,-6.40069999139315,17.676041888902,-6.39797728070768,18.4983186644319,-6.3045863990498,18.1304555297516,-5.58558924581759,20.6872583035442
-6.19430749986824,18.4697324817328,-6.40088197806344,17.6761207577133,-6.3981368088805,18.4984365211229,-6.3046780854762,18.1305001001987,-5.58569193710748,20.6874279913061
-6.19430942790665,18.4697322244481,-6.40105437801736,17.6761954230974,-6.39828791781604,18.4985481578252,-6.30476329670663,18.1305415236119,-5.58578914992855,20.6875887592479
-6.19412404605228,18.4696449198599,-6.40122618090418,17.6762697807874,-6.39843848772796,18.498659396306,-6.30475455655301,18.1305392668745,-5.58588596160923,20.6877489865754
-6.193937926079,18.4695572722506,-6.40140463369427,17.676346965198,-6.39859486926708,18.4987749283178,-6.30474869185351,18.1305384278321,-5.5859864485141,20.6879154354068
-6.19407896536422,18.4696214151795,-6.40159687850232,17.6764300593143,-6.39876331925746,18.4988993762953,-6.30491314045374,18.1306167921201,-5.58609461145548,20.6880947771936
-6.19431367823758,18.4697290194014,-6.40179056129655,17.6765137196617,-6.39893301160392,18.4990247421044,-6.30512512321181,18.1307172191056,-5.58620348371594,20.6882754949554
-6.19432463353063,18.4697329326586,-6.4019697497399,17.6765910687859,-6.39908998884829,18.499140714213,-6.30521814110413,18.1307622982536,-5.58630412172773,20.6884427174892
-6.19432715205069,18.469732936251,-6.40213935786397,17.6766642345358,-6.39923855803201,18.49925047459,-6.30530225581042,18.1308031045924,-5.58639930834098,20.688601019894
-6.19432967057076,18.4697329398434,-6.40230816761692,17.6767370077233,-6.39938641253929,18.4993597069762,-6.30538597595691,18.1308437065067,-5.58649398163125,20.6887585941229
-6.19433218909083,18.4697329434358,-6.40247649807238,17.6768095261037,-6.39953383190896,18.4994686178902,-6.30546945740944,18.1308841808305,-5.58658831991139,20.6889157384726
-6.19433633921744,18.4697337376824,-6.40264434912507,17.6768817898944,-6.39968081614101,18.4995772073319,-6.30555351594953,18.1309249229333,-5.58668232080381,20.6890724543415
-6.19434056671916,18.469734569424,-6.40281164867352,17.6769537683981,-6.39982730221551,18.4996854287433,-6.30563733928867,18.1309655389802,-5.58677594199714,20.6892286757103
-6.19416304901211,18.469650478947,-6.40297832118233,17.6770254294979,-6.39997322412395,18.4997932333585,-6.305629979289,18.1309635310518,-5.58686914017349,20.6893843328281
-6.19398315787556,18.4695652794619,-6.40315129509037,17.6770997502594,-6.40012464714804,18.499905102104,-6.30562450532674,18.1309624696637,-5.58696578340165,20.6895458990217
-6.19403668984795,18.4695891126905,-6.40333759495441,17.6771797430362,-6.40028771880416,18.5000255766601,-6.30574224552725,18.1310191111396,-5.587069778356,20.6897199436514
-6.19414503935779,18.4696385513739,-6.40352842821598,17.6772616278808,-6.40045474134623,18.5001489700632,-6.30588960314749,18.131089629706,-5.58717620053959,20.6898982601687
-6.19425338886764,18.4696879900573,-6.40371282204483,17.677340697581,-6.40061611141816,18.5002681875179,-6.30603381163005,18.1311585893381,-5.58727893445563,20.6900705936945
-6.19436173837749,18.4697374287407,-6.40388868791372,17.6774160609016,-6.40077000265603,18.5003818797376,-6.30617385162324,18.1312254900659,-5.58737683361728,20.6902349840472
-6.19436394373086,18.4697374231269,-6.4040560241177,17.6774877217937,-6.40091641505995,18.5004900467225,-6.30625665062786,18.1312656105959,-5.58746991445343,20.6903914214039
-6.19436563981823,18.4697371802856,-6.40421887111822,17.6775574139356,-6.40105888494581,18.5005953010423,-6.30633699898161,18.1313045242333,-5.58756043547053,20.6905436780481
-6.19436790246738,18.4697371710309,-6.40438128999819,17.677626876438,-6.40120096559628,18.5007002678016,-6.30641741725227,18.1313434402063,-5.58765065624079,20.6906955501799
-6.19437016760416,18.4697371628018,-6.40454328398382,17.6776961108829,-6.40134265990584,18.5008049491389,-6.3064976249976,18.1313822430669,-5.58774057628954,20.690847042241
-6.19437043858634,18.4697362185201,-6.40470483680437,17.6777651105994,-6.40148395374041,18.5009093346121,-6.30657661599044,18.1314204604404,-5.58783018428524,20.6909981404932
-6.19437070333337,18.4697352713116,-6.40486604142002,17.6778339155582,-6.40162492849548,18.5010134843548,-6.30665542960043,18.1314585812094,-5.58791953012348,20.6911489329719
-6.19437563413957,18.469736443101,-6.40502699118401,17.6779025658119,-6.40176566588298,18.5011174587344,-6.30673644756672,18.1314976887316,-5.58800866444458,20.6912995077263
-6.19438078523282,18.4697377149294,-6.40518748625096,17.6779709763537,-6.40190599123647,18.5012211287103,-6.30681734949651,18.131536725751,-5.58809747602598,20.6914496782019
-6.1943844401839,18.4697383413706,-6.40534731697831,17.6780390581693,-6.40204572137665,18.5013243589528,-6.30689717490163,18.1315752694796,-5.58818584889812,20.6915992483544
-6.19438807179167,18.469738957723,-6.40550653376396,17.6781068331078,-6.40218490049157,18.5014271821072,-6.30697668481603,18.1316136497186,-5.58827381129036,20.6917482652818
-6.19439012131631,18.4697388578061,-6.40566519741081,17.6781743273972,-6.40232358184903,18.5015296375269,-6.30705512957629,18.1316515280069,-5.58836139720216,20.6918967857854
-6.19439217084096,18.4697387578891,-6.40582337892562,17.678241571544,-6.40246182761588,18.5016317711397,-6.30713333490278,18.1316892795331,-5.58844864620226,20.692044876227
-6.19422414967137,18.4696580238419,-6.40598114839668,17.6783085956044,-6.40259969913728,18.5017336282664,-6.30712629967377,18.1316866040505,-5.5885355972791,20.6921926021249
-6.19405436014713,18.4695764513802,-6.40614500477212,17.6783781586625,-6.40274287514828,18.5018394042594,-6.30712134568754,18.1316849516293,-5.58862582714405,20.6923460508209
-6.19419600677942,18.4696423374962,-6.4063215165902,17.6784530437415,-6.40289709343,18.5019533380935,-6.30727827925818,18.1317600381722,-5.58872293648023,20.6925113807147
-6.19441194467695,18.4697434000702,-6.40649884314473,17.67852822413,-6.40305200773713,18.5020677861394,-6.30747275129642,18.1318528945693,-5.58882039940381,20.6926775064992
-6.19440966780618,18.4697413751799,-6.4066622310664,17.6785974491957,-6.40319473072984,18.5021732274502,-6.3075513122961,18.1318908684131,-5.58891012075027,20.6928306005967
-6.19440739093542,18.4697393502896,-6.40681720096088,17.678663064037,-6.40333008670208,18.5022732261321,-6.30762576307409,18.1319268223678,-5.58899515363152,20.6929758258861
-6.19441378246855,18.4697412930242,-6.40697211719771,17.6787286121041,-6.40346538199621,18.502373179986,-6.30770451781405,18.1319647361081,-5.58908009562585,20.6931210169572
-6.19442086190711,18.4697435506209,-6.40712661069966,17.6787939372546,-6.40360029429517,18.5024728508896,-6.30778340624494,18.1320026952746,-5.58916474353389,20.6932658283832
-6.19442353066616,18.4697438170783,-6.40728028293705,17.6788588713435,-6.40373447570354,18.5025719818237,-6.30785968474637,18.132039451948,-5.58924887765134,20.6934098875472
-6.1944261675581,18.4697440691498,-6.40743329571688,17.6789234831853,-6.40386806765226,18.5026706772751,-6.30793562168416,18.1320760331741,-5.58933258566247,20.6935533468438
-6.19442880445004,18.4697443212213,-6.40758584157936,17.6789878544206,-6.40400123835728,18.5027690615189,-6.30801132692348,18.1321124921013,-5.58941597219694,20.6936963873344
-6.19443143143685,18.4697445686347,-6.40773792179311,17.679051985877,-6.40413398902525,18.5028671354464,-6.30808679616381,18.1321488267728,-5.58949903751546,20.6938390105722
-6.19443194323629,18.4697438213262,-6.40788953671407,17.6791158779857,-6.40426632006249,18.5029648993579,-6.30816097696867,18.1321845423116,-5.58958178171502,20.6939812170533
-6.19443245503573,18.4697430740177,-6.40804078612274,17.6791795730397,-6.40439831864251,18.5030624176557,-6.30823497560934,18.1322201598929,-5.58966425923917,20.6941231004616
-6.19443702895666,18.4697442012613,-6.40819176936569,17.6792431130611,-6.40453007153249,18.5031597544419,-6.30831087160364,18.1322566404833,-5.58974652412784,20.694264754131
-6.19444174468867,18.4697453939466,-6.4083423113257,17.6793064245824,-6.40466142599865,18.5032567968794,-6.30838661944833,18.1322930379243,-5.58982848100331,20.6944060138245
-6.19428132423298,18.4696672160134,-6.40849223072448,17.6793694316858,-6.40479222397518,18.5033534281918,-6.30837949180402,18.1322895911558,-5.58991003167086,20.6945467092751
-6.19412000513684,18.4695886061601,-6.40864786742638,17.6794347972146,-6.40492799620981,18.5034537344012,-6.3083746978241,18.1322872764225,-5.5899946204145,20.6946927920592
-6.19414654811636,18.4696002771799,-6.40881560388669,17.6795051964509,-6.40507430890854,18.5035618277256,-6.30846972850782,18.1323329657572,-5.59008570095333,20.6948502592241
-6.1942531095804,18.4696504026809,-6.40898826123211,17.6795776119306,-6.40522489871731,18.5036730809059,-6.30860716253173,18.1323990390382,-5.59017936054623,20.6950123778266
-6.19435967104444,18.4697005281819,-6.40915555001441,17.6796477286947,-6.40537079149363,18.5037808639987,-6.30874197569323,18.1324638250472,-5.59027001991605,20.6951694853565
-6.19446623250848,18.4697506536829,-6.40931439499747,17.6797142618125,-6.4055093065754,18.5038831965768,-6.30887266957121,18.1325265945734,-5.59035602769966,20.6953186867157
-6.19446754467614,18.4697503960178,-6.40946479452278,17.6797772152185,-6.40564044396271,18.5039800786401,-6.30894661910699,18.1325621568748,-5.59043739932973,20.6954599729725
-6.1944685477095,18.4697499903691,-6.40961079218393,17.6798382848018,-6.40576773041957,18.5040741157018,-6.30901826519145,18.1325965900612,-5.59051633294526,20.6955971381845
-6.19447043189963,18.4697499648781,-6.40975644466091,17.6798991685431,-6.40589470306866,18.5041679209276,-6.30909017986004,18.1326311209448,-5.59059502392177,20.6957339928674
-6.19447232506546,18.4697499432595,-6.40990173579216,17.6799598598536,-6.40602134788032,18.5042614839527,-6.30916191916339,18.1326655575988,-5.59067346152737,20.6958705230473
-6.19431878953961,18.4696746728198,-6.41004663721738,17.680020347133,-6.40614764021777,18.5043547865759,-6.30915575048087,18.1326622670051,-5.59075162842988,20.6960067033298
-6.19416331369145,18.4695984629978,-6.41019715544914,17.680083136096,-6.40627881470523,18.5044516960482,-6.30915134433538,18.1326598271784,-5.59083275880112,20.6961481814371
-6.1942803133434,18.4696539384014,-6.41035937410818,17.6801507594557,-6.40642017156579,18.5045561280839,-6.30928887207165,18.1327259906844,-5.59092011632133,20.6963006821773
-6.19448667025998,18.469752599455,-6.41052284469228,17.6802188583765,-6.4065626050184,18.5046613554875,-6.30947168416269,18.1328140317815,-5.59100806290066,20.696454388046
-6.19449033902982,18.4697534980986,-6.41067358831188,17.6802816132597,-6.40669393629527,18.5047583807931,-6.30954694858429,18.1328501670006,-5.59108908891302,20.6965961505218
-6.19449141236636,18.4697531448889,-6.41081597243061,17.680340848079,-6.40681797222749,18.5048500164226,-6.3096168396582,18.1328836870824,-5.59116556102924,20.6967300684687
-6.19434148123661,18.4696791737482,-6.41095791897,17.6803998606215,-6.4069416145421,18.5049413612542,-6.3096110117231,18.1328802844423,-5.59124174164917,20.6968635893037
-6.19418887138419,18.4696038966725,-6.41110537599334,17.6804611220042,-6.40707004376753,18.5050362425737,-6.30960652457415,18.1328775219643,-5.59132081815934,20.6970023100169
-6.19427868578322,18.4696465134393,-6.41126429687959,17.6805271005665,-6.40720844352386,18.5051384899513,-6.30972882877248,18.1329364063942,-5.59140596775762,20.6971518378227
-6.19449289895128,18.4697496268305,-6.41142542134019,17.6805939482922,-6.40734874822601,18.5052421446704,-6.30991440142147,18.1330260485753,-5.59149221612901,20.6973034654213
-6.19450605128076,18.4697551652172,-6.41157457579516,17.6806557881009,-6.40747861676054,18.5053380893269,-6.30999361068779,18.1330640631357,-5.59157198497019,20.6974438511234
-6.19450652347834,18.4697545499245,-6.41171470865014,17.6807138482144,-6.40760061809512,18.5054282218304,-6.31006208319564,18.1330968589777,-5.59164686957888,20.6975757620373
-6.1945110111004,18.4697558243144,-6.41185406624255,17.6807715476609,-6.40772193233243,18.5055178467182,-6.31013218236487,18.1331304065287,-5.59172128493931,20.6977069570022
-6.19451583404385,18.4697572565086,-6.41199296884395,17.6808290192684,-6.40784283835263,18.5056071700222,-6.31020222409708,18.133163915574,-5.59179540190184,20.6978377377126
-6.19451144170777,18.46975428314,-6.41213123325698,17.6808861875467,-6.40796317679583,18.5056960740099,-6.31026734392689,18.1331950612574,-5.59186912132866,20.6979679325898
-6.19450686134543,18.4697512198815,-6.41226926374858,17.6809432199148,-6.40808329960483,18.5057848186908,-6.31033225233445,18.1332260968905,-5.59194265741171,20.6980979231746
-6.19451127909304,18.4697523884069,-6.41240748736209,17.6810002928527,-6.40820357843625,18.5058736786384,-6.31040175029781,18.1332592840721,-5.59201623621259,20.6982281124507
-6.19451741416928,18.4697543645867,-6.41254552321108,17.6810572491254,-6.40832368186952,18.5059624090048,-6.31047201201666,18.1332928208982,-5.59208965396342,20.6983581422415
-6.19452253057195,18.4697559382047,-6.41268290741718,17.6811138976041,-6.40844320638113,18.5060507116738,-6.31054144371185,18.1333259929411,-5.59216266394177,20.6984875756733
-6.1945275132314,18.4697574589697,-6.4128195969402,17.6811702209349,-6.40856211465357,18.5061385590758,-6.31061046693719,18.1333589650092,-5.59223524387186,20.6986163720127
-6.19453249589085,18.4697589797347,-6.41295562720826,17.6812262341038,-6.40868043763208,18.5062259740726,-6.31067916584561,18.1333917719789,-5.59230741318507,20.6987445644429
-6.1945374785503,18.4697605004997,-6.41309100220918,17.6812819391306,-6.408798178908,18.5063129593175,-6.31074754241467,18.1334244148873,-5.59237917458735,20.6988721565352
-6.19453832131904,18.4697600639226,-6.4132257218019,17.6813373363356,-6.40891533848133,18.5063995148104,-6.31081352666711,18.1334559151277,-5.59245052864325,20.6989991479431
-6.19453916185618,18.4697596262904,-6.41335997304697,17.6813925029563,-6.40903207913425,18.5064857608121,-6.310879278498,18.1334872949695,-5.59252157494996,20.6991257148233
-6.19454183162116,18.4697600413549,-6.41349394316174,17.6814475161362,-6.40914856373666,18.5065718176481,-6.31094580476484,18.133519025411,-5.59259241279572,20.6992520336312
-6.19454426691155,18.4697603398482,-6.41362755627932,17.681502344908,-6.40926472638749,18.5066576366317,-6.31101203671888,18.1335506040148,-5.59266300218946,20.6993780328252
-6.19440222136779,18.4696892367763,-6.41376074552554,17.6815569620613,-6.40938050902426,18.5067431748674,-6.31100581866453,18.1335463726126,-5.59273330806732,20.6995036492743
-6.19426017582403,18.4696181337045,-6.41389917501349,17.6816136887846,-6.40950083506035,18.506832069689,-6.31100214680588,18.1335433635958,-5.59280631636184,20.6996342265817
-6.19437413747113,18.4696734052829,-6.41404850143106,17.6816748383946,-6.40963061998276,18.5069279525744,-6.3111317764837,18.1336060929374,-5.59288499737485,20.6997751057922
-6.1945573588394,18.46976286603,-6.41419871708582,17.681736309765,-6.40976116485784,18.5070243968998,-6.31129646491318,18.1336861151119,-5.59296406852546,20.6999168493122
-6.19441927144869,18.469693575481,-6.41433710302792,17.6817929015347,-6.40988141735831,18.5071132373945,-6.31129474063199,18.1336839724653,-5.5930368452214,20.7000474511878
-6.19427945965521,18.4696234329441,-6.41447353342441,17.6818486552637,-6.40999995889072,18.5072008138552,-6.3112911994939,18.1336809347988,-5.59310853333961,20.700176224419
-6.19438357533485,18.4696740816957,-6.41462066179079,17.6819087389924,-6.41012778294021,18.5072952480811,-6.31141482224759,18.1337407941679,-5.59318577619218,20.700315114132
-6.19454771852496,18.4697544556776,-6.41476899181185,17.681969271551,-6.41025663824205,18.5073904441787,-6.31156903956417,18.1338157876427,-5.59326357847226,20.7004551598068
-6.19456531318814,18.4697623023109,-6.41490660247382,17.6820253911219,-6.41037616987157,18.5074787521062,-6.31164476552967,18.1338519922712,-5.59333569479381,20.7005851033972
-6.19456828511102,18.469762912102,-6.41503686885302,17.6820784790667,-6.41048931100661,18.5075623388456,-6.31170960496304,18.1338828463476,-5.593403908321,20.7007081260542
-6.1945712570339,18.469763521893,-6.41516609377916,17.6821311060812,-6.41060153652445,18.5076452491425,-6.3117739346852,18.1339134469984,-5.59347152564417,20.7008301776081
-6.19457422895679,18.469764131684,-6.41529484909247,17.6821835053865,-6.41071334314953,18.5077278499687,-6.31183803281131,18.1339439283965,-5.59353884575754,20.7009517984132
-6.1945777844022,18.4697650388421,-6.41542313469283,17.6822356772066,-6.41082473088187,18.507810141324,-6.31190219108154,18.1339744392677,-5.59360586736517,20.7010729891644
-6.19458137195944,18.4697659623647,-6.41555092754597,17.6822876124653,-6.41093567981611,18.5078921085028,-6.31196612262177,18.1340048337817,-5.59367257739431,20.7011937287869
-6.19458369967811,18.4697662844626,-6.41567820334688,17.6823393015959,-6.4110461689515,18.5079737359901,-6.31202916967238,18.134034797424,-5.59373896248701,20.7013139948053
-6.19458600702015,18.4697665968331,-6.4158050184403,17.6823907677832,-6.41115624729934,18.5080550599945,-6.31209197939213,18.1340646393085,-5.59380505173636,20.7014338407375
-6.19445162658693,18.469698331462,-6.41593143138662,17.6824420350541,-6.41126596577673,18.5081361181328,-6.31208624658054,18.1340600892003,-5.59387087564194,20.7015533220311
-6.19431712190651,18.4696300037546,-6.41606283274512,17.6824952881487,-6.41138000262632,18.5082203666108,-6.31208287355732,18.1340566659572,-5.59393923719147,20.7016775351852
-6.19442018540021,18.4696806992099,-6.41620461863562,17.6825527094766,-6.41150303953203,18.5083112641765,-6.31220332939064,18.1341151736337,-5.59401293134739,20.7018115859928
-6.19459938645542,18.4697695400665,-6.41634744083737,17.6826105102615,-6.41162696356908,18.5084028171398,-6.31236235427519,18.1341929862269,-5.59408709015804,20.7019466399925
