gt_x,gt_y,K=1_pred_x,K=1_pred_y,K=5_pred_x,K=5_pred_y,K=10_pred_x,K=10_pred_y,baseline_pred_x,baseline_pred_y
9.33103162231093,3.44669707131652,9.33103162231093,3.44669707131652,9.33103162231093,3.44669707131652,9.33103162231093,3.44669707131652,9.33103162231093,3.44669707131652
9.33103846422548,3.4467007196239,9.33102796550557,3.44669556780996,9.33102796550557,3.44669556780996,9.33102796550557,3.44669556780996,9.33102796550557,3.44669556780996
9.33103861969013,3.44670080836784,9.33102488103053,3.44669429961874,9.33102488103053,3.44669429961874,9.33102488103053,3.44669429961874,9.33102488103053,3.44669429961874
9.33103877515477,3.44670089711178,9.3310220929017,3.44669315327115,9.3310220929017,3.44669315327115,9.3310220929017,3.44669315327115,9.3310220929017,3.44669315327115
9.33103890455144,3.44670097178141,9.33101932513499,3.44669201529552,9.33101932513499,3.44669201529552,9.33101932513499,3.44669201529552,9.33101932513499,3.44669201529552
9.33103893301122,3.4467009919544,9.33101657647744,3.44669088517667,9.33101657647744,3.44669088517667,9.33101657647744,3.44669088517667,9.33101657647744,3.44669088517667
9.331038961787,3.44670101232889,9.33101384082452,3.44668976040471,9.33101384082452,3.44668976040471,9.33101384082452,3.44668976040471,9.33101384082452,3.44668976040471
9.33103899171061,3.44670103343532,9.33101111332319,3.44668863898431,9.33101111332319,3.44668863898431,9.33101111332319,3.44668863898431,9.33101111332319,3.44668863898431
9.3310390219395,3.44670105473014,9.33100839396652,3.4466875209126,9.33100839396652,3.4466875209126,9.33100839396652,3.4466875209126,9.33100839396652,3.4466875209126
9.33103905323312,3.446701076682,9.33100568275422,3.44668640618949,9.33100568275422,3.44668640618949,9.33100568275422,3.44668640618949,9.33100568275422,3.44668640618949
9.3310390814708,3.44670109701686,9.33100297970931,3.44668529482441,9.33100297970931,3.44668529482441,9.33100297970931,3.44668529482441,9.33100297970931,3.44668529482441
9.33103909929299,3.44670111184051,9.33100028499197,3.44668418603749,9.33100028469442,3.44668418676091,9.33100028480383,3.44668418649484,9.33100028436926,3.44668418755211
9.33103912397482,3.44670113036287,9.3309975979111,3.44668307956435,9.33099759702522,3.4466830817176,9.33099759735288,3.44668308092086,9.33099759602918,3.4466830841419
9.33103917399074,3.44670116254538,9.33099491825956,3.44668197533517,9.3309949164998,3.44668197961148,9.33099491715398,3.44668197802093,9.33099491447264,3.44668198454701
9.33103922078282,3.44670119297938,9.33099224756833,3.44668087399311,9.33099224465377,3.44668088107392,9.33099224574189,3.44668087842851,9.33099224122736,3.44668088941884
9.33103925645851,3.44670121738422,9.33098958689241,3.44667977598345,9.33098958254602,3.44667978654029,9.33098958417461,3.44667978258129,9.33098957734897,3.44667979920167
9.33103928269032,3.44670123674441,9.3309869355643,3.44667868103922,9.33098692951151,3.44667869573714,9.33098693178646,3.44667869020741,9.33098692217097,3.44667871362654
9.33103927631253,3.44670123868545,9.33098429260253,3.44667758876195,9.33098428457039,3.44667760826162,9.33098428759713,3.44667760090516,9.33098427471314,3.44667763229237
9.3310392876677,3.44670125014622,9.3309816559394,3.44667649830233,9.33098164565508,3.44667652326362,9.33098164953909,3.44667651382447,9.33098163290693,3.44667655435236
9.3310393814382,3.44670130585069,9.33097902482143,3.44667540935264,9.33097901201267,3.44667544043359,9.33097901685924,3.44667542865628,9.33097899599979,3.44667547949704
9.33103879258677,3.44670099928567,9.33097640404495,3.44667432390278,9.33097638844563,3.44667436174609,9.33097639435768,3.44667434738097,9.3309763688022,3.44667440968233
9.33103576955286,3.44669940089277,9.3309737692103,3.44667323184585,9.3309737505277,3.44667327715817,9.33097375761827,3.44667325993108,9.3309737268537,3.44667333494974
9.33103279859009,3.44669783013675,9.33097099091201,3.44667207950012,9.33097096868509,3.44667213339518,9.33097097713156,3.44667211287584,9.33097094035958,3.44667220256616
9.33103669788365,3.44669990578762,9.33096797028255,3.44667082574356,9.33096794388319,3.44667088973875,9.33096795392698,3.44667086534151,9.33096791006308,3.44667097235848
9.33103973490787,3.4467015234477,9.3309649941989,3.44666958958973,9.33096496337416,3.44666966429347,9.33096497511311,3.44666963578136,9.33096492370931,3.44666976122621
9.33103975339522,3.44670153782448,9.33096231158287,3.44666847453212,9.3309622764855,3.44666855957108,9.33096228986195,3.44666852708462,9.33096223116498,3.44666867036084
9.33103977018205,3.44670155133849,9.33095976168361,3.44666741387959,9.3309597222551,3.44666750939154,9.33095973729215,3.44666747287523,9.33095967119222,3.44666763425781
9.33103978109187,3.44670156187078,9.33095721937088,3.44666635562458,9.33095717535472,3.44666646222577,9.33095719215128,3.44666642144022,9.33095711820179,3.4466666020284
9.33103979182329,3.44670157235877,9.33095468406506,3.44666529952998,9.33095463520502,3.44666541783555,9.33095465385983,3.44666537254178,9.33095457161507,3.4466655734335
9.33103980188125,3.44670158267955,9.3309521552785,3.44666424539654,9.33095210131865,3.44666437602052,9.33095212193029,3.44666432598,9.33095203094528,3.44666454827217
9.33103982489903,3.44670159994829,9.33094963282889,3.44666319315199,9.33094957351405,3.44666333670603,9.3309495961808,3.44666328168111,9.33094949601218,3.44666352646745
9.33103990600138,3.44670164835715,9.33094711718891,3.44666214299724,9.33094705226612,3.44666230008733,9.33094707708535,3.44666223984254,9.33094696729387,3.44666250820759
9.33103932254894,3.44670134470617,9.33094461173954,3.4466610963486,9.33094454096493,3.44666126755827,9.33094456803049,3.44666120186679,9.33094444819299,3.44666149485636
9.33103641219057,3.446699808335,9.33094209168538,3.44666004284633,9.33094201475649,3.44666022890004,9.33094204418469,3.44666015748068,9.33094191377784,3.446660476387
9.33103350183219,3.44669827196382,9.33093943299044,3.44665893059146,9.3309393492853,3.44665913298352,9.33093938131505,3.44665905525795,9.33093923926674,3.44665940272037
9.3310371797004,3.44670022652597,9.33093653921076,3.44665771912521,9.33093644782151,3.44665794003792,9.33093648280144,3.44665785516204,9.33093632754743,3.44665823502949
9.33104018285562,3.44670182346207,9.33093368273451,3.4466565224225,9.33093358345533,3.44665676234512,9.33093362146457,3.44665667012817,9.33093345264676,3.44665708329161
9.33104023939699,3.44670185858727,9.33093110802379,3.44665544299444,9.33093100135796,3.446655700708,9.33093104220336,3.44665560161902,9.33093086068469,3.44665604597159
9.33104029593836,3.44670189371246,9.33092866560874,3.44665441830032,9.33092855167467,3.44665469351332,9.33092859531076,3.44665458766343,9.33092840129471,3.44665506271667
9.33104035247973,3.44670192883766,9.33092623390044,3.44665339737098,9.33092611246974,3.44665369062685,9.33092615898414,3.44665357780473,9.33092595207889,3.44665408453271
9.33104039855726,3.44670195821033,9.33092381289684,3.44665238021173,9.33092368374316,3.44665269204858,9.33092373322267,3.446652572045,9.33092351304031,3.44665311141292
9.33104040720296,3.44670196700474,9.33092140212349,3.44665136662936,9.330921265021,3.44665169758367,9.33092131755217,3.44665157019001,9.33092108370593,3.44665214316097
9.3310398086658,3.44670165465507,9.33091899941645,3.4466503557194,9.33091885413394,3.44665070634017,9.33091890980537,3.44665057134297,9.33091866189945,3.44665117890299
9.33103699533934,3.44670017088487,9.33091657791665,3.44664933617784,9.3309164241301,3.44664970723676,9.33091648306597,3.44664956433643,9.33091622054537,3.4466502078641
9.33103421578521,3.44669870499089,9.33091402066837,3.44664825871545,9.33091385762617,3.44664865201093,9.33091392011473,3.44664850051082,9.33091364168981,3.4466491831944
9.33103779340521,3.44670060404768,9.33091123731453,3.44664708515297,9.3309110638989,3.44664750336153,9.33091113036888,3.4466473422252,9.33091083412065,3.44664806880538
9.33104003510218,3.44670179600126,9.33090849249369,3.44664592701539,9.33090830855279,3.44664637049266,9.33090837906215,3.44664619958118,9.3309080647314,3.44664697071282
9.33103726332036,3.44670033432378,9.33090599400005,3.44664487206377,9.33090580020933,3.44664533917967,9.33090587449857,3.44664515912231,9.33090554324857,3.44664597195473
9.33103463084801,3.44669894636286,9.3309034786875,3.44664380925697,9.33090327470944,3.44664430081277,9.33090335290772,3.44664411129833,9.33090300416302,3.44664496726568
9.33103808752605,3.44670078051827,9.33090074462692,3.446642653202,9.33090052928045,3.44664317202136,9.33090061184051,3.44664297195601,9.33090024357767,3.446643876065
9.33104080117157,3.44670222136403,9.3308980503892,3.4466415131779,9.33089782354894,3.44664205955168,9.33089791051844,3.44664184882162,9.33089752252671,3.44664280161003
9.33104082167993,3.44670223665061,9.33089561782058,3.4466404831457,9.33089538033991,3.44664105501891,9.33089547139106,3.44664083441831,9.33089506514041,3.44664183227572
9.33104084218828,3.44670225193718,9.33089330416947,3.44663950277334,9.33089305631825,3.44664009949039,9.33089315134709,3.44663986927199,9.33089272730684,3.44664091105607
9.33104086269664,3.44670226722376,9.33089099758333,3.4466385247026,9.33089073914343,3.44663914677697,9.33089083823315,3.44663890674102,9.33089039603599,3.44663999337519
9.33104029541831,3.44670197211344,9.33088869806084,3.44663754893699,9.33088842881546,3.44663819687865,9.33088853204867,3.44663794682677,9.33088807132979,3.446639079229
9.33103758574056,3.44670054565034,9.33088638128573,3.44663656515505,9.33088610090246,3.44663723975019,9.3308862084061,3.44663697937703,9.33088572860273,3.44663815895525
9.3310348760628,3.44669911918723,9.33088393433456,3.44663552536116,9.33088364192189,3.44663622873291,9.33088375403716,3.44663595721536,9.33088325362892,3.44663718774675
9.3310365015954,3.44669998279165,9.33088126863022,3.44663439181092,9.33088096282308,3.44663512721335,9.3308810800726,3.44663484329017,9.33088055672842,3.44663613056015
9.33103815694111,3.44670086214479,9.33087856343379,3.44663324065486,9.33087824373962,3.44663400925398,9.33087836631152,3.44663371247242,9.33087781919482,3.44663505857236
9.33103981228682,3.44670174149794,9.33087599918052,3.44663214870495,9.33087566604388,3.44663294942659,9.33087579376714,3.44663264020155,9.3308752236462,3.44663404325134
9.33104053385228,3.44670212781502,9.33087357707234,3.44663111655782,9.33087323097464,3.44663194824052,9.33087336366413,3.44663162702085,9.33087277137106,3.44663308498082
9.33103787616508,3.44670072988636,9.3308712584697,3.44663012782127,9.33087089971209,3.44663098973489,9.33087103725176,3.4466306568025,9.33087042331077,3.44663216839422
9.33103522518843,3.44669933550042,9.33086886503891,3.44662910645563,9.33086849295165,3.44663000018807,9.33086863559735,3.44662965492686,9.33086799887304,3.44663122298404
9.33103859566808,3.44670112002498,9.33086625738213,3.44662799288752,9.33086587048734,3.44662892195395,9.33086601880433,3.44662856300097,9.3308653567809,3.44663019378193
9.3310412727287,3.44670253824513,9.33086368455393,3.44662689341875,9.33086328276826,3.44662785800544,9.33086343678765,3.44662748528748,9.33086274933231,3.44662917914489
9.33104122721309,3.44670251824156,9.33086136654139,3.44662590214534,9.33086095108616,3.44662689932731,9.33086111033953,3.44662651397689,9.33086039954774,3.446628265735
9.33104119697785,3.4467025064023,9.33085916187424,3.44662495867952,9.33085873317657,3.44662598742709,9.33085889749964,3.44662558984238,9.33085816411088,3.44662739768717
9.33104127062977,3.44670255006993,9.33085695854357,3.44662401512241,9.33085651637008,3.44662507598041,9.33085668585141,3.44662466594942,9.33085592947836,3.44662653086333
9.33104134428168,3.44670259373757,9.33085476210293,3.44662307385458,9.33085430625492,3.44662416728489,9.33085448096977,3.44662374462779,9.33085370128443,3.4466256674466
9.33104141793359,3.44670263740521,9.33085257739205,3.44662213695546,9.33085210770275,3.44662326334353,9.33085228771413,3.44662282791011,9.33085148444317,3.44662480933448
9.3310409011785,3.4467023698914,9.33085040440853,3.44662120443101,9.33084992071359,3.44662236415633,9.33085010608356,3.44662191579868,9.33084927895783,3.44662395651937
9.33103832649342,3.44670101771967,9.33084821869487,3.44662026578488,9.33084772067194,3.44662145960257,9.33084791152296,3.44662099802716,9.33084706000459,3.44662309940367
9.33103581939005,3.4466997011721,9.33084591056958,3.44661927387395,9.33084539716228,3.44662050428455,9.33084559389754,3.44662002852107,9.33084471619972,3.4466221950208
9.3310390816845,3.44670142583023,9.33084339762648,3.44661819318552,9.33084286719291,3.44661946408001,9.33084307043936,3.44661897261895,9.33084216378031,3.4466212111887
9.33104110136369,3.44670249558093,9.33084092080704,3.44661712728537,9.33084037331905,3.44661843871625,9.33084058308644,3.44661793153627,9.33083964743019,3.44662024229253
9.33103856192475,3.44670116249589,9.33083866687612,3.44661615662589,9.33083810361993,3.44661750552261,9.33083831941555,3.44661698381344,9.33083735696084,3.44661936130753
9.3310361008151,3.44669987067797,9.33083639625284,3.44661517809294,9.33083581686108,3.4466165653148,9.3308360388244,3.44661602874236,9.3308350489598,3.44661847452231
9.33103930424471,3.44670156317481,9.33083392397081,3.44661411190843,9.33083332673728,3.44661554149289,9.33083355551936,3.44661498849051,9.33083253536073,3.44661750976975
9.33104180847246,3.44670288710139,9.33083148747308,3.44661306042085,9.33083087238666,3.44661453237922,9.33083110799065,3.44661396294159,9.33083005753284,3.44661655976116
9.33104180542182,3.44670288936645,9.33082929196572,3.44661211227175,9.33082866054933,3.44661362297563,9.33082890239232,3.44661303850919,9.33082782423312,3.44661570441817
9.33104129025458,3.44670262235576,9.33082720478048,3.44661121027238,9.33082655760868,3.44661275834523,9.33082680547018,3.44661215938314,9.33082570059786,3.44661489194148
9.3310387944803,3.44670131392314,9.33082510108824,3.44661030050391,9.33082443780322,3.44661188678082,9.33082469181888,3.4466112729984,9.33082355964097,3.44661407370965
9.33103633396058,3.44670002404294,9.33082287810544,3.4466093384751,9.33082219754687,3.44661096569265,9.33082245815874,3.44661033602758,9.33082129672369,3.4466132097899
9.33103952734106,3.44670170948226,9.33082045565119,3.44660828939002,9.3308197560001,3.44660996184333,9.33082002390156,3.4466093146285,9.33081883014389,3.44661226912622
9.33104201162742,3.44670302152688,9.33081806836299,3.44660725481279,9.33081734963131,3.44660897245754,9.3308176248166,3.44660830770924,9.33081639877137,3.44661134288506
9.33104201413862,3.44670302671866,9.33081592010222,3.44660632317343,9.33081518396155,3.44660808203588,9.3308154657915,3.44660740129499,9.33081421030153,3.44661051007298
9.33104148577268,3.44670275307457,9.3308138792307,3.44660543748871,9.33081312632418,3.44660723603207,9.33081341455225,3.44660653989407,9.33081213071992,3.4466097195451
9.33103903523012,3.44670146983383,9.33081182152161,3.4466045438745,9.33081105148168,3.44660638295431,9.33081134624702,3.44660567108652,9.33081003346625,3.44660892315318
9.33103658468756,3.44670018659309,9.33080964593071,3.44660359840876,9.33080885753325,3.44660548090579,9.33080915930173,3.44660475218962,9.33080781552023,3.44660808183475
9.3310397123757,3.44670183558916,9.33080727331316,3.44660256660142,9.33080646463093,3.44660449705678,9.33080677413643,3.44660374972919,9.33080539611638,3.44660716508754
9.33104218694038,3.44670314103139,9.33080493329427,3.44660154826249,9.3308041043447,3.44660352661797,9.33080442157928,3.44660276070066,9.33080300936636,3.44660626169012
9.33104215104141,3.44670312595877,9.33080282848821,3.44660063164741,9.33080198107334,3.44660265362854,9.33080230534863,3.44660187077954,9.33080086199846,3.44660544977702
9.33104213293313,3.44670312035785,9.33080082839832,3.44659976002925,9.33079996321314,3.44660182397923,9.330800294263,3.44660102484081,9.33079882096324,3.44660467889895
9.3310422161406,3.44670316869704,9.33079883032601,3.44659888868511,9.33079794716475,3.44660099507485,9.33079828506643,3.44660017946352,9.33079678148656,3.44660390943909
9.3310422833628,3.44670320852257,9.33079683979865,3.44659802002817,9.33079593850617,3.44660016920881,9.33079628331762,3.44659933698758,9.33079474921259,3.4466031435236
9.33104229215855,3.44670321723056,9.3307948607579,3.44659715578419,9.33079394121689,3.44659934801729,9.3307942929816,3.44659849908392,9.33079272817019,3.44660238266384
9.33104230797626,3.44670322975457,9.33079288967166,3.44659629441649,9.33079195173428,3.44659853003551,9.33079231050739,3.44659766425985,9.33079071475703,3.44660162549627
9.33104235131808,3.44670325723632,9.33079092406507,3.44659543484744,9.33078996756166,3.44659771423696,9.33079033340657,3.44659683146899,9.33078870644833,3.44660087106642
9.33104239465989,3.44670328471807,9.33078896540209,3.44659457772092,9.3307879901781,3.44659690122973,9.33078836315245,3.44659600133333,9.33078670474291,3.44660011993265
9.33104243800171,3.44670331219982,9.33078701484851,3.44659372355146,9.33078602076198,3.44659609149835,9.33078640091859,3.44659517434904,9.33078471083586,3.44659937253756
9.33104247612937,3.44670333680478,9.3307850724027,3.44659287234312,9.33078405931332,3.44659528504282,9.33078444670435,3.4465943505177,9.33078272472954,3.44659862887564
9.33104249420645,3.44670335034731,9.3307831378582,3.44659202401017,9.33078210562528,3.44659448177808,9.33078250030303,3.44659352975398,9.33078074621683,3.44659788886303
9.3310425144983,3.44670336508096,9.33078121022117,3.44659117812116,9.33078015869567,3.44659368129209,9.33078056071558,3.44659271163829,9.33077877428499,3.44659715211508
9.33104254324862,3.44670338436358,9.33077928878877,3.4465903343715,9.3307782178159,3.44659288329352,9.3307786272356,3.44659189587414,9.33077680821828,3.44659641835922
9.33104257095245,3.44670340310132,9.33077737397374,3.44658949294617,9.33077628340419,3.4465920879543,9.33077670027919,3.44659108263855,9.33077484844222,3.44659568774924
9.33104259487193,3.44670341986863,9.33077546604265,3.4465886539663,9.33077435573116,3.44659129538572,9.33077478011541,3.44659027204659,9.330772895233,3.44659496038273
9.33104261991416,3.4467034372391,9.3307735647165,3.4465878173131,9.33077243451626,3.44659050547242,9.33077286646428,3.44658946398159,9.33077094830836,3.44659423614926
9.33104264899646,3.44670345677998,9.3307716698226,3.44658698291445,9.33077051958632,3.44658971814319,9.33077095915278,3.44658865837197,9.33076900749471,3.44659351497912
9.33104216069225,3.44670320584312,9.33076978157167,3.44658615086699,9.33076861115559,3.44658893348614,9.33076905839382,3.44658785530915,9.33076707301115,3.44659279694854
9.33103985924882,3.44670200703887,9.3307678790112,3.44658531193561,9.33076668804658,3.44658814279406,9.33076714309538,3.44658704588088,9.33076512339016,3.44659207409293
9.33103755780538,3.44670080823461,9.33076586703498,3.44658442414559,9.33076465411168,3.44658730653559,9.33076511750559,3.44658618960675,9.33076306114175,3.44659131031882
9.3310387322711,3.44670142704525,9.33076367168128,3.44658345477187,9.33076243454848,3.44658639395548,9.33076290714125,3.44658525496629,9.33076081038197,3.44659047764619
9.33104022462849,3.44670221208712,9.3307614348624,3.44658246640834,9.33076017280851,3.44658546403426,9.33076065486888,3.44658430234342,9.33075851654782,3.44658962997523
9.33104171698588,3.44670299712898,9.33075931141621,3.44658152749371,9.33075802546276,3.44658458114658,9.33075851660109,3.44658339769142,9.33075633844234,3.44658882595974
9.33104290899195,3.44670362496841,9.33075731428939,3.4465806438253,9.33075600563071,3.44658375068653,9.33075650539185,3.44658254656111,9.33075428940638,3.44658807042216
9.33104293457095,3.44670364230557,9.33075543120417,3.44657981004353,9.33075410092217,3.44658296755987,9.33075460889381,3.44658174375531,9.33075235690389,3.44658735863841
9.33104247113411,3.4467034043108,9.33075360232079,3.44657899970393,9.33075225082924,3.44658220688857,9.33075276685284,3.44658096378751,9.3307504795672,3.44658666793467
9.33104023249929,3.44670223942434,9.33075176005549,3.44657818287374,9.33075038698881,3.44658144056496,9.3307509112017,3.44658017784104,9.33074858803213,3.4465859727742
9.33103799386447,3.44670107453789,9.33074981176819,3.44657731844135,9.33074841566209,3.44658063004802,9.33074894861849,3.44657934637612,9.33074658715065,3.44658523824028
9.33104071394227,3.44670250049939,9.33074768485672,3.44657637410706,9.33074626335558,3.44657974512071,9.33074680594773,3.44657843836639,9.33074440228849,3.44658443705553
9.33104314426949,3.446703774831,9.3307455819413,3.44657543978578,9.33074413509096,3.44657887007829,9.33074468729978,3.44657754029046,9.33074224154737,3.44658364559654
9.33104315032797,3.44670378158149,9.3307436937564,3.44657460029318,9.33074222392906,3.4465780842983,9.33074278485309,3.44657673363897,9.33074030096707,3.44658293556971
9.33104315403303,3.44670378713769,9.33074190949484,3.44657380646104,9.33074041775059,3.44657734168257,9.33074098698628,3.44657597112095,9.33073846674625,3.44658226520206
9.3310431483878,3.44670378794888,9.33074013005031,3.44657301422909,9.33073861624413,3.44657660098775,9.33073919384499,3.44657521039853,9.33073663703105,3.44658159722258
9.33104315320086,3.44670379429275,9.33073835467036,3.44657222326488,9.33073681864877,3.44657586190099,9.33073740467147,3.44657445115122,9.33073481104986,3.44658093134645
9.33104320972858,3.44670382799482,9.33073658323647,3.44657143351793,9.33073502484524,3.44657512437326,9.33073561934674,3.44657369332943,9.3307329886826,3.44658026752733
9.33104325838598,3.44670385753548,9.33073481861643,3.44657064626992,9.33073323773862,3.44657438959898,9.33073384076172,3.44657293816148,9.33073117288206,3.446579606837
9.33104327733282,3.44670387136672,9.33073306281895,3.44656986242165,9.33073145936486,3.44657365841524,9.33073207094202,3.44657218650921,9.33072936571904,3.44657895002292
9.33104329627966,3.44670388519796,9.33073131404884,3.44656908117639,9.33072968790733,3.44657293007513,9.33073030807913,3.44657143760636,9.33072756534976,3.44657829640873
9.33104331522651,3.44670389902919,9.33072957088702,3.44656830190395,9.33072792192987,3.44657220398817,9.33072855074333,3.44657069084698,9.3307257703164,3.44657764546025
9.3310428928695,3.4467036829703,9.33072783333238,3.44656752460711,9.33072616143248,3.44657148015435,9.33072679893419,3.44656994623217,9.3307239806206,3.44657699717371
9.33104075387239,3.44670257265544,9.33072608335808,3.44656674121933,9.33072438814931,3.44657075106362,9.33072503447635,3.44656919603554,9.33072217769278,3.44657634482587
9.33103869273292,3.44670150292036,9.33072423283265,3.44656591225328,9.33072251276182,3.44656997999239,9.33072316850056,3.44656840245915,9.330720270706,3.44657565560126
9.33104133755656,3.44670288595581,9.33072221485485,3.4465650076576,9.33072046743877,3.44656913905165,9.3307211335274,3.44656753677333,9.33071819064998,3.44657490467207
9.33104349638362,3.44670401554723,9.33072022473558,3.44656411494127,9.33071845012137,3.44656830962551,9.33071912650238,3.44656668274302,9.33071613880856,3.44657416476398
9.33104352327522,3.44670403334826,9.33071843473451,3.44656331144519,9.33071663544976,3.4465675635178,9.33071732116502,3.44656591432465,9.33071429284182,3.44657349984551
9.33104355016681,3.44670405114928,9.33071673812573,3.4465625493518,9.33071491526089,3.44656685625695,9.33071560989624,3.44656518574603,9.33071254276133,3.44657287017421
9.3310435770584,3.44670406895031,9.33071504802194,3.44656178966291,9.33071320147125,3.44656615162717,9.33071390506509,3.44656445970967,9.33071079896661,3.44657224347013
9.33104314809793,3.44670384963943,9.33071336442181,3.44656103238174,9.33071149408086,3.44656544962846,9.33071220667105,3.44656373621684,9.33070906145945,3.44657161972897
9.33104106410003,3.4467027694592,9.33071166866892,3.4465602691148,9.33070977416883,3.44656474248144,9.33071049589324,3.4465630072494,9.33070731098448,3.44657099204142
9.33103905684156,3.44670172921505,9.33070987439101,3.44655946095146,9.33070795411934,3.4465639941626,9.33070868558584,3.44656223566121,9.33070545835409,3.4465703284739
9.3310416895805,3.44670310367909,9.3307079170305,3.44655857873391,9.33070596841694,3.44656317773506,9.33070671059521,3.44656139365171,9.33070343684488,3.44656960523916
9.33104375884857,3.44670418472807,9.33070598924036,3.44655770925338,9.33070401248845,3.44656237354916,9.33070476529968,3.44656056407559,9.33070144538985,3.44656889356644
9.33104374947155,3.44670418336835,9.33070425744554,3.44655692764068,9.33070225521414,3.44656165104052,9.33070301765191,3.44655981858315,9.33069965596733,3.44656825481862
9.33104374904797,3.44670418673601,9.33070261363417,3.44655618523353,9.33070058702592,3.4465609651599,9.330701358672,3.44655911072029,9.33069795704313,3.44656764906227
9.33104378939356,3.44670421162964,9.33070097325612,3.44655544387375,9.33069892213029,3.44656028063304,9.33069970303617,3.44655840409135,9.33069626125545,3.44656704510979
9.33104340304693,3.44670401495042,9.33069933854063,3.44655470457149,9.33069726279073,3.44655959839056,9.33069805299494,3.44655769965785,9.33069457091099,3.44656644377943
9.33104136879601,3.44670296254711,9.33069769388813,3.4465539602704,9.33069559317203,3.4465589119218,9.33069639280209,3.44655699069689,9.33069286987811,3.44656583933497
9.33103933454508,3.44670191014379,9.33069595458232,3.44655317259914,9.33069382725947,3.44655818586152,9.33069463693293,3.44655624067407,9.33069107050977,3.44656520067679
9.33104054769228,3.44670254417335,9.3306940533587,3.44655231101704,9.33069189672935,3.44655739211823,9.33069271746332,3.44655542054521,9.33068910315361,3.44656450319223
9.33104179666204,3.44670319680623,9.33069212268661,3.44655143549673,9.33068993607038,3.44655658598738,9.33069076811963,3.44655458742476,9.33068710483835,3.44656379554356
9.3310430456318,3.4467038494391,9.33069029645021,3.44655060677491,9.33068808125485,3.44655582337437,9.33068892408625,3.4465537990973,9.33068521415804,3.44656312677811
9.33104358548283,3.44670413405121,9.33068857608606,3.4465498255679,9.3306863337663,3.44655510488918,9.33068718682921,3.44655305621427,9.33068343265334,3.44656249735122
9.33104159088086,3.4467031033246,9.33068693264096,3.44654907878423,9.33068466421634,3.44655441844868,9.33068552712444,3.44655234630041,9.33068173038836,3.4465618966087
9.33103959627889,3.44670207259798,9.33068523378931,3.44654830630138,9.33068293817981,3.44655370878355,9.33068381133856,3.44655161219857,9.33067997030686,3.44656127617351
9.33104210261542,3.44670337712729,9.33068337617366,3.44654746105577,9.33068105061996,3.44655293270762,9.33068193506778,3.44655080921413,9.33067804527192,3.44656059837081
9.33104415844936,3.44670444776342,9.33068154322177,3.44654662646873,9.3306791879054,3.4465521668469,9.33068008357184,3.44655001661653,9.33067614533447,3.44655993017484
9.33104416377326,3.44670445390719,9.33067989995446,3.44654587774411,9.33067751776163,3.44655148016225,9.33067842355699,3.44654930579539,9.33067444160033,3.44655933167172
9.33104378259155,3.44670425985816,9.33067834449942,3.44654516855085,9.33067593668273,3.44655083009689,9.33067685213321,3.44654863272572,9.33067282851881,3.44655876566511
9.3310418280969,3.4467032509026,9.33067677757837,3.44654445364736,9.33067434376378,3.44655017516346,9.33067526900856,3.44654795445962,9.3306712031528,3.44655819600389
9.33103993308897,3.44670227277215,9.33067511918779,3.4465436965004,9.33067265766154,3.44654948191743,9.33067359334435,3.44654723635078,9.33066948248855,3.44655759363741
9.33104109824354,3.44670288037068,9.3306733075559,3.44654286883222,9.3306708155429,3.44654872452479,9.33067176270695,3.44654645161426,9.33066760237263,3.44655693621148
9.33104226339811,3.44670348796922,9.33067146999269,3.44654202875084,9.33066894683891,3.4465479562015,9.3306699057284,3.44654565536936,9.3306656948822,3.44655626998666
9.33104342855268,3.44670409556775,9.33066973133704,3.44654123335148,9.33066717851258,3.4465472291488,9.330668148572,3.44654490172157,9.33066388962535,3.44655564019992
9.33104394938005,3.44670436955952,9.33066809156606,3.44654048268444,9.33066551056392,3.44654654336667,9.33066649122931,3.44654419069056,9.3306621866285,3.44655504677631
9.33104203084733,3.44670338054857,9.33066652437814,3.44653976476184,9.33066391625951,3.4465458878636,9.33066490712962,3.44654351089721,9.33066055861931,3.44655448013983
9.3310401123146,3.44670239153761,9.33066490400376,3.44653902197498,9.33066226765581,3.44654521003521,9.33066326914752,3.44654280778975,9.3306588749521,3.44655389481069
9.33104250462587,3.44670363360075,9.33066313099006,3.44653820867056,9.33066046354272,3.44654446826867,9.33066147673381,3.44654203818288,9.33065703223713,3.44655325493319
9.33104446303069,3.4467046509979,9.33066138087438,3.44653740532978,9.330658682521,3.44654373599622,9.33065970733665,3.44654127825196,9.3306552128796,3.4465526239027
9.33104448705865,3.44670466682709,9.33065981150335,3.44653668447043,9.33065708524889,3.44654307927297,9.330658120557,3.4465405965673,9.33065358102279,3.44655205856478
9.33104450853565,3.44670468133811,9.33065832662388,3.44653600196222,9.33065557379347,3.44654245783351,9.33065661909393,3.44653995135947,9.33065203664829,3.44655152415677
9.33104452021002,3.44670469078378,9.33065684750079,3.4465353216431,9.33065406802097,3.4465418387306,9.3306551233396,3.44653930843008,9.33065049788899,3.44655099231184
9.33104453378207,3.44670470123873,9.33065537345076,3.44653464320199,9.33065256723691,3.4465412216787,9.33065363260371,3.44653866748365,9.33064896403663,3.44655046278115
9.33104455469934,3.44670471560027,9.3306539040066,3.44653396642674,9.33065107096665,3.44654060648267,9.3306521464144,3.4465380283184,9.33064743460736,3.44654993539422
9.33104457531175,3.44670472981157,9.33065243953302,3.44653329148819,9.33064957958255,3.4465399932956,9.33065066514117,3.44653739109432,9.33064590998309,3.44654941027923
9.33104459478971,3.44670474346382,9.33065098029873,3.44653261851322,9.33064809335935,3.44653938223044,9.33064918905646,3.4465367559298,9.33064439044605,3.44654888752956
9.33104460669291,3.44670475319558,9.33064952620439,3.44653194745912,9.33064661219697,3.44653877324606,9.33064771806048,3.44653612278306,9.33064287589537,3.44654836710647
9.33104459062777,3.44670474845172,9.33064807680496,3.44653127812342,9.33064513564313,3.44653816615649,9.33064625170365,3.44653549146173,9.33064136586993,3.44654784884769
9.33104458297632,3.44670474810533,9.33064663037964,3.44653060971371,9.33064366194556,3.44653756024129,9.3306447882455,3.44653486121733,9.33063985857886,3.44654733213561
9.33104462407192,3.4467047732369,9.3306451859644,3.44652994178592,9.33064219012252,3.4465369550968,9.33064332671093,3.44653423163048,9.33063835301878,3.44654681662445
9.33104466554976,3.44670479854174,9.33064374620609,3.44652927556599,9.33064072287176,3.44653635183222,9.33064186977856,3.4465336038558,9.33063685195026,3.44654630325687
9.33104470904288,3.4467048247601,9.33064231339001,3.44652861211485,9.33063926252344,3.4465357514056,9.33064041976171,3.44653297889141,9.3306353577588,3.44654579284408
9.33104474600254,3.44670484756574,9.33064088769626,3.44652795152014,9.33063780926269,3.44653515389306,9.33063897684363,3.44653235681791,9.33063387063576,3.44654528544572
9.33104475424177,3.44670485536935,9.33063946897063,3.44652729371468,9.33063636293389,3.4465345592306,9.33063754086921,3.44653173757005,9.33063239042382,3.4465447810024
9.33104476551254,3.44670486475492,9.33063805556437,3.44652663793768,9.33063492185754,3.44653396672771,9.33063611017049,3.44653112042996,9.33063091540587,3.44654427892395
9.33104479273525,3.44670488246472,9.33063664627128,3.44652598363231,9.33063348480481,3.44653337587915,9.33063468352711,3.44653050487231,9.33062944432547,3.44654377877897
9.33104482032382,3.44670490033706,9.33063524194648,3.44652533119834,9.33063205264868,3.44653278704383,9.33063326180535,3.44652989127192,9.33062797807753,3.44654328086813
9.33104484985277,3.44670491907143,9.33063384333163,3.4465246809835,9.33063062614663,3.44653220053321,9.33063184575674,3.44652927995435,9.33062651743908,3.44654278545098
9.33104487938172,3.4467049378058,9.33063245057336,3.44652403305943,9.33062920544946,3.44653161640928,9.33063043553052,3.44652867098537,9.33062506256614,3.44654229257582
9.33104490891066,3.44670495654017,9.33063106379479,3.44652338748695,9.33062779068407,3.44653103472422,9.33062903125216,3.44652806442053,9.33062361359029,3.44654180228245
9.33104459788621,3.44670480020887,9.33062968299464,3.44652274426907,9.33062638185046,3.44653045547803,9.33062763292118,3.44652746026098,9.33062217051318,3.4465413145666
9.33104282383712,3.44670389179175,9.33062829436739,3.44652209697408,9.33062496486246,3.44652987287913,9.33062622655653,3.44652685246585,9.33062071890615,3.44654082455284
9.33104108230787,3.4467030000973,9.33062682481616,3.44652141150093,9.33062346511941,3.44652925625525,9.33062473812068,3.44652620902745,9.3306191823346,3.44654030647743
9.33104322933537,3.44670410801385,9.33062521638621,3.44652066074825,9.33062182344905,3.44652858127753,9.33062310889703,3.446525504537,9.330617500145,3.44653973998415
9.33104505802401,3.44670505216868,9.33062362765477,3.44651991869662,9.33062020169121,3.4465279144869,9.33062149950358,3.4465248084329,9.33061583815645,3.44653918096511
9.3310451120609,3.44670508339676,9.33062220301681,3.44651925284588,9.33061874726476,3.44652731649507,9.33062005622733,3.4465241840098,9.33061434746872,3.44653868016513
9.33104515675376,3.44670510975961,9.33062085821549,3.44651862389148,9.3306173741806,3.44652675194737,9.33061869372791,3.4465235943747,9.33061293998044,3.44653820788242
9.3310451671517,3.44670511826585,9.33061952138384,3.44651799824884,9.33061600907083,3.44652619067837,9.33061733919921,3.44652300803044,9.33061154049679,3.44653773884821
9.3310451790734,3.44670512758141,9.33061819042773,3.44651737494211,9.33061464979859,3.44652563180949,9.33061599052038,3.44652242406055,9.33061014682894,3.44653727232342
9.33104519659022,3.44670513986879,9.33061686375513,3.44651675322879,9.3306132947391,3.44652507467269,9.33061464607887,3.44652184176796,9.33060875731232,3.44653680774706
9.33104517971077,3.44670513447639,9.33061554161458,3.44651613322796,9.33061194414714,3.44652451937273,9.33061330612711,3.44652126126303,9.33060737220938,3.44653634520354
9.33104503991759,3.44670506590601,9.33061422256693,3.44651551426705,9.33061059655343,3.44652396530551,9.3306119692071,3.44652068191497,9.3306059900143,3.44653588418721
9.33104490012441,3.44670499733563,9.33061289913871,3.44651489283864,9.33060924432246,3.44652340933166,9.33061062774388,3.44652010044101,9.33060460289543,3.4465354220868
9.33104512788111,3.44670511902802,9.33061156549287,3.44651426619723,9.33060788148822,3.44652284899825,9.33060927581963,3.44651951427423,9.33060320473111,3.44653495686943
9.33104536046232,3.44670524306374,9.33061023865748,3.44651364234265,9.33060652545093,3.44652229145943,9.33060793069542,3.44651893089823,9.33060181337227,3.44653449447645
9.33104537822948,3.44670525520638,9.3306089359442,3.44651302942405,9.33060519390689,3.44652174399108,9.33060660992386,3.44651835792915,9.33060044698024,3.44653404093052
9.33104539499584,3.44670526684473,9.33060764798735,3.44651242304695,9.33060387728781,3.44652120265917,9.33060530401237,3.44651779125356,9.33059909574135,3.44653359295786
9.3310454078304,3.44670527650189,9.33060636505362,3.44651181863492,9.33060256564607,3.44652066337371,9.33060400309341,3.44651722659195,9.33059774944904,3.44653314716655
9.33104542066497,3.44670528615904,9.33060508674089,3.44651121600139,9.33060125857161,3.4465201259661,9.33060270675988,3.44651666376873,9.33059640768376,3.44653270341378
9.33104543349954,3.4467052958162,9.33060381272855,3.44651061499791,9.33059995573756,3.44651959030195,9.33060141468724,3.44651610264402,9.33059507011118,3.44653226158549
9.33104544717483,3.44670530593995,9.33060254301567,3.44651001562662,9.33059865714393,3.44651905638125,9.33060012687515,3.44651554321866,9.33059373673249,3.44653182167869
9.33104546388881,3.44670531775012,9.33060127761535,3.44650941789629,9.33059736280503,3.44651852420991,9.33059884333745,3.44651498549964,9.33059240756359,3.44653138369518
9.33104511683923,3.44670514359254,9.33060001659126,3.44650882183961,9.33059607278695,3.44651799381508,9.33059756413933,3.44651442951628,9.33059108267353,3.44653094765429
9.33104346099399,3.44670430033613,9.330598745322,3.44650822054342,9.33059477213125,3.44651745904656,9.33059627444809,3.44651386882106,9.33058974669889,3.44653050850239
9.33104181184413,3.44670346050398,9.33059739636177,3.44650758207904,9.33059339182206,3.44651689152827,9.33059490583351,3.44651327365334,9.33058832873869,3.44653004297114
9.33104381147592,3.44670448679856,9.33059591722616,3.44650688154048,9.33059187812944,3.44651626916899,9.33059340502996,3.4465126208248,9.33058677357123,3.44652953301961
9.33104554557021,3.44670537725688,9.33059445502975,3.44650618856778,9.33059038159089,3.44651565386264,9.33059192129806,3.44651197524818,9.3305852358445,3.44652902940664
9.33104559083791,3.44670540379237,9.33059314592995,3.44650556774253,9.33058904158265,3.44651510291421,9.33059059281396,3.44651139706456,9.33058385879239,3.4465285789693
9.33104563610562,3.44670543032786,9.33059191162947,3.44650498200421,9.33058777798684,3.44651458338298,9.33058934013893,3.44651085172769,9.33058256011118,3.44652815468856
9.33104568137332,3.44670545686335,9.3305906844913,3.44650439928111,9.33058652157117,3.44651406680389,9.33058809463545,3.44651030936676,9.33058126865665,3.44652773328673
9.33104571927508,3.44670547953331,9.33058946451382,3.44650381957682,9.33058527233563,3.44651355317692,9.3305868563029,3.4465097699832,9.33057998443066,3.4465273147587
9.33104572915334,3.44670548749693,9.3305882513653,3.44650324273795,9.33058402994211,3.44651304236308,9.33058562480558,3.44650923343241,9.33057870708745,3.44652689898624
9.33104539529789,3.44670532016333,9.33058704345824,3.4465026680134,9.33058279276628,3.4465125336945,9.33058439853286,3.44650869901405,9.33057743495852,3.44652648542155
9.3310437943825,3.44670450665481,9.33058582563839,3.44650208819117,9.33058154528596,3.4465120207892,9.3305831620996,3.44650816002258,9.33057615208265,3.44652606887801
9.33104222129869,3.44670370734507,9.33058453279056,3.44650147224226,9.33058022078936,3.44651147621842,9.33058184938851,3.44650758762571,9.33057478984464,3.44652562711318
9.33104318394715,3.44670420168536,9.3305831148412,3.44650079624743,9.33057876795206,3.44651087887999,9.33058040954064,3.44650695962292,9.3305732954326,3.44652514308627
9.33104414659562,3.44670469602565,9.33058167532379,3.44650010951937,9.33057729283656,3.44651027238179,9.33057894767661,3.44650632184602,9.33057177792586,3.44652465219001
9.33104510924408,3.44670519036594,9.33058031661047,3.44649946091363,9.33057590035383,3.44650969985832,9.33057756776242,3.44650571965991,9.33057034525794,3.44652418931432
9.33104586941153,3.44670558135783,9.33057903868169,3.44649885047142,9.33057459050388,3.44650916130956,9.33057626979103,3.44650515308077,9.33056899744926,3.4465237543966
9.33104588331653,3.44670559144965,9.33057783334018,3.44649827432493,9.33057335490368,3.44650865328881,9.33057504544876,3.44650461849783,9.33056772589318,3.44652334459415
9.33104589688062,3.44670560137912,9.33057666225548,3.44649771418581,9.33057215427377,3.44650815964619,9.33057385580936,3.44650409892749,9.33056649018058,3.44652294683844
9.33104590922497,3.44670561072775,9.33057549525973,3.44649715563642,9.33057095768985,3.4465076676671,9.33057267023,3.44650358099114,9.3305652584884,3.44652255087019
9.3310459214975,3.44670562005122,9.33057433222782,3.44649659861932,9.33056976502454,3.44650717729916,9.3305714885841,3.44650306463444,9.33056403068652,3.44652215664458
9.33104593350755,3.44670562928274,9.33057317305125,3.44649604308489,9.33056857616742,3.44650668849697,9.33057031076197,3.44650254981033,9.33056280666232,3.44652176412251
9.33104594865355,3.44670564012586,9.33057201768012,3.44649548901156,9.33056739106819,3.44650620123984,9.33056913671345,3.44650203649778,9.33056158636497,3.44652137328482
9.33104597599792,3.44670565723783,9.33057086621962,3.4464949364521,9.33056620983558,3.44650571557249,9.33056796654595,3.44650152474463,9.3305603699075,3.4465209841647
9.33104565902428,3.44670549942519,9.33056971937554,3.44649438574778,9.33056503319461,3.446505231793,9.33056680097735,3.44650101486582,9.33055915803767,3.44652059699796
9.33104412147178,3.44670472151929,9.33056856386987,3.44649383052127,9.33056384752163,3.44650474429998,9.33056562651241,3.44650050095732,9.33055793672353,3.44652020730369
9.33104258429279,3.44670394380321,9.3305673368151,3.44649324052948,9.33056258827712,3.4465042265578,9.33056437922522,3.44649995503758,9.33055663947568,3.44651979390108
9.33104457718819,3.44670496002812,9.33056598919761,3.44649259214519,9.3305612051373,3.44650365787569,9.33056300927831,3.44649935527048,9.33055521442792,3.44651934034404
9.33104613563521,3.44670575533486,9.3305646628198,3.4464919535631,9.33055984362981,3.44650309808777,9.33056166081561,3.44649876475077,9.3305538115051,3.44651889439256
9.33104614395606,3.44670576239824,9.33056348198508,3.44649138468119,9.33055863137118,3.44650259966397,9.33056046022366,3.44649823884561,9.33055256222648,3.44651849778166
9.33104615266664,3.44670576967703,9.3305623670386,3.44649084719107,9.33055748661336,3.44650212899334,9.33055932653188,3.44649774211203,9.33055138237386,3.44651812368395
9.33104616276366,3.44670577772209,9.33056125577892,3.44649031112862,9.33055634550046,3.44650165982133,9.33055819649861,3.44649724684863,9.33055020614239,3.44651775120504
9.33104616965128,3.44670578414494,9.33056014818955,3.44648977648809,9.33055520801635,3.4465011921413,9.33055707010758,3.44649675304913,9.33054903351641,3.44651738033711
9.33104616477423,3.44670578462126,9.33055904409316,3.44648924318604,9.33055407397971,3.44650072587872,9.33055594717894,3.4464962606355,9.33054786430992,3.44651701101869
9.3310461682559,3.44670578937813,9.33055794272257,3.44648871085379,9.33055294260323,3.44650026070986,9.33055482693286,3.4464957692665,9.33054669771202,3.44651664299133
9.33104621302139,3.44670581527677,9.3305568438598,3.44648817938756,9.33055181366356,3.44649979654291,9.33055370914796,3.4464952788456,9.33054553349311,3.44651627618066
9.33104625110872,3.44670583773957,9.33055574978854,3.44648764989408,9.33055068950771,3.44649933434284,9.33055259614777,3.44649479039308,9.33054437407451,3.44651591134674
9.33104626432509,3.44670584740653,9.33055466210328,3.44648712314846,9.33054957177534,3.4464988747838,9.3305514895552,3.44649430462249,9.33054322114877,3.4465155490176
9.33104627932644,3.44670585799054,9.33055357936753,3.44648659845849,9.33054845899158,3.4464984172594,9.33055038790963,3.44649382089396,9.33054207319606,3.44651518871101
9.33104630126284,3.44670587213747,9.33055250052456,3.44648607531477,9.3305473500714,3.44649796132352,9.33054929013649,3.44649333873668,9.33054092909821,3.44651483007243
9.33104632319924,3.44670588628439,9.3305514259423,3.44648555389821,9.33054624539391,3.44649750713203,9.33054819661076,3.44649285831629,9.33053978924748,3.44651447322155
9.33104634513563,3.44670590043132,9.33055035591309,3.44648503435334,9.33054514526065,3.44649705480892,9.33054710763058,3.4464923797648,9.33053865395615,3.44651411825256
9.33104605399953,3.44670575630375,9.33054929043591,3.44648451668244,9.33054404967162,3.44649660435419,9.33054602319555,3.44649190308308,9.33053752322543,3.44651376516216
9.3310446013726,3.44670502498194,9.33054821695636,3.44648399478467,9.33054294571708,3.44649615045995,9.33054493052754,3.44649142265386,9.33053638373117,3.44651340979131
9.33104319667388,3.44670431789235,9.33054707635786,3.44648343989528,9.33054177259247,3.44649566812622,9.33054376944698,3.44649091200807,9.33053517270228,3.44651303259612
9.33104406986851,3.44670476249221,9.33054582401723,3.44648283024896,9.33054048437913,3.44649513847342,9.33054249451457,3.44649035113995,9.33053384271479,3.44651261888248
9.33104494306314,3.44670520709207,9.33054455317743,3.44648221119569,9.33053917697417,3.44649460092992,9.33054120064453,3.44648978178852,9.33053249275983,3.44651219949919
9.33104581625777,3.44670565169192,9.33054335512602,3.44648162722069,9.33053794429854,3.44649409411162,9.33053998078313,3.44648924486007,9.33053121982184,3.44651180455255
9.33104623533009,3.44670586687673,9.330542229845,3.44648107836108,9.33053678635226,3.44649361801851,9.33053883492397,3.44648874036921,9.33053002391867,3.44651143398558
9.33104481251701,3.44670515157162,9.33054115909903,3.44648055576262,9.33053568438681,3.44649316494209,9.33053774450864,3.44648826016041,9.33052888570285,3.44651108174871
9.33104339409547,3.44670443848323,9.33054005078068,3.4464800144757,9.33053454361127,3.44649269590878,9.33053661573902,3.44648776292784,9.33052770726732,3.44651071753614
9.3310442443318,3.44670487054673,9.33053883120601,3.44647941846694,9.3305332881646,3.4464921797281,9.33053537355908,3.44648721559082,9.33052641022879,3.44651031718646
9.33104509456812,3.44670530261023,9.33053759161738,3.44647881228512,9.33053201195599,3.44649165501107,9.33053411089146,3.44648665907771,9.33052509159176,3.44650991069813
9.33104594480445,3.44670573467373,9.33053642304682,3.44647824046266,9.33053080871319,3.44649116029416,9.33053292046719,3.44648613426522,9.33052384820631,3.44650952790484
9.33104636459221,3.4467059496776,9.33053532547671,3.44647770303576,9.33052967843618,3.44649069557736,9.33053180228002,3.4464856411676,9.33052268008972,3.44650916875106
9.33104496859662,3.44670524904762,9.33053428161719,3.44647719157778,9.33052860333583,3.4464902535466,9.33053073872556,3.44648517203662,9.33052156887241,3.44650882753551
9.33104357260103,3.44670454841765,9.33053320133367,3.44647666193101,9.33052749058207,3.44648979603454,9.33052963796996,3.44648468636665,9.33052041860797,3.44650847478924
9.33104533431918,3.4467054393429,9.33053201179331,3.4464760783403,9.33052626513403,3.44648929218788,9.33052842578793,3.44648415139087,9.33051915170846,3.44650808678151
9.33104646245224,3.44670601103958,9.33053083963982,3.44647550290813,9.33052505744632,3.44648879564343,9.33052723122596,3.44648362405067,9.33051790303024,3.44650770485391
9.33104508642496,3.44670532102137,9.33052978604455,3.44647498534444,9.33052397177481,3.44648834926631,9.33052615740081,3.44648314988328,9.33051678038417,3.44650736192393
9.33104371429283,3.44670463296409,9.33052872508249,3.44647446382551,9.33052287837501,3.44648789971168,9.33052507597879,3.44648267223392,9.33051564962053,3.44650701696585
9.33104452729152,3.44670504496598,9.33052755645071,3.44647388901052,9.33052167386232,3.44648740447266,9.33052388471297,3.44648214592768,9.33051440380819,3.44650663740803
9.3310453402902,3.44670545696787,9.33052636802086,3.44647330408039,9.33052044878973,3.44648690078036,9.33052267316615,3.44648161051842,9.3305131365898,3.44650625183533
9.33104615328889,3.44670586896977,9.33052524747516,3.44647275220641,9.3305192935491,3.44648642579969,9.33052153073009,3.44648110551606,9.33051194147279,3.44650588867851
9.33104656022033,3.44670607680286,9.33052419479665,3.4464722334232,9.33051820814043,3.44648597953064,9.33052045739876,3.44648063093423,9.3305108184735,3.44650554788435
9.33104520728213,3.44670539978135,9.33052319369487,3.44647173974026,9.33051717578211,3.4464855550734,9.33051943657201,3.44648017944737,9.3305097502435,3.44650522413708
9.33104385951666,3.44670472535955,9.33052215736601,3.44647122835629,9.33051610696218,3.44648511562486,9.33051837973702,3.44647971191035,9.33050864416253,3.44650488935962
9.3310455782701,3.446705592107,9.33052101551563,3.44647066453916,9.33051492916388,3.44648463136954,9.33051721519646,3.44647919658778,9.3305074251691,3.44650452089379
9.33104693539057,3.44670627703135,9.33051989113391,3.44647010899032,9.33051376923786,3.44648415446245,9.33051606837706,3.44647868897179,9.33050622454021,3.44650415845892
9.33104694650768,3.44670628520744,9.33051889247757,3.44646961524406,9.3305127388816,3.44648373082836,9.33051504970781,3.44647823795869,9.33050515791005,3.44650383690028
9.33104695762478,3.44670629338354,9.33051795114916,3.44646914954202,9.33051176755028,3.44648333146256,9.33051408943592,3.44647781268761,9.33050415227207,3.44650353413004
9.33104696874189,3.44670630155963,9.33051701325339,3.44646868523989,9.33051079963865,3.44648293350277,9.33051313258657,3.44647738881941,9.33050315006435,3.44650323279199
9.33104668673075,3.44670616283221,9.3305160787895,3.44646822233939,9.33050983514669,3.44648253694899,9.33051217915947,3.44647696635474,9.33050215128775,3.44650293288375
9.33104536683095,3.44670550395876,9.33051513603391,3.44646775503147,9.33050886197339,3.44648213682585,9.33051121719266,3.44647653999263,9.33050114341058,3.44650263064479
9.33104405054372,3.44670484689649,9.33051413176553,3.44646725691301,9.33050782517126,3.44648171054153,9.33051019237452,3.44647608565272,9.33050006951768,3.44650230903784
9.33104572911842,3.44670569132813,9.33051302464759,3.44646670742848,9.33050668204279,3.4464812405408,9.33050906250841,3.44647558460784,9.33049888536474,3.44650195488365
9.33104706434082,3.4467063635405,9.33051193442515,3.44646616598232,9.33050555621657,3.44648077765396,9.33050794979249,3.44647509103699,9.33049771900706,3.44650160651791
9.33104707451268,3.44670637113166,9.33051096696423,3.44646568519606,9.33050455703413,3.44648036683708,9.33050696228877,3.44647465289037,9.33049668373926,3.44650129771923
9.33104708517105,3.44670637898778,9.33051005572386,3.44646523205864,9.33050361579608,3.44647997984421,9.33050603209288,3.44647424006093,9.33049570840207,3.44650100718537
9.33104709759178,3.44670638780366,9.33050914787399,3.44646478031783,9.33050267794094,3.44647959424224,9.33050510528077,3.44647382862385,9.33049473646448,3.44650071805138
9.33104711001252,3.44670639661954,9.33050824341288,3.44646432997485,9.3305017434677,3.44647921003075,9.33050418185118,3.44647341857937,9.3304937679263,3.44650043031455
9.33104712243326,3.44670640543543,9.33050734233899,3.44646388103102,9.33050081237558,3.44647882720941,9.33050326180303,3.44647300992779,9.33049280278755,3.44650014397226
9.331046850306,3.44670627211341,9.33050644465154,3.44646343348805,9.33049988466457,3.44647844577823,9.33050234513604,3.44647260266977,9.33049184104907,3.44649985902214
9.33104556841958,3.44670563439476,9.33050553901737,3.44646298169422,9.33049894862176,3.44647806092141,9.33050142027696,3.44647219166296,9.33049087056788,3.44649957186859
9.33104428653316,3.44670499667612,9.33050457389812,3.44646249991701,9.33049795096931,3.44647765073359,9.33050043458754,3.44647175350679,9.33048983609813,3.44649926619424
9.3310459664609,3.44670583906919,9.33050350910468,3.4464619680435,9.33049685014228,3.44647719812523,9.3304993470084,3.44647126993043,9.33048869452245,3.44649892932713
9.33104725028851,3.44670648339168,9.33050246262188,3.44646144498213,9.33049576810737,3.44647675324332,9.33049827804211,3.44647079450375,9.33048757231291,3.44649859862302
9.33104723853874,3.4467064798677,9.33050153659279,3.44646098183111,9.33049481049601,3.44647635951851,9.33049733203809,3.44647037365325,9.33048657903924,3.44649830631128
9.33104723118477,3.44670647857984,9.33050066353262,3.44646054489341,9.33049390754464,3.44647598826733,9.33049644007066,3.44646997673673,9.33048564236017,3.44649803102791
9.33104724150444,3.44670648628248,9.33049979195737,3.44646010842028,9.33049300601369,3.44647561760016,9.33049554954545,3.44646958035679,9.33048470705393,3.44649775652029
9.33104700878064,3.44670637289204,9.33049892278249,3.44645967287131,9.33049210685049,3.44647524790649,9.33049466139807,3.44646918493031,9.33048377410383,3.44649748307561
9.33104575787213,3.44670575220507,9.33049804708101,3.44645923377175,9.33049120081942,3.44647487538909,9.33049376650626,3.4464687863953,9.33048283392681,3.44649720788716
9.33104450696362,3.4467051315181,9.33049711473407,3.44645876597043,9.33049023605733,3.44647447872424,9.33049281364734,3.44646836193238,9.33048183269785,3.44649691522788
9.3310461143063,3.44670593548589,9.33049608529931,3.44645824912626,9.33048917069527,3.44647404069741,9.33049176147586,3.44646789310511,9.33048072694764,3.44649659245815
9.33104710563626,3.44670643280875,9.33049507247126,3.44645774029561,9.33048812238495,3.44647360968146,9.3304907261905,3.44646743167959,9.33047963877886,3.44649627525476
9.33104585770748,3.44670581544882,9.33049416551219,3.44645728436173,9.33048718353193,3.44647322366921,9.33048979904322,3.4464670183415,9.3304786641248,3.44649599152967
9.3310446097787,3.44670519808888,9.33049325136607,3.44645682452212,9.33048623711747,3.44647283454805,9.33048886446987,3.44646660158227,9.33047768151603,3.44649570588021
9.33104485166593,3.44670532101418,9.33049224140268,3.44645631616036,9.33048519136901,3.44647240458541,9.33048783185075,3.4464661409789,9.33047659565849,3.44649539064838
9.3310458150443,3.44670580244631,9.3304911943646,3.44645578880169,9.33048410709267,3.44647195878192,9.33048676123456,3.44646566330024,9.33047546967523,3.44649506421673
9.33104677842267,3.44670628387845,9.33049019740401,3.44645528634588,9.33048307454189,3.44647153424555,9.33048574173714,3.44646520830878,9.3304743972929,3.44649475375194
9.33104752673786,3.44670665830209,9.33048927893678,3.44645482315534,9.33048212316399,3.44647114308366,9.33048480242776,3.44646478899335,9.33047340910973,3.44649446805708
9.33104752168945,3.44670665787634,9.33048843044244,3.44645439498061,9.33048124415292,3.4464707816756,9.33048393460541,3.44646440148769,9.33047249599615,3.44649420442883
9.33104725447302,3.44670652730954,9.33048761363108,3.446453982532,9.33048039785512,3.44647043371771,9.33048309911674,3.44646402832107,9.33047161677196,3.44649395093432
9.33104605532668,3.44670593412975,9.33048678826848,3.44645356550058,9.33047954258695,3.44647008207162,9.33048225480945,3.4464636511158,9.33047072813442,3.446493695079
9.33104486681145,3.44670534623101,9.33048590673334,3.44645311980389,9.33047862899288,3.44646970644466,9.33048135296348,3.4464632480977,9.33046977879499,3.44649342212409
9.3310463569075,3.44670608894354,9.33048493230034,3.44645262682595,9.33047761899191,3.44646929117971,9.33048035599427,3.44646280245287,9.33046872916568,3.44649312075182
9.33104734478278,3.4467065823141,9.33048397196254,3.44645214067059,9.33047662347187,3.44646888186864,9.33047937336245,3.44646236310058,9.33046769447615,3.44649282408148
9.33104616059548,3.44670599730164,9.33048311227328,3.44645170519077,9.33047573217226,3.44646851540812,9.33047849364061,3.44646196965709,9.33046676801002,3.44649255881028
9.33104500600153,3.4467054269686,9.33048224685278,3.44645126652969,9.33047483481444,3.44646814645674,9.33047760797831,3.44646157345201,9.33046583514851,3.44649229207898
9.33104570931358,3.44670577822745,9.33048129051198,3.44645078147587,9.33047384305243,3.44646773869079,9.33047662918539,3.4464611354687,9.33046480403935,3.44649199766627
9.33104641262564,3.44670612948629,9.33048031846828,3.44645028814507,9.33047283487515,3.44646732417566,9.33047563423578,3.44646069013794,9.33046375575351,3.44649169876658
9.33104711593769,3.44670648074514,9.33047940473107,3.44644982411211,9.33047188704876,3.44646693447398,9.33047469888651,3.44646027137307,9.33046277011599,3.44649141812276
9.33104740796848,3.44670662826314,9.3304785492853,3.44644938940679,9.33047099957325,3.44646656958575,9.33047382313234,3.44645987918583,9.33046184714007,3.44649115568868
9.33104624390322,3.4467060544591,9.33047773575069,3.44644897573744,9.33047015546848,3.44646622252953,9.33047299021287,3.44645950608255,9.33046096917751,3.44649090640445
9.3310450938677,3.44670548760084,9.33047688982166,3.44644854532389,9.33046927763788,3.44646586160684,9.33047212405276,3.4464591179867,9.33046005604015,3.44649064749926
9.3310465462174,3.44670620911871,9.3304759541391,3.44644806894218,9.33046830654268,3.44646546233813,9.33047116591029,3.44645868856334,9.33045904577992,3.44649036146488
9.33104771333147,3.44670678936608,9.33047503249964,3.44644759941374,9.33046734989763,3.44646506901067,9.33047022206697,3.44645826543685,9.33045805044636,3.44649008006241
9.3310476671589,3.44670676870114,9.3304742167347,3.44644718356061,9.33046650303823,3.44646472082191,9.33046938657711,3.44645789078642,9.33045716924393,3.44648983128832
9.33104762393633,3.44670674950316,9.33047344709944,3.44644679097547,9.3304657039628,3.44646439227969,9.33046859826456,3.44645753719788,9.33045633767386,3.44648959686829
9.33104767564867,3.44670677751364,9.33047267537309,3.44644639707538,9.33046490261191,3.44646406280193,9.33046780774218,3.44645718252451,9.33045550364588,3.44648936209999
9.33104772736102,3.44670680552412,9.33047190604724,3.44644600415303,9.33046410364957,3.44646373430625,9.33046701961095,3.44645682883057,9.33045467201366,3.44648912835209
9.33104777907336,3.4467068335346,9.33047114347642,3.44644561443535,9.33046331159922,3.44646340865248,9.3304662383326,3.44645647811949,9.33045384748624,3.44648889694623
9.33104756628223,3.44670673103011,9.33047038765892,3.44644522792581,9.33046252646087,3.44646308584062,9.33046546390653,3.44645613039259,9.33045303006495,3.44648866787821
9.33104643709111,3.44670617634286,9.33046962804621,3.44644483923104,9.33046173727713,3.44646276136552,9.33046468552474,3.44645578079729,9.3304522083419,3.44648843795148
9.33104530859743,3.44670562199971,9.33046881755816,3.44644442424246,9.33046089512757,3.4464624151134,9.33046385493891,3.44645540765713,9.33045133137269,3.4464881929384
9.33104671556499,3.44670631860749,9.33046791970471,3.44644396423181,9.33045996207785,3.44646203148748,9.33046293474187,3.44645499415014,9.33045035963768,3.4464879218633
9.33104787132674,3.44670689123534,9.33046703484109,3.44644351059164,9.33045904240702,3.44646165336237,9.33046202777963,3.44645458648296,9.33044940173033,3.44648765505526
9.33104788579936,3.44670690059225,9.33046625334378,3.44644310969239,9.33045823006237,3.44646131936475,9.33046122669599,3.44645422631182,9.33044855551782,3.44648741972012
9.33104789883541,3.44670690923868,9.33046552024923,3.44644273338717,9.33045746793135,3.44646100601264,9.33046047516324,3.44645388832992,9.33044776152465,3.44648719924771
9.33104790613587,3.44670691504847,9.33046479044886,3.44644235853784,9.33045670912567,3.44646069402779,9.33045972694279,3.44645355174893,9.3304469709084,3.44648698005245
9.33104791265754,3.4467069204809,9.33046406356338,3.44644198495155,9.33045595325176,3.44646038324838,9.33045898164628,3.44645321639491,9.33044618325971,3.44648676201862
9.33104791602479,3.44670692438487,9.33046333924518,3.44644161245131,9.33045519994879,3.44646007352607,9.33045823891771,3.44645288210829,9.33044539820323,3.44648654504029
9.33100606927806,3.44668972274132,9.33046261726995,3.44644124092333,9.33045444898409,3.44645976476518,9.33045749852745,3.44645254878632,9.33044461549709,3.4464863290487
9.33076856023599,3.44659207981336,9.33045957367982,3.44643967371114,9.33045128276864,3.44645846296848,9.33045437703442,3.44645114312767,9.3304413150842,3.44648541972495
9.33053105119392,3.4464944368854,9.33044102267495,3.44643011534825,9.33043198179052,3.44645052733195,9.33043534951911,3.44644257249501,9.33042119357224,3.44647988557283
9.33029354215185,3.44639679395743,9.33039610686133,3.44640695795587,9.33038524391684,3.44643131102905,9.33038927586569,3.44642181403662,9.33037246152291,3.44646651087647
9.33008400125402,3.44631063144444,9.33032483308448,3.44637018826382,9.33031106906337,3.44640081426474,9.33031615838129,3.44638886263309,9.33029510823848,3.44644533468917
9.3299739698929,3.44626531578798,9.33023005578227,3.44632126346597,9.33021242118047,3.44636025605893,9.33021892105086,3.44634503028853,9.33019221325215,3.44641724564067
9.32986226363252,3.44621931243025,9.3301247591278,3.44626687622471,9.33010281035664,3.44631519138592,9.33011088237718,3.44629631681561,9.33007786080881,3.44638611886512
9.32926140487174,3.44597246666517,9.33001900454162,3.44621222055103,9.32999270895877,3.44626992597583,9.33000236504359,3.44624737538659,9.32996297560593,3.44635493128228
9.32870449987262,3.44574367416877,9.32989204018564,3.44614656452123,9.32986050912057,3.44621557650741,9.32987207299736,3.44618859916157,9.32982500792123,3.44631757382094
9.32832055896914,3.44558592376685,9.32972603254105,3.44606066708547,9.3296876335812,3.44614450643339,9.32970169972307,3.44611172358065,9.32964455580256,3.44626885072172
9.32793661806566,3.44542817336493,9.32953500332024,3.44596176536089,9.32948867593747,3.44606271663982,9.32950563055572,3.44602323292609,9.32943683535401,3.44621294070842
9.32755267716219,3.44527042296301,9.32933012988233,3.44585563612266,9.32927527278339,3.44597499187366,9.32929533499133,3.44592829970555,9.32921398662788,3.44615314952155
9.32716435400559,3.44511088227744,9.32911141525925,3.44574227354475,9.3290474238599,3.44588133276581,9.32907081404021,3.44582692168558,9.32897600528718,3.44608949387059
9.32676050292843,3.44494499796416,9.32887919164184,3.44562184237462,9.32880547178168,3.44578188093292,9.32883240654579,3.44571924930368,9.32872324584712,3.44602208362891
9.32635508745867,3.44477847837667,9.32863495709442,3.44549511263284,9.32855097415383,3.44567727740037,9.32858164844427,3.4456059739042,9.32845733267579,3.44595136498272
9.32594410493509,3.44460969809984,9.32838005851933,3.44536277714755,9.32828533162317,3.44556809860136,9.32831992082315,3.44548771733318,9.32817972711133,3.44587773676239
9.32555823483031,3.44445121074587,9.32811531138369,3.44522525379623,9.32800939143185,3.445454693448,9.32804805935907,3.44536485536861,9.32789131281259,3.44580144187218
9.32526852299513,3.44433213614849,9.32784221638455,3.44508331733332,9.32772471544089,3.44533770448173,9.32776760364707,3.4452380822182,9.32759372093462,3.44572291854938
9.32497821756414,3.44421281849239,9.32756494656247,3.44493913356706,9.32743565216722,3.44521891922799,9.3274828383172,3.44510933354987,9.32729149761713,3.44564336618263
9.32441359099677,3.44398117499223,9.32728679471527,3.44479441359602,9.32714563386641,3.44509974832001,9.32719714482498,3.44498013777356,9.32698823393584,3.44556372034326
9.32387241068993,3.44375913993538,9.3270007128441,3.44464548736958,9.32684731046101,3.44497717179811,9.32690328303745,3.44484722010067,9.32667624495052,3.44548196013917
9.32345110831052,3.44358623170057,9.32670041714859,3.4444890771357,9.32653412617106,3.4448484967557,9.32659479616639,3.44470765822769,9.32634867019184,3.44539630709788
9.32292444982142,3.4433700929408,9.32639047410071,3.44432755551776,9.32621084060569,3.44471567970402,9.32627637355284,3.44456357156914,9.32601048239384,3.44530808612942
9.32200466381433,3.4429926430902,9.32606751531644,3.44415916119038,9.32587393750736,3.4445772769289,9.32594455285234,3.4444133915154,9.32565799818914,3.44521635875476
9.32105342869667,3.44260233284531,9.32569754400789,3.44396614844644,9.32548794317125,3.44441871759942,9.32556439789733,3.44424130171716,9.32525408424285,3.44511154362003
9.31998094612001,3.4421624412259,9.32525498590359,3.44373513978783,9.3250261586935,3.4442290395244,9.32510961868303,3.44403539265404,9.32477075527622,3.4449865804813
9.31888713550645,3.44171384605403,9.32474580643509,3.44346921346968,9.3244947906701,3.44401079983612,9.32458633406616,3.44379842483433,9.32421444666821,3.44484339783397
9.31767694536841,3.44121775868672,9.32417524112559,3.44317107286417,9.32389928657501,3.44376624418644,9.32399991462479,3.44353282206355,9.32359080610972,3.44468369483817
9.31645230132174,3.44071581215345,9.32354651725456,3.44284237702412,9.32324299995852,3.44349675849429,9.32335366819741,3.44324007607066,9.32290329794718,3.44450857434339
9.31517385413124,3.44019205549556,9.32286334520981,3.44248504222971,9.32252979056978,3.4432039367638,9.32265140052424,3.44292190581237,9.32215592525742,3.44431924325602
9.31388404594647,3.43966371932611,9.32213037487189,3.44210148127785,9.32176450117449,3.44288977651564,9.32189788469792,3.44258046999183,9.32135373029921,3.44411713494576
9.31255306081129,3.4391187851094,9.32135207535413,3.44169401725689,9.32095178804527,3.442556198283,9.32109770955323,3.44221784510917,9.32050156916024,3.44390359698441
9.31121054888786,3.43856923520098,9.32053217001539,3.44126458676646,9.32009553060287,3.442204803202,9.32025469848113,3.44183576181599,9.31960349137066,3.44367974079292
9.30981448242479,3.43799824035592,9.31967422151736,3.4408150453812,9.31919944198141,3.44183712363386,9.31937251066194,3.4414358771651,9.31866337836411,3.44344660860453
9.30841841596172,3.43742724551085,9.31878187220969,3.44034729300389,9.31826731987362,3.4414547260011,9.31845488804779,3.44101988640636,9.3176852060287,3.44320524072014
9.30702234949865,3.43685625066579,9.31785811912767,3.43986289344063,9.31730228907833,3.44105889995651,9.3175049096965,3.44058918485596,9.31667224906164,3.44295648204933
9.3057037501997,3.43631689599943,9.31690296533073,3.43936184091617,9.31630434695711,3.44064965195008,9.31652257569437,3.44014377233218,9.31562450084801,3.44270036471503
9.30465967217484,3.43588966499569,9.31591954889447,3.43884577535013,9.31527676681673,3.44022833186906,9.31551111072902,3.43968511104164,9.31454539433251,3.44243776105214
9.30360105078484,3.43545652486132,9.31492211560272,3.43832217211542,9.31423443191678,3.43980104803457,9.31448516660574,3.43921984533822,9.31345056586253,3.44217246095752
9.30173235064678,3.43469424074357,9.31392138880118,3.43779666329389,9.3131885485936,3.43937239697934,9.31345577421372,3.43875297816644,9.31235180951316,3.44190722872428
9.30001431567338,3.43399323496972,9.31289554097922,3.437257779178,9.31211630018378,3.43893303017155,9.31240047742886,3.43827432532769,9.31122516805024,3.44163623267598
9.2988745159084,3.43352740828341,9.31182762191157,3.43669660002106,9.31099996011781,3.43847569218016,9.31130183228803,3.43777597601669,9.31005199399172,3.44135509959424
9.29773471614342,3.4330615815971,9.31073933974363,3.43612453159966,9.3098622167367,3.43800968750792,9.31018217072353,3.43726806033789,9.30885610793916,3.4410696579976
9.29396769504737,3.43152651457351,9.30964791181715,3.43555062911209,9.30872107044264,3.43754239304029,9.30905920841873,3.43675861490808,9.30765643858762,3.44078439946409
9.2903463480034,3.43005110679748,9.30842804245374,3.43490894282941,9.30744548525033,3.43702016228062,9.30780399878521,3.43618914908374,9.30631515570555,3.4404669049296
9.28770776574886,3.42897701791757,9.30696757251976,3.4341403293525,9.30591809928836,3.43639499731992,9.30630105997806,3.43550730302568,9.30470857716772,3.44008922185251
9.2850369872378,3.42789020581893,9.30534879224533,3.43328794612077,9.30422488211291,3.43570216086923,9.30463500721145,3.43475147571108,9.3029268472227,3.43967395669191
9.28219516349426,3.42673580058553,9.303642150449,3.43238882295542,9.30243947436289,3.43497184049184,9.30287830719928,3.43395457311056,9.30104731953215,3.43923987795716
9.27935333975072,3.42558139535214,9.3018558022466,3.43144728289487,9.30057040575408,3.43420756297587,9.30103935759572,3.43312042567672,9.29907892350101,3.43878937307327
9.27651151600718,3.42442699011874,9.29999659825686,3.4304669880562,9.29862485364223,3.43341229922954,9.29912522711013,3.43225225407484,9.29702919696693,3.43832435846952
9.27380109345776,3.42332585900249,9.29806451929426,3.42944797492938,9.29660280567796,3.43258607958529,9.29713591120846,3.43135006833247,9.29489811754659,3.43784496575519
9.27166993903734,3.42245958114138,9.29606574996721,3.42839353783743,9.2945107374415,3.43173158154689,9.29507778759343,3.43041677117245,9.29269250454128,3.43735284008584
9.26952415372783,3.42158743104641,9.29403379115956,3.42732139463889,9.2923837233653,3.43086315840475,9.29298536610765,3.42946802465205,9.29044936311923,3.43685618709346
9.265588498844,3.41999690131972,9.29199551621254,3.4262457757722,9.29024991188165,3.42999231441284,9.29088633983374,3.42851638952896,9.28819846131573,3.43636125095917
9.26199373865162,3.41854345720244,9.28989835320048,3.42513895950413,9.28805427115166,3.42909660422798,9.2887265779216,3.42753732700119,9.28588180477772,3.43585505195155
9.25963885551551,3.41758861076392,9.28770145103652,3.42397935849781,9.28575400590819,3.42815860986682,9.28646398882215,3.42651178120555,9.28345418159297,3.43532808014513
9.2572839723794,3.41663376432541,9.28545707822618,3.42279457710462,9.28340383585994,3.42720068658921,9.28415240360281,3.42546416961952,9.28097327454227,3.43479327507106
9.25389245366345,3.41526758220872,9.28320622114279,3.42160628643921,9.28104668806048,3.4262403498947,9.28183404688608,3.42441363906341,9.27848443219863,3.43426030593138
9.25049971214237,3.41390091488451,9.28092553447766,3.42040218759128,9.2786581233024,3.4252676505082,9.27948488317527,3.42334930097809,9.27596191559007,3.4337233742229
9.24710697062129,3.4125342475603,9.27859165709465,3.41916994496855,9.27621366821081,3.42427264054571,9.27708084529177,3.42226026132088,9.27337988730636,3.4331769902349
9.24380444488934,3.41120420229222,9.27620456154762,3.41790954391197,9.27371328413669,3.42325533260024,9.27462189910889,3.42114652003866,9.2707382707346,3.43262138438369
9.24078673647627,3.40998977532044,9.27376757154456,3.41662274497762,9.27116044503677,3.42221716869104,9.27211146515823,3.42000964135039,9.26804069797715,3.43205758212164
9.23785590851896,3.40880977276706,9.2712945066273,3.41531686179663,9.2685696257818,3.42116406064555,9.26956378158177,3.41885608625348,9.26530245007706,3.4314889175412
9.23521950559598,3.40774642948393,9.26879795710468,3.41399856463494,9.26595401957386,3.42010138896982,9.26699182435313,3.41769173968161,9.26253749200662,3.43091823917807
9.23254417293613,3.40666760748169,9.26628712642556,3.41267273558034,9.26332327456844,3.41903308466032,9.26440508203658,3.41652090341251,9.25975607270898,3.43034745018736
9.22716538942269,3.40451387566183,9.26376757466123,3.41134232838988,9.26068322189621,3.41796152212206,9.2618092889694,3.4153461767473,9.25696442232523,3.42977752692896
9.22178660590925,3.40236014384196,9.26113041560802,3.40994977532929,9.25791972717001,3.41684040268295,9.25909222237894,3.41411680249935,9.25404177474164,3.42918427908811
9.21640782239581,3.40020641202209,9.25826834314819,3.40843826082131,9.25492024371292,3.4156241650977,9.2561432234828,3.41278280835256,9.2508687541941,3.42854547123124
9.21137000830573,3.39818877636933,9.25518146173198,3.40680758724387,9.25168471820792,3.41431294127987,9.25296225710572,3.41134427225577,9.24744491655535,3.42786336492179
9.20780844518725,3.39676037859297,9.25189011220724,3.40506815405692,9.24823426637018,3.41291544651376,9.24957009078748,3.40981070870139,9.24379232565758,3.4271442062193
9.20424485181954,3.39533118647384,9.2485019578332,3.40327679455136,9.24468167944163,3.41147750178061,9.24607759212681,3.40823241467121,9.24003025579558,3.42641250320991
9.19851236265516,3.39305340558911,9.24510425877325,3.40147991470156,9.24111854855381,3.41003624039807,9.24257479450674,3.40665015523315,9.23625575825192,3.42568703481675
9.19277987349079,3.39077562470439,9.24163255395547,3.39964381803934,9.23747743661158,3.40856440850583,9.23899544119997,3.40503392034918,9.23239751109826,3.42495360847684
9.18704738432642,3.38849784381967,9.23802255333468,3.39773463019114,9.23369094406175,3.4070348409552,9.2352732961867,3.40335381939326,9.22838409605004,3.42419888841445
9.18145585179478,3.38627711322256,9.23427426358864,3.39575233861134,9.2297590295355,3.40544764087775,9.23140832653997,3.40160992560138,9.22421537291754,3.42342370884033
9.17635202710114,3.3842537757661,9.23039586321639,3.39370124177304,9.22569021847278,3.40380637178847,9.22740891748897,3.3998061199216,9.21990028004629,3.4226306380994
9.1712427267262,3.38222941031039,9.22642375956789,3.39160064028799,9.22152268799607,3.40212654330939,9.22331259616509,3.39795942406009,9.21547925788843,3.42182770779541
9.16611488776127,3.3802015644373,9.22238728130524,3.38946618718826,9.21728724424287,3.40042065262906,9.21914964556696,3.39608355383076,9.21098501722457,3.42102095649849
9.16114371617648,3.37823445256198,9.21829130350444,3.38730063902377,9.21298905929544,3.39869084363524,9.214925158452,3.39418083429994,9.2064231239861,3.42021116450163
9.15674807110254,3.37649045047381,9.21414426689186,3.38510861286415,9.2086370385564,3.3969407559696,9.21064789549351,3.39225524012296,9.20180312235631,3.41939969898093
9.15234215669474,3.37474255143404,9.20996801005887,3.38290178070346,9.20425414111958,3.39517966557474,9.20634042628203,3.39031695781308,9.19714950023731,3.41859035943897
9.14629957084696,3.37237357711481,9.20577935457269,3.38068913196838,9.19985805832188,3.39341469950069,9.20202014107113,3.38837381991185,9.1924811893365,3.41778567158644
9.14025698499918,3.37000460279558,9.20152285180345,3.37844142618284,9.19539060838178,3.3916225253586,9.19762986529296,3.38640012395896,9.187736480743,3.41697466142269
9.13421439915141,3.36763562847634,9.19714342913846,3.37612954791585,9.19079394407276,3.38978002672083,9.19311275133774,3.3843703935543,9.18285382298652,3.41614775318526
9.12840701264928,3.36535702001507,9.19264109657205,3.37375347849023,9.18606802076158,3.38788731614845,9.18846876213847,3.38228471170631,9.17783297310349,3.41530646197171
9.12348841975018,3.36341989463175,9.18802732984664,3.37131925384889,9.18122483083278,3.38594932638725,9.18370968875005,3.38014847354436,9.17268652682279,3.41445418051532
9.11851871022097,3.36146332830009,9.1833569055747,3.36885584094915,9.17632186812401,3.38398916754905,9.1788920273507,3.37798713029636,9.16747554895391,3.41360155184789
9.1104020098262,3.35830988168299,9.17867111444049,3.36638516292424,9.17140252527026,3.38202423641961,9.17405841426479,3.37581985712669,9.16224626574952,3.41275568801462
9.10285869347666,3.35537558820325,9.17384548292106,3.36384169314177,9.16633614794611,3.38000241078297,9.16908048215739,3.37358912853949,9.15685981208809,3.41189425023453
9.09740816645535,3.35324117981084,9.16878426546133,3.36117474828248,9.16102205091945,3.37788371074557,9.16385929689323,3.37125080831023,9.151208888027,3.4110023005089
9.09191212226905,3.35108977673309,9.16361129431785,3.35844942409034,9.15559010568935,3.37572015038805,9.15852246370091,3.36886224516874,9.14543140995356,3.41010354052182
9.08382013202158,3.34796912861443,9.15842224008551,3.35571626035205,9.15014080043403,3.37355184688512,9.15316869116524,3.36646775409907,9.13963431148296,3.40921465517003
9.07593298360241,3.34492668854959,9.15313410389438,3.35293192342608,9.14458712329759,3.37134422672814,9.14771252249964,3.36402907823175,9.13372513412797,3.4083210448072
9.06908175513362,3.34227975990893,9.14767438929669,3.35005829369131,9.13885290837778,3.36906716489451,9.14207914041063,3.36151288317175,9.12762279099378,3.40741129780201
9.06222762036466,3.33963326022683,9.1420972856057,3.34712387743908,9.13299499372496,3.36674343508198,9.13632438151742,3.3589442971011,9.1213876894514,3.40649565973076
9.05536032458498,3.33698870305852,9.13644903987808,3.34415313899214,9.12706196476351,3.36439244931803,9.13049596981753,3.35634476180102,9.11507156378433,3.4055821372748
9.04848699475958,3.33434377105688,9.13073541430187,3.34114934919038,9.12105994879341,3.36201672317789,9.12459993160724,3.35371702440526,9.10868102311599,3.40467149993505
9.04157625075707,3.33169651489635,9.12496190299021,3.33811562837714,9.11499479031773,3.35961865155604,9.11864201726338,3.35106369602192,9.10222239640194,3.40376428672574
9.03466550675456,3.32904925873582,9.11913410234963,3.33505511037179,9.10887242682611,3.35720065733687,9.11262806661163,3.34838742467438,9.09570211887095,3.40286095307405
9.02775476275205,3.32640200257529,9.11325683591263,3.3319704857958,9.10269797071218,3.35476482868047,9.10656310733321,3.34569049336318,9.0891257487795,3.4019617723544
9.02084582022016,3.32375822656492,9.10733005251371,3.32886185311924,9.0964714005288,3.35231122269601,9.1004471228631,3.34297294068901,9.0824933600844,3.40106635135141
9.01394358757163,3.32112741296502,9.10135484376325,3.32572989204984,9.09019388415252,3.34984037508894,9.09428126264353,3.34023533817868,9.07580627030826,3.40017465068547
9.00715345127577,3.31853648218324,9.09533653676261,3.32257748674673,9.08387103406599,3.34735456634081,9.08807104081967,3.33748019330999,9.06907052329023,3.39928730044
9.00073865256652,3.31607909295161,9.08928180033654,3.31940821500665,9.07750987227066,3.34485661975105,9.08182335552417,3.33471061843283,9.06229367270946,3.39840502341003
8.99428655482448,3.31360829735038,9.08320136492769,3.3162277598981,9.07112168755916,3.34235100893722,9.07554929539019,3.33193156123769,9.05548782932869,3.39752896100636
8.98507744422784,3.31014655022712,9.07710194823741,3.31303969259431,9.06471355332929,3.33984053631496,9.06925580825305,3.32914612110197,9.04866062504561,3.39665951361161
8.97613456443213,3.30678291610889,9.07086788543169,3.3097835230928,9.05816390963204,3.33727765779123,9.06282350141533,3.32630154597839,9.04168245667243,3.39578125109745
8.96814430976996,3.30377034923829,9.06440190387386,3.30640825488954,9.05137039269217,3.33462257200395,9.05615182736885,3.32335364530711,9.03444389160274,3.39488429586892
8.96034132355902,3.30082553070805,9.05778104352584,3.30295383708834,9.04441372248166,3.3319071468668,9.04932007750084,3.32033768976464,9.02703068016111,3.39398258071714
8.95320927414178,3.29812343781561,9.05107373084455,3.29945592728386,9.0373657103468,3.32915961318154,9.04239875636833,3.31728503023801,9.01951930799915,3.39308664285688
8.94602938448877,3.29540492685028,9.04431776675838,3.29593454641936,9.03026616903783,3.32639561478632,9.03542695173061,3.31421304162801,9.0119523035423,3.39220142114655
8.93683342329499,3.2919945294644,9.03754120965602,3.29240471848968,9.02314473392164,3.32362675703257,9.02843377487322,3.31113458603861,9.0043614385229,3.39132953833795
8.92782425297952,3.28865214519401,9.03068208315741,3.28883456640162,9.01593643049196,3.32082783511127,9.02135544967558,3.3080215626445,8.99667761100719,3.39046213014988
8.91956910280997,3.28558430997942,9.02368864863206,3.28519727482413,9.00858688399732,3.31797789076039,9.01413858762987,3.3048506134659,8.98884286441125,3.3895933596063
8.91131395264042,3.28251647476482,9.01660468328635,3.2815156757714,9.0011420600594,3.31509495247841,9.00682832314879,3.30164175544147,8.98090617421707,3.38872982885069
8.90305880247087,3.27944863955022,9.0094652506042,3.27780811102739,8.99363881406941,3.31219342960799,8.99946084096221,3.29841100605715,8.97290688642494,3.38787605477489
8.89480092338282,3.27638387677021,9.00227027091844,3.2740747359002,8.98607711476584,3.30927340800509,8.99203611312722,3.2951584318312,8.9648450742173,3.3870316576836
8.8865331842204,3.27333021525013,8.99502095538665,3.27031635441523,8.97845828332432,3.30633548109455,8.98455544159563,3.29188466328373,8.95672225665974,3.38619628830872
8.87826676647094,3.27027978807994,8.98772316118899,3.26653614824797,8.97078851156363,3.30338211691836,8.97702490924833,3.28859242371398,8.94854513828784,3.38537015638801
8.87000499064326,3.26724072268665,8.98038221269474,3.26273700945565,8.96307342456183,3.30041556792783,8.96945004052162,3.28528420000151,8.94031981492313,3.3845534337273
8.86174141691562,3.2642034149438,8.97300142297013,3.25892076652715,8.95531652787399,3.29743725954511,8.96183427817081,3.28196156086008,8.93205011500373,3.38374607365199
8.85346932192241,3.26117443770126,8.96558379049386,3.25508906720051,8.94752099143644,3.29444848003942,8.95418073488998,3.27862592500894,8.9237395008446,3.38294802379075
8.84515016222665,3.2581306980773,8.9581317125908,3.2512432188716,8.93968934796959,3.29145025138733,8.94649189807571,3.2752784180432,8.9153907450071,3.38215916993362
8.83664122318145,3.25502743199315,8.9506442659543,3.24738280980345,8.93182063871767,3.28844225703616,8.93876682698843,3.27191867221883,8.90700288929305,3.38137911107167
8.82822429998041,3.25195427671073,8.94310682571788,3.2435003667389,8.92389950291398,3.28541868678783,8.93099044127671,3.2685401822115,8.89855959000387,3.38060641023663
8.82015851606268,3.24899602648007,8.93551184488451,3.23959206600829,8.91591800897693,3.28237659819722,8.92315495404743,3.26513963985183,8.89005238560784,3.37984088961352
8.81208799425065,3.24603640129221,8.92787942739051,3.23566830699353,8.90789727999685,3.27932412571797,8.91528110257831,3.2617261160639,8.88150380127749,3.37908498779748
8.80291060252954,3.24275555771885,8.92022537279051,3.23173726844969,8.89985392204352,3.27626765574631,8.90738518785327,3.25830673797601,8.87293160153802,3.37833999955626
8.79382328889498,3.23950336471883,8.91251959163356,3.22778359104897,8.89175633500238,3.27319524426039,8.89943618852417,3.25486812809791,8.86430215878037,3.3776028795388
8.78515334161615,3.23638392082396,8.90473590040635,3.22379392536972,8.8835770027426,3.2700965662944,8.89140709094595,3.25139870834354,8.85558612744968,3.37687207231723
8.77648162101082,3.23326685996058,8.89689556757128,3.21977925216825,8.87533826496077,3.26698021913122,8.88331982504255,3.24790807085347,8.84680728949622,3.37615066808494
8.76780361914666,3.23015823997801,8.88901674731113,3.21574892930743,8.86705919364623,3.26385351332111,8.8751931113236,3.24440438205675,8.83798599982188,3.37544062615983
8.75912303546699,3.22705181702199,8.88110238907697,3.21170454404384,8.85874289869807,3.26071769496633,8.86703000185014,3.24088902117294,8.82912564004585,3.37474195380571
8.75043243557066,3.22395391748441,8.87315524376815,3.20764761913783,8.85039228873514,3.25757395968811,8.85883334984437,3.23736330789066,8.82022939428508,3.3740545168149
8.74174110849986,3.22085861252505,8.865177576948,3.20357941554725,8.84200976052606,3.25442329798433,8.85060550624093,3.23382833434266,8.81129989707461,3.37337810871611
8.73304704027573,3.21777308807521,8.85717159495005,3.19950118449776,8.83359764971514,3.25126670045702,8.84234876041238,3.23028519102533,8.80233971973428,3.37271257263573
8.72435339759308,3.21469082467362,8.84913926772286,3.19541403717166,8.82515804020968,3.2481050481445,8.83406515491069,3.22673484824718,8.7933511556535,3.3720577675383
8.71566125638008,3.21162006747106,8.84108256248936,3.19131899520717,8.81669300230638,3.2449391357632,8.82575672228448,3.22317819037692,8.78433645581071,3.37141352018301
8.70696964478145,3.20855262801381,8.83300321724503,3.1872169434791,8.80820436256519,3.24176964947972,8.81742525636468,3.2196159826929,8.77529760357404,3.37077964464266
8.69827996887947,3.20549731464044,8.82490290311543,3.18310873474386,8.79969387730617,3.23859725154339,8.80907248165967,3.21604896394641,8.76623650593565,3.37015596395674
8.68960339262629,3.20244286822499,8.81678309751471,3.17899512487791,8.79116309943854,3.23542252980818,8.80069992271028,3.21247778966309,8.75715485048159,3.36954231638965
8.68097481275501,3.19939159829502,8.80864452269829,3.17487650634168,8.78261279050107,3.23224579630297,8.79230832625916,3.20890280327278,8.74805348323976,3.36893855069126
8.67234623288374,3.19634032836504,8.80048516348253,3.17075188912351,8.77404083704375,3.22906629572367,8.78389561729433,3.20532314716062,8.73893018281983,3.36834441311789
8.66393976433312,3.19345329615757,8.79230344037078,3.1666204892204,8.76544558116233,3.22588342994425,8.77546016868653,3.20173814157876,8.72978320019881,3.36775980455858
8.65551665079923,3.19055442276325,8.78412081339475,3.16249312027398,8.75684955599086,3.22270555173701,8.76702409504431,3.19815718917029,8.72063655048123,3.36718590771025
8.64703213410625,3.1876116884743,8.77595735435508,3.15837984165316,8.74827382451048,3.21954043656036,8.75860806613105,3.19458905494689,8.71151272707875,3.36662290591163
8.63851640765124,3.18465459945574,8.76780639643758,3.15427724433189,8.73971137958202,3.21638544740026,8.75020520499363,3.19103077664714,8.70240435723227,3.36606881341653
8.62988831502026,3.18164582833619,8.75965950059287,3.15018106718521,8.73115336234403,3.21323728602008,8.74180681664392,3.18747864316865,8.69330206507586,3.36552213561305
8.62126602380679,3.17863981198911,8.75150208939337,3.14608400035557,8.72258447263882,3.21009031234617,8.7333978843028,3.18392629592118,8.68418957589969,3.36498189946252
8.61325655111464,3.17592478928148,8.7433230159247,3.14198050583269,8.71399301692632,3.20694026491075,8.72496693034112,3.18036891972499,8.67505441831462,3.36444822727739
8.60519276314593,3.17318854598096,8.7351523564167,3.13788568049136,8.70541058326881,3.20379875191761,8.71654495430462,3.17681961119903,8.66593016953793,3.36392348388025
8.59681418345014,3.17032931578786,8.72701746490045,3.13381309246682,8.69686586147195,3.20067622687956,8.70816010972367,3.17329018992182,8.6568473832214,3.36340828884241
8.58843560375436,3.16747008559477,8.71890133543143,3.12975416450977,8.68834098551895,3.19756609123874,8.69979486380331,3.16977321474273,8.64778713344146,3.36290002941692
8.58005702405857,3.16461085540167,8.71078943297638,3.12570164515298,8.67982070305237,3.19446276056556,8.69143424667282,3.16626238068586,8.63873323210684,3.36239729171169
8.57163311932395,3.16173438560496,8.70268175681933,3.12165553947213,8.6713050230324,3.19136621771171,8.68307826617174,3.16275767332095,8.62968566943313,3.3619003072919
8.56304480654569,3.1587953823924,8.69457555399709,3.11761447542459,8.66279106102887,3.18827539681201,8.67472409150627,3.15925788925755,8.62064135262114,3.36140933251046
8.55445980480513,3.15585786868571,8.68645805178775,3.1135721589399,8.65426541828856,3.18518548086728,8.66635857176212,3.15575756868777,8.61158602363278,3.36092437726152
8.54655006685338,3.15322412964781,8.67831937774812,3.10952370416408,8.64571773629175,3.1820927258371,8.65797154260759,3.15225246624186,8.60250862669702,3.36044597777793
8.53849768429556,3.15053185757295,8.67018638093218,3.10548245739338,8.6371762076901,3.17900734063958,8.64959066963997,3.14875414078952,8.59343908093781,3.35997624126503
8.52992037391722,3.14762418569871,8.66208011619323,3.10145877839891,8.62866291480027,3.1759372649336,8.64123762027311,3.14527160048921,8.58440086830166,3.3595155537221
8.52135394937524,3.14472136269483,8.65397388145077,3.09743939871713,8.62014982388464,3.17287234441451,8.63288488691076,3.14179333941453,8.57536425782639,3.35906154288044
8.51342374265957,3.14210192974555,8.64584703298797,3.09341413793985,8.61161527269176,3.16980480041343,8.62451121151859,3.13831053154028,8.56630623988877,3.35861354588927
8.50540763022052,3.139451256987,8.63772235884762,3.08939431534912,8.60308319722903,3.16674326618269,8.61614007975596,3.13483296679459,8.55725220085125,3.35817345424561
8.49702060209157,3.13666569990465,8.62961978914893,3.08538973196327,8.59457450694901,3.16369523181032,8.60779200663717,3.1313691540081,8.5482243519498,3.3577418664456
8.48863357396263,3.1338801428223,8.62152595455868,3.08139375509239,8.58607516255887,3.16065563735305,8.59945321615221,3.12791335268645,8.53920782790423,3.35731726820904
8.48024654583368,3.13109458573995,8.61342998399363,3.07740103216462,8.57757375779175,3.1576203955581,8.59111251518394,3.12446092120614,8.53019053330039,3.35689896951701
8.47181635945653,3.12829394739982,8.60533185699385,3.07341160845274,8.56907028283136,3.1545895415439,8.5827698912173,3.12101189412468,8.52117245577937,3.35648733827159
8.46322717095164,3.12543774721058,8.59722960851341,3.06942452466749,8.56056267899261,3.15156234077877,8.57442332396306,3.11756543469217,8.51215139662069,3.35608266654635
8.45464361733244,3.12258422782743,8.58911403441114,3.06543527228553,8.55204128858749,3.14853536487206,8.5660633374601,3.11411763782362,8.50311709575424,3.35568506696031
8.44643880030551,3.11991089299813,8.58097811258306,3.06144041623044,8.54349874375421,3.14550600410369,8.55768270337678,3.11066552669349,8.49406171247306,3.35529502526459
8.43823398327858,3.11723755816883,8.57283674040282,3.05744728763822,8.53495068540345,3.14247983236976,8.5492967669957,3.1072154414853,8.48500181925077,3.35491377504249
8.43002916625166,3.11456422333953,8.56470461982964,3.05346306334937,8.52641253691164,3.13946230879366,8.54092065916633,3.1037736039192,8.47595378295363,3.35454166300785
8.42173563930997,3.11185825711569,8.55658176536364,3.04948771759203,8.51788430693601,3.13645341663058,8.53255438737973,3.10034000013323,8.46691764392805,3.35417789099584
8.41313480931319,3.10903925136001,8.54846488262894,3.04551962245339,8.50936253667157,3.13345191768536,8.5241945570823,3.09691322296565,8.45788976136416,3.35382165965157
8.40454783324568,3.10622614626763,8.54033922929157,3.04155157069873,8.50083175592343,3.13045234159628,8.5158259907483,3.09348703347872,8.44885374475834,3.35347225904162
8.39654190399378,3.10366052054043,8.53219382818725,3.03757824665755,8.49228045219535,3.12745066412585,8.50743739266941,3.09005683153755,8.43979738394099,3.35312992611557
8.38844723082519,3.1010629817648,8.52404940100896,3.0336097740476,8.48373037962007,3.12445454532384,8.4990501040236,3.0866313595861,8.43074371207849,3.35279601785775
8.38002222020172,3.0983466509008,8.51592375806195,3.02965477313094,8.47520021675283,3.12147051666924,8.49068244770797,3.08321808647417,8.42171252809818,3.35247071574151
8.37159946210095,3.09563306699492,8.50780528879717,3.02570754972974,8.46667777255739,3.11849426723114,8.48232246438595,3.07981209254614,8.41269094359793,3.3521527080575
8.36319006409374,3.0929357757629,8.4996849118088,3.02176368295984,8.4581535195399,3.11552244657272,8.47396080692802,3.07640955054227,8.40366887664297,3.35184139568678
8.35477620110822,3.09024095929779,8.49156320571253,3.01782345442051,8.44962806927454,3.11255525789837,8.46559807468127,3.0730106948193,8.39464696796934,3.35153697042332
8.34634611614085,3.0875551340575,8.48344030081576,3.01388692318748,8.44110156045691,3.10959274047334,8.45723440344156,3.06961557103588,8.38562535703415,3.35123965200027
8.33791603117347,3.08486930881721,8.47531449911685,3.00995326362195,8.43257221245645,3.10663426899054,8.44886804621832,3.06622346289483,8.37660215403082,3.35094958582123
8.3294859462061,3.08218348357692,8.4671844681102,3.00602183114723,8.42403862837494,3.10367935643754,8.44049763235609,3.06283381140136,8.36757587687643,3.35066694434459
8.32104966243472,3.0794994934945,8.45905020189126,3.00209264175664,8.41550080530831,3.10072801886438,8.43212315772863,3.05944663102504,8.35854652539568,3.35039193884491
8.31258839516851,3.07682289978361,8.45091150322111,2.99816561576113,8.40695853882499,3.09778020059642,8.42374442059587,3.05606185433031,8.3495138878036,3.35012471732057
8.30409122804235,3.07413438286434,8.44276739850761,2.99424029847186,8.3984108097384,3.09483556396892,8.41536042003211,3.05267909037866,8.34047689141034,3.34986538434169
8.29544498203563,3.07139635325733,8.43461581194469,2.99031570647548,8.38985544255753,3.0918933746087,8.40696902097725,3.04929749197954,8.33143324072764,3.34961405157372
8.28680221889461,3.06865974435126,8.42645006598279,2.98638865157913,8.38128543440713,3.08895124484008,8.39856335329092,3.0459143103379,8.3223755356399,3.34937085244373
8.27869061398386,3.06613980099227,8.41826487851766,2.98245662974741,8.37269524774003,3.08600730486978,8.39013798425803,3.04252738751858,8.31329792465408,3.34913618605415
8.27049279057024,3.063590999598,8.41007652702383,2.97852747054348,8.36410196215256,3.08306743496645,8.38170966587148,3.03914347832784,8.30421846575882,3.34891075667332
8.26198142702545,3.06093725376761,8.40189932841234,2.97460800638578,8.35552058899687,3.08013676760592,8.37329312080346,3.0357684901007,8.29515303870663,3.3486944033128
8.25347000148226,3.05828614093903,8.39372458701376,2.97069405654808,8.34694200337343,3.07721217037434,8.36487939812464,3.0323988208366,8.2860920218475,3.34848613967173
8.24495834457526,3.055644853868,8.38554549900275,2.96678241068467,8.33835907554823,3.07429124517843,8.35646150158936,3.02903170456683,8.27702790490288,3.34828554538729
8.23644707417446,3.05300734281683,8.37736223738036,2.96287319444492,8.32977199490618,3.07137409101103,8.34803961422431,3.02566724984135,8.26796090111387,3.34809271209225
8.22793752669272,3.05038666403578,8.36917502933161,2.95896651328067,8.32118100099678,3.06846078412685,8.33961397062384,3.0223055444303,8.25889126365619,3.34790775334281
8.21942797921097,3.04776598525473,8.36098429298771,2.95506256238966,8.31258653286111,3.06555146945159,8.331185001002,3.01894675513521,8.24981945743856,3.34773076078802
8.21091843172922,3.04514530647367,8.35279035669031,2.9511615296131,8.30398893930772,3.06264629581473,8.32275304521067,3.01559104801111,8.24074586354791,3.34756181500612
8.20240871893767,3.04252867269027,8.34459322598267,2.94726340742288,8.29538822547832,3.05974525633331,8.31431810804721,3.01223841568765,8.23167048912143,3.34740091917929
8.19389837934243,3.03992737628736,8.33639295375525,2.94336821341269,8.28678444664637,3.0568483630333,8.30588024333819,3.00888887241531,8.22259339504593,3.34724806589883
8.18534473902032,3.03731290442032,8.32818976200071,2.93947608250156,8.27817783982323,3.05395572462121,8.2974396812444,3.00554253867046,8.21351484472434,3.34710328313245
8.17663937974346,3.03465226779367,8.31998202526045,2.93558627084843,8.26956670406229,3.05106679436924,8.28899475148432,3.00219877754839,8.20443305553512,3.34696660022686
8.16793527131238,3.03199211333254,8.31176162214984,2.93169496737295,8.26094252648125,3.04817874466571,8.28053710313253,2.99885431131343,8.19533905906181,3.34683815497507
8.15975516862618,3.02953394820101,8.30352226259437,2.92779927892245,8.25229872089249,3.04528944382788,8.27206027319412,2.99550665712236,8.18622593071247,3.34671846338657
8.15157506593998,3.02707578306948,8.29528505152875,2.92390922454627,8.24365742741733,3.04240635238547,8.26358597237326,2.99216444306775,8.17711703517024,3.34660804966517
8.14339496325378,3.02461761793795,8.28707106007736,2.92003476468393,8.23504073676958,3.03953690347158,8.25513585963687,2.98883627697654,8.1680356937941,3.34650639535654
8.13510970917386,3.02212733362869,8.27888029069791,2.91617589863731,8.22644864598501,3.03668111528921,8.2467099275855,2.98552218294369,8.1589819287129,3.3464121189151
8.12645287557176,3.01952354793549,8.27070813141807,2.91233046884861,8.21787632151442,3.03383739049136,8.23830343185139,2.98222031271194,8.14995066301171,3.34632404287204
8.1178043853102,3.01692272658929,8.2625336784707,2.90848866512753,8.20930185193788,3.0309984455639,8.2298948816197,2.97892221935041,8.14091881033882,3.34624173785788
8.10990983480138,3.01458977625328,8.25434090033182,2.9046430163501,8.20070844120987,3.02815874131664,8.22146780249228,2.97562146708274,8.13186867793594,3.34616603024478
8.1019146482226,3.01222622412826,8.24615548932771,2.90080561172726,8.19212304354293,3.02532720914375,8.21304862839859,2.9723284236385,8.12282865637341,3.34609792962361
8.09351468038562,3.00973958461851,8.23799995328256,2.8969869173652,8.18356924100328,3.02251159963119,8.20466048522258,2.96905210728117,8.11382357525585,3.34603702904293
8.08511685681813,3.0072562727796,8.22985946293791,2.89317998038647,8.17503148184603,3.01970677864153,8.19628811930417,2.96578655355485,8.10483706574292,3.34598226605061
8.07672790658088,3.00478673137506,8.22172206473405,2.88937924477132,8.16649724213076,3.01690863761096,8.1879192455728,2.96252698407208,8.09585594942033,3.3459333748997
8.06834086024118,3.00232196130547,8.21358743704326,2.88558461568372,8.15796619799685,3.01411710334368,8.17955354304039,2.95927330942339,8.08687989468275,3.34589072600665
8.0599618633897,2.99987736396222,8.20545525949654,2.88179598297657,8.14943802254881,3.01133209473174,8.17119068869453,2.95602543063394,8.07790856507439,3.3458547468565
8.05158286653822,2.99743276661898,8.19732518993302,2.87801321552111,8.14091236330552,3.00855351682263,8.16283033486216,2.95278323314964,8.06894159669353,3.34582578504928
8.04320386968674,2.99498816927573,8.18919693968429,2.87423623407289,8.13238892622515,3.00578132251065,8.15447218954588,2.94954665349848,8.05997869694685,3.34580412639329
8.03482528945993,2.99254968288566,8.18107049432632,2.87046507502959,8.12386770297774,3.00301554792589,8.14611624137329,2.94631572718813,8.0510198714566,3.3457899658451
8.02644822653516,2.99013345192686,8.17294573660539,2.86669980459289,8.11534858664329,3.00025627150527,8.13776237812925,2.94309052666954,8.04206504550527,3.34578351087982
8.01801729138871,2.98770113994884,8.16482229079103,2.86294034701117,8.10683119671625,2.99750346166106,8.12941022038857,2.93987099964179,8.03311385054546,3.34578492477863
8.00940208109274,2.98521382128778,8.15669764394492,2.85918581401058,8.09831293378342,2.9947565359188,8.12105720361753,2.93665642109256,8.02416363764296,3.34579459050972
8.00078721147012,2.98272666152409,8.1485621358528,2.85543222747739,8.0897837323953,2.99201270147404,8.11269343114285,2.93344344524905,8.01520397514556,3.34581334449508
7.99255668222057,2.98041876638144,8.14040828274377,2.85167655900177,8.08123580155124,2.98926984812263,8.10431124060177,2.93022953050914,8.00622680808419,3.34584228883193
7.98432615297103,2.97811087123879,8.1322476501672,2.8479246541805,8.07268132758399,2.98653238780669,8.09592255526545,2.92701975292094,7.99724509850464,3.3458823745673
7.97609562372149,2.97580297609614,8.12409180924154,2.84418232133403,8.06413249422347,2.98380470664636,8.08753929509355,2.92381916778245,7.98827179675023,3.3459338717783
7.96777380169538,2.97346708634485,8.11594061825286,2.84044988194208,8.05558919872021,2.98108714886544,8.07916133615525,2.92062811429233,7.97930691640098,3.34599663062004
7.95913571540665,2.97103421527044,8.10779132021638,2.83672648495431,8.04704860348404,2.97837920192582,8.07078587148211,2.91744592398927,7.97034760451739,3.34607061837919
7.95050140544049,2.96860360590269,8.09963214176676,2.83300711690519,8.03849842001663,2.97567730364291,8.06240082883906,2.91426835392212,7.96138108032808,3.34615626661382
7.94215694961917,2.9663465953297,8.09145401219301,2.82928812129195,8.02992920616253,2.97297891419381,8.05399692200126,2.91109233730411,7.95239759261892,3.3462546550058
7.93381249379786,2.96408958475672,8.08326768713211,2.82557483701948,8.02135228682238,2.97028803093298,8.04558523354444,2.9079224957629,7.94340916268919,3.34636657233787
7.92546803797654,2.96183257418374,8.07508383530437,2.82187242374107,8.0127788752321,2.96760849580048,8.03717674155376,2.90476329376474,7.93442765183486,3.34649210160159
7.91708290214624,2.95956952028371,8.06690232100835,2.81818120358217,8.00420887557931,2.96494065240391,8.02877132856887,2.90161506966359,7.92545307998827,3.34663117930659
7.90855698981522,2.95728555295577,8.05872216251919,2.81450113837977,7.9956413107113,2.96228458293304,8.02036801164041,2.89847785156445,7.9164845472633,3.3467838015943
7.90002999911567,2.9550090505456,8.0505394975001,2.81083083192118,7.98707218068764,2.95963936707187,8.01196284659808,2.89535049534461,7.90751797147084,3.34695015925935
7.89149933644664,2.9527579670432,8.04235132231146,2.80716928353963,7.97849838626421,2.95700437207092,8.00355277265692,2.89223219359935,7.89855022033885,3.34713068378679
7.88296774745936,2.9505140608967,8.03415763575926,2.80351678287597,7.96991996456474,2.95437988325214,7.99513780866792,2.88912323212041,7.88958143062237,3.34732580281518
7.87443269243737,2.94829701049313,8.02595839894622,2.79987372563416,7.96133692770611,2.9517662978476,7.98671794215002,2.88602400670038,7.88061175129768,3.34753604837563
7.86589691451178,2.94608748676427,8.01775359625136,2.79624054920065,7.95274931570528,2.94916405297408,7.97829318605597,2.88293495457809,7.87164137050848,3.34776193940077
7.8573581601042,2.94390895335271,8.00954325901101,2.7926176329519,7.94415720816499,2.94657352257244,7.96986359629613,2.87985645230805,7.86267049388987,3.3480038741845
7.84878139530751,2.9417133575104,8.00132747706023,2.78900544016305,7.93556075311795,2.94399515672744,7.96142929255617,2.87678895654952,7.85369941602639,3.34826227653308
7.84007399336211,2.93945912013993,7.99310465824163,2.78540362331794,7.92695833050404,2.94142880541068,7.95298866361255,2.87373222349846,7.84472656550095,3.34853757157033
7.83136791827168,2.93720621875515,7.98486722361184,2.78180942512508,7.91834208464529,2.93887265650437,7.94453396842939,2.87068399134041,7.83574393627984,3.34883076469025
7.82292371856247,2.93521699484169,7.9766092914014,2.77822083815673,7.90970593564992,2.93632543618579,7.9360592086061,2.86764263526799,7.82674538828623,3.34914307035513
7.81444998414655,2.93321861881227,7.96833713434232,2.77464106137172,7.90105650262516,2.93378955515725,7.92757085208615,2.86461093808144,7.81773799480555,3.34947510487878
7.80574914969349,2.93114986978424,7.96005675487294,2.77107317781444,7.89240012093992,2.93126734712566,7.91907508693654,2.86159159183468,7.80872852453736,3.34982713147125
7.79704831524043,2.9290811207562,7.95176591789464,2.76751670795067,7.88373451541536,2.92875861505837,7.91056965049769,2.85858426633228,7.79971477119198,3.35019956444696
7.78834748078736,2.92701237172816,7.94346265222194,2.76397122346106,7.87505768003354,2.92626317745064,7.9020525478947,2.85558866216159,7.79069479135848,3.35059281360535
7.77964151875169,2.92495707533904,7.93514681370245,2.76043712710116,7.86636952400221,2.92378145382808,7.89352366143372,2.85260519050943,7.78166865225644,3.35100732569708
7.77091673278744,2.92295116509013,7.9268184301874,2.75691482005542,7.857670126977,2.92131384156198,7.88498304480113,2.84963425018133,7.77263657694627,3.3514434844863
7.76218909564276,2.92095564964934,7.91847804172855,2.75340496452212,7.84896010899746,2.91886093465278,7.87643127956826,2.84667646775002,7.76359936349474,3.35190167499315
7.75345124461743,2.9189973718833,7.91012611990523,2.74990824589086,7.84024002512106,2.91642335870162,7.86786888038165,2.84373249772668,7.7545577579858,3.35238230910548
7.74471053228295,2.91705108921461,7.90176296946921,2.74642519598934,7.8315102460917,2.9140016072836,7.85929618539612,2.84080285226739,7.74551228875529,3.3528857057998
7.73595974431957,2.91514704530555,7.89338885865928,2.74295640863194,7.82277111434632,2.91159623955193,7.85071350047694,2.83788810748166,7.73646347826223,3.35341224758217
7.72718210307503,2.91322152919171,7.88500404222322,2.73950238963158,7.81402294826011,2.90920772870845,7.84212111234828,2.83498875235204,7.72741179864192,3.35396223846609
7.71831248823769,2.91122246989315,7.87660735662857,2.7360632345001,7.80526460852288,2.90683631519724,7.83351786607628,2.8321049578765,7.71835626977324,3.35453627148108
7.70944349119235,2.90922440147109,7.86819290824258,2.73263728983112,7.79649004656267,2.90448108677483,7.82489777384243,2.82923545471477,7.70929090408192,3.35513559059318
7.70079037205353,2.90757257958984,7.85975614008037,2.72922337809378,7.78769459882053,2.90214143949618,7.81625621269766,2.82637936099178,7.70021114058041,3.35576148605562
7.6921372529147,2.90592075770858,7.85130674295287,2.72582624173454,7.77888847119595,2.89982088707896,7.80760316010438,2.8235407824603,7.69112781535543,3.3564142112034
7.68348413377588,2.90426893582732,7.84285446692568,2.72245040608234,7.77008190015638,2.897522726311,7.79894863535276,2.82072361407447,7.68205169070803,3.35709332663942
7.67477319794713,2.90257586959836,7.83439909793184,2.71909654026884,7.76127475956755,2.89524765370433,7.79029246638148,2.81792854351051,7.67298286307165,3.35779905039458
7.66585360487202,2.90073395479241,7.82593825656962,2.7157645515784,7.75246468215881,2.89299587191165,7.78163227296405,2.81515563255583,7.66391915450822,3.35853197076338
7.65693942442144,2.89889916904725,7.81746188202018,2.71245122509346,7.74364129256247,2.89076543385388,7.77295780900117,2.81240231948701,7.65485014315287,3.35929360777323
7.64840813374127,2.89756869399904,7.80896231634254,2.70915458870493,7.73479675364272,2.88855532990077,7.76426130702045,2.80966712635199,7.64576815358773,3.3600860052273
7.63985013289109,2.89620487406462,7.80046506755732,2.7058855758142,7.72595773756293,2.88637324902715,7.75556892815321,2.8069593169373,7.63670094453557,3.36090783379961
7.6311940097822,2.89471855863313,7.79199321401651,2.70265364707683,7.71714831524144,2.88422575184625,7.74690430055824,2.80428688463304,7.62767334727321,3.3617564523529
7.62248639187765,2.89319896524289,7.78353605937791,2.69945534471432,7.70835744927587,2.88211073927925,7.73825652493364,2.80164707794887,7.61867414246906,3.36263218945734
7.61359761982769,2.89156230293142,7.77508173802778,2.6962870692732,7.6995729291833,2.8800260989013,7.72961353212377,2.79903705993159,7.60969105705335,3.36353645444961
7.60470884777772,2.88992564061996,7.76661495926394,2.69314392485507,7.69077898451486,2.87796885884787,7.72095975196882,2.79645291819808,7.60070826230757,3.36447192119098
7.59660509452239,2.88894768616348,7.75812361984008,2.69002270601705,7.68196321707206,2.87593733315507,7.71228290457928,2.79389222071018,7.59171362032221,3.36544211076076
7.58838356991068,2.8879175294586,7.74963818433762,2.68693562816753,7.67315738593729,2.87393983388316,7.70361418522671,2.79136517300547,7.58273994421969,3.36644500782542
7.57974574922685,2.88669299400303,7.74118510539306,2.68389332258999,7.664389060817,2.87198365356043,7.69498066409412,2.78888072543645,7.57381560295106,3.36747762575631
7.57105740753705,2.88542855049733,7.73274555070692,2.68089020351533,7.65563886805345,2.87006559879645,7.68636318753314,2.78643452323753,7.56492113841048,3.3685421951591
7.56220448045985,2.88403409608307,7.72430194615716,2.67792115814411,7.6468887450802,2.86818277215492,7.67774389317447,2.78402258356839,7.5560385327695,3.36964174290058
7.55335155338264,2.8826396416688,7.71584194609602,2.67498329978174,7.63812609431811,2.86633383613291,7.66911028009782,2.78164280668084,7.54715556009108,3.37077990334025
7.54520119844141,2.88198000533568,7.70735606185513,2.67207467861215,7.62934126819485,2.86451803370918,7.66045275800412,2.7792938452816,7.53826304126362,3.37196033434679
7.53694514899838,2.88126445093109,7.69886902624052,2.66920507500655,7.6205600404729,2.86274195992915,7.65179664481233,2.77698384467819,7.5293876076593,3.37318143086719
7.52828640997338,2.88033165852925,7.69040263894409,2.66638283591681,7.61180508868901,2.86101118940868,7.64316422638355,2.77471975558911,7.52055247283621,3.37444045429458
7.51962906283775,2.87942146898539,7.68194196555196,2.66360364705689,7.6030610641737,2.85932331493375,7.63454032040149,2.7724982402099,7.51174226944484,3.37573937737547
7.51097785003697,2.87861089475779,7.67347508136558,2.66086438172114,7.5943157553273,2.85767671978425,7.62591282776336,2.77031693940895,7.5029449406678,3.37708053687154
7.50229271943474,2.87783434964484,7.66500163651467,2.65816615103843,7.585568966197,2.85607253888159,7.61728147425907,2.76817697372176,7.49416075327112,3.37846537196583
7.49348674855701,2.87717904138724,7.65651940466243,2.65550925261444,7.5768185358012,2.85451134244333,7.60864405912314,2.76607877778236,7.48538795295919,3.37989552619445
7.48468077767928,2.87652373312963,7.64801916167404,2.65289202706461,7.5680551142161,2.85299264478999,7.59999127124563,2.7640212884416,7.47661768563086,3.38137417809063
7.47587480680155,2.87586842487203,7.63949369664285,2.6503134095707,7.55927142335201,2.85151629896939,7.5913158469064,2.7620039053069,7.46784320721936,3.38290432539859
7.46705894253191,2.87524889537342,7.63094287925121,2.6477746113899,7.55046749616109,2.85008352533579,7.58261773523959,2.7600278416187,7.45906513477225,3.38448780838914
7.45819988230176,2.87478558104085,7.62236683820191,2.64527698402079,7.54164363994599,2.84869565500702,7.57389715188708,2.75809443826035,7.45028436156667,3.38612629685918
7.44932148229627,2.87427357085353,7.61376690622599,2.64282203338507,7.53280137607557,2.84735402083181,7.56515552355218,2.75620511386555,7.44150289946315,3.38782085755107
7.4403747050597,2.87358939280738,7.60514367672576,2.64041116528669,7.52394148038942,2.84605994956956,7.55639353260609,2.75436123570742,7.43272203555479,3.38957265691865
7.43142820686616,2.87290672087972,7.59649492376104,2.63804519028013,7.51506185735649,2.84481453382786,7.54760900968864,2.75256375895113,7.42394027124784,3.39138356310998
7.42265559210551,2.8731625746815,7.58781895965674,2.63572491267522,7.50616094498539,2.84361879126986,7.53880032228944,2.75081359678549,7.41515659432607,3.39325520972107
7.4138523968865,2.87335578363999,7.57912289074664,2.63345355453489,7.4972462112387,2.84247502358523,7.52997476959732,2.74911350797328,7.40637890794871,3.39518728222272
7.40492826590398,2.87330125262471,7.57041328595987,2.63123383590173,7.48832452770483,2.84138510190297,7.52113908163977,2.74746578692014,7.39761435149501,3.39717899418028
7.39600294920984,2.87327796239676,7.56168706658222,2.62906600537066,7.47939288370551,2.84034966513142,7.5122902022348,2.74587088030388,7.38886033020476,3.3992316765932
7.38707340910704,2.87336594932086,7.55294191921464,2.62695040830378,7.4704490403079,2.83936934951437,7.50342584538684,2.74432928012801,7.38011500580886,3.40134654175215
7.37814420308005,2.87350250747588,7.54417835177065,2.62488823880398,7.4614936650946,2.83844527582659,7.49454659521632,2.74284214402111,7.37137946607921,3.40352438541571
7.36921630266459,2.87382888829837,7.5353969076543,2.62288077000795,7.45252747114404,2.8375786399305,7.48565307618482,2.74141070734003,7.36265487631994,3.40576608683831
7.36028840224912,2.87415526912085,7.52659834913379,2.62092913525142,7.44355137098908,2.83677047146426,7.47674612195871,2.74003605222845,7.35394253166805,3.40807228737781
7.35136050183366,2.87448164994334,7.51778329800389,2.61903459931918,7.43456615503906,2.83602194814944,7.46782643457625,2.73871940124189,7.34524366309271,3.41044380130996
7.34240819627077,2.87476533101918,7.50895186627329,2.61719853835999,7.42557212284149,2.8353344228137,7.45889421468788,2.73746212079422,7.33655910429591,3.41288178095775
7.33336733594164,2.87489407485915,7.50010316208028,2.61542191555077,7.41656852583659,2.83470896660029,7.44994863442334,2.73626522972476,7.32788861603493,3.4153874919981
7.3243264756125,2.87502281869912,7.49123241462464,2.61370500706607,7.40755068092643,2.83414646474,7.44098495081882,2.73512931097563,7.31922823568797,3.41796348644925
7.3157568320267,2.87629465350283,7.48233590399736,2.61204853691093,7.39851500488333,2.83364811430051,7.43199949850142,2.73405532709868,7.3105751933196,3.42061238291525
7.30709333377763,2.8774039394501,7.47342638417554,2.61045607848827,7.38947461772748,2.83321583273103,7.42300523514928,2.73304602336073,7.30194260090636,3.42333154004752
7.29805211266934,2.87784281020297,7.46451423006023,2.60893033145395,7.38044016834494,2.83285097749629,7.41401268718704,2.73210343324049,7.29334092167689,3.42611820641099
7.2890130417509,2.87828511708193,7.45558733597003,2.60746988210741,7.37139948402981,2.8325536939522,7.4050096832248,2.73122692308812,7.28475878496597,3.42897640162238
7.28070924786269,2.87990243861465,7.44663610981447,2.60607425907571,7.36234300599949,2.83232474194655,7.39598662109941,2.73041663720265,7.27618763626483,3.43191027675225
7.27232124049017,2.88143081042318,7.43769384984372,2.60474972985036,7.35330457611477,2.83216607162047,7.38697713328912,2.72967669095497,7.26765993246192,3.43490971985107
7.26363067676782,2.88263960984865,7.42878958723769,2.60350071024715,7.34431356660304,2.83207837620321,7.37801047118768,2.72900967275062,7.2592031157311,3.43796392896434
7.25489282471574,2.88378792173585,7.4199037575739,2.60232452798602,7.33535024753876,2.83206149789218,7.36906694054423,2.72841416191535,7.25079822275635,3.4410782744186
7.24597664980894,2.88470813695398,7.41101846411782,2.60121917416572,7.32639662776535,2.83211571801415,7.36012855412815,2.72788928560086,7.24242840332315,3.44425889849638
7.23706047490215,2.88562835217211,7.40212145898259,2.60018386167915,7.31744047502805,2.83224181507049,7.35118303975435,2.72743503356793,7.23408271962272,3.4475113031289
7.22902348050845,2.88769707964772,7.39320313299013,2.59921851565809,7.30847226566241,2.83244094372779,7.34222080394425,2.72705193993419,7.22575310461647,3.45084085945007
7.22086185299173,2.88964962874042,7.38428942354563,2.59832677098105,7.29951820418529,2.83271335461952,7.33326796484459,2.72674194527984,7.21746449236552,3.45423914307321
7.21202792933108,2.89090182404214,7.37540229162226,2.59751104588184,7.2906003958592,2.83305863120429,7.32434659248659,2.72650607135028,7.20923733918657,3.45769753458243
7.20319657329545,2.89215869682301,7.36651696251032,2.5967693964207,7.28169403745695,2.83347803239792,7.31543183844556,2.7263439672522,7.2010487343687,3.46122540483052
7.19491316964823,2.89441378229169,7.35761277638221,2.59610086147279,7.27277853342566,2.83397326713911,7.30650302377252,2.72625600069446,7.19288024089106,3.46483195219421
7.18662976600102,2.89666886776036,7.34870602446152,2.59550770886607,7.26387034652295,2.83454446403837,7.29757655189146,2.72624336946602,7.18474764971159,3.46851203650016
7.1783463623538,2.89892395322904,7.33981299393139,2.59499150147484,7.2549858451588,2.83519106870196,7.2886687763365,2.72630658926625,7.17666616147891,3.4722593035077
7.1699743654657,2.90107680656769,7.33093431578634,2.59455261420963,7.24612571957599,2.83591337216442,7.27978035058457,2.72644599976598,7.16863642819967,3.47607334743759
7.16127240342687,2.90284889677073,7.32206732919636,2.59419138967386,7.23728739137813,2.83671205171162,7.27090864107753,2.72666211264122,7.16065619691933,3.47995533701313
7.15258230358951,2.9046359513297,7.31319709333709,2.59390773649073,7.22845604951081,2.83758894631749,7.26203873160347,2.72695579486642,7.15271237806328,3.48391226578549
7.14478586698076,2.90755037627371,7.30431229731983,2.59370233223682,7.21962058281258,2.83854619205414,7.25315937799377,2.72732844839148,7.14479571738903,3.48795061630825
7.13694229048858,2.91042715904355,7.2954389423176,2.59357662767162,7.21080697615307,2.83958184078072,7.24429662000469,2.72777983676125,7.13693007232347,3.49205961355039
7.12874489883499,2.91302141307212,7.28660142711478,2.59353124172367,7.2020395203327,2.84069335024175,7.23547484647066,2.72830903101524,7.12913704601113,3.49622764374934
7.12057162002864,2.91566362473642,7.27778938713716,2.59356617895301,7.19330795522835,2.84188206383459,7.22668371429708,2.72891670221251,7.1214071778556,3.50045876741517
7.11248875510589,2.91848565905103,7.26899333990262,2.59368166916345,7.184602923495,2.84314942623833,7.21791377439814,2.72960368045812,7.11373211269454,3.50475727409941
7.10440589018315,2.92130769336564,7.26021198568496,2.5938781085312,7.17592320288109,2.84449598495801,7.20916375410707,2.73037043676036,7.10611099171325,3.50912411338082
7.0963230252604,2.92412972768025,7.25144447160255,2.59415593636446,7.16726802029629,2.84592227592207,7.20043282945621,2.73121745873836,7.09854346212984,3.51356021386372
7.08818296030029,2.92691500075861,7.24269157259519,2.59451543954365,7.15863819690557,2.84742847372241,7.19172179104547,2.73214497875181,7.09103054167962,3.51806560062598
7.07983446554485,2.92956632048137,7.23395153582362,2.59495704380949,7.15003206617619,2.84901522227365,7.1830289159421,2.73315353193997,7.08357109509107,3.52264161567061
7.07150476649113,2.93223666238502,7.22521336785047,2.59548170816192,7.14143887056583,2.85068490530097,7.17434329426837,2.73424478275917,7.07615623719592,3.52729465065911
7.06423203308927,2.93597670586861,7.21646905972237,2.59609076338167,7.13285086092539,2.85243988772696,7.1656570184583,2.73542057417405,7.06878005618202,3.53203024212694
7.05685117237648,2.93965582436235,7.20774224281916,2.59678339874284,7.12429137504257,2.85427626416642,7.15699361694546,2.73667856909969,7.06146320045452,3.53683656080848
7.04903631917851,2.94309040715532,7.1990534363217,2.59755804075703,7.11578056817068,2.85618979362529,7.14837346653574,2.73801589311214,7.05422274553596,3.54170187078553
7.04125053900722,2.94658104657033,7.19039014542045,2.59841563841232,7.10730619248275,2.85818304214913,7.13978415780312,2.73943429308174,7.047047890902,3.54663234175285
7.03356781070702,2.95027038355661,7.18174242648439,2.59935747788234,7.09885857340735,2.86025857493406,7.13121584848386,2.7409356856999,7.03993052886933,3.55163366778505
7.02588508240682,2.95395972054289,7.17311042397693,2.60038393462513,7.0904379183416,2.86241673363936,7.1226687049113,2.74252043094241,7.03287117062729,3.55670619594605
7.01820235410662,2.95764905752916,7.16449445946263,2.60149538050069,7.08204461063621,2.86465783653941,7.11414307025495,2.74418887637225,7.02587052627411,3.56185023473733
7.01046550786587,2.96130802362409,7.15589542749616,2.60269201791705,7.07367957970324,2.8669819598918,7.10563984868796,2.74594116483296,7.01892970651875,3.56706562666798
7.0025356358885,2.96485866402118,7.14731244385181,2.60397457288907,7.06534206107683,2.86938993386377,7.0971582032988,2.74777807718464,7.01204851041333,3.57235350863093
6.99460576391113,2.96840930441827,7.13873812551385,2.60534474998931,7.05702497776373,2.8718844168582,7.08869087505581,2.74970179043569,7.00522160562552,3.57771911123128
6.98778259615633,2.97295058646147,7.1301669525115,2.60680409516662,7.0487230794761,2.87446766671151,7.08023245391391,2.75171420360622,6.99844534374498,3.58316676851759
6.98087532846557,2.97746577573561,7.1216167290233,2.60835040196038,7.04045374053675,2.87713514115468,7.07180056352088,2.75381196689094,6.99173449188939,3.58868599434835
6.97347395167286,2.98181284956267,7.11310328802072,2.60998099741229,7.03223232098746,2.87988209944099,7.06341083299363,2.75599140280699,6.98510146267015,3.59426635657754
6.96608866645133,2.98619082349229,7.10461509257823,2.61169839812314,7.02404773243615,2.88271254769475,7.05505190897919,2.75825576063924,6.97853721568062,3.59991521385419
6.95876622516463,2.99068947451485,7.09614256234413,2.61350527763253,7.01589084765971,2.88563039156873,7.04671440085585,2.76060832103639,6.97203480583934,3.60563948222536
6.9514531924127,2.99520306451376,7.08768676735819,2.61540222124579,7.00776282112506,2.8886360609731,7.03839941217088,2.76304959674493,6.96559576128314,3.6114392726629
6.94426989276294,2.99992264617792,7.07924886730731,2.61738988787039,6.9996649071574,2.89173004953992,7.03010814130817,2.76558017046652,6.95922173453322,3.61731470957181
6.93710076132735,3.00466404061256,7.07083062328872,2.61946890702711,6.99159895286523,2.89491274248255,7.02184238523812,2.76820055776632,6.95291484291632,3.62326553061963
6.93002843626406,3.00955447395613,7.0624337644246,2.6216397187131,6.98356674845825,2.89818434064315,7.013603896764,2.770911087202,6.94667702388222,3.62929124849037
6.92297814664451,3.01447764534783,7.05405966774249,2.62390280569789,6.97556974079817,2.90154513317271,7.00539408002294,2.77371215253868,6.94050988723092,3.63539153401371
6.91601026120082,3.01952324458394,7.0457096670976,2.62625850973241,6.96760931505485,2.9049952743659,6.99721428685912,2.77660400939286,6.93441490906,3.64156592413452
6.9090688754185,3.02460528466212,7.03738497425492,2.6287073229565,6.95968675537122,2.90853508300349,6.98906575687854,2.77958707095558,6.9283935262954,3.64781413561731
6.9022261061759,3.02982293665255,7.0290868688228,2.63124977890291,6.95180341869976,2.91216490929773,6.9809498000317,2.78266178727781,6.92244725786441,3.65413588598793
6.89540761283275,3.03507222584487,7.02081670541777,2.63388622799828,6.94396071200771,2.91588491176021,6.97286778930562,2.78582842101128,6.91657759125311,3.66053068703649
6.88869699487081,3.04046210200998,7.0125758739905,2.63661708123023,6.936160085431,2.91969530373453,6.96482113686163,2.7890872929684,6.91078606914837,3.66699807705856
6.88200438523782,3.04587316635025,7.00436572731029,2.63944265004763,6.92840293894926,2.92359620441428,6.95681121130717,2.79243862707057,6.90507414792787,3.67353751920779
6.87546259578296,3.05146168215533,6.99618763654939,2.64236310020503,6.92069067116736,2.92758758553809,6.94883939006394,2.79588250042499,6.89944322331228,3.68014833501137
6.8689618709034,3.05709998753801,6.98804341689011,2.64537862015991,6.91302512391105,2.93166938167682,6.94090749523643,2.79941898439953,6.89389508408807,3.68682963919586
6.86260852609263,3.06291698687574,6.97993465991277,2.64848930823128,6.90540790517351,2.93584146733024,6.9330171198794,2.80304807474286,6.88843126928203,3.6935805685956
6.85625518128185,3.06873398621348,6.97186203529089,2.65169553045483,6.89783974506052,2.94010410521501,6.92516895416532,2.80677009357099,6.88305265814019,3.7004009550522
6.84990183647108,3.07455098555122,6.9638264560589,2.65499779057836,6.89032163349553,2.94445766169372,6.91736394008452,2.81058548486358,6.87776043238213,3.70729064314694
6.84351134567284,3.0803548884128,6.95582931893048,2.6583962585939,6.88285499505319,2.94890210738187,6.90960348081141,2.81449432855113,6.87255603239036,3.71424894810067
6.83698088563183,3.08610944263741,6.94787112684222,2.66189136379112,6.87544040336188,2.95343778943692,6.90188810418305,2.81849702078712,6.86744026261214,3.7212758593161
6.83045204671975,3.09186508350366,6.93994912857722,2.6654849486876,6.86807539739247,2.95806689258865,6.89421518158137,2.82259557756571,6.86241189183651,3.72837426732506
6.82510818431502,3.09841501333348,6.93206160530563,2.66917875572631,6.86075852685126,2.96279136497001,6.88658310853161,2.82679184909677,6.85747063533443,3.73554652066552
6.81958227392349,3.10487159060376,6.92421905673861,2.67296897642761,6.85349970370164,2.96760601215057,6.87900211766329,2.83108136170835,6.85262385900852,3.74278393043955
6.81336525037016,3.1109737713013,6.9164299023258,2.67685214368818,6.84630682351452,2.9725062559255,6.87148038844642,2.8354601176993,6.84787701911943,3.75007895789032
6.80715422746943,3.11707967162471,6.90868684082652,2.68083257356146,6.83917324754005,2.97749733969301,6.86401090856768,2.83993289018387,6.84322594126931,3.75743873357914
6.80212776250306,3.12391984413626,6.90098459541336,2.68491389431563,6.83209425260127,2.98258355578747,6.85658864274394,2.84450363777532,6.83866813119805,3.7648689509957
6.79702731374372,3.13075233256572,6.89333385520413,2.68909130421865,6.82507980111164,2.987758693423,6.8492239481125,2.84916688259334,6.83421058096927,3.77235993392219
6.79164353098076,3.13755539344547,6.88574410402964,2.69336022774815,6.81813869191906,2.99301692831393,6.84192599555001,2.85391745302087,6.82985906427676,3.77990263459676
6.7862597482178,3.14435845432522,6.87821187884128,2.69772292155223,6.81126781291223,2.99836094695067,6.83469147096291,2.85875782155178,6.82561159489786,3.78750043147425
6.78087596545483,3.15116151520497,6.87073498288201,2.70218151763775,6.80446529020573,3.00379314144896,6.82751831574273,2.86369025466606,6.82146739465932,3.79515606055504
6.77546329084926,3.15795388568171,6.86331502211146,2.70673594127985,6.7977327210545,3.00931320532286,6.82040812542065,2.86871457413558,6.81742795407402,3.80286848639299
6.76994836143794,3.16470842038946,6.85595267271962,2.71138653671835,6.79107083883597,3.01492137363405,6.81336159506026,2.8738310804026,6.81349421108955,3.81063752060789
6.76443343202661,3.1714629550972,6.84864569559396,2.71613586535539,6.78447778932974,3.02062047316168,6.80637665301411,2.8790424738659,6.80966581568265,3.81846640468073
6.75992642034159,3.17876043470383,6.84139279069449,2.7209859636809,6.77795257896426,3.02641268456444,6.79945213151991,2.88435087148895,6.80594306286109,3.82635748791927
6.75545116401613,3.18607502028056,6.83420212669626,2.72593259592287,6.77150274564355,3.03229269046644,6.79259590987699,2.88975152367694,6.80233105050301,3.83430281270795
6.75097590769066,3.19338960585728,6.82708195932279,2.73097116085908,6.76513586317462,3.03825479811973,6.78581593199732,2.8952393119376,6.79883447067166,3.84229392336452
6.74640814667387,3.2006806596405,6.82003405167771,2.73610106077114,6.75885361211126,3.0442981578524,6.77911391676593,2.90081352642214,6.79545433959208,3.85032907047993
6.74148648351619,3.20788168607501,6.81305875594893,2.7413228701648,6.75265643290927,3.05042327122163,6.77249024906558,2.9064747162302,6.79219111159183,3.8584082651716
6.73658241861661,3.21508795398703,6.80615175009672,2.74664117721473,6.74654068166845,3.05663525210379,6.7659409066603,2.91222773576591,6.78904352665684,3.86653746124483
6.73299377512129,3.22268600793095,6.79931033870657,2.7520595507254,6.74050419042389,3.06293798601573,6.75946342674514,2.91807631980473,6.78601145718429,3.87472099569054
6.72932526897721,3.23027783589004,6.79255161525637,2.75756614957834,6.73456229940301,3.06931739858269,6.75307410846559,2.92400755791545,6.78310350989204,3.88293968269936
6.72532840653206,3.23784406563291,6.78589054795604,2.76314922947566,6.72872825888648,3.07575980263482,6.74678714380657,2.93000878063218,6.78032589255977,3.89117530293556
6.72138179143773,3.24542745161566,6.77932256235518,2.7688126730431,6.72299807373322,3.08226964180364,6.74059821028585,2.93608415138388,6.77767602670984,3.89943310160542
6.71761186478228,3.25307116534088,6.77284418639266,2.77455968579736,6.71736874843906,3.08885053896452,6.73450404144398,2.94223708701139,6.77515225917496,3.90771730996466
6.71388966482068,3.2607314073875,6.76645602167214,2.78039000010371,6.71184085213521,3.09550212342697,6.72850521604095,2.94846728020192,6.77275490935425,3.91602717923225
6.71035919680977,3.26845804848768,6.76015869452158,2.78630320214843,6.7064149600217,3.10222387784344,6.72260232922371,2.95477427749743,6.7704843759931,3.9243618637445
6.70686963709504,3.27619925139806,6.75395299849747,2.79229861564932,6.70109177738375,3.10901500240374,6.71679612649956,2.96115735325418,6.76834110995982,3.93272021626763
6.7035635232853,3.28400575413021,6.74783966064176,2.79837553081872,6.69587193894608,3.11587467327039,6.71108728491994,2.96761575286499,6.76632549568818,3.94110109312045
6.70027706227062,3.2918183189197,6.74181922796146,2.80453334499306,6.69075591565561,3.12280219741362,6.70547630887652,2.97414884041254,6.76443781881886,3.94950353092747
6.69725699702902,3.29971305555517,6.73589235973171,2.81077129429999,6.68574426735994,3.1297967066837,6.69996380446142,2.98075581200641,6.76267837293498,3.95792636469944
6.69429583605063,3.30762708449219,6.73006039529935,2.81708783303399,6.68083811994489,3.13685646505493,6.69455100637775,2.98743504007736,6.76104759864882,3.96636739816378
6.69159308410563,3.31562574745607,6.72432446386874,2.82348152822487,6.67603840634271,3.14397987694163,6.68923894709058,2.99418502331439,6.75954578696782,3.97482463230062
6.68889033216062,3.32362441041996,6.71868488051216,2.82995178896538,6.67134536829193,3.15116629248347,6.68402790057471,3.0010051529829,6.75817296987084,3.98329720851475
6.68618758021562,3.33162307338384,6.71314210049208,2.83649787684326,6.66675936582861,3.15841489636713,6.67891827117715,3.00789466416117,6.75692923025373,3.99178406827679
6.68346150742578,3.33964412733391,6.70769715429736,2.84311836037156,6.66228123325384,3.16572410766895,6.67391099309305,3.01485206363227,6.75581477030232,4.00028325766336
6.68065079340451,3.34774644766417,6.70235004474011,2.84981302675133,6.65791095441023,3.17309369391126,6.6690060529729,3.02187714021345,6.75482956994959,4.00879439852805
6.67784188954825,3.35584917977564,6.69709727531906,2.85658626359909,6.65364568143887,3.18052846159199,6.66420024003994,3.0289744978936,6.75397320643758,4.01732287820042
6.67610253308722,3.36419521540461,6.69193660902584,2.86344142328627,6.64948367366165,3.18803201956065,6.65949153502222,3.03614762747439,6.75324597664308,4.02587254648361
6.67436317662619,3.37254125103358,6.68686824973046,2.87037901627181,6.64542521776549,3.19560482604959,6.65488017318089,3.04339702774947,6.75264881070756,4.03444353564622
6.67262382016516,3.38088728666255,6.68189247956217,2.87739958804756,6.64147068422049,3.20324736366923,6.65036647118333,3.05072322806774,6.75218268921461,4.04303594203674
6.67081511818296,3.38924300998747,6.67701081989658,2.88450203286693,6.6376214429043,3.21095830815046,6.64595187700852,3.05812503067078,6.75184867970089,4.05164778046692
6.66873740968131,3.39763631401441,6.67222500793483,2.89168486762282,6.63387902459605,3.21873593095371,6.64163802980713,3.06560084725406,6.75164771710998,4.06027661151758
6.66667758451914,3.40603519319026,6.66753762048767,2.89894521139562,6.63024559667446,3.22657700194673,6.63742731658951,3.07314764041261,6.75158057329132,4.06891835234258
6.66563589470563,3.41475147707541,6.66295087091912,2.90628049222076,6.62672300710547,3.23447864602355,6.63332178039102,3.08076270370264,6.75164775916277,4.07756936976523
6.66459420489212,3.42346776096056,6.65846435639535,2.91369223793481,6.62331107933636,3.24244240995778,6.62932111459121,3.08844758888461,6.75184976717127,4.08623089271828
6.6635525150786,3.43218404484571,6.65407785074536,2.92118199951072,6.62000981633358,3.25046983936375,6.62542519128394,3.0962038600161,6.75218734854488,4.09490406970815
6.66245662204265,3.44088243329243,6.64979288432986,2.92874855087794,6.61682057682373,3.25855948633526,6.62163545912785,3.10403019804611,6.75266128781658,4.10358675468122
6.66115120475234,3.44951164636134,6.64561129787316,2.93639004210111,6.61374494006726,3.266709241666,6.61795363686126,3.11192464154808,6.75327225581547,4.11227610284509
6.65986219919233,3.45814345985774,6.64153610264666,2.9441022658018,6.61078531540406,3.27491449805422,6.61438246009431,3.11988280132548,6.75402053281832,4.12096665473036
6.65960635348509,3.4669389768295,6.63756982541227,2.95188148689613,6.60794369518232,3.28317118204054,6.61092420979755,3.1279007899024,6.75490611933495,4.12965362039485
6.65935050777786,3.47573449380125,6.63371405210567,2.95972547937808,6.60522134755355,3.29147684452085,6.60758032322088,3.13597628545444,6.75592897108559,4.13833399942719
6.65909466207062,3.48453001077301,6.62997029993609,2.967631984706,6.60261946686191,3.29982901332148,6.60435216652916,3.14410693802243,6.75708895475729,4.14700480934835
6.65886885497549,3.49333148374808,6.62633968065257,2.97559945152493,6.60013894399066,3.30822597290087,6.60124074661664,3.15229112949262,6.75838599630992,4.15566388592172
6.65875537667751,3.50215522907998,6.62282335685033,2.98362614217636,6.59778069415848,3.31666581612363,6.59824710978057,3.16052705290105,6.75981999115992,4.16430888185382
6.65861614295165,3.51097046838564,6.61942272081222,2.9917096722721,6.59554576970285,3.32514596334819,6.5953724907754,3.16881224148356,6.76139068327376,4.17293678487577
6.65838708010325,3.51975604059057,6.61613888973619,2.99984813112776,6.59343501612404,3.33366434220867,6.59261788023975,3.17714471889895,6.76309784181348,4.1815451336606
6.65817668353839,3.52854004361988,6.61297223128364,3.00804142432439,6.59144878979921,3.3422207832999,6.58998363649446,3.18552436919306,6.7649416357626,4.1901333932651
6.65907881466922,3.53723052233723,6.6099233404053,3.01628904445178,6.58958761493621,3.35081467656681,6.58747031894161,3.19395064999969,6.76692225966976,4.19870054578459
6.6599672587483,3.54594278182986,6.60699497740077,3.02458446950892,6.58785331892376,3.35943915360058,6.58508026534619,3.20241687882815,6.76903836159127,4.20723936885469
6.66079513488488,3.55475142561087,6.6041893796674,3.03292168979351,6.58624728071453,3.36808792588258,6.5828153242197,3.21091691779329,6.77128826502179,4.2157434005614
6.66162301102147,3.5635600693919,6.60150617900896,3.041301890984,6.58476930312241,3.37676219357523,6.58067519977305,3.21945197521075,6.77367204594665,4.22421363823627
6.66245088715805,3.57236871317292,6.59894532656332,3.04972574923276,6.58341943437361,3.38546260778402,6.57865988290178,3.22802273077557,6.77618989533437,4.23265044968992
6.66336266829083,3.58116597861568,6.59650760237416,3.05819149926999,6.58219820254218,3.39418728632992,6.57677003757102,3.23662737530868,6.77884143437446,4.24105168552961
6.66458659882984,3.58992091354548,6.5941937929001,3.06669724247302,6.5811061234528,3.40293421407517,6.57500632621553,3.24526396630123,6.7816262254499,4.24941507720908
6.66579447294802,3.59867710235714,6.59200476530506,3.07524062135571,6.58014372785672,3.41170091010399,6.57336946270203,3.2539300982171,6.78454362326687,4.25773793456233
6.66694283432877,3.6074379386517,6.58994117395683,3.08381989792052,6.57931142203287,3.42048553659824,6.57185998791613,3.26262399731352,6.78759312559394,4.26601820818011
6.66809578520193,3.61619745880973,6.58800311640553,3.09243570976718,6.57860939428894,3.42928868591516,6.5704780380122,3.27134629605366,6.79077511420464,4.27425612231723
6.67027674640132,3.62466217469928,6.58619092565838,3.10108815877547,6.57803799133313,3.438110386874,6.56922395048743,3.28009707736879,6.79408993316287,4.28245129677658
6.67235965356248,3.63317129088378,6.58450667278944,3.10976882269453,6.57759808068389,3.44694198426195,6.5680992557537,3.28886780684576,6.79753454130427,4.29059533192842
6.6740570902199,3.64185495372,6.58295176695933,3.11847055534473,6.57729005192512,3.45577617927563,6.56710490528746,3.29765126575477,6.80110583933952,4.29868135156725
6.67575452687731,3.65053861655621,6.58152534564333,3.12719802980805,6.57711370680536,3.46461769445559,6.56624033138583,3.30645217481277,6.80480543802275,4.30671356532571
6.67841862538857,3.6588199029849,6.58022710725595,3.13595463541044,6.57706922377897,3.47346990242008,6.56550544591775,3.31527393812489,6.80863492205673,4.31469470663631
6.68099247965403,3.66716251817366,6.5790587503845,3.14473085408716,6.57715694142559,3.48232311526375,6.56490133787843,3.32410695151318,6.81259031566843,4.32261568722064
6.68322966541577,3.67573165213912,6.57802129837726,3.15351872577993,6.57737674875426,3.49116928281214,6.56442852329715,3.33294320874844,6.81666772752419,4.3304692028738
6.68548935396567,3.68429017422259,6.57711398916698,3.16232392875529,6.5777286893787,3.50001410882723,6.56408659883102,3.34178842763209,6.82086943762955,4.33826025168836
6.68862610434401,3.69243509082069,6.57633664568409,3.17115034648027,6.57821313461691,3.50886143755161,6.5638756321318,3.35064649772653,6.8251974439701,4.34599189277304
6.69175924216478,3.70057656215669,6.57569042334094,3.17998786771809,6.5788297960889,3.51770107066474,6.5637961329401,3.35950725755988,6.82964697258886,4.35365486086749
6.69487869956926,3.70870498660858,6.57517600128926,3.18882559760614,6.57957780270275,3.5265221015414,6.56384808918519,3.36835979392919,6.83421213123145,4.36123967636883
6.69799815697375,3.71683341106046,6.57479330971514,3.19765704491603,6.5804561614593,3.53531808928145,6.56403101983392,3.37719763590594,6.83888865918066,4.36874107628942
6.70111761437823,3.72496183551234,6.57454195585355,3.20647666435372,6.58146369104009,3.54408357557333,6.56434418094593,3.38601527708186,6.84367247414415,4.37615484592331
6.70426796602099,3.73309924171259,6.57442126032181,3.21528250313692,6.58259943398819,3.55281669941552,6.56478676975726,3.39481081454306,6.84856132152877,4.3834799080621
6.70752866042774,3.74126872738768,6.57443052129437,3.22407537469411,6.58386280245603,3.56151834156522,6.56535813602622,3.40358510748172,6.85355465129528,4.39071740305896
6.7107893548345,3.74943821306276,6.57456933383249,3.23286591520824,6.58525489769039,3.57019906401843,6.56605854774796,3.41234879933341,6.8586580746822,4.39787616979529
6.71467254678241,3.75693838241686,6.57483792022946,3.24166201641247,6.58677705486154,3.57886662264783,6.56688872482341,3.42110975482189,6.8638765801233,4.40496212322507
6.71856173747644,3.76443210185201,6.57523588401277,3.25044604206493,6.58842636405035,3.58750359324148,6.56784714700925,3.42985040175158,6.86920003891101,4.41196057079373
6.72245092817047,3.77192582128717,6.57576185116681,3.25920024608552,6.59019893906913,3.59609258080021,6.56893132581787,3.43855311890154,6.87461688575181,4.41885770786534
6.7263568847061,3.77947902435102,6.57641467604081,3.26792264298065,6.5920933556242,3.60463175955628,6.57013999529227,3.44721599983192,6.88012438064956,4.42565284494002
6.730324783468,3.78725199260619,6.57719349984664,3.27661476091051,6.5941089693393,3.61312274194813,6.57147239402466,3.45584062702648,6.88572211025628,4.43234798525798
6.73429501736168,3.7950210798573,6.57809892853614,3.28529042803647,6.59624833922319,3.62157910627875,6.57292999971054,3.4644407657961,6.89141828670154,4.43895408661178
6.73875745891493,3.80197211481162,6.57913204895956,3.29395999255042,6.59851400853438,3.6300109168342,6.57451455068303,3.47302667779694,6.8972200485828,4.44547852112703
6.74323882718379,3.80899153315399,6.58029063147885,3.30260395660987,6.60090097202587,3.63839917251732,6.57622257736026,3.481579050157,6.90311468133353,4.45190609709696
6.74779141570107,3.81626827463588,6.5815717177569,3.31120526803133,6.60340386194093,3.6467273945541,6.57805005499787,3.49008105378584,6.9090897048013,4.45822454902606
6.75236150734037,3.82355748167601,6.58297568386466,3.31977280473736,6.60602430697429,3.65500429456968,6.57999791979674,3.4985415282859,6.91515003270804,4.46444115836746
6.75700255032379,3.83089721959353,6.58450334845051,3.32831451368289,6.60876424114874,3.66323759958752,6.58206748925093,3.50696835645973,6.92130072282661,4.47056190683986
6.76164448526347,3.83823545383781,6.58615551729496,3.33683542473673,6.61162517107688,3.67143215064443,6.58425988394698,3.51536651057685,6.9275454575031,4.47659008035248
6.76671851687032,3.84484525303495,6.5879330783075,3.34533912672113,6.61460848034543,3.67959135013953,6.58657621534949,3.52373951955967,6.93388731625916,4.48252754598278
6.77181198317112,3.85150246730836,6.58983283987526,3.35380971679172,6.61770871881552,3.68769989572964,6.58901228775975,3.53207171863136,6.94031465108112,4.48836272869155
